# Blender 5.1.2
# www.blender.org
mtllib exobody.mtl
o RenderMesh_17249768747
v -0.465877 -0.439255 -0.066554
v -0.439255 -0.439255 -0.066554
v -0.465877 -0.439255 -0.039932
v -0.465877 -0.439255 -0.013311
v -0.439255 -0.439255 -0.039932
v -0.439255 -0.439255 -0.013311
v -0.598984 -0.386012 -0.066554
v -0.598984 -0.386012 -0.039932
v -0.598984 -0.386012 -0.013311
v -0.598984 -0.359391 -0.066554
v -0.598984 -0.359391 -0.039932
v -0.598984 -0.359391 -0.013311
v -0.572363 -0.412634 -0.066554
v -0.572363 -0.386012 -0.066554
v -0.545741 -0.412634 -0.066554
v -0.545741 -0.386012 -0.066554
v -0.572363 -0.412634 -0.039932
v -0.572363 -0.412634 -0.013311
v -0.572363 -0.386012 -0.039932
v -0.572363 -0.386012 -0.013311
v -0.545741 -0.412634 -0.039932
v -0.545741 -0.412634 -0.013311
v -0.572363 -0.359391 -0.066554
v -0.572363 -0.332769 -0.066554
v -0.545741 -0.359391 -0.066554
v -0.545741 -0.332769 -0.066554
v -0.572363 -0.359391 -0.039932
v -0.572363 -0.359391 -0.013311
v -0.572363 -0.332769 -0.039932
v -0.572363 -0.332769 -0.013311
v -0.572363 -0.306148 -0.066554
v -0.572363 -0.279526 -0.066554
v -0.545741 -0.306148 -0.066554
v -0.545741 -0.279526 -0.066554
v -0.572363 -0.306148 -0.039932
v -0.572363 -0.306148 -0.013311
v -0.572363 -0.279526 -0.039932
v -0.572363 -0.279526 -0.013311
v -0.572363 -0.252905 -0.066554
v -0.545741 -0.252905 -0.066554
v -0.545741 -0.226283 -0.066554
v -0.572363 -0.252905 -0.039932
v -0.572363 -0.252905 -0.013311
v -0.545741 -0.252905 -0.039932
v -0.545741 -0.252905 -0.013311
v -0.545741 -0.226283 -0.039932
v -0.545741 -0.226283 -0.013311
v -0.519120 -0.412634 -0.066554
v -0.519120 -0.386012 -0.066554
v -0.492498 -0.412634 -0.066554
v -0.492498 -0.386012 -0.066554
v -0.519120 -0.412634 -0.039932
v -0.519120 -0.412634 -0.013311
v -0.492498 -0.412634 -0.039932
v -0.492498 -0.412634 -0.013311
v -0.519120 -0.359391 -0.066554
v -0.519120 -0.332769 -0.066554
v -0.492498 -0.359391 -0.066554
v -0.492498 -0.332769 -0.066554
v -0.465877 -0.412634 -0.066554
v -0.465877 -0.386012 -0.066554
v -0.439255 -0.412634 -0.066554
v -0.439255 -0.386012 -0.066554
v -0.465877 -0.412634 -0.039932
v -0.465877 -0.412634 -0.013311
v -0.465877 -0.359391 -0.066554
v -0.465877 -0.332769 -0.066554
v -0.439255 -0.359391 -0.066554
v -0.439255 -0.332769 -0.066554
v -0.519120 -0.306148 -0.066554
v -0.519120 -0.279526 -0.066554
v -0.492498 -0.306148 -0.066554
v -0.492498 -0.279526 -0.066554
v -0.519120 -0.252905 -0.066554
v -0.519120 -0.226283 -0.066554
v -0.492498 -0.252905 -0.066554
v -0.492498 -0.226283 -0.066554
v -0.465877 -0.306148 -0.066554
v -0.465877 -0.279526 -0.066554
v -0.439255 -0.306148 -0.066554
v -0.439255 -0.279526 -0.066554
v -0.465877 -0.252905 -0.066554
v -0.465877 -0.226283 -0.066554
v -0.439255 -0.252905 -0.066554
v -0.439255 -0.226283 -0.066554
v -0.545741 -0.199661 -0.066554
v -0.545741 -0.173040 -0.066554
v -0.545741 -0.199661 -0.039932
v -0.545741 -0.199661 -0.013311
v -0.545741 -0.173040 -0.039932
v -0.545741 -0.173040 -0.013311
v -0.545741 -0.146418 -0.066554
v -0.545741 -0.146418 -0.039932
v -0.545741 -0.146418 -0.013311
v -0.572363 -0.013311 -0.119797
v -0.545741 -0.039932 -0.119797
v -0.545741 -0.013311 -0.119797
v -0.572363 -0.013311 -0.093175
v -0.572363 -0.013311 -0.066554
v -0.545741 -0.039932 -0.093175
v -0.545741 -0.039932 -0.066554
v -0.545741 -0.013311 -0.093175
v -0.545741 -0.013311 -0.066554
v -0.572363 -0.013311 -0.039932
v -0.572363 -0.013311 -0.013311
v -0.545741 -0.039932 -0.039932
v -0.545741 -0.039932 -0.013311
v -0.545741 -0.013311 -0.039932
v -0.545741 -0.013311 -0.013311
v -0.519120 -0.199661 -0.066554
v -0.519120 -0.173040 -0.066554
v -0.492498 -0.199661 -0.066554
v -0.492498 -0.173040 -0.066554
v -0.519120 -0.146418 -0.066554
v -0.519120 -0.119797 -0.066554
v -0.492498 -0.146418 -0.066554
v -0.492498 -0.119797 -0.066554
v -0.519120 -0.146418 -0.039932
v -0.519120 -0.146418 -0.013311
v -0.519120 -0.119797 -0.039932
v -0.519120 -0.119797 -0.013311
v -0.465877 -0.199661 -0.066554
v -0.465877 -0.173040 -0.066554
v -0.439255 -0.199661 -0.066554
v -0.439255 -0.173040 -0.066554
v -0.465877 -0.146418 -0.066554
v -0.465877 -0.119797 -0.066554
v -0.439255 -0.146418 -0.066554
v -0.439255 -0.119797 -0.066554
v -0.519120 -0.039932 -0.119797
v -0.519120 -0.013311 -0.119797
v -0.492498 -0.013311 -0.119797
v -0.465877 -0.013311 -0.119797
v -0.439255 -0.013311 -0.119797
v -0.519120 -0.093175 -0.066554
v -0.519120 -0.066554 -0.066554
v -0.492498 -0.093175 -0.066554
v -0.492498 -0.066554 -0.066554
v -0.519120 -0.093175 -0.039932
v -0.519120 -0.093175 -0.013311
v -0.519120 -0.066554 -0.039932
v -0.519120 -0.066554 -0.013311
v -0.519120 -0.039932 -0.093175
v -0.519120 -0.039932 -0.066554
v -0.519120 -0.013311 -0.093175
v -0.519120 -0.013311 -0.066554
v -0.492498 -0.039932 -0.066554
v -0.492498 -0.013311 -0.093175
v -0.492498 -0.013311 -0.066554
v -0.519120 -0.039932 -0.039932
v -0.519120 -0.039932 -0.013311
v -0.519120 -0.013311 -0.039932
v -0.519120 -0.013311 -0.013311
v -0.492498 -0.039932 -0.039932
v -0.492498 -0.039932 -0.013311
v -0.492498 -0.013311 -0.039932
v -0.492498 -0.013311 -0.013311
v -0.465877 -0.093175 -0.066554
v -0.465877 -0.066554 -0.066554
v -0.439255 -0.093175 -0.066554
v -0.439255 -0.066554 -0.066554
v -0.465877 -0.039932 -0.066554
v -0.465877 -0.013311 -0.093175
v -0.465877 -0.013311 -0.066554
v -0.439255 -0.039932 -0.093175
v -0.439255 -0.039932 -0.066554
v -0.439255 -0.013311 -0.093175
v -0.439255 -0.013311 -0.066554
v -0.465877 -0.039932 -0.013311
v -0.465877 -0.013311 -0.013311
v -0.439255 -0.039932 -0.039932
v -0.439255 -0.039932 -0.013311
v -0.439255 -0.013311 -0.039932
v -0.439255 -0.013311 -0.013311
v -0.412634 -0.439255 -0.066554
v -0.386012 -0.439255 -0.066554
v -0.412634 -0.439255 -0.039932
v -0.412634 -0.439255 -0.013311
v -0.386012 -0.439255 -0.039932
v -0.386012 -0.439255 -0.013311
v -0.359391 -0.439255 -0.066554
v -0.332769 -0.439255 -0.066554
v -0.359391 -0.439255 -0.039932
v -0.359391 -0.439255 -0.013311
v -0.332769 -0.439255 -0.039932
v -0.332769 -0.439255 -0.013311
v -0.412634 -0.412634 -0.066554
v -0.412634 -0.386012 -0.066554
v -0.386012 -0.412634 -0.066554
v -0.386012 -0.386012 -0.066554
v -0.412634 -0.359391 -0.066554
v -0.412634 -0.332769 -0.066554
v -0.386012 -0.359391 -0.066554
v -0.386012 -0.332769 -0.066554
v -0.359391 -0.412634 -0.066554
v -0.359391 -0.386012 -0.066554
v -0.332769 -0.412634 -0.066554
v -0.332769 -0.386012 -0.066554
v -0.359391 -0.386012 -0.039932
v -0.359391 -0.386012 -0.013311
v -0.332769 -0.412634 -0.039932
v -0.332769 -0.412634 -0.013311
v -0.332769 -0.386012 -0.039932
v -0.332769 -0.386012 -0.013311
v -0.359391 -0.359391 -0.066554
v -0.359391 -0.332769 -0.066554
v -0.332769 -0.359391 -0.066554
v -0.332769 -0.332769 -0.066554
v -0.359391 -0.359391 -0.039932
v -0.359391 -0.359391 -0.013311
v -0.332769 -0.359391 -0.039932
v -0.332769 -0.359391 -0.013311
v -0.332769 -0.332769 -0.039932
v -0.332769 -0.332769 -0.013311
v -0.412634 -0.306148 -0.066554
v -0.412634 -0.279526 -0.066554
v -0.386012 -0.306148 -0.066554
v -0.386012 -0.279526 -0.066554
v -0.412634 -0.252905 -0.066554
v -0.412634 -0.226283 -0.066554
v -0.386012 -0.252905 -0.066554
v -0.386012 -0.226283 -0.066554
v -0.359391 -0.306148 -0.066554
v -0.359391 -0.279526 -0.066554
v -0.332769 -0.306148 -0.066554
v -0.332769 -0.279526 -0.066554
v -0.332769 -0.306148 -0.039932
v -0.332769 -0.306148 -0.013311
v -0.332769 -0.279526 -0.039932
v -0.332769 -0.279526 -0.013311
v -0.359391 -0.252905 -0.066554
v -0.359391 -0.226283 -0.066554
v -0.332769 -0.252905 -0.066554
v -0.332769 -0.226283 -0.066554
v -0.332769 -0.252905 -0.039932
v -0.332769 -0.252905 -0.013311
v -0.332769 -0.226283 -0.039932
v -0.332769 -0.226283 -0.013311
v -0.306148 -0.226283 -0.066554
v -0.306148 -0.226283 -0.039932
v -0.306148 -0.226283 -0.013311
v -0.412634 -0.199661 -0.066554
v -0.412634 -0.173040 -0.066554
v -0.386012 -0.199661 -0.066554
v -0.386012 -0.173040 -0.066554
v -0.412634 -0.146418 -0.066554
v -0.412634 -0.119797 -0.066554
v -0.386012 -0.146418 -0.066554
v -0.386012 -0.119797 -0.066554
v -0.359391 -0.199661 -0.066554
v -0.359391 -0.173040 -0.066554
v -0.332769 -0.199661 -0.066554
v -0.332769 -0.173040 -0.066554
v -0.359391 -0.146418 -0.066554
v -0.359391 -0.119797 -0.066554
v -0.332769 -0.146418 -0.066554
v -0.332769 -0.119797 -0.066554
v -0.412634 -0.013311 -0.119797
v -0.386012 -0.013311 -0.119797
v -0.359391 -0.013311 -0.119797
v -0.412634 -0.093175 -0.066554
v -0.412634 -0.066554 -0.066554
v -0.386012 -0.093175 -0.066554
v -0.386012 -0.066554 -0.066554
v -0.412634 -0.039932 -0.093175
v -0.412634 -0.039932 -0.066554
v -0.412634 -0.013311 -0.093175
v -0.412634 -0.013311 -0.066554
v -0.386012 -0.039932 -0.093175
v -0.386012 -0.039932 -0.066554
v -0.386012 -0.013311 -0.093175
v -0.386012 -0.013311 -0.066554
v -0.412634 -0.039932 -0.039932
v -0.412634 -0.039932 -0.013311
v -0.412634 -0.013311 -0.039932
v -0.412634 -0.013311 -0.013311
v -0.386012 -0.039932 -0.039932
v -0.386012 -0.039932 -0.013311
v -0.359391 -0.093175 -0.066554
v -0.359391 -0.066554 -0.066554
v -0.332769 -0.093175 -0.066554
v -0.332769 -0.066554 -0.093175
v -0.332769 -0.066554 -0.066554
v -0.332769 -0.066554 -0.039932
v -0.332769 -0.066554 -0.013311
v -0.359391 -0.039932 -0.093175
v -0.359391 -0.039932 -0.066554
v -0.359391 -0.013311 -0.093175
v -0.359391 -0.013311 -0.066554
v -0.332769 -0.039932 -0.093175
v -0.332769 -0.039932 -0.066554
v -0.332769 -0.013311 -0.093175
v -0.359391 -0.039932 -0.039932
v -0.359391 -0.039932 -0.013311
v -0.359391 -0.013311 -0.039932
v -0.359391 -0.013311 -0.013311
v -0.332769 -0.039932 -0.039932
v -0.332769 -0.039932 -0.013311
v -0.306148 -0.199661 -0.066554
v -0.306148 -0.173040 -0.066554
v -0.306148 -0.199661 -0.039932
v -0.306148 -0.199661 -0.013311
v -0.306148 -0.173040 -0.039932
v -0.306148 -0.173040 -0.013311
v -0.306148 -0.146418 -0.066554
v -0.306148 -0.119797 -0.066554
v -0.279526 -0.119797 -0.066554
v -0.306148 -0.146418 -0.039932
v -0.306148 -0.146418 -0.013311
v -0.306148 -0.119797 -0.039932
v -0.306148 -0.119797 -0.013311
v -0.279526 -0.119797 -0.039932
v -0.279526 -0.119797 -0.013311
v -0.306148 -0.093175 -0.066554
v -0.306148 -0.066554 -0.093175
v -0.306148 -0.066554 -0.066554
v -0.279526 -0.093175 -0.066554
v -0.279526 -0.066554 -0.093175
v -0.279526 -0.066554 -0.066554
v -0.306148 -0.066554 -0.039932
v -0.306148 -0.066554 -0.013311
v -0.279526 -0.093175 -0.039932
v -0.279526 -0.093175 -0.013311
v -0.279526 -0.066554 -0.039932
v -0.279526 -0.066554 -0.013311
v -0.306148 -0.039932 -0.093175
v -0.306148 -0.039932 -0.066554
v -0.306148 -0.013311 -0.093175
v -0.279526 -0.039932 -0.093175
v -0.279526 -0.039932 -0.066554
v -0.279526 -0.013311 -0.093175
v -0.306148 -0.039932 -0.039932
v -0.306148 -0.039932 -0.013311
v -0.279526 -0.039932 -0.039932
v -0.279526 -0.039932 -0.013311
v -0.252905 -0.066554 -0.093175
v -0.252905 -0.066554 -0.066554
v -0.226283 -0.066554 -0.093175
v -0.226283 -0.066554 -0.066554
v -0.252905 -0.066554 -0.039932
v -0.252905 -0.066554 -0.013311
v -0.226283 -0.066554 -0.039932
v -0.226283 -0.066554 -0.013311
v -0.252905 -0.039932 -0.093175
v -0.252905 -0.013311 -0.093175
v -0.226283 -0.039932 -0.093175
v -0.226283 -0.013311 -0.093175
v -0.199661 -0.066554 -0.093175
v -0.199661 -0.066554 -0.066554
v -0.199661 -0.066554 -0.039932
v -0.199661 -0.066554 -0.013311
v -0.199661 -0.039932 -0.093175
v -0.199661 -0.039932 -0.066554
v -0.199661 -0.013311 -0.093175
v -0.173040 -0.039932 -0.093175
v -0.173040 -0.039932 -0.066554
v -0.173040 -0.013311 -0.093175
v -0.199661 -0.039932 -0.039932
v -0.199661 -0.039932 -0.013311
v -0.173040 -0.039932 -0.039932
v -0.173040 -0.039932 -0.013311
v -0.146418 -0.039932 -0.093175
v -0.146418 -0.039932 -0.066554
v -0.146418 -0.013311 -0.093175
v -0.146418 -0.013311 -0.066554
v -0.119797 -0.013311 -0.093175
v -0.119797 -0.013311 -0.066554
v -0.146418 -0.039932 -0.039932
v -0.146418 -0.039932 -0.013311
v -0.146418 -0.013311 -0.039932
v -0.146418 -0.013311 -0.013311
v -0.119797 -0.013311 -0.039932
v -0.119797 -0.013311 -0.013311
v -0.465877 -0.439255 0.013311
v -0.465877 -0.439255 0.039932
v -0.439255 -0.439255 0.013311
v -0.439255 -0.439255 0.039932
v -0.465877 -0.439255 0.066554
v -0.439255 -0.439255 0.066554
v -0.598984 -0.386012 0.013311
v -0.598984 -0.386012 0.039932
v -0.598984 -0.386012 0.066554
v -0.598984 -0.359391 0.013311
v -0.598984 -0.359391 0.039932
v -0.598984 -0.359391 0.066554
v -0.572363 -0.412634 0.013311
v -0.572363 -0.412634 0.039932
v -0.572363 -0.386012 0.013311
v -0.572363 -0.386012 0.039932
v -0.545741 -0.412634 0.013311
v -0.545741 -0.412634 0.039932
v -0.572363 -0.412634 0.066554
v -0.572363 -0.386012 0.066554
v -0.545741 -0.412634 0.066554
v -0.545741 -0.386012 0.066554
v -0.572363 -0.359391 0.013311
v -0.572363 -0.359391 0.039932
v -0.572363 -0.332769 0.013311
v -0.572363 -0.332769 0.039932
v -0.572363 -0.359391 0.066554
v -0.572363 -0.332769 0.066554
v -0.545741 -0.359391 0.066554
v -0.545741 -0.332769 0.066554
v -0.572363 -0.306148 0.013311
v -0.572363 -0.306148 0.039932
v -0.572363 -0.279526 0.013311
v -0.572363 -0.279526 0.039932
v -0.572363 -0.306148 0.066554
v -0.572363 -0.279526 0.066554
v -0.545741 -0.306148 0.066554
v -0.545741 -0.279526 0.066554
v -0.572363 -0.252905 0.013311
v -0.572363 -0.252905 0.039932
v -0.545741 -0.252905 0.013311
v -0.545741 -0.252905 0.039932
v -0.545741 -0.226283 0.013311
v -0.545741 -0.226283 0.039932
v -0.572363 -0.252905 0.066554
v -0.545741 -0.252905 0.066554
v -0.545741 -0.226283 0.066554
v -0.519120 -0.412634 0.013311
v -0.519120 -0.412634 0.039932
v -0.492498 -0.412634 0.013311
v -0.492498 -0.412634 0.039932
v -0.519120 -0.412634 0.066554
v -0.519120 -0.386012 0.066554
v -0.492498 -0.412634 0.066554
v -0.492498 -0.386012 0.066554
v -0.519120 -0.359391 0.066554
v -0.519120 -0.332769 0.066554
v -0.492498 -0.359391 0.066554
v -0.492498 -0.332769 0.066554
v -0.465877 -0.412634 0.013311
v -0.465877 -0.412634 0.039932
v -0.465877 -0.412634 0.066554
v -0.465877 -0.386012 0.066554
v -0.439255 -0.412634 0.066554
v -0.439255 -0.386012 0.066554
v -0.465877 -0.359391 0.066554
v -0.465877 -0.332769 0.066554
v -0.439255 -0.359391 0.066554
v -0.439255 -0.332769 0.066554
v -0.519120 -0.306148 0.066554
v -0.519120 -0.279526 0.066554
v -0.492498 -0.306148 0.066554
v -0.492498 -0.279526 0.066554
v -0.519120 -0.252905 0.066554
v -0.519120 -0.226283 0.066554
v -0.492498 -0.252905 0.066554
v -0.492498 -0.226283 0.066554
v -0.465877 -0.306148 0.066554
v -0.465877 -0.279526 0.066554
v -0.439255 -0.306148 0.066554
v -0.439255 -0.279526 0.066554
v -0.465877 -0.252905 0.066554
v -0.465877 -0.226283 0.066554
v -0.439255 -0.252905 0.066554
v -0.439255 -0.226283 0.066554
v -0.545741 -0.199661 0.013311
v -0.545741 -0.199661 0.039932
v -0.545741 -0.173040 0.013311
v -0.545741 -0.173040 0.039932
v -0.545741 -0.199661 0.066554
v -0.545741 -0.173040 0.066554
v -0.545741 -0.146418 0.013311
v -0.545741 -0.146418 0.039932
v -0.545741 -0.146418 0.066554
v -0.572363 -0.013311 0.013311
v -0.572363 -0.013311 0.039932
v -0.545741 -0.039932 0.013311
v -0.545741 -0.039932 0.039932
v -0.545741 -0.013311 0.013311
v -0.545741 -0.013311 0.039932
v -0.572363 -0.013311 0.066554
v -0.572363 -0.013311 0.093175
v -0.545741 -0.039932 0.066554
v -0.545741 -0.039932 0.093175
v -0.545741 -0.013311 0.066554
v -0.545741 -0.013311 0.093175
v -0.572363 -0.013311 0.119797
v -0.545741 -0.039932 0.119797
v -0.545741 -0.013311 0.119797
v -0.519120 -0.199661 0.066554
v -0.519120 -0.173040 0.066554
v -0.492498 -0.199661 0.066554
v -0.492498 -0.173040 0.066554
v -0.519120 -0.146418 0.013311
v -0.519120 -0.146418 0.039932
v -0.519120 -0.119797 0.013311
v -0.519120 -0.119797 0.039932
v -0.519120 -0.146418 0.066554
v -0.519120 -0.119797 0.066554
v -0.492498 -0.146418 0.066554
v -0.492498 -0.119797 0.066554
v -0.465877 -0.199661 0.066554
v -0.465877 -0.173040 0.066554
v -0.439255 -0.199661 0.066554
v -0.439255 -0.173040 0.066554
v -0.465877 -0.146418 0.066554
v -0.465877 -0.119797 0.066554
v -0.439255 -0.146418 0.066554
v -0.439255 -0.119797 0.066554
v -0.519120 -0.093175 0.013311
v -0.519120 -0.093175 0.039932
v -0.519120 -0.066554 0.013311
v -0.519120 -0.066554 0.039932
v -0.519120 -0.093175 0.066554
v -0.519120 -0.066554 0.066554
v -0.492498 -0.093175 0.066554
v -0.492498 -0.066554 0.066554
v -0.519120 -0.039932 0.013311
v -0.519120 -0.039932 0.039932
v -0.519120 -0.013311 0.013311
v -0.519120 -0.013311 0.039932
v -0.492498 -0.039932 0.013311
v -0.492498 -0.039932 0.039932
v -0.492498 -0.013311 0.013311
v -0.492498 -0.013311 0.039932
v -0.519120 -0.039932 0.066554
v -0.519120 -0.039932 0.093175
v -0.519120 -0.013311 0.066554
v -0.519120 -0.013311 0.093175
v -0.492498 -0.039932 0.066554
v -0.492498 -0.013311 0.066554
v -0.492498 -0.013311 0.093175
v -0.465877 -0.093175 0.066554
v -0.465877 -0.066554 0.066554
v -0.439255 -0.093175 0.066554
v -0.439255 -0.066554 0.066554
v -0.465877 -0.039932 0.013311
v -0.465877 -0.013311 0.013311
v -0.439255 -0.039932 0.013311
v -0.439255 -0.039932 0.039932
v -0.439255 -0.013311 0.013311
v -0.439255 -0.013311 0.039932
v -0.465877 -0.039932 0.066554
v -0.465877 -0.013311 0.066554
v -0.465877 -0.013311 0.093175
v -0.439255 -0.039932 0.066554
v -0.439255 -0.039932 0.093175
v -0.439255 -0.013311 0.066554
v -0.439255 -0.013311 0.093175
v -0.519120 -0.039932 0.119797
v -0.519120 -0.013311 0.119797
v -0.492498 -0.013311 0.119797
v -0.465877 -0.013311 0.119797
v -0.439255 -0.013311 0.119797
v -0.412634 -0.439255 0.013311
v -0.412634 -0.439255 0.039932
v -0.386012 -0.439255 0.013311
v -0.386012 -0.439255 0.039932
v -0.412634 -0.439255 0.066554
v -0.386012 -0.439255 0.066554
v -0.359391 -0.439255 0.013311
v -0.359391 -0.439255 0.039932
v -0.332769 -0.439255 0.013311
v -0.332769 -0.439255 0.039932
v -0.359391 -0.439255 0.066554
v -0.332769 -0.439255 0.066554
v -0.412634 -0.412634 0.066554
v -0.412634 -0.386012 0.066554
v -0.386012 -0.412634 0.066554
v -0.386012 -0.386012 0.066554
v -0.412634 -0.359391 0.066554
v -0.412634 -0.332769 0.066554
v -0.386012 -0.359391 0.066554
v -0.386012 -0.332769 0.066554
v -0.359391 -0.386012 0.013311
v -0.359391 -0.386012 0.039932
v -0.332769 -0.412634 0.013311
v -0.332769 -0.412634 0.039932
v -0.332769 -0.386012 0.013311
v -0.332769 -0.386012 0.039932
v -0.359391 -0.412634 0.066554
v -0.359391 -0.386012 0.066554
v -0.332769 -0.412634 0.066554
v -0.332769 -0.386012 0.066554
v -0.359391 -0.359391 0.013311
v -0.359391 -0.359391 0.039932
v -0.332769 -0.359391 0.013311
v -0.332769 -0.359391 0.039932
v -0.332769 -0.332769 0.013311
v -0.332769 -0.332769 0.039932
v -0.359391 -0.359391 0.066554
v -0.359391 -0.332769 0.066554
v -0.332769 -0.359391 0.066554
v -0.332769 -0.332769 0.066554
v -0.412634 -0.306148 0.066554
v -0.412634 -0.279526 0.066554
v -0.386012 -0.306148 0.066554
v -0.386012 -0.279526 0.066554
v -0.412634 -0.252905 0.066554
v -0.412634 -0.226283 0.066554
v -0.386012 -0.252905 0.066554
v -0.386012 -0.226283 0.066554
v -0.332769 -0.306148 0.013311
v -0.332769 -0.306148 0.039932
v -0.332769 -0.279526 0.013311
v -0.332769 -0.279526 0.039932
v -0.359391 -0.306148 0.066554
v -0.359391 -0.279526 0.066554
v -0.332769 -0.306148 0.066554
v -0.332769 -0.279526 0.066554
v -0.332769 -0.252905 0.013311
v -0.332769 -0.252905 0.039932
v -0.332769 -0.226283 0.013311
v -0.332769 -0.226283 0.039932
v -0.359391 -0.252905 0.066554
v -0.359391 -0.226283 0.066554
v -0.332769 -0.252905 0.066554
v -0.332769 -0.226283 0.066554
v -0.306148 -0.226283 0.013311
v -0.306148 -0.226283 0.039932
v -0.306148 -0.226283 0.066554
v -0.412634 -0.199661 0.066554
v -0.412634 -0.173040 0.066554
v -0.386012 -0.199661 0.066554
v -0.386012 -0.173040 0.066554
v -0.412634 -0.146418 0.066554
v -0.412634 -0.119797 0.066554
v -0.386012 -0.146418 0.066554
v -0.386012 -0.119797 0.066554
v -0.359391 -0.199661 0.066554
v -0.359391 -0.173040 0.066554
v -0.332769 -0.199661 0.066554
v -0.332769 -0.173040 0.066554
v -0.359391 -0.146418 0.066554
v -0.359391 -0.119797 0.066554
v -0.332769 -0.146418 0.066554
v -0.332769 -0.119797 0.066554
v -0.412634 -0.093175 0.066554
v -0.412634 -0.066554 0.066554
v -0.386012 -0.093175 0.066554
v -0.386012 -0.066554 0.066554
v -0.412634 -0.039932 0.013311
v -0.412634 -0.039932 0.039932
v -0.412634 -0.013311 0.013311
v -0.412634 -0.013311 0.039932
v -0.386012 -0.039932 0.013311
v -0.386012 -0.039932 0.039932
v -0.412634 -0.039932 0.066554
v -0.412634 -0.039932 0.093175
v -0.412634 -0.013311 0.066554
v -0.412634 -0.013311 0.093175
v -0.386012 -0.039932 0.066554
v -0.386012 -0.039932 0.093175
v -0.386012 -0.013311 0.066554
v -0.386012 -0.013311 0.093175
v -0.332769 -0.066554 0.013311
v -0.332769 -0.066554 0.039932
v -0.359391 -0.093175 0.066554
v -0.359391 -0.066554 0.066554
v -0.332769 -0.093175 0.066554
v -0.332769 -0.066554 0.066554
v -0.332769 -0.066554 0.093175
v -0.359391 -0.039932 0.013311
v -0.359391 -0.039932 0.039932
v -0.359391 -0.013311 0.013311
v -0.359391 -0.013311 0.039932
v -0.332769 -0.039932 0.013311
v -0.332769 -0.039932 0.039932
v -0.359391 -0.039932 0.066554
v -0.359391 -0.039932 0.093175
v -0.359391 -0.013311 0.066554
v -0.359391 -0.013311 0.093175
v -0.332769 -0.039932 0.066554
v -0.332769 -0.039932 0.093175
v -0.332769 -0.013311 0.093175
v -0.412634 -0.013311 0.119797
v -0.386012 -0.013311 0.119797
v -0.359391 -0.013311 0.119797
v -0.306148 -0.199661 0.013311
v -0.306148 -0.199661 0.039932
v -0.306148 -0.173040 0.013311
v -0.306148 -0.173040 0.039932
v -0.306148 -0.199661 0.066554
v -0.306148 -0.173040 0.066554
v -0.306148 -0.146418 0.013311
v -0.306148 -0.146418 0.039932
v -0.306148 -0.119797 0.013311
v -0.306148 -0.119797 0.039932
v -0.279526 -0.119797 0.013311
v -0.279526 -0.119797 0.039932
v -0.306148 -0.146418 0.066554
v -0.306148 -0.119797 0.066554
v -0.279526 -0.119797 0.066554
v -0.306148 -0.066554 0.013311
v -0.306148 -0.066554 0.039932
v -0.279526 -0.093175 0.013311
v -0.279526 -0.093175 0.039932
v -0.279526 -0.066554 0.013311
v -0.279526 -0.066554 0.039932
v -0.306148 -0.093175 0.066554
v -0.306148 -0.066554 0.066554
v -0.306148 -0.066554 0.093175
v -0.279526 -0.093175 0.066554
v -0.279526 -0.066554 0.066554
v -0.279526 -0.066554 0.093175
v -0.306148 -0.039932 0.013311
v -0.306148 -0.039932 0.039932
v -0.279526 -0.039932 0.013311
v -0.279526 -0.039932 0.039932
v -0.306148 -0.039932 0.066554
v -0.306148 -0.039932 0.093175
v -0.306148 -0.013311 0.093175
v -0.279526 -0.039932 0.066554
v -0.279526 -0.039932 0.093175
v -0.279526 -0.013311 0.093175
v -0.252905 -0.066554 0.013311
v -0.252905 -0.066554 0.039932
v -0.226283 -0.066554 0.013311
v -0.226283 -0.066554 0.039932
v -0.252905 -0.066554 0.066554
v -0.252905 -0.066554 0.093175
v -0.226283 -0.066554 0.066554
v -0.226283 -0.066554 0.093175
v -0.252905 -0.039932 0.093175
v -0.252905 -0.013311 0.093175
v -0.226283 -0.039932 0.093175
v -0.226283 -0.013311 0.093175
v -0.199661 -0.066554 0.013311
v -0.199661 -0.066554 0.039932
v -0.199661 -0.066554 0.066554
v -0.199661 -0.066554 0.093175
v -0.199661 -0.039932 0.013311
v -0.199661 -0.039932 0.039932
v -0.173040 -0.039932 0.013311
v -0.173040 -0.039932 0.039932
v -0.199661 -0.039932 0.066554
v -0.199661 -0.039932 0.093175
v -0.199661 -0.013311 0.093175
v -0.173040 -0.039932 0.066554
v -0.173040 -0.039932 0.093175
v -0.173040 -0.013311 0.093175
v -0.146418 -0.039932 0.013311
v -0.146418 -0.039932 0.039932
v -0.146418 -0.013311 0.013311
v -0.146418 -0.013311 0.039932
v -0.119797 -0.013311 0.013311
v -0.119797 -0.013311 0.039932
v -0.146418 -0.039932 0.066554
v -0.146418 -0.039932 0.093175
v -0.146418 -0.013311 0.066554
v -0.146418 -0.013311 0.093175
v -0.119797 -0.013311 0.066554
v -0.119797 -0.013311 0.093175
v -0.758714 0.093175 -0.093175
v -0.758714 0.093175 -0.066554
v -0.758714 0.066554 -0.039932
v -0.758714 0.066554 -0.013311
v -0.758714 0.093175 -0.039932
v -0.758714 0.093175 -0.013311
v -0.758714 0.146418 -0.119797
v -0.758714 0.173040 -0.119797
v -0.758714 0.199661 -0.119797
v -0.758714 0.119797 -0.093175
v -0.758714 0.119797 -0.066554
v -0.758714 0.146418 -0.093175
v -0.758714 0.146418 -0.066554
v -0.758714 0.119797 -0.039932
v -0.758714 0.119797 -0.013311
v -0.758714 0.146418 -0.039932
v -0.758714 0.146418 -0.013311
v -0.758714 0.173040 -0.093175
v -0.758714 0.173040 -0.066554
v -0.758714 0.199661 -0.093175
v -0.758714 0.199661 -0.066554
v -0.758714 0.173040 -0.039932
v -0.758714 0.173040 -0.013311
v -0.758714 0.199661 -0.039932
v -0.758714 0.199661 -0.013311
v -0.652227 0.039932 -0.119797
v -0.652227 0.066554 -0.119797
v -0.652227 0.093175 -0.119797
v -0.732092 0.093175 -0.093175
v -0.732092 0.093175 -0.066554
v -0.705471 0.093175 -0.093175
v -0.705471 0.093175 -0.066554
v -0.732092 0.066554 -0.039932
v -0.732092 0.066554 -0.013311
v -0.732092 0.093175 -0.039932
v -0.705471 0.066554 -0.039932
v -0.705471 0.066554 -0.013311
v -0.705471 0.093175 -0.039932
v -0.652227 0.039932 -0.093175
v -0.652227 0.039932 -0.066554
v -0.652227 0.039932 -0.039932
v -0.652227 0.039932 -0.013311
v -0.678849 0.093175 -0.093175
v -0.678849 0.093175 -0.066554
v -0.652227 0.066554 -0.093175
v -0.652227 0.066554 -0.066554
v -0.652227 0.093175 -0.093175
v -0.652227 0.093175 -0.066554
v -0.678849 0.066554 -0.039932
v -0.678849 0.066554 -0.013311
v -0.678849 0.093175 -0.039932
v -0.678849 0.093175 -0.013311
v -0.652227 0.066554 -0.039932
v -0.652227 0.066554 -0.013311
v -0.652227 0.093175 -0.039932
v -0.652227 0.093175 -0.013311
v -0.732092 0.146418 -0.119797
v -0.705471 0.146418 -0.119797
v -0.732092 0.173040 -0.119797
v -0.732092 0.199661 -0.119797
v -0.705471 0.173040 -0.119797
v -0.705471 0.199661 -0.119797
v -0.678849 0.146418 -0.119797
v -0.652227 0.119797 -0.119797
v -0.652227 0.146418 -0.119797
v -0.678849 0.173040 -0.119797
v -0.678849 0.199661 -0.119797
v -0.652227 0.173040 -0.119797
v -0.652227 0.199661 -0.119797
v -0.732092 0.119797 -0.093175
v -0.732092 0.146418 -0.093175
v -0.705471 0.119797 -0.093175
v -0.705471 0.146418 -0.093175
v -0.678849 0.119797 -0.093175
v -0.678849 0.119797 -0.066554
v -0.678849 0.146418 -0.093175
v -0.652227 0.119797 -0.093175
v -0.652227 0.119797 -0.066554
v -0.652227 0.146418 -0.093175
v -0.652227 0.146418 -0.066554
v -0.652227 0.119797 -0.039932
v -0.652227 0.119797 -0.013311
v -0.652227 0.146418 -0.039932
v -0.652227 0.146418 -0.013311
v -0.678849 0.173040 -0.093175
v -0.678849 0.199661 -0.093175
v -0.652227 0.173040 -0.093175
v -0.652227 0.173040 -0.066554
v -0.652227 0.199661 -0.093175
v -0.652227 0.199661 -0.066554
v -0.652227 0.173040 -0.039932
v -0.652227 0.173040 -0.013311
v -0.652227 0.199661 -0.039932
v -0.652227 0.199661 -0.013311
v -0.758714 0.226283 -0.119797
v -0.758714 0.252904 -0.119797
v -0.758714 0.226283 -0.093175
v -0.758714 0.226283 -0.066554
v -0.758714 0.252904 -0.093175
v -0.758714 0.252904 -0.066554
v -0.758714 0.226283 -0.039932
v -0.758714 0.226283 -0.013311
v -0.758714 0.252904 -0.039932
v -0.758714 0.252904 -0.013311
v -0.758714 0.279526 -0.093175
v -0.758714 0.279526 -0.066554
v -0.758714 0.306148 -0.066554
v -0.758714 0.279526 -0.039932
v -0.758714 0.279526 -0.013311
v -0.758714 0.306148 -0.039932
v -0.758714 0.306148 -0.013311
v -0.732092 0.226283 -0.119797
v -0.732092 0.252904 -0.119797
v -0.705471 0.226283 -0.119797
v -0.705471 0.252904 -0.119797
v -0.678849 0.226283 -0.119797
v -0.652227 0.226283 -0.119797
v -0.652227 0.252904 -0.119797
v -0.652227 0.279526 -0.119797
v -0.652227 0.306148 -0.119797
v -0.732092 0.252904 -0.093175
v -0.705471 0.226283 -0.093175
v -0.705471 0.252904 -0.093175
v -0.732092 0.279526 -0.093175
v -0.732092 0.279526 -0.066554
v -0.732092 0.306148 -0.066554
v -0.705471 0.279526 -0.093175
v -0.705471 0.279526 -0.066554
v -0.705471 0.306148 -0.066554
v -0.732092 0.306148 -0.039932
v -0.732092 0.306148 -0.013311
v -0.705471 0.306148 -0.039932
v -0.705471 0.306148 -0.013311
v -0.678849 0.226283 -0.093175
v -0.678849 0.252904 -0.093175
v -0.652227 0.226283 -0.093175
v -0.652227 0.226283 -0.066554
v -0.652227 0.252904 -0.093175
v -0.652227 0.252904 -0.066554
v -0.652227 0.226283 -0.039932
v -0.652227 0.226283 -0.013311
v -0.652227 0.252904 -0.039932
v -0.652227 0.252904 -0.013311
v -0.678849 0.279526 -0.093175
v -0.678849 0.279526 -0.066554
v -0.678849 0.306148 -0.066554
v -0.652227 0.279526 -0.093175
v -0.652227 0.279526 -0.066554
v -0.652227 0.306148 -0.093175
v -0.652227 0.306148 -0.066554
v -0.678849 0.279526 -0.039932
v -0.678849 0.306148 -0.039932
v -0.678849 0.306148 -0.013311
v -0.652227 0.279526 -0.039932
v -0.652227 0.279526 -0.013311
v -0.652227 0.306148 -0.039932
v -0.652227 0.306148 -0.013311
v -0.652227 0.332769 -0.119797
v -0.652227 0.332769 -0.093175
v -0.652227 0.332769 -0.066554
v -0.652227 0.332769 -0.039932
v -0.652227 0.332769 -0.013311
v -0.625606 0.039932 -0.119797
v -0.598984 0.013311 -0.119797
v -0.598984 0.039932 -0.119797
v -0.625606 0.066554 -0.119797
v -0.625606 0.093175 -0.119797
v -0.598984 0.066554 -0.119797
v -0.598984 0.093175 -0.119797
v -0.572363 0.013311 -0.119797
v -0.572363 0.039932 -0.119797
v -0.545741 0.013311 -0.119797
v -0.545741 0.039932 -0.119797
v -0.572363 0.066554 -0.119797
v -0.572363 0.093175 -0.119797
v -0.545741 0.066554 -0.119797
v -0.545741 0.093175 -0.119797
v -0.625606 0.039932 -0.093175
v -0.625606 0.039932 -0.066554
v -0.598984 0.013311 -0.093175
v -0.598984 0.013311 -0.066554
v -0.598984 0.039932 -0.093175
v -0.598984 0.039932 -0.066554
v -0.625606 0.039932 -0.039932
v -0.625606 0.039932 -0.013311
v -0.598984 0.013311 -0.039932
v -0.598984 0.013311 -0.013311
v -0.598984 0.039932 -0.039932
v -0.598984 0.039932 -0.013311
v -0.625606 0.093175 -0.039932
v -0.625606 0.093175 -0.013311
v -0.572363 0.013311 -0.093175
v -0.572363 0.013311 -0.066554
v -0.545741 0.013311 -0.093175
v -0.545741 0.013311 -0.066554
v -0.545741 0.039932 -0.093175
v -0.545741 0.039932 -0.066554
v -0.572363 0.013311 -0.039932
v -0.572363 0.013311 -0.013311
v -0.545741 0.013311 -0.039932
v -0.545741 0.013311 -0.013311
v -0.545741 0.039932 -0.039932
v -0.545741 0.039932 -0.013311
v -0.545741 0.066554 -0.093175
v -0.545741 0.066554 -0.066554
v -0.545741 0.066554 -0.039932
v -0.545741 0.066554 -0.013311
v -0.625606 0.119797 -0.119797
v -0.625606 0.146418 -0.119797
v -0.598984 0.119797 -0.119797
v -0.598984 0.146418 -0.119797
v -0.625606 0.173040 -0.119797
v -0.625606 0.199661 -0.119797
v -0.598984 0.173040 -0.119797
v -0.598984 0.199661 -0.119797
v -0.572363 0.119797 -0.119797
v -0.572363 0.146418 -0.119797
v -0.545741 0.119797 -0.119797
v -0.545741 0.146418 -0.119797
v -0.572363 0.173040 -0.119797
v -0.572363 0.199661 -0.119797
v -0.545741 0.173040 -0.119797
v -0.545741 0.199661 -0.119797
v -0.625606 0.119797 -0.093175
v -0.625606 0.119797 -0.066554
v -0.625606 0.146418 -0.093175
v -0.625606 0.146418 -0.066554
v -0.625606 0.119797 -0.039932
v -0.625606 0.119797 -0.013311
v -0.625606 0.146418 -0.039932
v -0.625606 0.146418 -0.013311
v -0.625606 0.173040 -0.093175
v -0.625606 0.173040 -0.066554
v -0.625606 0.199661 -0.093175
v -0.625606 0.199661 -0.066554
v -0.625606 0.173040 -0.039932
v -0.625606 0.173040 -0.013311
v -0.625606 0.199661 -0.039932
v -0.625606 0.199661 -0.013311
v -0.519120 0.013311 -0.119797
v -0.519120 0.039932 -0.119797
v -0.492498 0.013311 -0.119797
v -0.492498 0.039932 -0.119797
v -0.519120 0.066554 -0.119797
v -0.519120 0.093175 -0.119797
v -0.492498 0.066554 -0.119797
v -0.492498 0.093175 -0.119797
v -0.465877 0.013311 -0.119797
v -0.465877 0.039932 -0.119797
v -0.439255 0.013311 -0.119797
v -0.439255 0.039932 -0.119797
v -0.465877 0.066554 -0.119797
v -0.465877 0.093175 -0.119797
v -0.439255 0.066554 -0.119797
v -0.439255 0.093175 -0.119797
v -0.519120 0.013311 -0.093175
v -0.519120 0.013311 -0.066554
v -0.519120 0.039932 -0.093175
v -0.492498 0.013311 -0.093175
v -0.492498 0.013311 -0.066554
v -0.492498 0.039932 -0.093175
v -0.519120 0.013311 -0.039932
v -0.519120 0.013311 -0.013311
v -0.492498 0.013311 -0.039932
v -0.492498 0.013311 -0.013311
v -0.519120 0.066554 -0.093175
v -0.519120 0.066554 -0.066554
v -0.492498 0.066554 -0.093175
v -0.492498 0.066554 -0.066554
v -0.519120 0.066554 -0.039932
v -0.519120 0.066554 -0.013311
v -0.492498 0.066554 -0.039932
v -0.492498 0.066554 -0.013311
v -0.465877 0.013311 -0.093175
v -0.465877 0.013311 -0.066554
v -0.465877 0.039932 -0.093175
v -0.439255 0.013311 -0.093175
v -0.439255 0.013311 -0.066554
v -0.439255 0.039932 -0.093175
v -0.465877 0.013311 -0.039932
v -0.465877 0.013311 -0.013311
v -0.439255 0.013311 -0.039932
v -0.439255 0.013311 -0.013311
v -0.465877 0.066554 -0.093175
v -0.465877 0.066554 -0.066554
v -0.439255 0.066554 -0.093175
v -0.439255 0.066554 -0.066554
v -0.465877 0.066554 -0.039932
v -0.465877 0.066554 -0.013311
v -0.439255 0.066554 -0.039932
v -0.439255 0.066554 -0.013311
v -0.519120 0.119797 -0.119797
v -0.519120 0.146418 -0.119797
v -0.492498 0.119797 -0.119797
v -0.492498 0.146418 -0.119797
v -0.519120 0.173040 -0.119797
v -0.519120 0.199661 -0.119797
v -0.492498 0.173040 -0.119797
v -0.492498 0.199661 -0.119797
v -0.465877 0.119797 -0.119797
v -0.465877 0.146418 -0.119797
v -0.439255 0.119797 -0.119797
v -0.439255 0.146418 -0.119797
v -0.465877 0.173040 -0.119797
v -0.465877 0.199661 -0.119797
v -0.439255 0.173040 -0.119797
v -0.439255 0.199661 -0.119797
v -0.625606 0.226283 -0.119797
v -0.625606 0.252904 -0.119797
v -0.598984 0.226283 -0.119797
v -0.598984 0.252904 -0.119797
v -0.625606 0.279526 -0.119797
v -0.625606 0.306148 -0.119797
v -0.598984 0.279526 -0.119797
v -0.598984 0.306148 -0.119797
v -0.572363 0.226283 -0.119797
v -0.572363 0.252904 -0.119797
v -0.545741 0.226283 -0.119797
v -0.545741 0.252904 -0.119797
v -0.572363 0.279526 -0.119797
v -0.572363 0.306148 -0.119797
v -0.545741 0.279526 -0.119797
v -0.545741 0.306148 -0.119797
v -0.625606 0.226283 -0.093175
v -0.625606 0.226283 -0.066554
v -0.625606 0.252904 -0.093175
v -0.625606 0.252904 -0.066554
v -0.625606 0.226283 -0.039932
v -0.625606 0.226283 -0.013311
v -0.625606 0.252904 -0.039932
v -0.625606 0.252904 -0.013311
v -0.625606 0.279526 -0.066554
v -0.625606 0.279526 -0.039932
v -0.625606 0.279526 -0.013311
v -0.625606 0.306148 -0.013311
v -0.625606 0.332769 -0.119797
v -0.625606 0.359391 -0.119797
v -0.598984 0.332769 -0.119797
v -0.598984 0.359391 -0.119797
v -0.598984 0.386012 -0.119797
v -0.572363 0.332769 -0.119797
v -0.572363 0.359391 -0.119797
v -0.545741 0.332769 -0.119797
v -0.545741 0.359391 -0.119797
v -0.572363 0.386012 -0.119797
v -0.545741 0.386012 -0.119797
v -0.545741 0.412634 -0.119797
v -0.625606 0.332769 -0.093175
v -0.625606 0.332769 -0.066554
v -0.625606 0.359391 -0.093175
v -0.625606 0.359391 -0.066554
v -0.598984 0.359391 -0.093175
v -0.598984 0.359391 -0.066554
v -0.625606 0.332769 -0.039932
v -0.625606 0.332769 -0.013311
v -0.625606 0.359391 -0.039932
v -0.625606 0.359391 -0.013311
v -0.598984 0.359391 -0.039932
v -0.598984 0.359391 -0.013311
v -0.598984 0.386012 -0.093175
v -0.598984 0.386012 -0.066554
v -0.598984 0.386012 -0.039932
v -0.598984 0.386012 -0.013311
v -0.572363 0.386012 -0.093175
v -0.572363 0.386012 -0.066554
v -0.545741 0.386012 -0.093175
v -0.545741 0.386012 -0.066554
v -0.545741 0.412634 -0.093175
v -0.545741 0.412634 -0.066554
v -0.572363 0.386012 -0.039932
v -0.572363 0.386012 -0.013311
v -0.545741 0.386012 -0.039932
v -0.545741 0.386012 -0.013311
v -0.545741 0.412634 -0.039932
v -0.545741 0.412634 -0.013311
v -0.519120 0.226283 -0.119797
v -0.519120 0.252904 -0.119797
v -0.492498 0.226283 -0.119797
v -0.492498 0.252904 -0.119797
v -0.519120 0.279526 -0.119797
v -0.519120 0.306148 -0.119797
v -0.492498 0.279526 -0.119797
v -0.492498 0.306148 -0.119797
v -0.465877 0.226283 -0.119797
v -0.465877 0.252904 -0.119797
v -0.439255 0.226283 -0.119797
v -0.439255 0.252904 -0.119797
v -0.465877 0.279526 -0.119797
v -0.465877 0.306148 -0.119797
v -0.439255 0.279526 -0.119797
v -0.439255 0.306148 -0.119797
v -0.519120 0.332769 -0.119797
v -0.519120 0.359391 -0.119797
v -0.492498 0.332769 -0.119797
v -0.492498 0.359391 -0.119797
v -0.519120 0.386012 -0.119797
v -0.519120 0.412634 -0.119797
v -0.492498 0.386012 -0.119797
v -0.492498 0.412634 -0.119797
v -0.465877 0.332769 -0.119797
v -0.465877 0.359391 -0.119797
v -0.439255 0.332769 -0.119797
v -0.439255 0.359391 -0.119797
v -0.465877 0.386012 -0.119797
v -0.465877 0.412634 -0.119797
v -0.439255 0.386012 -0.119797
v -0.519120 0.412634 -0.093175
v -0.519120 0.412634 -0.066554
v -0.492498 0.412634 -0.093175
v -0.492498 0.412634 -0.066554
v -0.519120 0.412634 -0.039932
v -0.519120 0.412634 -0.013311
v -0.492498 0.412634 -0.039932
v -0.492498 0.412634 -0.013311
v -0.465877 0.386012 -0.093175
v -0.465877 0.386012 -0.066554
v -0.465877 0.412634 -0.093175
v -0.465877 0.412634 -0.066554
v -0.439255 0.386012 -0.093175
v -0.439255 0.386012 -0.066554
v -0.465877 0.386012 -0.039932
v -0.465877 0.386012 -0.013311
v -0.465877 0.412634 -0.039932
v -0.465877 0.412634 -0.013311
v -0.439255 0.386012 -0.039932
v -0.439255 0.386012 -0.013311
v -0.412634 0.013311 -0.119797
v -0.412634 0.039932 -0.119797
v -0.386012 0.013311 -0.119797
v -0.386012 0.039932 -0.119797
v -0.412634 0.066554 -0.119797
v -0.412634 0.093175 -0.119797
v -0.386012 0.066554 -0.119797
v -0.386012 0.093175 -0.119797
v -0.359391 0.013311 -0.119797
v -0.359391 0.039932 -0.119797
v -0.332769 0.013311 -0.119797
v -0.332769 0.039932 -0.119797
v -0.359391 0.066554 -0.119797
v -0.359391 0.093175 -0.119797
v -0.332769 0.066554 -0.119797
v -0.332769 0.093175 -0.119797
v -0.412634 0.013311 -0.093175
v -0.412634 0.013311 -0.066554
v -0.412634 0.039932 -0.093175
v -0.386012 0.013311 -0.093175
v -0.386012 0.039932 -0.093175
v -0.412634 0.013311 -0.039932
v -0.412634 0.013311 -0.013311
v -0.412634 0.066554 -0.093175
v -0.412634 0.066554 -0.066554
v -0.386012 0.066554 -0.093175
v -0.386012 0.066554 -0.066554
v -0.412634 0.066554 -0.039932
v -0.412634 0.066554 -0.013311
v -0.386012 0.066554 -0.039932
v -0.386012 0.066554 -0.013311
v -0.359391 0.013311 -0.093175
v -0.359391 0.013311 -0.066554
v -0.359391 0.039932 -0.093175
v -0.332769 0.013311 -0.093175
v -0.332769 0.013311 -0.066554
v -0.332769 0.039932 -0.093175
v -0.359391 0.013311 -0.039932
v -0.359391 0.013311 -0.013311
v -0.332769 0.013311 -0.039932
v -0.332769 0.013311 -0.013311
v -0.359391 0.066554 -0.093175
v -0.359391 0.066554 -0.066554
v -0.332769 0.066554 -0.093175
v -0.332769 0.066554 -0.066554
v -0.359391 0.066554 -0.039932
v -0.359391 0.066554 -0.013311
v -0.332769 0.066554 -0.039932
v -0.332769 0.066554 -0.013311
v -0.412634 0.119797 -0.119797
v -0.412634 0.146418 -0.119797
v -0.386012 0.119797 -0.119797
v -0.386012 0.146418 -0.119797
v -0.412634 0.173040 -0.119797
v -0.412634 0.199661 -0.119797
v -0.386012 0.173040 -0.119797
v -0.386012 0.199661 -0.119797
v -0.359391 0.119797 -0.119797
v -0.359391 0.146418 -0.119797
v -0.332769 0.119797 -0.119797
v -0.332769 0.146418 -0.119797
v -0.359391 0.173040 -0.119797
v -0.359391 0.199661 -0.119797
v -0.332769 0.173040 -0.119797
v -0.332769 0.199661 -0.119797
v -0.306148 0.013311 -0.119797
v -0.306148 0.039932 -0.119797
v -0.279526 0.013311 -0.119797
v -0.279526 0.039932 -0.119797
v -0.306148 0.066554 -0.119797
v -0.306148 0.093175 -0.119797
v -0.279526 0.066554 -0.119797
v -0.279526 0.093175 -0.119797
v -0.252905 0.013311 -0.119797
v -0.252905 0.039932 -0.119797
v -0.226283 0.013311 -0.119797
v -0.226283 0.039932 -0.119797
v -0.252905 0.066554 -0.119797
v -0.252905 0.093175 -0.119797
v -0.226283 0.066554 -0.119797
v -0.226283 0.093175 -0.119797
v -0.306148 0.013311 -0.093175
v -0.306148 0.013311 -0.066554
v -0.306148 0.039932 -0.093175
v -0.279526 0.013311 -0.093175
v -0.279526 0.013311 -0.066554
v -0.279526 0.039932 -0.093175
v -0.306148 0.013311 -0.039932
v -0.306148 0.013311 -0.013311
v -0.279526 0.013311 -0.039932
v -0.279526 0.013311 -0.013311
v -0.306148 0.066554 -0.093175
v -0.306148 0.066554 -0.066554
v -0.279526 0.066554 -0.093175
v -0.279526 0.066554 -0.066554
v -0.306148 0.066554 -0.039932
v -0.306148 0.066554 -0.013311
v -0.279526 0.066554 -0.039932
v -0.279526 0.066554 -0.013311
v -0.252905 0.013311 -0.093175
v -0.252905 0.013311 -0.066554
v -0.252905 0.039932 -0.093175
v -0.226283 0.013311 -0.093175
v -0.226283 0.013311 -0.066554
v -0.226283 0.039932 -0.093175
v -0.226283 0.039932 -0.066554
v -0.252905 0.013311 -0.039932
v -0.252905 0.013311 -0.013311
v -0.226283 0.013311 -0.039932
v -0.226283 0.013311 -0.013311
v -0.226283 0.039932 -0.039932
v -0.226283 0.039932 -0.013311
v -0.252905 0.066554 -0.093175
v -0.252905 0.066554 -0.066554
v -0.226283 0.066554 -0.093175
v -0.226283 0.066554 -0.066554
v -0.252905 0.066554 -0.039932
v -0.252905 0.066554 -0.013311
v -0.226283 0.066554 -0.039932
v -0.226283 0.066554 -0.013311
v -0.306148 0.119797 -0.119797
v -0.306148 0.146418 -0.119797
v -0.279526 0.119797 -0.119797
v -0.279526 0.146418 -0.119797
v -0.306148 0.173040 -0.119797
v -0.306148 0.199661 -0.119797
v -0.279526 0.173040 -0.119797
v -0.279526 0.199661 -0.119797
v -0.252905 0.119797 -0.119797
v -0.252905 0.146418 -0.119797
v -0.226283 0.119797 -0.119797
v -0.226283 0.146418 -0.119797
v -0.252905 0.173040 -0.119797
v -0.252905 0.199661 -0.119797
v -0.226283 0.173040 -0.119797
v -0.226283 0.199661 -0.119797
v -0.412634 0.226283 -0.119797
v -0.412634 0.252904 -0.119797
v -0.386012 0.226283 -0.119797
v -0.386012 0.252904 -0.119797
v -0.412634 0.279526 -0.119797
v -0.412634 0.306148 -0.119797
v -0.386012 0.279526 -0.119797
v -0.386012 0.306148 -0.119797
v -0.359391 0.226283 -0.119797
v -0.359391 0.252904 -0.119797
v -0.332769 0.226283 -0.119797
v -0.332769 0.252904 -0.119797
v -0.359391 0.279526 -0.119797
v -0.359391 0.306148 -0.119797
v -0.332769 0.279526 -0.119797
v -0.332769 0.306148 -0.119797
v -0.412634 0.332769 -0.119797
v -0.412634 0.359391 -0.119797
v -0.386012 0.332769 -0.119797
v -0.386012 0.359391 -0.119797
v -0.412634 0.386012 -0.119797
v -0.386012 0.386012 -0.119797
v -0.359391 0.332769 -0.119797
v -0.359391 0.359391 -0.119797
v -0.332769 0.332769 -0.119797
v -0.332769 0.359391 -0.119797
v -0.359391 0.386012 -0.119797
v -0.332769 0.386012 -0.119797
v -0.412634 0.386012 -0.093175
v -0.412634 0.386012 -0.066554
v -0.386012 0.386012 -0.093175
v -0.386012 0.386012 -0.066554
v -0.412634 0.386012 -0.039932
v -0.412634 0.386012 -0.013311
v -0.386012 0.386012 -0.039932
v -0.386012 0.386012 -0.013311
v -0.359391 0.386012 -0.093175
v -0.359391 0.386012 -0.066554
v -0.332769 0.386012 -0.093175
v -0.332769 0.386012 -0.066554
v -0.359391 0.386012 -0.039932
v -0.359391 0.386012 -0.013311
v -0.332769 0.386012 -0.039932
v -0.332769 0.386012 -0.013311
v -0.306148 0.226283 -0.119797
v -0.306148 0.252904 -0.119797
v -0.279526 0.226283 -0.119797
v -0.279526 0.252904 -0.119797
v -0.306148 0.279526 -0.119797
v -0.306148 0.306148 -0.119797
v -0.279526 0.279526 -0.119797
v -0.279526 0.306148 -0.119797
v -0.252905 0.226283 -0.119797
v -0.252905 0.252904 -0.119797
v -0.226283 0.226283 -0.119797
v -0.226283 0.252904 -0.119797
v -0.252905 0.279526 -0.119797
v -0.252905 0.306148 -0.119797
v -0.226283 0.279526 -0.119797
v -0.226283 0.306148 -0.119797
v -0.306148 0.332769 -0.119797
v -0.306148 0.359391 -0.119797
v -0.279526 0.332769 -0.119797
v -0.279526 0.359391 -0.119797
v -0.306148 0.386012 -0.119797
v -0.252905 0.332769 -0.119797
v -0.252905 0.359391 -0.119797
v -0.226283 0.332769 -0.119797
v -0.226283 0.359391 -0.119797
v -0.306148 0.359391 -0.093175
v -0.306148 0.359391 -0.066554
v -0.279526 0.359391 -0.093175
v -0.279526 0.359391 -0.066554
v -0.306148 0.359391 -0.039932
v -0.306148 0.359391 -0.013311
v -0.279526 0.359391 -0.039932
v -0.279526 0.359391 -0.013311
v -0.306148 0.386012 -0.093175
v -0.306148 0.386012 -0.066554
v -0.306148 0.386012 -0.039932
v -0.306148 0.386012 -0.013311
v -0.252905 0.359391 -0.093175
v -0.252905 0.359391 -0.066554
v -0.226283 0.332769 -0.093175
v -0.226283 0.332769 -0.066554
v -0.226283 0.359391 -0.093175
v -0.226283 0.359391 -0.066554
v -0.252905 0.359391 -0.039932
v -0.252905 0.359391 -0.013311
v -0.226283 0.332769 -0.039932
v -0.226283 0.332769 -0.013311
v -0.226283 0.359391 -0.039932
v -0.226283 0.359391 -0.013311
v -0.199661 0.039932 -0.119797
v -0.199661 0.066554 -0.119797
v -0.199661 0.093175 -0.119797
v -0.173040 0.066554 -0.119797
v -0.173040 0.093175 -0.119797
v -0.199661 0.013311 -0.093175
v -0.199661 0.039932 -0.093175
v -0.199661 0.039932 -0.066554
v -0.173040 0.013311 -0.093175
v -0.173040 0.039932 -0.093175
v -0.199661 0.039932 -0.039932
v -0.199661 0.039932 -0.013311
v -0.199661 0.066554 -0.093175
v -0.199661 0.066554 -0.066554
v -0.173040 0.066554 -0.093175
v -0.173040 0.066554 -0.066554
v -0.173040 0.093175 -0.093175
v -0.173040 0.093175 -0.066554
v -0.199661 0.066554 -0.039932
v -0.199661 0.066554 -0.013311
v -0.173040 0.066554 -0.039932
v -0.173040 0.066554 -0.013311
v -0.173040 0.093175 -0.039932
v -0.173040 0.093175 -0.013311
v -0.146418 0.013311 -0.093175
v -0.146418 0.039932 -0.093175
v -0.119797 0.013311 -0.093175
v -0.119797 0.013311 -0.066554
v -0.119797 0.039932 -0.093175
v -0.119797 0.039932 -0.066554
v -0.119797 0.013311 -0.039932
v -0.119797 0.013311 -0.013311
v -0.119797 0.039932 -0.039932
v -0.119797 0.039932 -0.013311
v -0.146418 0.066554 -0.093175
v -0.146418 0.066554 -0.066554
v -0.119797 0.066554 -0.093175
v -0.119797 0.066554 -0.066554
v -0.146418 0.066554 -0.039932
v -0.146418 0.066554 -0.013311
v -0.119797 0.066554 -0.039932
v -0.119797 0.066554 -0.013311
v -0.199661 0.119797 -0.119797
v -0.199661 0.146418 -0.119797
v -0.173040 0.119797 -0.119797
v -0.173040 0.146418 -0.119797
v -0.199661 0.173040 -0.119797
v -0.199661 0.199661 -0.119797
v -0.173040 0.173040 -0.119797
v -0.173040 0.199661 -0.119797
v -0.173040 0.119797 -0.093175
v -0.173040 0.119797 -0.066554
v -0.173040 0.146418 -0.093175
v -0.173040 0.146418 -0.066554
v -0.173040 0.119797 -0.039932
v -0.173040 0.119797 -0.013311
v -0.173040 0.146418 -0.039932
v -0.173040 0.146418 -0.013311
v -0.173040 0.173040 -0.093175
v -0.173040 0.173040 -0.066554
v -0.173040 0.199661 -0.093175
v -0.173040 0.199661 -0.066554
v -0.173040 0.173040 -0.039932
v -0.173040 0.173040 -0.013311
v -0.173040 0.199661 -0.039932
v -0.173040 0.199661 -0.013311
v -0.199661 0.226283 -0.119797
v -0.199661 0.252904 -0.119797
v -0.173040 0.226283 -0.119797
v -0.173040 0.252904 -0.119797
v -0.199661 0.279526 -0.119797
v -0.199661 0.306148 -0.119797
v -0.173040 0.279526 -0.119797
v -0.173040 0.306148 -0.119797
v -0.173040 0.226283 -0.093175
v -0.173040 0.226283 -0.066554
v -0.173040 0.252904 -0.093175
v -0.173040 0.252904 -0.066554
v -0.173040 0.226283 -0.039932
v -0.173040 0.226283 -0.013311
v -0.173040 0.252904 -0.039932
v -0.173040 0.252904 -0.013311
v -0.199661 0.306148 -0.093175
v -0.199661 0.306148 -0.066554
v -0.173040 0.279526 -0.093175
v -0.173040 0.279526 -0.066554
v -0.173040 0.306148 -0.093175
v -0.173040 0.306148 -0.066554
v -0.199661 0.306148 -0.039932
v -0.199661 0.306148 -0.013311
v -0.173040 0.279526 -0.039932
v -0.173040 0.279526 -0.013311
v -0.173040 0.306148 -0.039932
v -0.173040 0.306148 -0.013311
v -0.199661 0.332769 -0.119797
v -0.199661 0.332769 -0.093175
v -0.199661 0.332769 -0.066554
v -0.199661 0.332769 -0.039932
v -0.199661 0.332769 -0.013311
v -0.758714 0.066554 0.013311
v -0.758714 0.066554 0.039932
v -0.758714 0.093175 0.013311
v -0.758714 0.093175 0.039932
v -0.758714 0.093175 0.066554
v -0.758714 0.093175 0.093175
v -0.758714 0.119797 0.013311
v -0.758714 0.119797 0.039932
v -0.758714 0.146418 0.013311
v -0.758714 0.146418 0.039932
v -0.758714 0.119797 0.066554
v -0.758714 0.119797 0.093175
v -0.758714 0.146418 0.066554
v -0.758714 0.146418 0.093175
v -0.758714 0.173040 0.013311
v -0.758714 0.173040 0.039932
v -0.758714 0.199661 0.013311
v -0.758714 0.199661 0.039932
v -0.758714 0.173040 0.066554
v -0.758714 0.173040 0.093175
v -0.758714 0.199661 0.066554
v -0.758714 0.199661 0.093175
v -0.758714 0.146418 0.119797
v -0.758714 0.173040 0.119797
v -0.758714 0.199661 0.119797
v -0.732092 0.066554 0.013311
v -0.732092 0.066554 0.039932
v -0.732092 0.093175 0.039932
v -0.705471 0.066554 0.013311
v -0.705471 0.066554 0.039932
v -0.705471 0.093175 0.039932
v -0.732092 0.093175 0.066554
v -0.732092 0.093175 0.093175
v -0.705471 0.093175 0.066554
v -0.705471 0.093175 0.093175
v -0.652227 0.039932 0.013311
v -0.652227 0.039932 0.039932
v -0.652227 0.039932 0.066554
v -0.652227 0.039932 0.093175
v -0.678849 0.066554 0.013311
v -0.678849 0.066554 0.039932
v -0.678849 0.093175 0.013311
v -0.678849 0.093175 0.039932
v -0.652227 0.066554 0.013311
v -0.652227 0.066554 0.039932
v -0.652227 0.093175 0.013311
v -0.652227 0.093175 0.039932
v -0.678849 0.093175 0.066554
v -0.678849 0.093175 0.093175
v -0.652227 0.066554 0.066554
v -0.652227 0.066554 0.093175
v -0.652227 0.093175 0.066554
v -0.652227 0.093175 0.093175
v -0.652227 0.039932 0.119797
v -0.652227 0.066554 0.119797
v -0.652227 0.093175 0.119797
v -0.732092 0.119797 0.093175
v -0.732092 0.146418 0.093175
v -0.705471 0.119797 0.093175
v -0.705471 0.146418 0.093175
v -0.652227 0.119797 0.013311
v -0.652227 0.119797 0.039932
v -0.652227 0.146418 0.013311
v -0.652227 0.146418 0.039932
v -0.678849 0.119797 0.066554
v -0.678849 0.119797 0.093175
v -0.678849 0.146418 0.093175
v -0.652227 0.119797 0.066554
v -0.652227 0.119797 0.093175
v -0.652227 0.146418 0.066554
v -0.652227 0.146418 0.093175
v -0.652227 0.173040 0.013311
v -0.652227 0.173040 0.039932
v -0.652227 0.199661 0.013311
v -0.652227 0.199661 0.039932
v -0.678849 0.173040 0.093175
v -0.678849 0.199661 0.093175
v -0.652227 0.173040 0.066554
v -0.652227 0.173040 0.093175
v -0.652227 0.199661 0.066554
v -0.652227 0.199661 0.093175
v -0.732092 0.146418 0.119797
v -0.705471 0.146418 0.119797
v -0.732092 0.173040 0.119797
v -0.732092 0.199661 0.119797
v -0.705471 0.173040 0.119797
v -0.705471 0.199661 0.119797
v -0.678849 0.146418 0.119797
v -0.652227 0.119797 0.119797
v -0.652227 0.146418 0.119797
v -0.678849 0.173040 0.119797
v -0.678849 0.199661 0.119797
v -0.652227 0.173040 0.119797
v -0.652227 0.199661 0.119797
v -0.758714 0.226283 0.013311
v -0.758714 0.226283 0.039932
v -0.758714 0.252904 0.013311
v -0.758714 0.252904 0.039932
v -0.758714 0.226283 0.066554
v -0.758714 0.226283 0.093175
v -0.758714 0.252904 0.066554
v -0.758714 0.252904 0.093175
v -0.758714 0.279526 0.013311
v -0.758714 0.279526 0.039932
v -0.758714 0.306148 0.013311
v -0.758714 0.306148 0.039932
v -0.758714 0.279526 0.066554
v -0.758714 0.279526 0.093175
v -0.758714 0.306148 0.066554
v -0.758714 0.226283 0.119797
v -0.758714 0.252904 0.119797
v -0.732092 0.252904 0.093175
v -0.705471 0.226283 0.093175
v -0.705471 0.252904 0.093175
v -0.732092 0.306148 0.013311
v -0.732092 0.306148 0.039932
v -0.705471 0.306148 0.013311
v -0.705471 0.306148 0.039932
v -0.732092 0.279526 0.066554
v -0.732092 0.279526 0.093175
v -0.732092 0.306148 0.066554
v -0.705471 0.279526 0.066554
v -0.705471 0.279526 0.093175
v -0.705471 0.306148 0.066554
v -0.652227 0.226283 0.013311
v -0.652227 0.226283 0.039932
v -0.652227 0.252904 0.013311
v -0.652227 0.252904 0.039932
v -0.678849 0.226283 0.093175
v -0.678849 0.252904 0.093175
v -0.652227 0.226283 0.066554
v -0.652227 0.226283 0.093175
v -0.652227 0.252904 0.066554
v -0.652227 0.252904 0.093175
v -0.678849 0.279526 0.039932
v -0.678849 0.306148 0.013311
v -0.678849 0.306148 0.039932
v -0.652227 0.279526 0.013311
v -0.652227 0.279526 0.039932
v -0.652227 0.306148 0.013311
v -0.652227 0.306148 0.039932
v -0.678849 0.279526 0.066554
v -0.678849 0.279526 0.093175
v -0.678849 0.306148 0.066554
v -0.652227 0.279526 0.066554
v -0.652227 0.279526 0.093175
v -0.652227 0.306148 0.066554
v -0.652227 0.306148 0.093175
v -0.732092 0.226283 0.119797
v -0.732092 0.252904 0.119797
v -0.705471 0.226283 0.119797
v -0.705471 0.252904 0.119797
v -0.678849 0.226283 0.119797
v -0.652227 0.226283 0.119797
v -0.652227 0.252904 0.119797
v -0.652227 0.279526 0.119797
v -0.652227 0.306148 0.119797
v -0.652227 0.332769 0.013311
v -0.652227 0.332769 0.039932
v -0.652227 0.332769 0.066554
v -0.652227 0.332769 0.093175
v -0.652227 0.332769 0.119797
v -0.625606 0.039932 0.013311
v -0.625606 0.039932 0.039932
v -0.598984 0.013311 0.013311
v -0.598984 0.013311 0.039932
v -0.598984 0.039932 0.013311
v -0.598984 0.039932 0.039932
v -0.625606 0.039932 0.066554
v -0.625606 0.039932 0.093175
v -0.598984 0.013311 0.066554
v -0.598984 0.013311 0.093175
v -0.598984 0.039932 0.066554
v -0.598984 0.039932 0.093175
v -0.625606 0.093175 0.013311
v -0.625606 0.093175 0.039932
v -0.572363 0.013311 0.013311
v -0.572363 0.013311 0.039932
v -0.545741 0.013311 0.013311
v -0.545741 0.013311 0.039932
v -0.545741 0.039932 0.013311
v -0.545741 0.039932 0.039932
v -0.572363 0.013311 0.066554
v -0.572363 0.013311 0.093175
v -0.545741 0.013311 0.066554
v -0.545741 0.013311 0.093175
v -0.545741 0.039932 0.066554
v -0.545741 0.039932 0.093175
v -0.545741 0.066554 0.013311
v -0.545741 0.066554 0.039932
v -0.545741 0.066554 0.066554
v -0.545741 0.066554 0.093175
v -0.625606 0.039932 0.119797
v -0.598984 0.013311 0.119797
v -0.598984 0.039932 0.119797
v -0.625606 0.066554 0.119797
v -0.625606 0.093175 0.119797
v -0.598984 0.066554 0.119797
v -0.598984 0.093175 0.119797
v -0.572363 0.013311 0.119797
v -0.572363 0.039932 0.119797
v -0.545741 0.013311 0.119797
v -0.545741 0.039932 0.119797
v -0.572363 0.066554 0.119797
v -0.572363 0.093175 0.119797
v -0.545741 0.066554 0.119797
v -0.545741 0.093175 0.119797
v -0.625606 0.119797 0.013311
v -0.625606 0.119797 0.039932
v -0.625606 0.146418 0.013311
v -0.625606 0.146418 0.039932
v -0.625606 0.119797 0.066554
v -0.625606 0.119797 0.093175
v -0.625606 0.146418 0.066554
v -0.625606 0.146418 0.093175
v -0.625606 0.173040 0.013311
v -0.625606 0.173040 0.039932
v -0.625606 0.199661 0.013311
v -0.625606 0.199661 0.039932
v -0.625606 0.173040 0.066554
v -0.625606 0.173040 0.093175
v -0.625606 0.199661 0.066554
v -0.625606 0.199661 0.093175
v -0.625606 0.119797 0.119797
v -0.625606 0.146418 0.119797
v -0.598984 0.119797 0.119797
v -0.598984 0.146418 0.119797
v -0.625606 0.173040 0.119797
v -0.625606 0.199661 0.119797
v -0.598984 0.173040 0.119797
v -0.598984 0.199661 0.119797
v -0.572363 0.119797 0.119797
v -0.572363 0.146418 0.119797
v -0.545741 0.119797 0.119797
v -0.545741 0.146418 0.119797
v -0.572363 0.173040 0.119797
v -0.572363 0.199661 0.119797
v -0.545741 0.173040 0.119797
v -0.545741 0.199661 0.119797
v -0.519120 0.013311 0.013311
v -0.519120 0.013311 0.039932
v -0.492498 0.013311 0.013311
v -0.492498 0.013311 0.039932
v -0.519120 0.013311 0.066554
v -0.519120 0.013311 0.093175
v -0.519120 0.039932 0.093175
v -0.492498 0.013311 0.066554
v -0.492498 0.013311 0.093175
v -0.492498 0.039932 0.093175
v -0.519120 0.066554 0.013311
v -0.519120 0.066554 0.039932
v -0.492498 0.066554 0.013311
v -0.492498 0.066554 0.039932
v -0.519120 0.066554 0.066554
v -0.519120 0.066554 0.093175
v -0.492498 0.066554 0.066554
v -0.492498 0.066554 0.093175
v -0.465877 0.013311 0.013311
v -0.465877 0.013311 0.039932
v -0.439255 0.013311 0.013311
v -0.439255 0.013311 0.039932
v -0.465877 0.013311 0.066554
v -0.465877 0.013311 0.093175
v -0.465877 0.039932 0.093175
v -0.439255 0.013311 0.066554
v -0.439255 0.013311 0.093175
v -0.439255 0.039932 0.093175
v -0.465877 0.066554 0.013311
v -0.465877 0.066554 0.039932
v -0.439255 0.066554 0.013311
v -0.439255 0.066554 0.039932
v -0.465877 0.066554 0.066554
v -0.465877 0.066554 0.093175
v -0.439255 0.066554 0.066554
v -0.439255 0.066554 0.093175
v -0.519120 0.013311 0.119797
v -0.519120 0.039932 0.119797
v -0.492498 0.013311 0.119797
v -0.492498 0.039932 0.119797
v -0.519120 0.066554 0.119797
v -0.519120 0.093175 0.119797
v -0.492498 0.066554 0.119797
v -0.492498 0.093175 0.119797
v -0.465877 0.013311 0.119797
v -0.465877 0.039932 0.119797
v -0.439255 0.013311 0.119797
v -0.439255 0.039932 0.119797
v -0.465877 0.066554 0.119797
v -0.465877 0.093175 0.119797
v -0.439255 0.066554 0.119797
v -0.439255 0.093175 0.119797
v -0.519120 0.119797 0.119797
v -0.519120 0.146418 0.119797
v -0.492498 0.119797 0.119797
v -0.492498 0.146418 0.119797
v -0.519120 0.173040 0.119797
v -0.519120 0.199661 0.119797
v -0.492498 0.173040 0.119797
v -0.492498 0.199661 0.119797
v -0.465877 0.119797 0.119797
v -0.465877 0.146418 0.119797
v -0.439255 0.119797 0.119797
v -0.439255 0.146418 0.119797
v -0.465877 0.173040 0.119797
v -0.465877 0.199661 0.119797
v -0.439255 0.173040 0.119797
v -0.439255 0.199661 0.119797
v -0.625606 0.226283 0.013311
v -0.625606 0.226283 0.039932
v -0.625606 0.252904 0.013311
v -0.625606 0.252904 0.039932
v -0.625606 0.226283 0.066554
v -0.625606 0.226283 0.093175
v -0.625606 0.252904 0.066554
v -0.625606 0.252904 0.093175
v -0.625606 0.279526 0.013311
v -0.625606 0.279526 0.039932
v -0.625606 0.306148 0.013311
v -0.625606 0.279526 0.066554
v -0.625606 0.226283 0.119797
v -0.625606 0.252904 0.119797
v -0.598984 0.226283 0.119797
v -0.598984 0.252904 0.119797
v -0.625606 0.279526 0.119797
v -0.625606 0.306148 0.119797
v -0.598984 0.279526 0.119797
v -0.598984 0.306148 0.119797
v -0.572363 0.226283 0.119797
v -0.572363 0.252904 0.119797
v -0.545741 0.226283 0.119797
v -0.545741 0.252904 0.119797
v -0.572363 0.279526 0.119797
v -0.572363 0.306148 0.119797
v -0.545741 0.279526 0.119797
v -0.545741 0.306148 0.119797
v -0.625606 0.332769 0.013311
v -0.625606 0.332769 0.039932
v -0.625606 0.359391 0.013311
v -0.625606 0.359391 0.039932
v -0.598984 0.359391 0.013311
v -0.598984 0.359391 0.039932
v -0.625606 0.332769 0.066554
v -0.625606 0.332769 0.093175
v -0.625606 0.359391 0.066554
v -0.625606 0.359391 0.093175
v -0.598984 0.359391 0.066554
v -0.598984 0.359391 0.093175
v -0.598984 0.386012 0.013311
v -0.598984 0.386012 0.039932
v -0.598984 0.386012 0.066554
v -0.598984 0.386012 0.093175
v -0.572363 0.386012 0.013311
v -0.572363 0.386012 0.039932
v -0.545741 0.386012 0.013311
v -0.545741 0.386012 0.039932
v -0.545741 0.412634 0.013311
v -0.545741 0.412634 0.039932
v -0.572363 0.386012 0.066554
v -0.572363 0.386012 0.093175
v -0.545741 0.386012 0.066554
v -0.545741 0.386012 0.093175
v -0.545741 0.412634 0.066554
v -0.545741 0.412634 0.093175
v -0.625606 0.332769 0.119797
v -0.625606 0.359391 0.119797
v -0.598984 0.332769 0.119797
v -0.598984 0.359391 0.119797
v -0.598984 0.386012 0.119797
v -0.572363 0.332769 0.119797
v -0.572363 0.359391 0.119797
v -0.545741 0.332769 0.119797
v -0.545741 0.359391 0.119797
v -0.572363 0.386012 0.119797
v -0.545741 0.386012 0.119797
v -0.545741 0.412634 0.119797
v -0.519120 0.226283 0.119797
v -0.519120 0.252904 0.119797
v -0.492498 0.226283 0.119797
v -0.492498 0.252904 0.119797
v -0.519120 0.279526 0.119797
v -0.519120 0.306148 0.119797
v -0.492498 0.279526 0.119797
v -0.492498 0.306148 0.119797
v -0.465877 0.226283 0.119797
v -0.465877 0.252904 0.119797
v -0.439255 0.226283 0.119797
v -0.439255 0.252904 0.119797
v -0.465877 0.279526 0.119797
v -0.465877 0.306148 0.119797
v -0.439255 0.279526 0.119797
v -0.439255 0.306148 0.119797
v -0.519120 0.412634 0.013311
v -0.519120 0.412634 0.039932
v -0.492498 0.412634 0.013311
v -0.492498 0.412634 0.039932
v -0.519120 0.412634 0.066554
v -0.519120 0.412634 0.093175
v -0.492498 0.412634 0.066554
v -0.492498 0.412634 0.093175
v -0.465877 0.386012 0.013311
v -0.465877 0.386012 0.039932
v -0.465877 0.412634 0.013311
v -0.465877 0.412634 0.039932
v -0.439255 0.386012 0.013311
v -0.439255 0.386012 0.039932
v -0.465877 0.386012 0.066554
v -0.465877 0.386012 0.093175
v -0.465877 0.412634 0.066554
v -0.465877 0.412634 0.093175
v -0.439255 0.386012 0.066554
v -0.439255 0.386012 0.093175
v -0.519120 0.332769 0.119797
v -0.519120 0.359391 0.119797
v -0.492498 0.332769 0.119797
v -0.492498 0.359391 0.119797
v -0.519120 0.386012 0.119797
v -0.519120 0.412634 0.119797
v -0.492498 0.386012 0.119797
v -0.492498 0.412634 0.119797
v -0.465877 0.332769 0.119797
v -0.465877 0.359391 0.119797
v -0.439255 0.332769 0.119797
v -0.439255 0.359391 0.119797
v -0.465877 0.386012 0.119797
v -0.465877 0.412634 0.119797
v -0.439255 0.386012 0.119797
v -0.412634 0.013311 0.013311
v -0.412634 0.013311 0.039932
v -0.412634 0.013311 0.066554
v -0.412634 0.013311 0.093175
v -0.412634 0.039932 0.093175
v -0.386012 0.013311 0.093175
v -0.386012 0.039932 0.093175
v -0.412634 0.066554 0.013311
v -0.412634 0.066554 0.039932
v -0.386012 0.066554 0.013311
v -0.386012 0.066554 0.039932
v -0.412634 0.066554 0.066554
v -0.412634 0.066554 0.093175
v -0.386012 0.066554 0.066554
v -0.386012 0.066554 0.093175
v -0.359391 0.013311 0.013311
v -0.359391 0.013311 0.039932
v -0.332769 0.013311 0.013311
v -0.332769 0.013311 0.039932
v -0.359391 0.013311 0.066554
v -0.359391 0.013311 0.093175
v -0.359391 0.039932 0.093175
v -0.332769 0.013311 0.066554
v -0.332769 0.013311 0.093175
v -0.332769 0.039932 0.093175
v -0.359391 0.066554 0.013311
v -0.359391 0.066554 0.039932
v -0.332769 0.066554 0.013311
v -0.332769 0.066554 0.039932
v -0.359391 0.066554 0.066554
v -0.359391 0.066554 0.093175
v -0.332769 0.066554 0.066554
v -0.332769 0.066554 0.093175
v -0.412634 0.013311 0.119797
v -0.412634 0.039932 0.119797
v -0.386012 0.013311 0.119797
v -0.386012 0.039932 0.119797
v -0.412634 0.066554 0.119797
v -0.412634 0.093175 0.119797
v -0.386012 0.066554 0.119797
v -0.386012 0.093175 0.119797
v -0.359391 0.013311 0.119797
v -0.359391 0.039932 0.119797
v -0.332769 0.013311 0.119797
v -0.332769 0.039932 0.119797
v -0.359391 0.066554 0.119797
v -0.359391 0.093175 0.119797
v -0.332769 0.066554 0.119797
v -0.332769 0.093175 0.119797
v -0.412634 0.119797 0.119797
v -0.412634 0.146418 0.119797
v -0.386012 0.119797 0.119797
v -0.386012 0.146418 0.119797
v -0.412634 0.173040 0.119797
v -0.412634 0.199661 0.119797
v -0.386012 0.173040 0.119797
v -0.386012 0.199661 0.119797
v -0.359391 0.119797 0.119797
v -0.359391 0.146418 0.119797
v -0.332769 0.119797 0.119797
v -0.332769 0.146418 0.119797
v -0.359391 0.173040 0.119797
v -0.359391 0.199661 0.119797
v -0.332769 0.173040 0.119797
v -0.332769 0.199661 0.119797
v -0.306148 0.013311 0.013311
v -0.306148 0.013311 0.039932
v -0.279526 0.013311 0.013311
v -0.279526 0.013311 0.039932
v -0.306148 0.013311 0.066554
v -0.306148 0.013311 0.093175
v -0.306148 0.039932 0.093175
v -0.279526 0.013311 0.066554
v -0.279526 0.013311 0.093175
v -0.279526 0.039932 0.093175
v -0.306148 0.066554 0.013311
v -0.306148 0.066554 0.039932
v -0.279526 0.066554 0.013311
v -0.279526 0.066554 0.039932
v -0.306148 0.066554 0.066554
v -0.306148 0.066554 0.093175
v -0.279526 0.066554 0.066554
v -0.279526 0.066554 0.093175
v -0.252905 0.013311 0.013311
v -0.252905 0.013311 0.039932
v -0.226283 0.013311 0.013311
v -0.226283 0.013311 0.039932
v -0.226283 0.039932 0.013311
v -0.226283 0.039932 0.039932
v -0.252905 0.013311 0.066554
v -0.252905 0.013311 0.093175
v -0.252905 0.039932 0.093175
v -0.226283 0.013311 0.066554
v -0.226283 0.013311 0.093175
v -0.226283 0.039932 0.066554
v -0.226283 0.039932 0.093175
v -0.252905 0.066554 0.013311
v -0.252905 0.066554 0.039932
v -0.226283 0.066554 0.013311
v -0.226283 0.066554 0.039932
v -0.252905 0.066554 0.066554
v -0.252905 0.066554 0.093175
v -0.226283 0.066554 0.066554
v -0.226283 0.066554 0.093175
v -0.306148 0.013311 0.119797
v -0.306148 0.039932 0.119797
v -0.279526 0.013311 0.119797
v -0.279526 0.039932 0.119797
v -0.306148 0.066554 0.119797
v -0.306148 0.093175 0.119797
v -0.279526 0.066554 0.119797
v -0.279526 0.093175 0.119797
v -0.252905 0.013311 0.119797
v -0.252905 0.039932 0.119797
v -0.226283 0.013311 0.119797
v -0.226283 0.039932 0.119797
v -0.252905 0.066554 0.119797
v -0.252905 0.093175 0.119797
v -0.226283 0.066554 0.119797
v -0.226283 0.093175 0.119797
v -0.306148 0.119797 0.119797
v -0.306148 0.146418 0.119797
v -0.279526 0.119797 0.119797
v -0.279526 0.146418 0.119797
v -0.306148 0.173040 0.119797
v -0.306148 0.199661 0.119797
v -0.279526 0.173040 0.119797
v -0.279526 0.199661 0.119797
v -0.252905 0.119797 0.119797
v -0.252905 0.146418 0.119797
v -0.226283 0.119797 0.119797
v -0.226283 0.146418 0.119797
v -0.252905 0.173040 0.119797
v -0.252905 0.199661 0.119797
v -0.226283 0.173040 0.119797
v -0.226283 0.199661 0.119797
v -0.412634 0.226283 0.119797
v -0.412634 0.252904 0.119797
v -0.386012 0.226283 0.119797
v -0.386012 0.252904 0.119797
v -0.412634 0.279526 0.119797
v -0.412634 0.306148 0.119797
v -0.386012 0.279526 0.119797
v -0.386012 0.306148 0.119797
v -0.359391 0.226283 0.119797
v -0.359391 0.252904 0.119797
v -0.332769 0.226283 0.119797
v -0.332769 0.252904 0.119797
v -0.359391 0.279526 0.119797
v -0.359391 0.306148 0.119797
v -0.332769 0.279526 0.119797
v -0.332769 0.306148 0.119797
v -0.412634 0.386012 0.013311
v -0.412634 0.386012 0.039932
v -0.386012 0.386012 0.013311
v -0.386012 0.386012 0.039932
v -0.412634 0.386012 0.066554
v -0.412634 0.386012 0.093175
v -0.386012 0.386012 0.066554
v -0.386012 0.386012 0.093175
v -0.359391 0.386012 0.013311
v -0.359391 0.386012 0.039932
v -0.332769 0.386012 0.013311
v -0.332769 0.386012 0.039932
v -0.359391 0.386012 0.066554
v -0.359391 0.386012 0.093175
v -0.332769 0.386012 0.066554
v -0.332769 0.386012 0.093175
v -0.412634 0.332769 0.119797
v -0.412634 0.359391 0.119797
v -0.386012 0.332769 0.119797
v -0.386012 0.359391 0.119797
v -0.412634 0.386012 0.119797
v -0.386012 0.386012 0.119797
v -0.359391 0.332769 0.119797
v -0.359391 0.359391 0.119797
v -0.332769 0.332769 0.119797
v -0.332769 0.359391 0.119797
v -0.359391 0.386012 0.119797
v -0.332769 0.386012 0.119797
v -0.306148 0.226283 0.119797
v -0.306148 0.252904 0.119797
v -0.279526 0.226283 0.119797
v -0.279526 0.252904 0.119797
v -0.306148 0.279526 0.119797
v -0.306148 0.306148 0.119797
v -0.279526 0.279526 0.119797
v -0.279526 0.306148 0.119797
v -0.252905 0.226283 0.119797
v -0.252905 0.252904 0.119797
v -0.226283 0.226283 0.119797
v -0.226283 0.252904 0.119797
v -0.252905 0.279526 0.119797
v -0.252905 0.306148 0.119797
v -0.226283 0.279526 0.119797
v -0.226283 0.306148 0.119797
v -0.306148 0.359391 0.013311
v -0.306148 0.359391 0.039932
v -0.279526 0.359391 0.013311
v -0.279526 0.359391 0.039932
v -0.306148 0.359391 0.066554
v -0.306148 0.359391 0.093175
v -0.279526 0.359391 0.066554
v -0.279526 0.359391 0.093175
v -0.306148 0.386012 0.013311
v -0.306148 0.386012 0.039932
v -0.306148 0.386012 0.066554
v -0.306148 0.386012 0.093175
v -0.252905 0.359391 0.013311
v -0.252905 0.359391 0.039932
v -0.226283 0.332769 0.013311
v -0.226283 0.332769 0.039932
v -0.226283 0.359391 0.013311
v -0.226283 0.359391 0.039932
v -0.252905 0.359391 0.066554
v -0.252905 0.359391 0.093175
v -0.226283 0.332769 0.066554
v -0.226283 0.332769 0.093175
v -0.226283 0.359391 0.066554
v -0.226283 0.359391 0.093175
v -0.306148 0.332769 0.119797
v -0.306148 0.359391 0.119797
v -0.279526 0.332769 0.119797
v -0.279526 0.359391 0.119797
v -0.306148 0.386012 0.119797
v -0.252905 0.332769 0.119797
v -0.252905 0.359391 0.119797
v -0.226283 0.332769 0.119797
v -0.226283 0.359391 0.119797
v -0.199661 0.039932 0.013311
v -0.199661 0.039932 0.039932
v -0.199661 0.013311 0.093175
v -0.199661 0.039932 0.066554
v -0.199661 0.039932 0.093175
v -0.173040 0.013311 0.093175
v -0.173040 0.039932 0.093175
v -0.199661 0.066554 0.013311
v -0.199661 0.066554 0.039932
v -0.173040 0.066554 0.013311
v -0.173040 0.066554 0.039932
v -0.173040 0.093175 0.013311
v -0.173040 0.093175 0.039932
v -0.199661 0.066554 0.066554
v -0.199661 0.066554 0.093175
v -0.173040 0.066554 0.066554
v -0.173040 0.066554 0.093175
v -0.173040 0.093175 0.066554
v -0.173040 0.093175 0.093175
v -0.119797 0.013311 0.013311
v -0.119797 0.013311 0.039932
v -0.119797 0.039932 0.013311
v -0.119797 0.039932 0.039932
v -0.146418 0.013311 0.093175
v -0.146418 0.039932 0.093175
v -0.119797 0.013311 0.066554
v -0.119797 0.013311 0.093175
v -0.119797 0.039932 0.066554
v -0.119797 0.039932 0.093175
v -0.146418 0.066554 0.013311
v -0.146418 0.066554 0.039932
v -0.119797 0.066554 0.013311
v -0.119797 0.066554 0.039932
v -0.146418 0.066554 0.066554
v -0.146418 0.066554 0.093175
v -0.119797 0.066554 0.066554
v -0.119797 0.066554 0.093175
v -0.199661 0.039932 0.119797
v -0.199661 0.066554 0.119797
v -0.199661 0.093175 0.119797
v -0.173040 0.066554 0.119797
v -0.173040 0.093175 0.119797
v -0.173040 0.119797 0.013311
v -0.173040 0.119797 0.039932
v -0.173040 0.146418 0.013311
v -0.173040 0.146418 0.039932
v -0.173040 0.119797 0.066554
v -0.173040 0.119797 0.093175
v -0.173040 0.146418 0.066554
v -0.173040 0.146418 0.093175
v -0.173040 0.173040 0.013311
v -0.173040 0.173040 0.039932
v -0.173040 0.199661 0.013311
v -0.173040 0.199661 0.039932
v -0.173040 0.173040 0.066554
v -0.173040 0.173040 0.093175
v -0.173040 0.199661 0.066554
v -0.173040 0.199661 0.093175
v -0.199661 0.119797 0.119797
v -0.199661 0.146418 0.119797
v -0.173040 0.119797 0.119797
v -0.173040 0.146418 0.119797
v -0.199661 0.173040 0.119797
v -0.199661 0.199661 0.119797
v -0.173040 0.173040 0.119797
v -0.173040 0.199661 0.119797
v -0.173040 0.226283 0.013311
v -0.173040 0.226283 0.039932
v -0.173040 0.252904 0.013311
v -0.173040 0.252904 0.039932
v -0.173040 0.226283 0.066554
v -0.173040 0.226283 0.093175
v -0.173040 0.252904 0.066554
v -0.173040 0.252904 0.093175
v -0.199661 0.306148 0.013311
v -0.199661 0.306148 0.039932
v -0.173040 0.279526 0.013311
v -0.173040 0.279526 0.039932
v -0.173040 0.306148 0.013311
v -0.173040 0.306148 0.039932
v -0.199661 0.306148 0.066554
v -0.199661 0.306148 0.093175
v -0.173040 0.279526 0.066554
v -0.173040 0.279526 0.093175
v -0.173040 0.306148 0.066554
v -0.173040 0.306148 0.093175
v -0.199661 0.226283 0.119797
v -0.199661 0.252904 0.119797
v -0.173040 0.226283 0.119797
v -0.173040 0.252904 0.119797
v -0.199661 0.279526 0.119797
v -0.199661 0.306148 0.119797
v -0.173040 0.279526 0.119797
v -0.173040 0.306148 0.119797
v -0.199661 0.332769 0.013311
v -0.199661 0.332769 0.039932
v -0.199661 0.332769 0.066554
v -0.199661 0.332769 0.093175
v -0.199661 0.332769 0.119797
v 0.119797 0.093175 -0.039932
v 0.119797 0.093175 -0.013311
v 0.146418 0.093175 -0.039932
v 0.146418 0.093175 -0.013311
v 0.173040 0.093175 -0.013311
v 0.119797 0.119797 -0.066554
v 0.119797 0.146418 -0.093175
v 0.119797 0.146418 -0.066554
v 0.146418 0.119797 -0.066554
v 0.146418 0.146418 -0.093175
v 0.146418 0.146418 -0.066554
v 0.119797 0.119797 -0.039932
v 0.119797 0.119797 -0.013311
v 0.119797 0.146418 -0.039932
v 0.119797 0.146418 -0.013311
v 0.146418 0.119797 -0.039932
v 0.146418 0.119797 -0.013311
v 0.119797 0.173040 -0.093175
v 0.119797 0.173040 -0.066554
v 0.119797 0.199661 -0.093175
v 0.119797 0.199661 -0.066554
v 0.146418 0.173040 -0.093175
v 0.146418 0.173040 -0.066554
v 0.146418 0.199661 -0.093175
v 0.119797 0.173040 -0.039932
v 0.119797 0.173040 -0.013311
v 0.119797 0.199661 -0.039932
v 0.119797 0.199661 -0.013311
v 0.173040 0.119797 -0.066554
v 0.173040 0.146418 -0.066554
v 0.173040 0.119797 -0.039932
v 0.173040 0.119797 -0.013311
v 0.173040 0.146418 -0.039932
v 0.173040 0.146418 -0.013311
v 0.199661 0.119797 -0.013311
v 0.199661 0.146418 -0.039932
v 0.199661 0.146418 -0.013311
v 0.173040 0.173040 -0.093175
v 0.173040 0.173040 -0.066554
v 0.173040 0.199661 -0.093175
v 0.173040 0.199661 -0.066554
v 0.199661 0.173040 -0.066554
v 0.199661 0.199661 -0.066554
v 0.173040 0.173040 -0.039932
v 0.173040 0.199661 -0.039932
v 0.199661 0.173040 -0.039932
v 0.199661 0.173040 -0.013311
v 0.199661 0.199661 -0.039932
v 0.199661 0.199661 -0.013311
v 0.119797 0.226283 -0.093175
v 0.119797 0.226283 -0.066554
v 0.119797 0.252904 -0.093175
v 0.119797 0.252904 -0.066554
v 0.146418 0.226283 -0.093175
v 0.146418 0.226283 -0.066554
v 0.146418 0.252904 -0.093175
v 0.146418 0.252904 -0.066554
v 0.119797 0.226283 -0.039932
v 0.119797 0.226283 -0.013311
v 0.119797 0.252904 -0.039932
v 0.119797 0.252904 -0.013311
v 0.146418 0.252904 -0.039932
v 0.119797 0.279526 -0.066554
v 0.146418 0.279526 -0.066554
v 0.119797 0.279526 -0.039932
v 0.119797 0.279526 -0.013311
v 0.146418 0.279526 -0.039932
v 0.146418 0.279526 -0.013311
v 0.173040 0.226283 -0.093175
v 0.173040 0.226283 -0.066554
v 0.173040 0.252904 -0.066554
v 0.173040 0.226283 -0.039932
v 0.173040 0.252904 -0.039932
v 0.173040 0.252904 -0.013311
v 0.199661 0.226283 -0.039932
v 0.199661 0.226283 -0.013311
v 0.199661 0.252904 -0.039932
v 0.199661 0.252904 -0.013311
v 0.173040 0.279526 -0.039932
v 0.173040 0.279526 -0.013311
v 0.412634 0.226283 -0.013311
v 0.412634 0.252904 -0.013311
v 0.412634 0.279526 -0.013311
v 0.412634 0.306148 -0.013311
v 0.412634 0.332769 -0.013311
v 0.412634 0.359391 -0.013311
v 0.412634 0.386012 -0.013311
v 0.412634 0.412634 -0.013311
v 0.412634 0.439255 -0.013311
v 0.412634 0.465877 -0.013311
v 0.465877 0.119797 -0.013311
v 0.465877 0.146418 -0.039932
v 0.465877 0.146418 -0.013311
v 0.465877 0.173040 -0.066554
v 0.465877 0.199661 -0.066554
v 0.465877 0.173040 -0.039932
v 0.465877 0.173040 -0.013311
v 0.465877 0.199661 -0.039932
v 0.465877 0.199661 -0.013311
v 0.492498 0.146418 -0.066554
v 0.519120 0.146418 -0.066554
v 0.492498 0.119797 -0.039932
v 0.492498 0.119797 -0.013311
v 0.492498 0.146418 -0.039932
v 0.492498 0.146418 -0.013311
v 0.519120 0.119797 -0.039932
v 0.519120 0.119797 -0.013311
v 0.519120 0.146418 -0.039932
v 0.492498 0.173040 -0.066554
v 0.492498 0.199661 -0.066554
v 0.519120 0.173040 -0.066554
v 0.519120 0.199661 -0.066554
v 0.492498 0.173040 -0.039932
v 0.572363 0.093175 -0.013311
v 0.598984 0.093175 -0.013311
v 0.625606 0.093175 -0.039932
v 0.625606 0.093175 -0.013311
v 0.545741 0.119797 -0.066554
v 0.545741 0.146418 -0.066554
v 0.572363 0.119797 -0.066554
v 0.572363 0.146418 -0.066554
v 0.545741 0.119797 -0.039932
v 0.545741 0.119797 -0.013311
v 0.545741 0.146418 -0.039932
v 0.572363 0.119797 -0.039932
v 0.572363 0.119797 -0.013311
v 0.572363 0.146418 -0.039932
v 0.572363 0.146418 -0.013311
v 0.545741 0.173040 -0.093175
v 0.545741 0.173040 -0.066554
v 0.545741 0.199661 -0.093175
v 0.545741 0.199661 -0.066554
v 0.572363 0.173040 -0.093175
v 0.572363 0.173040 -0.066554
v 0.572363 0.199661 -0.093175
v 0.572363 0.199661 -0.066554
v 0.572363 0.173040 -0.039932
v 0.572363 0.173040 -0.013311
v 0.572363 0.199661 -0.039932
v 0.572363 0.199661 -0.013311
v 0.598984 0.119797 -0.066554
v 0.598984 0.146418 -0.093175
v 0.598984 0.146418 -0.066554
v 0.625606 0.119797 -0.066554
v 0.625606 0.146418 -0.093175
v 0.625606 0.146418 -0.066554
v 0.598984 0.119797 -0.039932
v 0.598984 0.119797 -0.013311
v 0.598984 0.146418 -0.039932
v 0.598984 0.146418 -0.013311
v 0.625606 0.119797 -0.039932
v 0.625606 0.119797 -0.013311
v 0.625606 0.146418 -0.039932
v 0.625606 0.146418 -0.013311
v 0.598984 0.173040 -0.093175
v 0.598984 0.173040 -0.066554
v 0.598984 0.199661 -0.093175
v 0.598984 0.199661 -0.066554
v 0.625606 0.173040 -0.093175
v 0.625606 0.173040 -0.066554
v 0.625606 0.199661 -0.093175
v 0.625606 0.199661 -0.066554
v 0.598984 0.173040 -0.039932
v 0.465877 0.226283 -0.066554
v 0.439255 0.226283 -0.013311
v 0.439255 0.252904 -0.013311
v 0.465877 0.226283 -0.039932
v 0.465877 0.226283 -0.013311
v 0.465877 0.252904 -0.039932
v 0.465877 0.252904 -0.013311
v 0.439255 0.279526 -0.013311
v 0.439255 0.306148 -0.013311
v 0.492498 0.226283 -0.066554
v 0.519120 0.226283 -0.066554
v 0.519120 0.252904 -0.066554
v 0.492498 0.226283 -0.039932
v 0.492498 0.252904 -0.039932
v 0.492498 0.252904 -0.013311
v 0.519120 0.226283 -0.039932
v 0.519120 0.252904 -0.039932
v 0.519120 0.252904 -0.013311
v 0.519120 0.279526 -0.013311
v 0.439255 0.332769 -0.013311
v 0.439255 0.359391 -0.013311
v 0.439255 0.386012 -0.013311
v 0.439255 0.412634 -0.013311
v 0.545741 0.226283 -0.066554
v 0.545741 0.252904 -0.066554
v 0.572363 0.226283 -0.093175
v 0.572363 0.226283 -0.066554
v 0.572363 0.252904 -0.066554
v 0.545741 0.252904 -0.039932
v 0.545741 0.252904 -0.013311
v 0.572363 0.226283 -0.039932
v 0.572363 0.226283 -0.013311
v 0.572363 0.252904 -0.039932
v 0.572363 0.252904 -0.013311
v 0.545741 0.279526 -0.013311
v 0.572363 0.279526 -0.039932
v 0.572363 0.279526 -0.013311
v 0.598984 0.226283 -0.093175
v 0.598984 0.226283 -0.066554
v 0.598984 0.252904 -0.066554
v 0.625606 0.226283 -0.093175
v 0.625606 0.226283 -0.066554
v 0.625606 0.252904 -0.093175
v 0.625606 0.252904 -0.066554
v 0.598984 0.226283 -0.039932
v 0.598984 0.252904 -0.039932
v 0.598984 0.252904 -0.013311
v 0.625606 0.226283 -0.039932
v 0.625606 0.252904 -0.039932
v 0.625606 0.252904 -0.013311
v 0.625606 0.279526 -0.066554
v 0.598984 0.279526 -0.039932
v 0.598984 0.279526 -0.013311
v 0.625606 0.279526 -0.039932
v 0.625606 0.279526 -0.013311
v 0.652227 0.093175 -0.039932
v 0.652227 0.093175 -0.013311
v 0.652227 0.119797 -0.066554
v 0.652227 0.146418 -0.093175
v 0.652227 0.146418 -0.066554
v 0.652227 0.119797 -0.039932
v 0.652227 0.119797 -0.013311
v 0.652227 0.146418 -0.039932
v 0.652227 0.173040 -0.093175
v 0.652227 0.173040 -0.066554
v 0.652227 0.199661 -0.093175
v 0.652227 0.199661 -0.066554
v 0.705471 0.173040 -0.013311
v 0.705471 0.199661 -0.013311
v 0.732092 0.173040 -0.013311
v 0.732092 0.199661 -0.013311
v 0.758714 0.173040 -0.013311
v 0.758714 0.199661 -0.013311
v 0.652227 0.226283 -0.093175
v 0.652227 0.226283 -0.066554
v 0.652227 0.252904 -0.093175
v 0.652227 0.252904 -0.066554
v 0.652227 0.226283 -0.039932
v 0.652227 0.252904 -0.039932
v 0.652227 0.252904 -0.013311
v 0.652227 0.279526 -0.066554
v 0.652227 0.279526 -0.039932
v 0.652227 0.279526 -0.013311
v 0.732092 0.226283 -0.013311
v 0.758714 0.226283 -0.013311
v 0.439255 0.439255 -0.013311
v 0.439255 0.465877 -0.013311
v 0.119797 0.093175 0.013311
v 0.119797 0.093175 0.039932
v 0.146418 0.093175 0.013311
v 0.146418 0.093175 0.039932
v 0.173040 0.093175 0.013311
v 0.119797 0.119797 0.013311
v 0.119797 0.119797 0.039932
v 0.119797 0.146418 0.013311
v 0.119797 0.146418 0.039932
v 0.146418 0.119797 0.013311
v 0.146418 0.119797 0.039932
v 0.119797 0.119797 0.066554
v 0.119797 0.146418 0.066554
v 0.119797 0.146418 0.093175
v 0.146418 0.119797 0.066554
v 0.146418 0.146418 0.066554
v 0.146418 0.146418 0.093175
v 0.119797 0.173040 0.013311
v 0.119797 0.173040 0.039932
v 0.119797 0.199661 0.013311
v 0.119797 0.199661 0.039932
v 0.119797 0.173040 0.066554
v 0.119797 0.173040 0.093175
v 0.119797 0.199661 0.066554
v 0.119797 0.199661 0.093175
v 0.146418 0.173040 0.066554
v 0.146418 0.173040 0.093175
v 0.146418 0.199661 0.093175
v 0.173040 0.119797 0.013311
v 0.173040 0.119797 0.039932
v 0.173040 0.146418 0.013311
v 0.173040 0.146418 0.039932
v 0.199661 0.119797 0.013311
v 0.199661 0.146418 0.013311
v 0.199661 0.146418 0.039932
v 0.173040 0.119797 0.066554
v 0.173040 0.146418 0.066554
v 0.173040 0.173040 0.039932
v 0.173040 0.199661 0.039932
v 0.199661 0.173040 0.013311
v 0.199661 0.173040 0.039932
v 0.199661 0.199661 0.013311
v 0.199661 0.199661 0.039932
v 0.173040 0.173040 0.066554
v 0.173040 0.173040 0.093175
v 0.173040 0.199661 0.066554
v 0.173040 0.199661 0.093175
v 0.199661 0.173040 0.066554
v 0.199661 0.199661 0.066554
v 0.119797 0.226283 0.013311
v 0.119797 0.226283 0.039932
v 0.119797 0.252904 0.013311
v 0.119797 0.252904 0.039932
v 0.146418 0.252904 0.039932
v 0.119797 0.226283 0.066554
v 0.119797 0.226283 0.093175
v 0.119797 0.252904 0.066554
v 0.119797 0.252904 0.093175
v 0.146418 0.226283 0.066554
v 0.146418 0.226283 0.093175
v 0.146418 0.252904 0.066554
v 0.146418 0.252904 0.093175
v 0.119797 0.279526 0.013311
v 0.119797 0.279526 0.039932
v 0.146418 0.279526 0.013311
v 0.146418 0.279526 0.039932
v 0.119797 0.279526 0.066554
v 0.146418 0.279526 0.066554
v 0.173040 0.226283 0.039932
v 0.173040 0.252904 0.013311
v 0.173040 0.252904 0.039932
v 0.199661 0.226283 0.013311
v 0.199661 0.226283 0.039932
v 0.199661 0.252904 0.013311
v 0.199661 0.252904 0.039932
v 0.173040 0.226283 0.066554
v 0.173040 0.226283 0.093175
v 0.173040 0.252904 0.066554
v 0.173040 0.279526 0.013311
v 0.173040 0.279526 0.039932
v 0.412634 0.226283 0.013311
v 0.412634 0.252904 0.013311
v 0.412634 0.279526 0.013311
v 0.412634 0.306148 0.013311
v 0.412634 0.332769 0.013311
v 0.412634 0.359391 0.013311
v 0.412634 0.386012 0.013311
v 0.412634 0.412634 0.013311
v 0.412634 0.439255 0.013311
v 0.412634 0.465877 0.013311
v 0.465877 0.119797 0.013311
v 0.465877 0.146418 0.013311
v 0.465877 0.146418 0.039932
v 0.465877 0.173040 0.013311
v 0.465877 0.173040 0.039932
v 0.465877 0.199661 0.013311
v 0.465877 0.199661 0.039932
v 0.465877 0.173040 0.066554
v 0.465877 0.199661 0.066554
v 0.492498 0.119797 0.013311
v 0.492498 0.119797 0.039932
v 0.492498 0.146418 0.013311
v 0.492498 0.146418 0.039932
v 0.519120 0.119797 0.013311
v 0.519120 0.119797 0.039932
v 0.519120 0.146418 0.039932
v 0.492498 0.146418 0.066554
v 0.519120 0.146418 0.066554
v 0.492498 0.173040 0.039932
v 0.492498 0.173040 0.066554
v 0.492498 0.199661 0.066554
v 0.519120 0.173040 0.066554
v 0.519120 0.199661 0.066554
v 0.572363 0.093175 0.013311
v 0.598984 0.093175 0.013311
v 0.625606 0.093175 0.013311
v 0.625606 0.093175 0.039932
v 0.545741 0.119797 0.013311
v 0.545741 0.119797 0.039932
v 0.545741 0.146418 0.039932
v 0.572363 0.119797 0.013311
v 0.572363 0.119797 0.039932
v 0.572363 0.146418 0.013311
v 0.572363 0.146418 0.039932
v 0.545741 0.119797 0.066554
v 0.545741 0.146418 0.066554
v 0.572363 0.119797 0.066554
v 0.572363 0.146418 0.066554
v 0.572363 0.173040 0.013311
v 0.572363 0.173040 0.039932
v 0.572363 0.199661 0.013311
v 0.572363 0.199661 0.039932
v 0.545741 0.173040 0.066554
v 0.545741 0.173040 0.093175
v 0.545741 0.199661 0.066554
v 0.545741 0.199661 0.093175
v 0.572363 0.173040 0.066554
v 0.572363 0.173040 0.093175
v 0.572363 0.199661 0.066554
v 0.572363 0.199661 0.093175
v 0.598984 0.119797 0.013311
v 0.598984 0.119797 0.039932
v 0.598984 0.146418 0.013311
v 0.598984 0.146418 0.039932
v 0.625606 0.119797 0.013311
v 0.625606 0.119797 0.039932
v 0.625606 0.146418 0.013311
v 0.625606 0.146418 0.039932
v 0.598984 0.119797 0.066554
v 0.598984 0.146418 0.066554
v 0.598984 0.146418 0.093175
v 0.625606 0.119797 0.066554
v 0.625606 0.146418 0.066554
v 0.625606 0.146418 0.093175
v 0.598984 0.173040 0.039932
v 0.598984 0.173040 0.066554
v 0.598984 0.173040 0.093175
v 0.598984 0.199661 0.066554
v 0.598984 0.199661 0.093175
v 0.625606 0.173040 0.066554
v 0.625606 0.173040 0.093175
v 0.625606 0.199661 0.066554
v 0.625606 0.199661 0.093175
v 0.439255 0.226283 0.013311
v 0.439255 0.252904 0.013311
v 0.465877 0.226283 0.013311
v 0.465877 0.226283 0.039932
v 0.465877 0.252904 0.013311
v 0.465877 0.252904 0.039932
v 0.465877 0.226283 0.066554
v 0.439255 0.279526 0.013311
v 0.439255 0.306148 0.013311
v 0.492498 0.226283 0.039932
v 0.492498 0.252904 0.013311
v 0.492498 0.252904 0.039932
v 0.519120 0.226283 0.039932
v 0.519120 0.252904 0.013311
v 0.519120 0.252904 0.039932
v 0.492498 0.226283 0.066554
v 0.519120 0.226283 0.066554
v 0.519120 0.252904 0.066554
v 0.519120 0.279526 0.013311
v 0.439255 0.332769 0.013311
v 0.439255 0.359391 0.013311
v 0.439255 0.386012 0.013311
v 0.439255 0.412634 0.013311
v 0.545741 0.252904 0.013311
v 0.545741 0.252904 0.039932
v 0.572363 0.226283 0.013311
v 0.572363 0.226283 0.039932
v 0.572363 0.252904 0.013311
v 0.572363 0.252904 0.039932
v 0.545741 0.226283 0.066554
v 0.545741 0.252904 0.066554
v 0.572363 0.226283 0.066554
v 0.572363 0.226283 0.093175
v 0.572363 0.252904 0.066554
v 0.545741 0.279526 0.013311
v 0.572363 0.279526 0.013311
v 0.572363 0.279526 0.039932
v 0.598984 0.226283 0.039932
v 0.598984 0.252904 0.013311
v 0.598984 0.252904 0.039932
v 0.625606 0.226283 0.039932
v 0.625606 0.252904 0.013311
v 0.625606 0.252904 0.039932
v 0.598984 0.226283 0.066554
v 0.598984 0.226283 0.093175
v 0.598984 0.252904 0.066554
v 0.625606 0.226283 0.066554
v 0.625606 0.226283 0.093175
v 0.625606 0.252904 0.066554
v 0.625606 0.252904 0.093175
v 0.598984 0.279526 0.013311
v 0.598984 0.279526 0.039932
v 0.625606 0.279526 0.013311
v 0.625606 0.279526 0.039932
v 0.625606 0.279526 0.066554
v 0.652227 0.093175 0.013311
v 0.652227 0.093175 0.039932
v 0.652227 0.119797 0.013311
v 0.652227 0.119797 0.039932
v 0.652227 0.146418 0.039932
v 0.652227 0.119797 0.066554
v 0.652227 0.146418 0.066554
v 0.652227 0.146418 0.093175
v 0.652227 0.173040 0.066554
v 0.652227 0.173040 0.093175
v 0.652227 0.199661 0.066554
v 0.652227 0.199661 0.093175
v 0.705471 0.173040 0.013311
v 0.705471 0.199661 0.013311
v 0.732092 0.173040 0.013311
v 0.732092 0.199661 0.013311
v 0.758714 0.173040 0.013311
v 0.758714 0.199661 0.013311
v 0.652227 0.226283 0.039932
v 0.652227 0.252904 0.013311
v 0.652227 0.252904 0.039932
v 0.652227 0.226283 0.066554
v 0.652227 0.226283 0.093175
v 0.652227 0.252904 0.066554
v 0.652227 0.252904 0.093175
v 0.652227 0.279526 0.013311
v 0.652227 0.279526 0.039932
v 0.652227 0.279526 0.066554
v 0.732092 0.226283 0.013311
v 0.758714 0.226283 0.013311
v 0.439255 0.439255 0.013311
v 0.439255 0.465877 0.013311
vn -0.0000 -1.0000 -0.0000
vn -0.0000 -0.0000 -1.0000
vn -1.0000 -0.0000 -0.0000
vn -0.0000 1.0000 -0.0000
vn 1.0000 -0.0000 -0.0000
vn -0.0000 -0.0000 1.0000
s 0
f 3//1 5//1 6//1 4//1
f 1//1 2//1 5//1 3//1
f 13//2 14//2 16//2 15//2
f 17//3 18//3 20//3 19//3
f 17//1 21//1 22//1 18//1
f 23//2 24//2 26//2 25//2
f 27//3 28//3 30//3 29//3
f 8//1 19//1 20//1 9//1
f 12//4 28//4 27//4 11//4
f 14//2 23//2 25//2 16//2
f 8//3 9//3 12//3 11//3
f 13//3 17//3 19//3 14//3
f 13//1 15//1 21//1 17//1
f 23//3 27//3 29//3 24//3
f 7//3 8//3 11//3 10//3
f 7//1 14//1 19//1 8//1
f 11//4 27//4 23//4 10//4
f 7//2 10//2 23//2 14//2
f 31//2 32//2 34//2 33//2
f 35//3 36//3 38//3 37//3
f 44//3 45//3 47//3 46//3
f 43//4 45//4 44//4 42//4
f 32//2 39//2 40//2 34//2
f 37//3 38//3 43//3 42//3
f 31//3 35//3 37//3 32//3
f 40//3 44//3 46//3 41//3
f 42//4 44//4 40//4 39//4
f 32//3 37//3 42//3 39//3
f 48//2 49//2 51//2 50//2
f 52//1 54//1 55//1 53//1
f 56//2 57//2 59//2 58//2
f 60//2 61//2 63//2 62//2
f 66//2 67//2 69//2 68//2
f 50//2 51//2 61//2 60//2
f 54//1 64//1 65//1 55//1
f 58//2 59//2 67//2 66//2
f 49//2 56//2 58//2 51//2
f 61//2 66//2 68//2 63//2
f 48//1 50//1 54//1 52//1
f 50//1 60//1 64//1 54//1
f 51//2 58//2 66//2 61//2
f 70//2 71//2 73//2 72//2
f 74//2 75//2 77//2 76//2
f 78//2 79//2 81//2 80//2
f 82//2 83//2 85//2 84//2
f 72//2 73//2 79//2 78//2
f 76//2 77//2 83//2 82//2
f 71//2 74//2 76//2 73//2
f 79//2 82//2 84//2 81//2
f 73//2 76//2 82//2 79//2
f 15//2 16//2 49//2 48//2
f 21//1 52//1 53//1 22//1
f 25//2 26//2 57//2 56//2
f 15//1 48//1 52//1 21//1
f 16//2 25//2 56//2 49//2
f 33//2 34//2 71//2 70//2
f 40//2 41//2 75//2 74//2
f 34//2 40//2 74//2 71//2
f 24//2 31//2 33//2 26//2
f 29//3 30//3 36//3 35//3
f 24//3 29//3 35//3 31//3
f 57//2 70//2 72//2 59//2
f 67//2 78//2 80//2 69//2
f 59//2 72//2 78//2 67//2
f 26//2 33//2 70//2 57//2
f 88//3 89//3 91//3 90//3
f 90//3 91//3 94//3 93//3
f 86//3 88//3 90//3 87//3
f 87//3 90//3 93//3 92//3
f 100//3 101//3 103//3 102//3
f 98//1 102//1 103//1 99//1
f 106//3 107//3 109//3 108//3
f 104//1 108//1 109//1 105//1
f 101//3 106//3 108//3 103//3
f 99//1 103//1 108//1 104//1
f 110//2 111//2 113//2 112//2
f 114//2 115//2 117//2 116//2
f 118//3 119//3 121//3 120//3
f 122//2 123//2 125//2 124//2
f 126//2 127//2 129//2 128//2
f 112//2 113//2 123//2 122//2
f 116//2 117//2 127//2 126//2
f 111//2 114//2 116//2 113//2
f 123//2 126//2 128//2 125//2
f 114//3 118//3 120//3 115//3
f 113//2 116//2 126//2 123//2
f 135//2 136//2 138//2 137//2
f 139//3 140//3 142//3 141//3
f 145//5 146//5 144//5 143//5
f 144//2 146//2 149//2 147//2
f 152//5 153//5 151//5 150//5
f 154//3 155//3 157//3 156//3
f 151//4 155//4 154//4 150//4
f 154//6 156//6 152//6 150//6
f 158//2 159//2 161//2 160//2
f 165//3 166//3 168//3 167//3
f 162//2 164//2 168//2 166//2
f 173//5 174//5 172//5 171//5
f 137//2 138//2 159//2 158//2
f 147//2 149//2 164//2 162//2
f 169//6 170//6 157//6 155//6
f 136//2 144//2 147//2 138//2
f 159//2 162//2 166//2 161//2
f 141//3 142//3 151//3 150//3
f 135//3 139//3 141//3 136//3
f 152//4 156//4 149//4 146//4
f 168//5 173//5 171//5 166//5
f 136//3 141//3 150//3 144//3
f 138//2 147//2 162//2 159//2
f 86//2 87//2 111//2 110//2
f 94//4 119//4 118//4 93//4
f 93//4 118//4 114//4 92//4
f 87//2 92//2 114//2 111//2
f 96//2 97//2 131//2 130//2
f 100//1 143//1 144//1 101//1
f 106//1 150//1 151//1 107//1
f 101//1 144//1 150//1 106//1
f 115//2 135//2 137//2 117//2
f 127//2 158//2 160//2 129//2
f 120//3 121//3 140//3 139//3
f 115//3 120//3 139//3 135//3
f 117//2 137//2 158//2 127//2
f 96//3 100//3 102//3 97//3
f 95//1 97//1 102//1 98//1
f 131//5 145//5 143//5 130//5
f 131//1 132//1 148//1 145//1
f 133//1 134//1 167//1 163//1
f 132//1 133//1 163//1 148//1
f 96//1 130//1 143//1 100//1
f 46//3 47//3 89//3 88//3
f 41//3 46//3 88//3 86//3
f 75//2 110//2 112//2 77//2
f 83//2 122//2 124//2 85//2
f 77//2 112//2 122//2 83//2
f 41//2 86//2 110//2 75//2
f 177//1 179//1 180//1 178//1
f 183//1 185//1 186//1 184//1
f 179//1 183//1 184//1 180//1
f 175//1 176//1 179//1 177//1
f 181//1 182//1 185//1 183//1
f 176//1 181//1 183//1 179//1
f 187//2 188//2 190//2 189//2
f 191//2 192//2 194//2 193//2
f 195//2 196//2 198//2 197//2
f 203//5 204//5 202//5 201//5
f 200//4 204//4 203//4 199//4
f 205//2 206//2 208//2 207//2
f 213//5 214//5 212//5 211//5
f 209//1 211//1 212//1 210//1
f 189//2 190//2 196//2 195//2
f 193//2 194//2 206//2 205//2
f 188//2 191//2 193//2 190//2
f 209//5 210//5 200//5 199//5
f 198//5 203//5 201//5 197//5
f 199//4 203//4 198//4 196//4
f 208//5 213//5 211//5 207//5
f 205//1 207//1 211//1 209//1
f 205//5 209//5 199//5 196//5
f 190//2 193//2 205//2 196//2
f 215//2 216//2 218//2 217//2
f 219//2 220//2 222//2 221//2
f 223//2 224//2 226//2 225//2
f 229//5 230//5 228//5 227//5
f 231//2 232//2 234//2 233//2
f 237//5 238//5 236//5 235//5
f 217//2 218//2 224//2 223//2
f 221//2 222//2 232//2 231//2
f 216//2 219//2 221//2 218//2
f 224//2 231//2 233//2 226//2
f 235//5 236//5 230//5 229//5
f 226//5 229//5 227//5 225//5
f 234//5 237//5 235//5 233//5
f 233//5 235//5 229//5 226//5
f 218//2 221//2 231//2 224//2
f 237//1 240//1 241//1 238//1
f 234//1 239//1 240//1 237//1
f 192//2 215//2 217//2 194//2
f 206//2 223//2 225//2 208//2
f 227//5 228//5 214//5 213//5
f 225//5 227//5 213//5 208//5
f 194//2 217//2 223//2 206//2
f 242//2 243//2 245//2 244//2
f 246//2 247//2 249//2 248//2
f 250//2 251//2 253//2 252//2
f 254//2 255//2 257//2 256//2
f 244//2 245//2 251//2 250//2
f 248//2 249//2 255//2 254//2
f 243//2 246//2 248//2 245//2
f 251//2 254//2 256//2 253//2
f 245//2 248//2 254//2 251//2
f 261//2 262//2 264//2 263//2
f 265//1 269//1 270//1 266//1
f 268//4 272//4 271//4 267//4
f 265//2 267//2 271//2 269//2
f 270//6 272//6 268//6 266//6
f 274//4 278//4 277//4 273//4
f 279//2 280//2 283//2 281//2
f 286//1 290//1 291//1 287//1
f 286//2 288//2 292//2 290//2
f 293//3 294//3 296//3 295//3
f 263//2 264//2 280//2 279//2
f 269//1 286//1 287//1 270//1
f 272//4 289//4 288//4 271//4
f 269//2 271//2 288//2 286//2
f 287//6 289//6 272//6 270//6
f 278//4 294//4 293//4 277//4
f 262//2 266//2 270//2 264//2
f 282//3 283//3 291//3 290//3
f 280//2 287//2 291//2 283//2
f 297//5 298//5 285//5 284//5
f 273//4 277//4 270//4 266//4
f 287//3 293//3 295//3 289//3
f 291//5 297//5 284//5 283//5
f 277//4 293//4 287//4 270//4
f 264//2 270//2 287//2 280//2
f 303//5 304//5 302//5 301//5
f 310//5 311//5 309//5 308//5
f 310//1 312//1 313//1 311//1
f 308//5 309//5 304//5 303//5
f 300//5 303//5 301//5 299//5
f 306//5 310//5 308//5 305//5
f 306//1 307//1 312//1 310//1
f 305//5 308//5 303//5 300//5
f 315//1 318//1 319//1 316//1
f 314//2 316//2 319//2 317//2
f 324//5 325//5 323//5 322//5
f 321//4 325//4 324//4 320//4
f 326//2 328//2 331//2 329//2
f 332//1 334//1 335//1 333//1
f 336//1 338//1 339//1 337//1
f 340//1 342//1 343//1 341//1
f 344//2 345//2 347//2 346//2
f 318//1 336//1 337//1 319//1
f 324//1 340//1 341//1 325//1
f 329//2 331//2 345//2 344//2
f 315//2 326//2 329//2 318//2
f 319//6 330//6 327//6 316//6
f 336//2 344//2 346//2 338//2
f 324//3 325//3 335//3 334//3
f 319//5 324//5 322//5 317//5
f 320//4 324//4 319//4 316//4
f 327//1 330//1 334//1 332//1
f 337//1 339//1 342//1 340//1
f 319//3 324//3 334//3 330//3
f 319//1 337//1 340//1 324//1
f 318//2 329//2 344//2 336//2
f 252//2 253//2 300//2 299//2
f 256//2 257//2 306//2 305//2
f 253//2 256//2 305//2 300//2
f 282//1 315//1 316//1 283//1
f 281//2 283//2 316//2 314//2
f 285//4 321//4 320//4 284//4
f 290//2 292//2 328//2 326//2
f 297//1 332//1 333//1 298//1
f 284//4 320//4 316//4 283//4
f 291//1 327//1 332//1 297//1
f 282//2 290//2 326//2 315//2
f 316//6 327//6 291//6 283//6
f 247//2 261//2 263//2 249//2
f 255//2 279//2 281//2 257//2
f 249//2 263//2 279//2 255//2
f 306//2 314//2 317//2 307//2
f 322//5 323//5 313//5 312//5
f 317//5 322//5 312//5 307//5
f 258//1 259//1 271//1 267//1
f 259//1 260//1 288//1 271//1
f 257//2 281//2 314//2 306//2
f 352//1 355//1 356//1 353//1
f 352//2 354//2 357//2 355//2
f 358//1 360//1 361//1 359//1
f 364//5 365//5 363//5 362//5
f 364//1 366//1 367//1 365//1
f 370//5 371//5 369//5 368//5
f 370//1 372//1 373//1 371//1
f 355//1 362//1 363//1 356//1
f 355//2 357//2 364//2 362//2
f 360//1 368//1 369//1 361//1
f 352//5 353//5 349//5 348//5
f 358//5 359//5 351//5 350//5
f 353//1 356//1 360//1 358//1
f 365//5 370//5 368//5 363//5
f 365//1 367//1 372//1 370//1
f 353//5 358//5 350//5 349//5
f 356//1 363//1 368//1 360//1
f 338//1 348//1 349//1 339//1
f 342//1 350//1 351//1 343//1
f 346//2 347//2 354//2 352//2
f 339//1 349//1 350//1 342//1
f 338//2 346//2 352//2 348//2
f 220//2 242//2 244//2 222//2
f 232//2 250//2 252//2 234//2
f 222//2 244//2 250//2 232//2
f 301//5 302//5 241//5 240//5
f 299//5 301//5 240//5 239//5
f 234//2 252//2 299//2 239//2
f 5//1 177//1 178//1 6//1
f 2//1 175//1 177//1 5//1
f 62//2 63//2 188//2 187//2
f 68//2 69//2 192//2 191//2
f 63//2 68//2 191//2 188//2
f 80//2 81//2 216//2 215//2
f 84//2 85//2 220//2 219//2
f 81//2 84//2 219//2 216//2
f 69//2 80//2 215//2 192//2
f 124//2 125//2 243//2 242//2
f 128//2 129//2 247//2 246//2
f 125//2 128//2 246//2 243//2
f 160//2 161//2 262//2 261//2
f 165//1 265//1 266//1 166//1
f 168//4 268//4 267//4 167//4
f 165//2 167//2 267//2 265//2
f 266//6 268//6 168//6 166//6
f 172//4 274//4 273//4 171//4
f 173//1 275//1 276//1 174//1
f 171//4 273//4 266//4 166//4
f 168//1 268//1 275//1 173//1
f 161//2 166//2 266//2 262//2
f 134//1 258//1 267//1 167//1
f 129//2 160//2 261//2 247//2
f 85//2 124//2 242//2 220//2
f 1//2 60//2 62//2 2//2
f 3//3 4//3 65//3 64//3
f 1//3 3//3 64//3 60//3
f 175//2 187//2 189//2 176//2
f 181//2 195//2 197//2 182//2
f 201//5 202//5 186//5 185//5
f 197//5 201//5 185//5 182//5
f 176//2 189//2 195//2 181//2
f 2//2 62//2 187//2 175//2
f 374//1 376//1 377//1 375//1
f 375//1 377//1 379//1 378//1
f 386//3 387//3 389//3 388//3
f 386//1 390//1 391//1 387//1
f 394//6 395//6 393//6 392//6
f 396//3 397//3 399//3 398//3
f 402//6 403//6 401//6 400//6
f 380//1 388//1 389//1 381//1
f 384//4 397//4 396//4 383//4
f 380//3 381//3 384//3 383//3
f 395//6 402//6 400//6 393//6
f 387//3 392//3 393//3 389//3
f 387//1 391//1 394//1 392//1
f 397//3 400//3 401//3 399//3
f 381//3 382//3 385//3 384//3
f 381//1 389//1 393//1 382//1
f 385//4 400//4 397//4 384//4
f 393//6 400//6 385//6 382//6
f 404//3 405//3 407//3 406//3
f 410//6 411//6 409//6 408//6
f 414//3 415//3 417//3 416//3
f 413//4 415//4 414//4 412//4
f 406//3 407//3 413//3 412//3
f 411//6 419//6 418//6 409//6
f 405//3 408//3 409//3 407//3
f 415//3 419//3 420//3 417//3
f 418//4 419//4 415//4 413//4
f 407//3 409//3 418//3 413//3
f 421//1 423//1 424//1 422//1
f 427//6 428//6 426//6 425//6
f 431//6 432//6 430//6 429//6
f 437//6 438//6 436//6 435//6
f 441//6 442//6 440//6 439//6
f 423//1 433//1 434//1 424//1
f 435//6 436//6 428//6 427//6
f 439//6 440//6 432//6 431//6
f 428//6 431//6 429//6 426//6
f 438//6 441//6 439//6 436//6
f 422//1 424//1 427//1 425//1
f 424//1 434//1 435//1 427//1
f 436//6 439//6 431//6 428//6
f 445//6 446//6 444//6 443//6
f 449//6 450//6 448//6 447//6
f 453//6 454//6 452//6 451//6
f 457//6 458//6 456//6 455//6
f 451//6 452//6 446//6 445//6
f 455//6 456//6 450//6 449//6
f 446//6 449//6 447//6 444//6
f 454//6 457//6 455//6 452//6
f 452//6 455//6 449//6 446//6
f 390//1 421//1 422//1 391//1
f 425//6 426//6 395//6 394//6
f 429//6 430//6 403//6 402//6
f 391//1 422//1 425//1 394//1
f 426//6 429//6 402//6 395//6
f 443//6 444//6 411//6 410//6
f 447//6 448//6 420//6 419//6
f 444//6 447//6 419//6 411//6
f 398//3 399//3 405//3 404//3
f 403//6 410//6 408//6 401//6
f 399//3 401//3 408//3 405//3
f 432//6 445//6 443//6 430//6
f 442//6 453//6 451//6 440//6
f 440//6 451//6 445//6 432//6
f 430//6 443//6 410//6 403//6
f 459//3 460//3 462//3 461//3
f 461//3 462//3 466//3 465//3
f 460//3 463//3 464//3 462//3
f 462//3 464//3 467//3 466//3
f 470//3 471//3 473//3 472//3
f 468//1 472//1 473//1 469//1
f 476//3 477//3 479//3 478//3
f 474//1 478//1 479//1 475//1
f 471//3 476//3 478//3 473//3
f 469//1 473//1 478//1 474//1
f 485//6 486//6 484//6 483//6
f 487//3 488//3 490//3 489//3
f 493//6 494//6 492//6 491//6
f 497//6 498//6 496//6 495//6
f 501//6 502//6 500//6 499//6
f 495//6 496//6 486//6 485//6
f 499//6 500//6 494//6 493//6
f 486//6 493//6 491//6 484//6
f 498//6 501//6 499//6 496//6
f 488//3 491//3 492//3 490//3
f 496//6 499//6 493//6 486//6
f 503//3 504//3 506//3 505//3
f 509//6 510//6 508//6 507//6
f 513//5 514//5 512//5 511//5
f 515//3 516//3 518//3 517//3
f 512//4 516//4 515//4 511//4
f 512//2 514//2 518//2 516//2
f 521//5 522//5 520//5 519//5
f 523//6 524//6 521//6 519//6
f 528//6 529//6 527//6 526//6
f 534//5 535//5 533//5 532//5
f 539//3 540//3 542//3 541//3
f 539//6 541//6 537//6 536//6
f 526//6 527//6 510//6 509//6
f 515//2 517//2 531//2 530//2
f 536//6 537//6 524//6 523//6
f 505//3 506//3 512//3 511//3
f 510//6 523//6 519//6 508//6
f 529//6 539//6 536//6 527//6
f 504//3 507//3 508//3 506//3
f 521//4 524//4 518//4 514//4
f 535//5 541//5 539//5 533//5
f 506//3 508//3 519//3 512//3
f 527//6 536//6 523//6 510//6
f 483//6 484//6 464//6 463//6
f 466//4 488//4 487//4 465//4
f 467//4 491//4 488//4 466//4
f 484//6 491//6 467//6 464//6
f 470//1 511//1 512//1 471//1
f 476//1 519//1 520//1 477//1
f 471//1 512//1 519//1 476//1
f 543//6 544//6 482//6 481//6
f 489//3 490//3 504//3 503//3
f 494//6 509//6 507//6 492//6
f 502//6 528//6 526//6 500//6
f 490//3 492//3 507//3 504//3
f 500//6 526//6 509//6 494//6
f 477//3 481//3 482//3 479//3
f 475//1 479//1 482//1 480//1
f 522//5 544//5 543//5 520//5
f 522//1 525//1 545//1 544//1
f 538//1 542//1 547//1 546//1
f 525//1 538//1 546//1 545//1
f 477//1 520//1 543//1 481//1
f 416//3 417//3 460//3 459//3
f 417//3 420//3 463//3 460//3
f 450//6 485//6 483//6 448//6
f 458//6 497//6 495//6 456//6
f 456//6 495//6 485//6 450//6
f 448//6 483//6 463//6 420//6
f 548//1 550//1 551//1 549//1
f 554//1 556//1 557//1 555//1
f 550//1 554//1 555//1 551//1
f 549//1 551//1 553//1 552//1
f 555//1 557//1 559//1 558//1
f 551//1 555//1 558//1 553//1
f 562//6 563//6 561//6 560//6
f 566//6 567//6 565//6 564//6
f 572//5 573//5 571//5 570//5
f 569//4 573//4 572//4 568//4
f 576//6 577//6 575//6 574//6
f 582//5 583//5 581//5 580//5
f 578//1 580//1 581//1 579//1
f 586//6 587//6 585//6 584//6
f 574//6 575//6 563//6 562//6
f 584//6 585//6 567//6 566//6
f 578//5 579//5 569//5 568//5
f 563//6 566//6 564//6 561//6
f 573//5 577//5 576//5 571//5
f 575//4 577//4 573//4 569//4
f 583//5 587//5 586//5 581//5
f 579//1 581//1 586//1 584//1
f 579//5 584//5 575//5 569//5
f 575//6 584//6 566//6 563//6
f 590//6 591//6 589//6 588//6
f 594//6 595//6 593//6 592//6
f 598//5 599//5 597//5 596//5
f 602//6 603//6 601//6 600//6
f 606//5 607//5 605//5 604//5
f 610//6 611//6 609//6 608//6
f 600//6 601//6 591//6 590//6
f 608//6 609//6 595//6 594//6
f 604//5 605//5 599//5 598//5
f 591//6 594//6 592//6 589//6
f 603//6 610//6 608//6 601//6
f 599//5 603//5 602//5 597//5
f 607//5 611//5 610//5 605//5
f 605//5 610//5 603//5 599//5
f 601//6 608//6 594//6 591//6
f 606//1 612//1 613//1 607//1
f 607//1 613//1 614//1 611//1
f 596//5 597//5 583//5 582//5
f 567//6 590//6 588//6 565//6
f 587//6 602//6 600//6 585//6
f 597//5 602//5 587//5 583//5
f 585//6 600//6 590//6 567//6
f 617//6 618//6 616//6 615//6
f 621//6 622//6 620//6 619//6
f 625//6 626//6 624//6 623//6
f 629//6 630//6 628//6 627//6
f 623//6 624//6 618//6 617//6
f 627//6 628//6 622//6 621//6
f 618//6 621//6 619//6 616//6
f 626//6 629//6 627//6 624//6
f 624//6 627//6 621//6 618//6
f 633//6 634//6 632//6 631//6
f 636//4 640//4 639//4 635//4
f 641//1 645//1 646//1 642//1
f 644//4 648//4 647//4 643//4
f 641//2 643//2 647//2 645//2
f 646//6 648//6 644//6 642//6
f 653//6 654//6 652//6 651//6
f 656//3 657//3 659//3 658//3
f 662//1 666//1 667//1 663//1
f 667//6 668//6 665//6 663//6
f 651//6 652//6 634//6 633//6
f 640//4 657//4 656//4 639//4
f 645//1 662//1 663//1 646//1
f 648//4 665//4 664//4 647//4
f 645//2 647//2 664//2 662//2
f 663//6 665//6 648//6 646//6
f 660//5 661//5 650//5 649//5
f 634//6 645//6 641//6 632//6
f 654//3 655//3 667//3 666//3
f 654//6 666//6 662//6 652//6
f 641//4 645//4 640//4 636//4
f 657//3 662//3 664//3 659//3
f 661//5 666//5 654//5 650//5
f 645//4 662//4 657//4 640//4
f 652//6 662//6 645//6 634//6
f 674//5 675//5 673//5 672//5
f 680//5 681//5 679//5 678//5
f 680//1 682//1 683//1 681//1
f 678//5 679//5 675//5 674//5
f 675//5 677//5 676//5 673//5
f 681//5 685//5 684//5 679//5
f 681//1 683//1 686//1 685//1
f 679//5 684//5 677//5 675//5
f 691//5 692//5 690//5 689//5
f 688//4 692//4 691//4 687//4
f 694//1 697//1 698//1 695//1
f 696//6 697//6 694//6 693//6
f 699//1 701//1 702//1 700//1
f 707//6 708//6 705//6 704//6
f 709//1 711//1 712//1 710//1
f 713//1 715//1 716//1 714//1
f 719//6 720//6 718//6 717//6
f 691//1 709//1 710//1 692//1
f 697//1 713//1 714//1 698//1
f 717//6 718//6 708//6 707//6
f 691//3 692//3 702//3 701//3
f 694//2 703//2 706//2 697//2
f 698//6 707//6 704//6 695//6
f 716//6 719//6 717//6 714//6
f 692//5 697//5 696//5 690//5
f 694//4 697//4 692//4 688//4
f 700//1 702//1 706//1 703//1
f 710//1 712//1 715//1 713//1
f 692//3 697//3 706//3 702//3
f 692//1 710//1 713//1 697//1
f 714//6 717//6 707//6 698//6
f 676//6 677//6 626//6 625//6
f 684//6 685//6 630//6 629//6
f 677//6 684//6 629//6 626//6
f 650//4 688//4 687//4 649//4
f 654//1 694//1 695//1 655//1
f 693//6 694//6 654//6 653//6
f 660//1 699//1 700//1 661//1
f 704//6 705//6 668//6 667//6
f 654//4 694//4 688//4 650//4
f 661//1 700//1 703//1 666//1
f 654//2 666//2 703//2 694//2
f 695//6 704//6 667//6 655//6
f 622//6 633//6 631//6 620//6
f 630//6 653//6 651//6 628//6
f 628//6 651//6 633//6 622//6
f 689//5 690//5 683//5 682//5
f 686//6 696//6 693//6 685//6
f 690//5 696//5 686//5 683//5
f 644//1 648//1 670//1 669//1
f 648//1 665//1 671//1 670//1
f 685//6 693//6 653//6 630//6
f 725//1 727//1 728//1 726//1
f 729//1 732//1 733//1 730//1
f 733//6 734//6 731//6 730//6
f 737//5 738//5 736//5 735//5
f 737//1 739//1 740//1 738//1
f 743//5 744//5 742//5 741//5
f 743//1 745//1 746//1 744//1
f 727//1 735//1 736//1 728//1
f 732//1 741//1 742//1 733//1
f 742//6 744//6 734//6 733//6
f 725//5 726//5 722//5 721//5
f 729//5 730//5 724//5 723//5
f 726//1 728//1 732//1 729//1
f 738//5 743//5 741//5 736//5
f 738//1 740//1 745//1 743//1
f 726//5 729//5 723//5 722//5
f 728//1 736//1 741//1 732//1
f 711//1 721//1 722//1 712//1
f 715//1 723//1 724//1 716//1
f 730//6 731//6 720//6 719//6
f 712//1 722//1 723//1 715//1
f 724//6 730//6 719//6 716//6
f 595//6 617//6 615//6 593//6
f 611//6 625//6 623//6 609//6
f 609//6 623//6 617//6 595//6
f 672//5 673//5 613//5 612//5
f 673//5 676//5 614//5 613//5
f 614//6 676//6 625//6 611//6
f 376//1 548//1 549//1 377//1
f 377//1 549//1 552//1 379//1
f 560//6 561//6 438//6 437//6
f 564//6 565//6 442//6 441//6
f 561//6 564//6 441//6 438//6
f 588//6 589//6 454//6 453//6
f 592//6 593//6 458//6 457//6
f 589//6 592//6 457//6 454//6
f 565//6 588//6 453//6 442//6
f 615//6 616//6 498//6 497//6
f 619//6 620//6 502//6 501//6
f 616//6 619//6 501//6 498//6
f 631//6 632//6 529//6 528//6
f 533//4 636//4 635//4 532//4
f 534//1 637//1 638//1 535//1
f 539//1 641//1 642//1 540//1
f 542//4 644//4 643//4 541//4
f 539//2 541//2 643//2 641//2
f 642//6 644//6 542//6 540//6
f 539//4 641//4 636//4 533//4
f 535//1 638//1 643//1 541//1
f 632//6 641//6 539//6 529//6
f 542//1 644//1 669//1 547//1
f 620//6 631//6 528//6 502//6
f 593//6 615//6 497//6 458//6
f 374//3 375//3 434//3 433//3
f 379//6 437//6 435//6 378//6
f 375//3 378//3 435//3 434//3
f 570//5 571//5 557//5 556//5
f 553//6 562//6 560//6 552//6
f 559//6 576//6 574//6 558//6
f 571//5 576//5 559//5 557//5
f 558//6 574//6 562//6 553//6
f 552//6 560//6 437//6 379//6
f 749//3 750//3 752//3 751//3
f 756//3 757//3 759//3 758//3
f 760//3 761//3 763//3 762//3
f 764//3 765//3 767//3 766//3
f 768//3 769//3 771//3 770//3
f 758//3 759//3 765//3 764//3
f 762//3 763//3 769//3 768//3
f 757//3 760//3 762//3 759//3
f 765//3 768//3 770//3 767//3
f 759//3 762//3 768//3 765//3
f 775//1 777//1 778//1 776//1
f 779//1 782//1 783//1 780//1
f 779//2 781//2 784//2 782//2
f 791//3 792//3 794//3 793//3
f 797//5 798//5 796//5 795//5
f 799//3 800//3 802//3 801//3
f 797//1 801//1 802//1 798//1
f 796//2 798//2 802//2 800//2
f 777//1 789//1 790//1 778//1
f 782//1 795//1 796//1 783//1
f 782//2 784//2 797//2 795//2
f 785//3 786//3 792//3 791//3
f 787//3 788//3 800//3 799//3
f 776//1 778//1 784//1 781//1
f 792//3 799//3 801//3 794//3
f 790//1 794//1 801//1 797//1
f 786//3 787//3 799//3 792//3
f 778//1 790//1 797//1 784//1
f 805//2 806//2 808//2 807//2
f 812//2 813//2 815//2 814//2
f 807//2 808//2 813//2 812//2
f 803//2 805//2 807//2 804//2
f 804//2 807//2 812//2 809//2
f 816//2 817//2 819//2 818//2
f 825//5 826//5 824//5 823//5
f 820//1 823//1 824//1 821//1
f 820//2 822//2 825//2 823//2
f 829//5 830//5 828//5 827//5
f 835//5 836//5 834//5 833//5
f 839//5 840//5 838//5 837//5
f 818//2 819//2 822//2 820//2
f 833//5 834//5 826//5 825//5
f 822//2 831//2 833//2 825//2
f 837//5 838//5 830//5 829//5
f 826//5 829//5 827//5 824//5
f 836//5 839//5 837//5 834//5
f 834//5 837//5 829//5 826//5
f 747//1 775//1 776//1 748//1
f 749//1 779//1 780//1 750//1
f 749//2 751//2 781//2 779//2
f 748//1 776//1 781//1 751//1
f 754//2 755//2 806//2 805//2
f 753//2 754//2 805//2 803//2
f 756//2 758//2 817//2 816//2
f 747//3 748//3 757//3 756//3
f 751//3 752//3 761//3 760//3
f 748//3 751//3 760//3 757//3
f 775//2 816//2 818//2 777//2
f 820//5 821//5 790//5 789//5
f 793//3 794//3 824//3 823//3
f 790//2 821//2 824//2 794//2
f 827//5 828//5 802//5 801//5
f 777//2 818//2 820//2 789//2
f 754//3 764//3 766//3 755//3
f 753//3 758//3 764//3 754//3
f 773//3 791//3 793//3 774//3
f 772//3 785//3 791//3 773//3
f 803//1 804//1 819//1 817//1
f 810//3 823//3 825//3 811//3
f 812//1 814//1 833//1 831//1
f 832//4 835//4 815//4 813//4
f 812//5 831//5 822//5 809//5
f 811//3 825//3 833//3 814//3
f 804//1 809//1 822//1 819//1
f 774//3 793//3 823//3 810//3
f 753//1 803//1 817//1 758//1
f 747//2 756//2 816//2 775//2
f 843//3 844//3 846//3 845//3
f 847//3 848//3 850//3 849//3
f 854//3 855//3 857//3 856//3
f 845//3 846//3 852//3 851//3
f 849//3 850//3 855//3 854//3
f 844//3 847//3 849//3 846//3
f 852//3 854//3 856//3 853//3
f 846//3 849//3 854//3 852//3
f 858//2 859//2 861//2 860//2
f 871//4 874//4 873//4 870//4
f 871//2 872//2 875//2 874//2
f 877//4 879//4 878//4 876//4
f 884//5 885//5 883//5 882//5
f 880//2 881//2 884//2 882//2
f 888//5 889//5 887//5 886//5
f 893//3 894//3 896//3 895//3
f 891//4 894//4 893//4 890//4
f 899//4 903//4 902//4 898//4
f 897//2 898//2 902//2 900//2
f 868//2 869//2 881//2 880//2
f 874//4 891//4 890//4 873//4
f 874//2 875//2 892//2 891//2
f 879//4 899//4 898//4 878//4
f 867//2 870//2 873//2 869//2
f 881//2 890//2 893//2 884//2
f 900//5 901//5 889//5 888//5
f 876//4 878//4 875//4 872//4
f 885//5 888//5 886//5 883//5
f 892//5 898//5 897//5 891//5
f 894//3 900//3 902//3 896//3
f 897//4 900//4 894//4 891//4
f 894//5 900//5 888//5 885//5
f 878//4 898//4 892//4 875//4
f 869//2 873//2 890//2 881//2
f 841//2 842//2 859//2 858//2
f 852//4 871//4 870//4 851//4
f 852//2 853//2 872//2 871//2
f 857//4 877//4 876//4 856//4
f 856//4 876//4 872//4 853//4
f 845//2 851//2 870//2 867//2
f 895//3 896//3 906//3 905//3
f 902//3 903//3 908//3 907//3
f 896//3 902//3 907//3 906//3
f 841//3 843//3 845//3 842//3
f 861//5 869//5 868//5 860//5
f 867//4 869//4 861//4 859//4
f 863//3 882//3 884//3 864//3
f 865//3 893//3 895//3 866//3
f 864//3 884//3 893//3 865//3
f 868//4 880//4 862//4 860//4
f 866//3 895//3 905//3 904//3
f 845//4 867//4 859//4 842//4
f 912//2 913//2 915//2 914//2
f 916//2 917//2 919//2 918//2
f 920//2 921//2 923//2 922//2
f 910//2 911//2 917//2 916//2
f 914//2 915//2 921//2 920//2
f 909//2 912//2 914//2 911//2
f 917//2 920//2 922//2 919//2
f 911//2 914//2 920//2 917//2
f 926//3 927//3 929//3 928//3
f 924//1 928//1 929//1 925//1
f 932//3 933//3 935//3 934//3
f 930//1 934//1 935//1 931//1
f 942//5 943//5 941//5 940//5
f 948//5 949//5 947//5 946//5
f 926//1 938//1 939//1 927//1
f 932//1 944//1 945//1 933//1
f 950//5 951//5 943//5 942//5
f 952//5 953//5 949//5 948//5
f 927//3 932//3 934//3 929//3
f 925//1 929//1 934//1 930//1
f 943//5 948//5 946//5 941//5
f 951//5 952//5 948//5 943//5
f 927//1 939//1 944//1 932//1
f 954//2 955//2 957//2 956//2
f 958//2 959//2 961//2 960//2
f 962//2 963//2 965//2 964//2
f 966//2 967//2 969//2 968//2
f 956//2 957//2 963//2 962//2
f 960//2 961//2 967//2 966//2
f 955//2 958//2 960//2 957//2
f 963//2 966//2 968//2 965//2
f 957//2 960//2 966//2 963//2
f 970//3 971//3 973//3 972//3
f 974//3 975//3 977//3 976//3
f 978//3 979//3 981//3 980//3
f 982//3 983//3 985//3 984//3
f 972//3 973//3 979//3 978//3
f 976//3 977//3 983//3 982//3
f 971//3 974//3 976//3 973//3
f 979//3 982//3 984//3 981//3
f 973//3 976//3 982//3 979//3
f 986//2 987//2 989//2 988//2
f 990//2 991//2 993//2 992//2
f 994//2 995//2 997//2 996//2
f 998//2 999//2 1001//2 1000//2
f 988//2 989//2 995//2 994//2
f 992//2 993//2 999//2 998//2
f 987//2 990//2 992//2 989//2
f 995//2 998//2 1000//2 997//2
f 989//2 992//2 998//2 995//2
f 1005//6 1007//6 1004//6 1002//6
f 1012//1 1014//1 1015//1 1013//1
f 1016//1 1018//1 1019//1 1017//1
f 1023//6 1025//6 1022//6 1020//6
f 1027//4 1029//4 1028//4 1026//4
f 1030//1 1032//1 1033//1 1031//1
f 1034//1 1036//1 1037//1 1035//1
f 1020//6 1022//6 1007//6 1005//6
f 1011//4 1027//4 1026//4 1010//4
f 1014//1 1030//1 1031//1 1015//1
f 1018//1 1034//1 1035//1 1019//1
f 1007//6 1014//6 1012//6 1004//6
f 1025//6 1032//6 1030//6 1022//6
f 1013//1 1015//1 1018//1 1016//1
f 1026//4 1028//4 1024//4 1021//4
f 1031//1 1033//1 1036//1 1034//1
f 1010//4 1026//4 1021//4 1006//4
f 1015//1 1031//1 1034//1 1018//1
f 1022//6 1030//6 1014//6 1007//6
f 1038//2 1039//2 1041//2 1040//2
f 1042//2 1043//2 1045//2 1044//2
f 1046//2 1047//2 1049//2 1048//2
f 1050//2 1051//2 1053//2 1052//2
f 1040//2 1041//2 1047//2 1046//2
f 1044//2 1045//2 1051//2 1050//2
f 1039//2 1042//2 1044//2 1041//2
f 1047//2 1050//2 1052//2 1049//2
f 1041//2 1044//2 1050//2 1047//2
f 918//2 919//2 987//2 986//2
f 922//2 923//2 991//2 990//2
f 919//2 922//2 990//2 987//2
f 941//4 1003//4 1002//4 940//4
f 1002//6 1004//6 942//6 940//6
f 947//4 1009//4 1008//4 946//4
f 950//1 1012//1 1013//1 951//1
f 952//1 1016//1 1017//1 953//1
f 946//4 1008//4 1003//4 941//4
f 951//1 1013//1 1016//1 952//1
f 1004//6 1012//6 950//6 942//6
f 964//2 965//2 1039//2 1038//2
f 968//2 969//2 1043//2 1042//2
f 965//2 968//2 1042//2 1039//2
f 913//2 954//2 956//2 915//2
f 921//2 962//2 964//2 923//2
f 915//2 956//2 962//2 921//2
f 991//2 1038//2 1040//2 993//2
f 999//2 1046//2 1048//2 1001//2
f 993//2 1040//2 1046//2 999//2
f 936//3 937//3 975//3 974//3
f 910//3 926//3 928//3 911//3
f 909//1 911//1 928//1 924//1
f 910//1 916//1 938//1 926//1
f 923//2 964//2 1038//2 991//2
f 1054//2 1055//2 1057//2 1056//2
f 1058//2 1059//2 1061//2 1060//2
f 1062//2 1063//2 1065//2 1064//2
f 1066//2 1067//2 1069//2 1068//2
f 1056//2 1057//2 1063//2 1062//2
f 1060//2 1061//2 1067//2 1066//2
f 1055//2 1058//2 1060//2 1057//2
f 1063//2 1066//2 1068//2 1065//2
f 1057//2 1060//2 1066//2 1063//2
f 1070//3 1071//3 1073//3 1072//3
f 1074//3 1075//3 1077//3 1076//3
f 1076//3 1077//3 1080//3 1079//3
f 1071//3 1074//3 1076//3 1073//3
f 1073//3 1076//3 1079//3 1078//3
f 1082//2 1083//2 1085//2 1084//2
f 1087//2 1088//2 1090//2 1089//2
f 1084//2 1085//2 1088//2 1087//2
f 1088//2 1091//2 1092//2 1090//2
f 1085//2 1086//2 1091//2 1088//2
f 1094//3 1095//3 1097//3 1096//3
f 1097//4 1099//4 1098//4 1096//4
f 1100//3 1101//3 1103//3 1102//3
f 1103//4 1105//4 1104//4 1102//4
f 1112//3 1113//3 1115//3 1114//3
f 1111//4 1113//4 1112//4 1110//4
f 1118//3 1119//3 1121//3 1120//3
f 1117//4 1119//4 1118//4 1116//4
f 1107//4 1111//4 1110//4 1106//4
f 1109//4 1117//4 1116//4 1108//4
f 1098//3 1099//3 1107//3 1106//3
f 1104//3 1105//3 1109//3 1108//3
f 1095//3 1100//3 1102//3 1097//3
f 1102//4 1104//4 1099//4 1097//4
f 1113//3 1118//3 1120//3 1115//3
f 1116//4 1118//4 1113//4 1111//4
f 1099//3 1104//3 1108//3 1107//3
f 1108//4 1116//4 1111//4 1107//4
f 1122//2 1123//2 1125//2 1124//2
f 1126//2 1127//2 1129//2 1128//2
f 1130//2 1131//2 1133//2 1132//2
f 1134//2 1135//2 1137//2 1136//2
f 1124//2 1125//2 1131//2 1130//2
f 1128//2 1129//2 1135//2 1134//2
f 1123//2 1126//2 1128//2 1125//2
f 1131//2 1134//2 1136//2 1133//2
f 1125//2 1128//2 1134//2 1131//2
f 1138//2 1139//2 1141//2 1140//2
f 1142//2 1143//2 1145//2 1144//2
f 1146//2 1147//2 1149//2 1148//2
f 1140//2 1141//2 1147//2 1146//2
f 1144//2 1145//2 1151//2 1150//2
f 1139//2 1142//2 1144//2 1141//2
f 1147//2 1150//2 1152//2 1149//2
f 1141//2 1144//2 1150//2 1147//2
f 1154//4 1156//4 1155//4 1153//4
f 1158//4 1160//4 1159//4 1157//4
f 1163//5 1164//5 1162//5 1161//5
f 1162//4 1166//4 1165//4 1161//4
f 1169//5 1170//5 1168//5 1167//5
f 1168//4 1172//4 1171//4 1167//4
f 1156//4 1164//4 1163//4 1155//4
f 1160//4 1170//4 1169//4 1159//4
f 1157//4 1159//4 1156//4 1154//4
f 1164//5 1169//5 1167//5 1162//5
f 1167//4 1171//4 1166//4 1162//4
f 1159//4 1169//4 1164//4 1156//4
f 1064//2 1065//2 1123//2 1122//2
f 1068//2 1069//2 1127//2 1126//2
f 1065//2 1068//2 1126//2 1123//2
f 1089//2 1090//2 1139//2 1138//2
f 1092//2 1093//2 1143//2 1142//2
f 1090//2 1092//2 1142//2 1139//2
f 1115//4 1154//4 1153//4 1114//4
f 1121//4 1158//4 1157//4 1120//4
f 1120//4 1157//4 1154//4 1115//4
f 1059//2 1082//2 1084//2 1061//2
f 1067//2 1087//2 1089//2 1069//2
f 1061//2 1084//2 1087//2 1067//2
f 1127//2 1138//2 1140//2 1129//2
f 1135//2 1146//2 1148//2 1137//2
f 1129//2 1140//2 1146//2 1135//2
f 1082//3 1094//3 1096//3 1083//3
f 1096//4 1098//4 1085//4 1083//4
f 1092//3 1112//3 1114//3 1093//3
f 1110//4 1112//4 1092//4 1091//4
f 1085//3 1098//3 1106//3 1086//3
f 1106//4 1110//4 1091//4 1086//4
f 1153//4 1155//4 1145//4 1143//4
f 1151//5 1163//5 1161//5 1150//5
f 1161//4 1165//4 1152//4 1150//4
f 1155//4 1163//4 1151//4 1145//4
f 1114//4 1153//4 1143//4 1093//4
f 1069//2 1089//2 1138//2 1127//2
f 773//2 774//2 913//2 912//2
f 772//2 773//2 912//2 909//2
f 785//1 924//1 925//1 786//1
f 787//1 930//1 931//1 788//1
f 802//4 937//4 936//4 801//4
f 786//1 925//1 930//1 787//1
f 810//2 811//2 955//2 954//2
f 814//2 815//2 959//2 958//2
f 811//2 814//2 958//2 955//2
f 824//4 971//4 970//4 823//4
f 970//6 972//6 825//6 823//6
f 978//6 980//6 835//6 833//6
f 827//4 974//4 971//4 824//4
f 972//6 978//6 833//6 825//6
f 772//1 909//1 924//1 785//1
f 774//2 810//2 954//2 913//2
f 936//6 974//6 827//6 801//6
f 863//2 864//2 1055//2 1054//2
f 865//2 866//2 1059//2 1058//2
f 864//2 865//2 1058//2 1055//2
f 884//1 1072//1 1073//1 885//1
f 1070//6 1072//6 884//6 882//6
f 900//1 1079//1 1080//1 901//1
f 1080//6 1081//6 903//6 901//6
f 894//1 1078//1 1079//1 900//1
f 1073//6 1078//6 894//6 885//6
f 906//4 1095//4 1094//4 905//4
f 908//4 1101//4 1100//4 907//4
f 907//4 1100//4 1095//4 906//4
f 905//4 1094//4 1082//4 904//4
f 866//2 904//2 1082//2 1059//2
f 806//2 858//2 860//2 808//2
f 808//2 860//2 862//2 813//2
f 766//3 767//3 844//3 843//3
f 770//3 771//3 848//3 847//3
f 767//3 770//3 847//3 844//3
f 882//5 883//5 836//5 835//5
f 832//2 880//2 882//2 835//2
f 886//5 887//5 840//5 839//5
f 883//5 886//5 839//5 836//5
f 755//3 766//3 843//3 841//3
f 862//5 880//5 832//5 813//5
f 815//3 835//3 882//3 863//3
f 755//2 841//2 858//2 806//2
f 959//2 1054//2 1056//2 961//2
f 967//2 1062//2 1064//2 969//2
f 961//2 1056//2 1062//2 967//2
f 1043//2 1122//2 1124//2 1045//2
f 1051//2 1130//2 1132//2 1053//2
f 1045//2 1124//2 1130//2 1051//2
f 980//3 981//3 1071//3 1070//3
f 984//3 985//3 1075//3 1074//3
f 981//3 984//3 1074//3 1071//3
f 969//2 1064//2 1122//2 1043//2
f 815//2 863//2 1054//2 959//2
f 980//6 1070//6 882//6 835//6
f 1173//2 1174//2 1176//2 1175//2
f 1177//2 1178//2 1180//2 1179//2
f 1181//2 1182//2 1184//2 1183//2
f 1185//2 1186//2 1188//2 1187//2
f 1175//2 1176//2 1182//2 1181//2
f 1179//2 1180//2 1186//2 1185//2
f 1174//2 1177//2 1179//2 1176//2
f 1182//2 1185//2 1187//2 1184//2
f 1176//2 1179//2 1185//2 1182//2
f 1192//6 1193//6 1191//6 1189//6
f 1196//1 1198//1 1199//1 1197//1
f 1200//1 1202//1 1203//1 1201//1
f 1205//4 1208//4 1207//4 1204//4
f 1207//6 1209//6 1206//6 1204//6
f 1211//4 1213//4 1212//4 1210//4
f 1214//1 1216//1 1217//1 1215//1
f 1218//1 1220//1 1221//1 1219//1
f 1204//6 1206//6 1193//6 1192//6
f 1198//1 1214//1 1215//1 1199//1
f 1202//1 1218//1 1219//1 1203//1
f 1193//6 1198//6 1196//6 1191//6
f 1209//6 1216//6 1214//6 1206//6
f 1197//1 1199//1 1202//1 1200//1
f 1210//4 1212//4 1208//4 1205//4
f 1215//1 1217//1 1220//1 1218//1
f 1199//1 1215//1 1218//1 1202//1
f 1206//6 1214//6 1198//6 1193//6
f 1222//2 1223//2 1225//2 1224//2
f 1226//2 1227//2 1229//2 1228//2
f 1230//2 1231//2 1233//2 1232//2
f 1234//2 1235//2 1237//2 1236//2
f 1224//2 1225//2 1231//2 1230//2
f 1228//2 1229//2 1235//2 1234//2
f 1223//2 1226//2 1228//2 1225//2
f 1231//2 1234//2 1236//2 1233//2
f 1225//2 1228//2 1234//2 1231//2
f 1238//2 1239//2 1241//2 1240//2
f 1242//2 1243//2 1245//2 1244//2
f 1246//2 1247//2 1249//2 1248//2
f 1250//2 1251//2 1253//2 1252//2
f 1240//2 1241//2 1247//2 1246//2
f 1244//2 1245//2 1251//2 1250//2
f 1239//2 1242//2 1244//2 1241//2
f 1247//2 1250//2 1252//2 1249//2
f 1241//2 1244//2 1250//2 1247//2
f 1255//4 1258//4 1257//4 1254//4
f 1257//6 1259//6 1256//6 1254//6
f 1261//4 1263//4 1262//4 1260//4
f 1264//1 1266//1 1267//1 1265//1
f 1268//1 1270//1 1271//1 1269//1
f 1275//3 1276//3 1278//3 1277//3
f 1273//4 1276//4 1275//4 1272//4
f 1275//6 1277//6 1274//6 1272//6
f 1281//3 1282//3 1284//3 1283//3
f 1280//4 1282//4 1281//4 1279//4
f 1285//1 1287//1 1288//1 1286//1
f 1289//1 1291//1 1292//1 1290//1
f 1258//4 1273//4 1272//4 1257//4
f 1272//6 1274//6 1259//6 1257//6
f 1263//4 1280//4 1279//4 1262//4
f 1266//1 1285//1 1286//1 1267//1
f 1270//1 1289//1 1290//1 1271//1
f 1259//6 1266//6 1264//6 1256//6
f 1277//6 1287//6 1285//6 1274//6
f 1260//4 1262//4 1258//4 1255//4
f 1265//1 1267//1 1270//1 1268//1
f 1276//3 1281//3 1283//3 1278//3
f 1279//4 1281//4 1276//4 1273//4
f 1286//1 1288//1 1291//1 1289//1
f 1262//4 1279//4 1273//4 1258//4
f 1267//1 1286//1 1289//1 1270//1
f 1274//6 1285//6 1266//6 1259//6
f 1293//2 1294//2 1296//2 1295//2
f 1297//2 1298//2 1300//2 1299//2
f 1301//2 1302//2 1304//2 1303//2
f 1305//2 1306//2 1308//2 1307//2
f 1295//2 1296//2 1302//2 1301//2
f 1299//2 1300//2 1306//2 1305//2
f 1294//2 1297//2 1299//2 1296//2
f 1302//2 1305//2 1307//2 1304//2
f 1296//2 1299//2 1305//2 1302//2
f 1183//2 1184//2 1239//2 1238//2
f 1187//2 1188//2 1243//2 1242//2
f 1184//2 1187//2 1242//2 1239//2
f 1208//4 1255//4 1254//4 1207//4
f 1254//6 1256//6 1209//6 1207//6
f 1213//4 1261//4 1260//4 1212//4
f 1216//1 1264//1 1265//1 1217//1
f 1220//1 1268//1 1269//1 1221//1
f 1212//4 1260//4 1255//4 1208//4
f 1217//1 1265//1 1268//1 1220//1
f 1256//6 1264//6 1216//6 1209//6
f 1232//2 1233//2 1294//2 1293//2
f 1236//2 1237//2 1298//2 1297//2
f 1233//2 1236//2 1297//2 1294//2
f 1178//2 1222//2 1224//2 1180//2
f 1186//2 1230//2 1232//2 1188//2
f 1180//2 1224//2 1230//2 1186//2
f 1243//2 1293//2 1295//2 1245//2
f 1251//2 1301//2 1303//2 1253//2
f 1245//2 1295//2 1301//2 1251//2
f 1181//1 1183//1 1207//1 1204//1
f 1238//1 1240//1 1257//1 1254//1
f 1249//5 1277//5 1275//5 1248//5
f 1246//1 1248//1 1275//1 1272//1
f 1240//1 1246//1 1272//1 1257//1
f 1183//1 1238//1 1254//1 1207//1
f 1188//2 1232//2 1293//2 1243//2
f 1309//2 1310//2 1312//2 1311//2
f 1313//2 1314//2 1316//2 1315//2
f 1317//2 1318//2 1320//2 1319//2
f 1321//2 1322//2 1324//2 1323//2
f 1311//2 1312//2 1318//2 1317//2
f 1315//2 1316//2 1322//2 1321//2
f 1310//2 1313//2 1315//2 1312//2
f 1318//2 1321//2 1323//2 1320//2
f 1312//2 1315//2 1321//2 1318//2
f 1325//2 1326//2 1328//2 1327//2
f 1331//2 1332//2 1334//2 1333//2
f 1327//2 1328//2 1332//2 1331//2
f 1326//2 1329//2 1330//2 1328//2
f 1332//2 1335//2 1336//2 1334//2
f 1328//2 1330//2 1335//2 1332//2
f 1338//4 1340//4 1339//4 1337//4
f 1342//4 1344//4 1343//4 1341//4
f 1346//4 1348//4 1347//4 1345//4
f 1350//4 1352//4 1351//4 1349//4
f 1340//4 1346//4 1345//4 1339//4
f 1344//4 1350//4 1349//4 1343//4
f 1341//4 1343//4 1340//4 1338//4
f 1349//4 1351//4 1348//4 1346//4
f 1343//4 1349//4 1346//4 1340//4
f 1353//2 1354//2 1356//2 1355//2
f 1357//2 1358//2 1360//2 1359//2
f 1361//2 1362//2 1364//2 1363//2
f 1365//2 1366//2 1368//2 1367//2
f 1355//2 1356//2 1362//2 1361//2
f 1359//2 1360//2 1366//2 1365//2
f 1354//2 1357//2 1359//2 1356//2
f 1362//2 1365//2 1367//2 1364//2
f 1356//2 1359//2 1365//2 1362//2
f 1369//2 1370//2 1372//2 1371//2
f 1374//2 1375//2 1377//2 1376//2
f 1371//2 1372//2 1375//2 1374//2
f 1379//4 1381//4 1380//4 1378//4
f 1383//4 1385//4 1384//4 1382//4
f 1394//5 1395//5 1393//5 1392//5
f 1391//4 1395//4 1394//4 1390//4
f 1400//5 1401//5 1399//5 1398//5
f 1397//4 1401//4 1400//4 1396//4
f 1381//4 1391//4 1390//4 1380//4
f 1385//4 1397//4 1396//4 1384//4
f 1386//5 1387//5 1379//5 1378//5
f 1388//5 1389//5 1383//5 1382//5
f 1382//4 1384//4 1381//4 1379//4
f 1395//5 1400//5 1398//5 1393//5
f 1396//4 1400//4 1395//4 1391//4
f 1387//5 1388//5 1382//5 1379//5
f 1384//4 1396//4 1391//4 1381//4
f 1319//2 1320//2 1354//2 1353//2
f 1323//2 1324//2 1358//2 1357//2
f 1320//2 1323//2 1357//2 1354//2
f 1333//2 1334//2 1370//2 1369//2
f 1334//2 1336//2 1373//2 1370//2
f 1348//4 1387//4 1386//4 1347//4
f 1352//4 1389//4 1388//4 1351//4
f 1351//4 1388//4 1387//4 1348//4
f 1314//2 1325//2 1327//2 1316//2
f 1322//2 1331//2 1333//2 1324//2
f 1316//2 1327//2 1331//2 1322//2
f 1358//2 1369//2 1371//2 1360//2
f 1366//2 1374//2 1376//2 1368//2
f 1360//2 1371//2 1374//2 1366//2
f 1337//4 1339//4 1330//4 1329//4
f 1345//4 1347//4 1336//4 1335//4
f 1339//4 1345//4 1335//4 1330//4
f 1378//4 1380//4 1372//4 1370//4
f 1377//5 1394//5 1392//5 1376//5
f 1390//4 1394//4 1377//4 1375//4
f 1373//5 1386//5 1378//5 1370//5
f 1380//4 1390//4 1375//4 1372//4
f 1347//4 1386//4 1373//4 1336//4
f 1324//2 1333//2 1369//2 1358//2
f 1403//2 1404//2 1406//2 1405//2
f 1407//2 1408//2 1411//2 1410//2
f 1418//5 1419//5 1417//5 1416//5
f 1424//5 1425//5 1423//5 1422//5
f 1430//5 1431//5 1429//5 1428//5
f 1426//2 1427//2 1430//2 1428//2
f 1434//5 1435//5 1433//5 1432//5
f 1437//4 1439//4 1438//4 1436//4
f 1441//4 1443//4 1442//4 1440//4
f 1410//2 1411//2 1427//2 1426//2
f 1417//4 1437//4 1436//4 1416//4
f 1423//4 1441//4 1440//4 1422//4
f 1408//3 1409//3 1415//3 1414//3
f 1408//2 1414//2 1416//2 1411//2
f 1438//5 1439//5 1431//5 1430//5
f 1427//2 1436//2 1438//2 1430//2
f 1412//3 1413//3 1421//3 1420//3
f 1442//5 1443//5 1435//5 1434//5
f 1419//5 1424//5 1422//5 1417//5
f 1431//5 1434//5 1432//5 1429//5
f 1440//4 1442//4 1439//4 1437//4
f 1409//3 1412//3 1420//3 1415//3
f 1439//5 1442//5 1434//5 1431//5
f 1422//4 1440//4 1437//4 1417//4
f 1411//2 1416//2 1436//2 1427//2
f 1444//2 1445//2 1447//2 1446//2
f 1448//2 1449//2 1451//2 1450//2
f 1445//2 1448//2 1450//2 1447//2
f 1454//5 1455//5 1453//5 1452//5
f 1458//5 1459//5 1457//5 1456//5
f 1462//5 1463//5 1461//5 1460//5
f 1466//5 1467//5 1465//5 1464//5
f 1460//5 1461//5 1455//5 1454//5
f 1464//5 1465//5 1459//5 1458//5
f 1455//5 1458//5 1456//5 1453//5
f 1463//5 1466//5 1464//5 1461//5
f 1461//5 1464//5 1458//5 1455//5
f 1404//2 1444//2 1446//2 1406//2
f 1452//5 1453//5 1419//5 1418//5
f 1456//5 1457//5 1425//5 1424//5
f 1453//5 1456//5 1424//5 1419//5
f 1406//5 1418//5 1416//5 1405//5
f 1403//1 1405//1 1416//1 1414//1
f 1403//5 1414//5 1408//5 1402//5
f 1447//5 1454//5 1452//5 1446//5
f 1451//5 1462//5 1460//5 1450//5
f 1450//5 1460//5 1454//5 1447//5
f 1446//5 1452//5 1418//5 1406//5
f 1468//2 1469//2 1471//2 1470//2
f 1472//2 1473//2 1475//2 1474//2
f 1469//2 1472//2 1474//2 1471//2
f 1478//5 1479//5 1477//5 1476//5
f 1482//5 1483//5 1481//5 1480//5
f 1488//5 1489//5 1487//5 1486//5
f 1485//4 1489//4 1488//4 1484//4
f 1494//5 1495//5 1493//5 1492//5
f 1491//4 1495//4 1494//4 1490//4
f 1486//5 1487//5 1479//5 1478//5
f 1492//5 1493//5 1483//5 1482//5
f 1479//5 1482//5 1480//5 1477//5
f 1489//5 1494//5 1492//5 1487//5
f 1490//4 1494//4 1489//4 1485//4
f 1487//5 1492//5 1482//5 1479//5
f 1497//5 1498//5 1485//5 1484//5
f 1499//5 1500//5 1491//5 1490//5
f 1498//5 1499//5 1490//5 1485//5
f 1471//5 1478//5 1476//5 1470//5
f 1475//5 1488//5 1486//5 1474//5
f 1484//4 1488//4 1475//4 1473//4
f 1474//5 1486//5 1478//5 1471//5
f 1496//5 1497//5 1484//5 1473//5
f 1252//2 1253//2 1404//2 1403//2
f 1249//2 1252//2 1403//2 1402//2
f 1278//4 1409//4 1408//4 1277//4
f 1275//2 1277//2 1408//2 1407//2
f 1284//4 1413//4 1412//4 1283//4
f 1287//1 1414//1 1415//1 1288//1
f 1291//1 1420//1 1421//1 1292//1
f 1283//4 1412//4 1409//4 1278//4
f 1288//1 1415//1 1420//1 1291//1
f 1408//6 1414//6 1287//6 1277//6
f 1303//2 1304//2 1445//2 1444//2
f 1307//2 1308//2 1449//2 1448//2
f 1304//2 1307//2 1448//2 1445//2
f 1249//1 1402//1 1408//1 1277//1
f 1253//2 1303//2 1444//2 1404//2
f 1363//2 1364//2 1469//2 1468//2
f 1367//2 1368//2 1473//2 1472//2
f 1364//2 1367//2 1472//2 1469//2
f 1393//4 1498//4 1497//4 1392//4
f 1399//4 1500//4 1499//4 1398//4
f 1398//4 1499//4 1498//4 1393//4
f 1392//4 1497//4 1496//4 1376//4
f 1368//2 1376//2 1496//2 1473//2
f 1227//2 1309//2 1311//2 1229//2
f 1235//2 1317//2 1319//2 1237//2
f 1229//2 1311//2 1317//2 1235//2
f 1298//2 1353//2 1355//2 1300//2
f 1306//2 1361//2 1363//2 1308//2
f 1300//2 1355//2 1361//2 1306//2
f 1237//2 1319//2 1353//2 1298//2
f 1449//2 1468//2 1470//2 1451//2
f 1476//5 1477//5 1463//5 1462//5
f 1480//5 1481//5 1467//5 1466//5
f 1477//5 1480//5 1466//5 1463//5
f 1470//5 1476//5 1462//5 1451//5
f 1308//2 1363//2 1468//2 1449//2
f 996//2 997//2 1174//2 1173//2
f 1000//2 1001//2 1178//2 1177//2
f 997//2 1000//2 1177//2 1174//2
f 1189//6 1191//6 1025//6 1023//6
f 1029//4 1195//4 1194//4 1028//4
f 1032//1 1196//1 1197//1 1033//1
f 1036//1 1200//1 1201//1 1037//1
f 1028//4 1194//4 1190//4 1024//4
f 1033//1 1197//1 1200//1 1036//1
f 1191//6 1196//6 1032//6 1025//6
f 1048//2 1049//2 1223//2 1222//2
f 1052//2 1053//2 1227//2 1226//2
f 1049//2 1052//2 1226//2 1223//2
f 1001//2 1048//2 1222//2 1178//2
f 1132//2 1133//2 1310//2 1309//2
f 1136//2 1137//2 1314//2 1313//2
f 1133//2 1136//2 1313//2 1310//2
f 1148//2 1149//2 1326//2 1325//2
f 1149//2 1152//2 1329//2 1326//2
f 1166//4 1338//4 1337//4 1165//4
f 1172//4 1342//4 1341//4 1171//4
f 1171//4 1341//4 1338//4 1166//4
f 1165//4 1337//4 1329//4 1152//4
f 1137//2 1148//2 1325//2 1314//2
f 1053//2 1132//2 1309//2 1227//2
f 1501//3 1502//3 1504//3 1503//3
f 1507//3 1508//3 1510//3 1509//3
f 1511//3 1512//3 1514//3 1513//3
f 1515//3 1516//3 1518//3 1517//3
f 1519//3 1520//3 1522//3 1521//3
f 1509//3 1510//3 1516//3 1515//3
f 1513//3 1514//3 1520//3 1519//3
f 1508//3 1511//3 1513//3 1510//3
f 1516//3 1519//3 1521//3 1518//3
f 1510//3 1513//3 1519//3 1516//3
f 1526//1 1529//1 1530//1 1527//1
f 1530//6 1531//6 1528//6 1527//6
f 1532//1 1534//1 1535//1 1533//1
f 1542//5 1543//5 1541//5 1540//5
f 1544//3 1545//3 1547//3 1546//3
f 1542//1 1546//1 1547//1 1543//1
f 1544//6 1546//6 1542//6 1540//6
f 1550//3 1551//3 1553//3 1552//3
f 1529//1 1540//1 1541//1 1530//1
f 1541//6 1543//6 1531//6 1530//6
f 1534//1 1548//1 1549//1 1535//1
f 1536//3 1537//3 1545//3 1544//3
f 1538//3 1539//3 1551//3 1550//3
f 1528//1 1531//1 1534//1 1532//1
f 1545//3 1550//3 1552//3 1547//3
f 1543//1 1547//1 1552//1 1548//1
f 1537//3 1538//3 1550//3 1545//3
f 1531//1 1543//1 1548//1 1534//1
f 1559//6 1560//6 1558//6 1557//6
f 1563//5 1564//5 1562//5 1561//5
f 1570//5 1571//5 1569//5 1568//5
f 1565//1 1568//1 1569//1 1566//1
f 1569//6 1571//6 1567//6 1566//6
f 1574//5 1575//5 1573//5 1572//5
f 1580//5 1581//5 1579//5 1578//5
f 1566//6 1567//6 1560//6 1559//6
f 1572//5 1573//5 1564//5 1563//5
f 1578//5 1579//5 1571//5 1570//5
f 1571//6 1579//6 1576//6 1567//6
f 1564//5 1570//5 1568//5 1562//5
f 1575//5 1580//5 1578//5 1573//5
f 1573//5 1578//5 1570//5 1564//5
f 1586//6 1587//6 1585//6 1584//6
f 1593//6 1594//6 1592//6 1591//6
f 1591//6 1592//6 1587//6 1586//6
f 1583//6 1586//6 1584//6 1582//6
f 1588//6 1591//6 1586//6 1583//6
f 1501//1 1526//1 1527//1 1502//1
f 1527//6 1528//6 1504//6 1502//6
f 1505//1 1532//1 1533//1 1506//1
f 1504//1 1528//1 1532//1 1505//1
f 1557//6 1558//6 1514//6 1512//6
f 1584//6 1585//6 1525//6 1524//6
f 1582//6 1584//6 1524//6 1523//6
f 1503//3 1504//3 1508//3 1507//3
f 1505//3 1506//3 1512//3 1511//3
f 1504//3 1505//3 1511//3 1508//3
f 1561//5 1562//5 1547//5 1546//5
f 1535//6 1559//6 1557//6 1533//6
f 1565//5 1566//5 1549//5 1548//5
f 1552//3 1553//3 1569//3 1568//3
f 1552//6 1568//6 1565//6 1548//6
f 1549//6 1566//6 1559//6 1535//6
f 1520//3 1524//3 1525//3 1522//3
f 1514//3 1523//3 1524//3 1520//3
f 1551//3 1555//3 1556//3 1553//3
f 1539//3 1554//3 1555//3 1551//3
f 1558//1 1560//1 1583//1 1582//1
f 1569//3 1589//3 1590//3 1571//3
f 1576//1 1579//1 1593//1 1591//1
f 1592//4 1594//4 1581//4 1577//4
f 1576//5 1591//5 1588//5 1567//5
f 1571//3 1590//3 1593//3 1579//3
f 1560//1 1567//1 1588//1 1583//1
f 1553//3 1556//3 1589//3 1569//3
f 1514//1 1558//1 1582//1 1523//1
f 1533//6 1557//6 1512//6 1506//6
f 1595//3 1596//3 1598//3 1597//3
f 1599//3 1600//3 1602//3 1601//3
f 1603//3 1604//3 1606//3 1605//3
f 1597//3 1598//3 1604//3 1603//3
f 1601//3 1602//3 1608//3 1607//3
f 1596//3 1599//3 1601//3 1598//3
f 1604//3 1607//3 1609//3 1606//3
f 1598//3 1601//3 1607//3 1604//3
f 1616//4 1618//4 1617//4 1615//4
f 1620//4 1623//4 1622//4 1619//4
f 1622//6 1624//6 1621//6 1619//6
f 1627//5 1628//5 1626//5 1625//5
f 1633//5 1634//5 1632//5 1631//5
f 1632//6 1634//6 1630//6 1629//6
f 1637//4 1641//4 1640//4 1636//4
f 1639//6 1641//6 1637//6 1635//6
f 1645//3 1646//3 1648//3 1647//3
f 1643//4 1646//4 1645//4 1642//4
f 1629//6 1630//6 1614//6 1613//6
f 1618//4 1637//4 1636//4 1617//4
f 1623//4 1643//4 1642//4 1622//4
f 1642//6 1644//6 1624//6 1622//6
f 1638//5 1639//5 1628//5 1627//5
f 1614//6 1623//6 1620//6 1612//6
f 1634//6 1646//6 1643//6 1630//6
f 1621//4 1624//4 1618//4 1616//4
f 1628//5 1633//5 1631//5 1626//5
f 1637//5 1644//5 1642//5 1635//5
f 1639//3 1645//3 1647//3 1641//3
f 1642//4 1645//4 1639//4 1635//4
f 1639//5 1645//5 1633//5 1628//5
f 1624//4 1644//4 1637//4 1618//4
f 1630//6 1643//6 1623//6 1614//6
f 1651//6 1652//6 1650//6 1649//6
f 1606//4 1616//4 1615//4 1605//4
f 1608//4 1620//4 1619//4 1607//4
f 1619//6 1621//6 1609//6 1607//6
f 1609//4 1621//4 1616//4 1606//4
f 1612//6 1620//6 1608//6 1602//6
f 1649//6 1650//6 1611//6 1610//6
f 1640//3 1641//3 1659//3 1658//3
f 1647//3 1648//3 1661//3 1660//3
f 1641//3 1647//3 1660//3 1659//3
f 1600//3 1610//3 1611//3 1602//3
f 1614//5 1652//5 1651//5 1613//5
f 1650//4 1652//4 1614//4 1612//4
f 1632//3 1654//3 1655//3 1634//3
f 1646//3 1656//3 1657//3 1648//3
f 1634//3 1655//3 1656//3 1646//3
f 1651//4 1653//4 1629//4 1613//4
f 1648//3 1657//3 1662//3 1661//3
f 1611//4 1650//4 1612//4 1602//4
f 1665//3 1666//3 1668//3 1667//3
f 1663//1 1667//1 1668//1 1664//1
f 1671//3 1672//3 1674//3 1673//3
f 1669//1 1673//1 1674//1 1670//1
f 1681//5 1682//5 1680//5 1679//5
f 1687//5 1688//5 1686//5 1685//5
f 1665//1 1677//1 1678//1 1666//1
f 1671//1 1683//1 1684//1 1672//1
f 1689//5 1690//5 1682//5 1681//5
f 1691//5 1692//5 1688//5 1687//5
f 1666//3 1671//3 1673//3 1668//3
f 1664//1 1668//1 1673//1 1669//1
f 1682//5 1687//5 1685//5 1680//5
f 1690//5 1691//5 1687//5 1682//5
f 1666//1 1678//1 1683//1 1671//1
f 1698//6 1699//6 1697//6 1696//6
f 1702//6 1703//6 1701//6 1700//6
f 1706//6 1707//6 1705//6 1704//6
f 1700//6 1701//6 1695//6 1694//6
f 1704//6 1705//6 1699//6 1698//6
f 1695//6 1698//6 1696//6 1693//6
f 1703//6 1706//6 1704//6 1701//6
f 1701//6 1704//6 1698//6 1695//6
f 1708//3 1709//3 1711//3 1710//3
f 1712//3 1713//3 1715//3 1714//3
f 1716//3 1717//3 1719//3 1718//3
f 1720//3 1721//3 1723//3 1722//3
f 1710//3 1711//3 1717//3 1716//3
f 1714//3 1715//3 1721//3 1720//3
f 1709//3 1712//3 1714//3 1711//3
f 1717//3 1720//3 1722//3 1719//3
f 1711//3 1714//3 1720//3 1717//3
f 1726//6 1727//6 1725//6 1724//6
f 1730//6 1731//6 1729//6 1728//6
f 1734//6 1735//6 1733//6 1732//6
f 1738//6 1739//6 1737//6 1736//6
f 1732//6 1733//6 1727//6 1726//6
f 1736//6 1737//6 1731//6 1730//6
f 1727//6 1730//6 1728//6 1725//6
f 1735//6 1738//6 1736//6 1733//6
f 1733//6 1736//6 1730//6 1727//6
f 1745//2 1746//2 1749//2 1748//2
f 1750//1 1752//1 1753//1 1751//1
f 1754//1 1756//1 1757//1 1755//1
f 1759//4 1761//4 1760//4 1758//4
f 1763//2 1764//2 1767//2 1766//2
f 1768//1 1770//1 1771//1 1769//1
f 1772//1 1774//1 1775//1 1773//1
f 1743//4 1759//4 1758//4 1742//4
f 1748//2 1749//2 1764//2 1763//2
f 1752//1 1768//1 1769//1 1753//1
f 1756//1 1772//1 1773//1 1757//1
f 1746//2 1755//2 1757//2 1749//2
f 1764//2 1773//2 1775//2 1767//2
f 1751//1 1753//1 1756//1 1754//1
f 1762//4 1765//4 1761//4 1759//4
f 1769//1 1771//1 1774//1 1772//1
f 1747//4 1762//4 1759//4 1743//4
f 1753//1 1769//1 1772//1 1756//1
f 1749//2 1757//2 1773//2 1764//2
f 1778//6 1779//6 1777//6 1776//6
f 1782//6 1783//6 1781//6 1780//6
f 1786//6 1787//6 1785//6 1784//6
f 1790//6 1791//6 1789//6 1788//6
f 1784//6 1785//6 1779//6 1778//6
f 1788//6 1789//6 1783//6 1782//6
f 1779//6 1782//6 1780//6 1777//6
f 1787//6 1790//6 1788//6 1785//6
f 1785//6 1788//6 1782//6 1779//6
f 1794//6 1795//6 1793//6 1792//6
f 1798//6 1799//6 1797//6 1796//6
f 1802//6 1803//6 1801//6 1800//6
f 1806//6 1807//6 1805//6 1804//6
f 1800//6 1801//6 1795//6 1794//6
f 1804//6 1805//6 1799//6 1798//6
f 1795//6 1798//6 1796//6 1793//6
f 1803//6 1806//6 1804//6 1801//6
f 1801//6 1804//6 1798//6 1795//6
f 1680//4 1741//4 1740//4 1679//4
f 1686//4 1745//4 1744//4 1685//4
f 1686//2 1688//2 1746//2 1745//2
f 1689//1 1750//1 1751//1 1690//1
f 1691//1 1754//1 1755//1 1692//1
f 1685//4 1744//4 1741//4 1680//4
f 1690//1 1751//1 1754//1 1691//1
f 1688//2 1692//2 1755//2 1746//2
f 1776//6 1777//6 1703//6 1702//6
f 1780//6 1781//6 1707//6 1706//6
f 1777//6 1780//6 1706//6 1703//6
f 1792//6 1793//6 1735//6 1734//6
f 1796//6 1797//6 1739//6 1738//6
f 1793//6 1796//6 1738//6 1735//6
f 1675//3 1676//3 1709//3 1708//3
f 1699//6 1726//6 1724//6 1697//6
f 1707//6 1734//6 1732//6 1705//6
f 1705//6 1732//6 1726//6 1699//6
f 1783//6 1794//6 1792//6 1781//6
f 1791//6 1802//6 1800//6 1789//6
f 1789//6 1800//6 1794//6 1783//6
f 1672//3 1694//3 1695//3 1674//3
f 1670//1 1674//1 1695//1 1693//1
f 1672//1 1684//1 1700//1 1694//1
f 1781//6 1792//6 1734//6 1707//6
f 1808//3 1809//3 1811//3 1810//3
f 1812//3 1813//3 1815//3 1814//3
f 1810//3 1811//3 1817//3 1816//3
f 1809//3 1812//3 1814//3 1811//3
f 1811//3 1814//3 1819//3 1817//3
f 1822//6 1823//6 1821//6 1820//6
f 1826//6 1827//6 1825//6 1824//6
f 1830//6 1831//6 1829//6 1828//6
f 1834//6 1835//6 1833//6 1832//6
f 1828//6 1829//6 1823//6 1822//6
f 1832//6 1833//6 1827//6 1826//6
f 1823//6 1826//6 1824//6 1821//6
f 1831//6 1834//6 1832//6 1829//6
f 1829//6 1832//6 1826//6 1823//6
f 1836//3 1837//3 1839//3 1838//3
f 1839//4 1841//4 1840//4 1838//4
f 1842//3 1843//3 1845//3 1844//3
f 1845//4 1847//4 1846//4 1844//4
f 1854//3 1855//3 1857//3 1856//3
f 1853//4 1855//4 1854//4 1852//4
f 1860//3 1861//3 1863//3 1862//3
f 1859//4 1861//4 1860//4 1858//4
f 1849//4 1853//4 1852//4 1848//4
f 1851//4 1859//4 1858//4 1850//4
f 1840//3 1841//3 1849//3 1848//3
f 1846//3 1847//3 1851//3 1850//3
f 1837//3 1842//3 1844//3 1839//3
f 1844//4 1846//4 1841//4 1839//4
f 1855//3 1860//3 1862//3 1857//3
f 1858//4 1860//4 1855//4 1853//4
f 1841//3 1846//3 1850//3 1849//3
f 1850//4 1858//4 1853//4 1849//4
f 1866//6 1867//6 1865//6 1864//6
f 1871//6 1872//6 1870//6 1869//6
f 1869//6 1870//6 1867//6 1866//6
f 1872//6 1874//6 1873//6 1870//6
f 1870//6 1873//6 1868//6 1867//6
f 1878//6 1879//6 1877//6 1876//6
f 1882//6 1883//6 1881//6 1880//6
f 1886//6 1887//6 1885//6 1884//6
f 1890//6 1891//6 1889//6 1888//6
f 1884//6 1885//6 1879//6 1878//6
f 1888//6 1889//6 1883//6 1882//6
f 1879//6 1882//6 1880//6 1877//6
f 1887//6 1890//6 1888//6 1885//6
f 1885//6 1888//6 1882//6 1879//6
f 1893//4 1895//4 1894//4 1892//4
f 1897//4 1899//4 1898//4 1896//4
f 1902//5 1903//5 1901//5 1900//5
f 1901//4 1905//4 1904//4 1900//4
f 1908//5 1909//5 1907//5 1906//5
f 1907//4 1911//4 1910//4 1906//4
f 1895//4 1903//4 1902//4 1894//4
f 1899//4 1909//4 1908//4 1898//4
f 1896//4 1898//4 1895//4 1893//4
f 1903//5 1908//5 1906//5 1901//5
f 1906//4 1910//4 1905//4 1901//4
f 1898//4 1908//4 1903//4 1895//4
f 1914//6 1915//6 1913//6 1912//6
f 1918//6 1919//6 1917//6 1916//6
f 1922//6 1923//6 1921//6 1920//6
f 1920//6 1921//6 1915//6 1914//6
f 1924//6 1925//6 1919//6 1918//6
f 1915//6 1918//6 1916//6 1913//6
f 1923//6 1926//6 1924//6 1921//6
f 1921//6 1924//6 1918//6 1915//6
f 1876//6 1877//6 1831//6 1830//6
f 1880//6 1881//6 1835//6 1834//6
f 1877//6 1880//6 1834//6 1831//6
f 1857//4 1893//4 1892//4 1856//4
f 1863//4 1897//4 1896//4 1862//4
f 1862//4 1896//4 1893//4 1857//4
f 1912//6 1913//6 1872//6 1871//6
f 1916//6 1917//6 1875//6 1874//6
f 1913//6 1916//6 1874//6 1872//6
f 1827//6 1866//6 1864//6 1825//6
f 1835//6 1871//6 1869//6 1833//6
f 1833//6 1869//6 1866//6 1827//6
f 1883//6 1914//6 1912//6 1881//6
f 1891//6 1922//6 1920//6 1889//6
f 1889//6 1920//6 1914//6 1883//6
f 1843//3 1864//3 1865//3 1845//3
f 1865//4 1867//4 1847//4 1845//4
f 1861//3 1874//3 1875//3 1863//3
f 1873//4 1874//4 1861//4 1859//4
f 1847//3 1867//3 1868//3 1851//3
f 1868//4 1873//4 1859//4 1851//4
f 1917//4 1919//4 1899//4 1897//4
f 1909//5 1925//5 1924//5 1907//5
f 1924//4 1926//4 1911//4 1907//4
f 1919//4 1925//4 1909//4 1899//4
f 1875//4 1917//4 1897//4 1863//4
f 1881//6 1912//6 1871//6 1835//6
f 1536//1 1663//1 1664//1 1537//1
f 1538//1 1669//1 1670//1 1539//1
f 1547//4 1676//4 1675//4 1546//4
f 1537//1 1664//1 1669//1 1538//1
f 1696//6 1697//6 1556//6 1555//6
f 1693//6 1696//6 1555//6 1554//6
f 1569//4 1713//4 1712//4 1568//4
f 1569//2 1571//2 1715//2 1713//2
f 1579//2 1581//2 1723//2 1721//2
f 1568//4 1712//4 1709//4 1562//4
f 1571//2 1579//2 1721//2 1715//2
f 1724//6 1725//6 1590//6 1589//6
f 1728//6 1729//6 1594//6 1593//6
f 1725//6 1728//6 1593//6 1590//6
f 1539//1 1670//1 1693//1 1554//1
f 1547//2 1562//2 1709//2 1676//2
f 1697//6 1724//6 1589//6 1556//6
f 1633//1 1814//1 1815//1 1634//1
f 1632//2 1634//2 1815//2 1813//2
f 1638//1 1816//1 1817//1 1639//1
f 1638//2 1640//2 1818//2 1816//2
f 1639//1 1817//1 1819//1 1645//1
f 1633//2 1645//2 1819//2 1814//2
f 1820//6 1821//6 1655//6 1654//6
f 1824//6 1825//6 1657//6 1656//6
f 1821//6 1824//6 1656//6 1655//6
f 1659//4 1837//4 1836//4 1658//4
f 1661//4 1843//4 1842//4 1660//4
f 1660//4 1842//4 1837//4 1659//4
f 1662//4 1864//4 1843//4 1661//4
f 1825//6 1864//6 1662//6 1657//6
f 1517//3 1518//3 1596//3 1595//3
f 1521//3 1522//3 1600//3 1599//3
f 1518//3 1521//3 1599//3 1596//3
f 1625//5 1626//5 1575//5 1574//5
f 1631//5 1632//5 1581//5 1580//5
f 1581//6 1632//6 1629//6 1577//6
f 1626//5 1631//5 1580//5 1575//5
f 1587//6 1651//6 1649//6 1585//6
f 1592//6 1653//6 1651//6 1587//6
f 1522//3 1525//3 1610//3 1600//3
f 1629//5 1653//5 1592//5 1577//5
f 1581//3 1594//3 1654//3 1632//3
f 1585//6 1649//6 1610//6 1525//6
f 1718//3 1719//3 1809//3 1808//3
f 1722//3 1723//3 1813//3 1812//3
f 1719//3 1722//3 1812//3 1809//3
f 1731//6 1822//6 1820//6 1729//6
f 1739//6 1830//6 1828//6 1737//6
f 1737//6 1828//6 1822//6 1731//6
f 1799//6 1878//6 1876//6 1797//6
f 1807//6 1886//6 1884//6 1805//6
f 1805//6 1884//6 1878//6 1799//6
f 1797//6 1876//6 1830//6 1739//6
f 1581//2 1632//2 1813//2 1723//2
f 1729//6 1820//6 1654//6 1594//6
f 1930//2 1931//2 1933//2 1932//2
f 1934//1 1936//1 1937//1 1935//1
f 1938//1 1940//1 1941//1 1939//1
f 1943//4 1945//4 1944//4 1942//4
f 1947//4 1950//4 1949//4 1946//4
f 1947//2 1948//2 1951//2 1950//2
f 1952//1 1954//1 1955//1 1953//1
f 1956//1 1958//1 1959//1 1957//1
f 1932//2 1933//2 1948//2 1947//2
f 1936//1 1952//1 1953//1 1937//1
f 1940//1 1956//1 1957//1 1941//1
f 1931//2 1939//2 1941//2 1933//2
f 1948//2 1957//2 1959//2 1951//2
f 1935//1 1937//1 1940//1 1938//1
f 1946//4 1949//4 1945//4 1943//4
f 1953//1 1955//1 1958//1 1956//1
f 1937//1 1953//1 1956//1 1940//1
f 1933//2 1941//2 1957//2 1948//2
f 1962//6 1963//6 1961//6 1960//6
f 1966//6 1967//6 1965//6 1964//6
f 1970//6 1971//6 1969//6 1968//6
f 1974//6 1975//6 1973//6 1972//6
f 1968//6 1969//6 1963//6 1962//6
f 1972//6 1973//6 1967//6 1966//6
f 1963//6 1966//6 1964//6 1961//6
f 1971//6 1974//6 1972//6 1969//6
f 1969//6 1972//6 1966//6 1963//6
f 1978//6 1979//6 1977//6 1976//6
f 1982//6 1983//6 1981//6 1980//6
f 1986//6 1987//6 1985//6 1984//6
f 1990//6 1991//6 1989//6 1988//6
f 1984//6 1985//6 1979//6 1978//6
f 1988//6 1989//6 1983//6 1982//6
f 1979//6 1982//6 1980//6 1977//6
f 1987//6 1990//6 1988//6 1985//6
f 1985//6 1988//6 1982//6 1979//6
f 1993//4 1995//4 1994//4 1992//4
f 1997//4 2000//4 1999//4 1996//4
f 1997//2 1998//2 2001//2 2000//2
f 2002//1 2004//1 2005//1 2003//1
f 2006//1 2008//1 2009//1 2007//1
f 2012//3 2013//3 2015//3 2014//3
f 2011//4 2013//4 2012//4 2010//4
f 2019//3 2020//3 2022//3 2021//3
f 2017//4 2020//4 2019//4 2016//4
f 2017//2 2018//2 2022//2 2020//2
f 2023//1 2025//1 2026//1 2024//1
f 2027//1 2029//1 2030//1 2028//1
f 1995//4 2011//4 2010//4 1994//4
f 2000//4 2017//4 2016//4 1999//4
f 2000//2 2001//2 2018//2 2017//2
f 2004//1 2023//1 2024//1 2005//1
f 2008//1 2027//1 2028//1 2009//1
f 1998//2 2007//2 2009//2 2001//2
f 2018//2 2028//2 2030//2 2022//2
f 1996//4 1999//4 1995//4 1993//4
f 2003//1 2005//1 2008//1 2006//1
f 2013//3 2019//3 2021//3 2015//3
f 2016//4 2019//4 2013//4 2011//4
f 2024//1 2026//1 2029//1 2027//1
f 1999//4 2016//4 2011//4 1995//4
f 2005//1 2024//1 2027//1 2008//1
f 2001//2 2009//2 2028//2 2018//2
f 2033//6 2034//6 2032//6 2031//6
f 2037//6 2038//6 2036//6 2035//6
f 2041//6 2042//6 2040//6 2039//6
f 2045//6 2046//6 2044//6 2043//6
f 2039//6 2040//6 2034//6 2033//6
f 2043//6 2044//6 2038//6 2037//6
f 2034//6 2037//6 2035//6 2032//6
f 2042//6 2045//6 2043//6 2040//6
f 2040//6 2043//6 2037//6 2034//6
f 2049//6 2050//6 2048//6 2047//6
f 2053//6 2054//6 2052//6 2051//6
f 2057//6 2058//6 2056//6 2055//6
f 2061//6 2062//6 2060//6 2059//6
f 2055//6 2056//6 2050//6 2049//6
f 2059//6 2060//6 2054//6 2053//6
f 2050//6 2053//6 2051//6 2048//6
f 2058//6 2061//6 2059//6 2056//6
f 2056//6 2059//6 2053//6 2050//6
f 1945//4 1993//4 1992//4 1944//4
f 1950//4 1997//4 1996//4 1949//4
f 1950//2 1951//2 1998//2 1997//2
f 1954//1 2002//1 2003//1 1955//1
f 1958//1 2006//1 2007//1 1959//1
f 1949//4 1996//4 1993//4 1945//4
f 1955//1 2003//1 2006//1 1958//1
f 1951//2 1959//2 2007//2 1998//2
f 2031//6 2032//6 1971//6 1970//6
f 2035//6 2036//6 1975//6 1974//6
f 2032//6 2035//6 1974//6 1971//6
f 2047//6 2048//6 1987//6 1986//6
f 2051//6 2052//6 1991//6 1990//6
f 2048//6 2051//6 1990//6 1987//6
f 1967//6 1978//6 1976//6 1965//6
f 1975//6 1986//6 1984//6 1973//6
f 1973//6 1984//6 1978//6 1967//6
f 2038//6 2049//6 2047//6 2036//6
f 2046//6 2057//6 2055//6 2044//6
f 2044//6 2055//6 2049//6 2038//6
f 1947//1 1950//1 1970//1 1968//1
f 1997//1 2000//1 2033//1 2031//1
f 2022//5 2042//5 2041//5 2020//5
f 2017//1 2020//1 2041//1 2039//1
f 2000//1 2017//1 2039//1 2033//1
f 1950//1 1997//1 2031//1 1970//1
f 2036//6 2047//6 1986//6 1975//6
f 2065//6 2066//6 2064//6 2063//6
f 2069//6 2070//6 2068//6 2067//6
f 2073//6 2074//6 2072//6 2071//6
f 2077//6 2078//6 2076//6 2075//6
f 2071//6 2072//6 2066//6 2065//6
f 2075//6 2076//6 2070//6 2069//6
f 2066//6 2069//6 2067//6 2064//6
f 2074//6 2077//6 2075//6 2072//6
f 2072//6 2075//6 2069//6 2066//6
f 2080//4 2082//4 2081//4 2079//4
f 2084//4 2086//4 2085//4 2083//4
f 2088//4 2090//4 2089//4 2087//4
f 2092//4 2094//4 2093//4 2091//4
f 2082//4 2088//4 2087//4 2081//4
f 2086//4 2092//4 2091//4 2085//4
f 2083//4 2085//4 2082//4 2080//4
f 2091//4 2093//4 2090//4 2088//4
f 2085//4 2091//4 2088//4 2082//4
f 2097//6 2098//6 2096//6 2095//6
f 2103//6 2104//6 2102//6 2101//6
f 2101//6 2102//6 2098//6 2097//6
f 2098//6 2100//6 2099//6 2096//6
f 2104//6 2106//6 2105//6 2102//6
f 2102//6 2105//6 2100//6 2098//6
f 2109//6 2110//6 2108//6 2107//6
f 2113//6 2114//6 2112//6 2111//6
f 2117//6 2118//6 2116//6 2115//6
f 2121//6 2122//6 2120//6 2119//6
f 2115//6 2116//6 2110//6 2109//6
f 2119//6 2120//6 2114//6 2113//6
f 2110//6 2113//6 2111//6 2108//6
f 2118//6 2121//6 2119//6 2116//6
f 2116//6 2119//6 2113//6 2110//6
f 2124//4 2126//4 2125//4 2123//4
f 2128//4 2130//4 2129//4 2127//4
f 2139//5 2140//5 2138//5 2137//5
f 2136//4 2140//4 2139//4 2135//4
f 2145//5 2146//5 2144//5 2143//5
f 2142//4 2146//4 2145//4 2141//4
f 2126//4 2136//4 2135//4 2125//4
f 2130//4 2142//4 2141//4 2129//4
f 2131//5 2132//5 2124//5 2123//5
f 2133//5 2134//5 2128//5 2127//5
f 2127//4 2129//4 2126//4 2124//4
f 2140//5 2145//5 2143//5 2138//5
f 2141//4 2145//4 2140//4 2136//4
f 2132//5 2133//5 2127//5 2124//5
f 2129//4 2141//4 2136//4 2126//4
f 2149//6 2150//6 2148//6 2147//6
f 2154//6 2155//6 2153//6 2152//6
f 2152//6 2153//6 2150//6 2149//6
f 2107//6 2108//6 2074//6 2073//6
f 2111//6 2112//6 2078//6 2077//6
f 2108//6 2111//6 2077//6 2074//6
f 2090//4 2132//4 2131//4 2089//4
f 2094//4 2134//4 2133//4 2093//4
f 2093//4 2133//4 2132//4 2090//4
f 2147//6 2148//6 2104//6 2103//6
f 2148//6 2151//6 2106//6 2104//6
f 2070//6 2097//6 2095//6 2068//6
f 2078//6 2103//6 2101//6 2076//6
f 2076//6 2101//6 2097//6 2070//6
f 2114//6 2149//6 2147//6 2112//6
f 2122//6 2154//6 2152//6 2120//6
f 2120//6 2152//6 2149//6 2114//6
f 2099//4 2100//4 2086//4 2084//4
f 2105//4 2106//4 2094//4 2092//4
f 2100//4 2105//4 2092//4 2086//4
f 2148//4 2150//4 2130//4 2128//4
f 2146//5 2155//5 2154//5 2144//5
f 2153//4 2155//4 2146//4 2142//4
f 2134//5 2151//5 2148//5 2128//5
f 2150//4 2153//4 2142//4 2130//4
f 2106//4 2151//4 2134//4 2094//4
f 2112//6 2147//6 2103//6 2078//6
f 2161//6 2162//6 2160//6 2158//6
f 2167//5 2168//5 2166//5 2165//5
f 2173//5 2174//5 2172//5 2171//5
f 2177//5 2178//5 2176//5 2175//5
f 2183//5 2184//5 2182//5 2181//5
f 2182//6 2184//6 2180//6 2179//6
f 2186//4 2188//4 2187//4 2185//4
f 2190//4 2192//4 2191//4 2189//4
f 2179//6 2180//6 2162//6 2161//6
f 2166//4 2186//4 2185//4 2165//4
f 2172//4 2190//4 2189//4 2171//4
f 2156//3 2157//3 2164//3 2163//3
f 2187//5 2188//5 2178//5 2177//5
f 2159//3 2160//3 2170//3 2169//3
f 2162//6 2172//6 2170//6 2160//6
f 2191//5 2192//5 2184//5 2183//5
f 2184//6 2192//6 2190//6 2180//6
f 2168//5 2173//5 2171//5 2166//5
f 2178//5 2183//5 2181//5 2176//5
f 2189//4 2191//4 2188//4 2186//4
f 2157//3 2159//3 2169//3 2164//3
f 2188//5 2191//5 2183//5 2178//5
f 2171//4 2189//4 2186//4 2166//4
f 2180//6 2190//6 2172//6 2162//6
f 2196//6 2197//6 2195//6 2194//6
f 2200//5 2201//5 2199//5 2198//5
f 2204//5 2205//5 2203//5 2202//5
f 2208//5 2209//5 2207//5 2206//5
f 2212//5 2213//5 2211//5 2210//5
f 2206//5 2207//5 2201//5 2200//5
f 2210//5 2211//5 2205//5 2204//5
f 2201//5 2204//5 2202//5 2199//5
f 2209//5 2212//5 2210//5 2207//5
f 2207//5 2210//5 2204//5 2201//5
f 2216//6 2217//6 2215//6 2214//6
f 2220//6 2221//6 2219//6 2218//6
f 2217//6 2220//6 2218//6 2215//6
f 2198//5 2199//5 2168//5 2167//5
f 2202//5 2203//5 2174//5 2173//5
f 2199//5 2202//5 2173//5 2168//5
f 2197//6 2216//6 2214//6 2195//6
f 2174//5 2197//5 2196//5 2172//5
f 2170//1 2172//1 2196//1 2194//1
f 2170//5 2194//5 2193//5 2160//5
f 2205//5 2217//5 2216//5 2203//5
f 2213//5 2221//5 2220//5 2211//5
f 2211//5 2220//5 2217//5 2205//5
f 2203//5 2216//5 2197//5 2174//5
f 2224//5 2225//5 2223//5 2222//5
f 2228//5 2229//5 2227//5 2226//5
f 2234//5 2235//5 2233//5 2232//5
f 2231//4 2235//4 2234//4 2230//4
f 2240//5 2241//5 2239//5 2238//5
f 2237//4 2241//4 2240//4 2236//4
f 2232//5 2233//5 2225//5 2224//5
f 2238//5 2239//5 2229//5 2228//5
f 2225//5 2228//5 2226//5 2223//5
f 2235//5 2240//5 2238//5 2233//5
f 2236//4 2240//4 2235//4 2231//4
f 2233//5 2238//5 2228//5 2225//5
f 2244//6 2245//6 2243//6 2242//6
f 2248//6 2249//6 2247//6 2246//6
f 2245//6 2248//6 2246//6 2243//6
f 2250//5 2251//5 2231//5 2230//5
f 2252//5 2253//5 2237//5 2236//5
f 2251//5 2252//5 2236//5 2231//5
f 2229//5 2245//5 2244//5 2227//5
f 2241//5 2249//5 2248//5 2239//5
f 2247//4 2249//4 2241//4 2237//4
f 2239//5 2248//5 2245//5 2229//5
f 2253//5 2254//5 2247//5 2237//5
f 2015//4 2157//4 2156//4 2014//4
f 2022//4 2160//4 2159//4 2021//4
f 2158//6 2160//6 2022//6 2020//6
f 2025//1 2163//1 2164//1 2026//1
f 2029//1 2169//1 2170//1 2030//1
f 2021//4 2159//4 2157//4 2015//4
f 2026//1 2164//1 2169//1 2029//1
f 2022//2 2030//2 2170//2 2160//2
f 2194//6 2195//6 2046//6 2045//6
f 2193//6 2194//6 2045//6 2042//6
f 2214//6 2215//6 2058//6 2057//6
f 2218//6 2219//6 2062//6 2061//6
f 2215//6 2218//6 2061//6 2058//6
f 2022//1 2160//1 2193//1 2042//1
f 2195//6 2214//6 2057//6 2046//6
f 2242//6 2243//6 2118//6 2117//6
f 2246//6 2247//6 2122//6 2121//6
f 2243//6 2246//6 2121//6 2118//6
f 2138//4 2251//4 2250//4 2137//4
f 2144//4 2253//4 2252//4 2143//4
f 2143//4 2252//4 2251//4 2138//4
f 2154//4 2254//4 2253//4 2144//4
f 2247//6 2254//6 2154//6 2122//6
f 1983//6 2065//6 2063//6 1981//6
f 1991//6 2073//6 2071//6 1989//6
f 1989//6 2071//6 2065//6 1983//6
f 2054//6 2109//6 2107//6 2052//6
f 2062//6 2117//6 2115//6 2060//6
f 2060//6 2115//6 2109//6 2054//6
f 2052//6 2107//6 2073//6 1991//6
f 2222//5 2223//5 2209//5 2208//5
f 2226//5 2227//5 2213//5 2212//5
f 2223//5 2226//5 2212//5 2209//5
f 2221//6 2244//6 2242//6 2219//6
f 2227//5 2244//5 2221//5 2213//5
f 2219//6 2242//6 2117//6 2062//6
f 1761//4 1928//4 1927//4 1760//4
f 1766//2 1767//2 1931//2 1930//2
f 1770//1 1934//1 1935//1 1771//1
f 1774//1 1938//1 1939//1 1775//1
f 1765//4 1929//4 1928//4 1761//4
f 1771//1 1935//1 1938//1 1774//1
f 1767//2 1775//2 1939//2 1931//2
f 1960//6 1961//6 1787//6 1786//6
f 1964//6 1965//6 1791//6 1790//6
f 1961//6 1964//6 1790//6 1787//6
f 1976//6 1977//6 1803//6 1802//6
f 1980//6 1981//6 1807//6 1806//6
f 1977//6 1980//6 1806//6 1803//6
f 1965//6 1976//6 1802//6 1791//6
f 2063//6 2064//6 1887//6 1886//6
f 2067//6 2068//6 1891//6 1890//6
f 2064//6 2067//6 1890//6 1887//6
f 1905//4 2080//4 2079//4 1904//4
f 1911//4 2084//4 2083//4 1910//4
f 1910//4 2083//4 2080//4 1905//4
f 2095//6 2096//6 1923//6 1922//6
f 2096//6 2099//6 1926//6 1923//6
f 1926//4 2099//4 2084//4 1911//4
f 2068//6 2095//6 1922//6 1891//6
f 1981//6 2063//6 1886//6 1807//6
f 2255//1 2257//1 2258//1 2256//1
f 2261//1 2264//1 2265//1 2262//1
f 2260//2 2262//2 2265//2 2263//2
f 2266//3 2267//3 2269//3 2268//3
f 2272//3 2273//3 2275//3 2274//3
f 2272//2 2274//2 2278//2 2276//2
f 2279//3 2280//3 2282//3 2281//3
f 2287//5 2288//5 2286//5 2285//5
f 2287//1 2290//1 2291//1 2288//1
f 2286//2 2288//2 2291//2 2289//2
f 2294//5 2295//5 2293//5 2292//5
f 2293//2 2295//2 2297//2 2296//2
f 2302//5 2303//5 2301//5 2300//5
f 2263//2 2265//2 2284//2 2283//2
f 2270//1 2285//1 2286//1 2271//1
f 2276//1 2292//1 2293//1 2277//1
f 2276//2 2278//2 2294//2 2292//2
f 2261//3 2262//3 2273//3 2272//3
f 2276//5 2277//5 2265//5 2264//5
f 2261//2 2272//2 2276//2 2264//2
f 2268//3 2269//3 2280//3 2279//3
f 2300//5 2301//5 2291//5 2290//5
f 2287//2 2298//2 2300//2 2290//2
f 2260//3 2266//3 2268//3 2262//3
f 2260//1 2263//1 2270//1 2266//1
f 2273//3 2279//3 2281//3 2275//3
f 2284//5 2287//5 2285//5 2283//5
f 2297//5 2302//5 2300//5 2296//5
f 2293//1 2296//1 2300//1 2298//1
f 2299//4 2302//4 2297//4 2295//4
f 2262//3 2268//3 2279//3 2273//3
f 2293//5 2298//5 2287//5 2284//5
f 2263//1 2283//1 2285//1 2270//1
f 2265//2 2277//2 2293//2 2284//2
f 2255//3 2256//3 2267//3 2266//3
f 2270//5 2271//5 2258//5 2257//5
f 2255//2 2266//2 2270//2 2257//2
f 2258//2 2271//2 2286//2 2259//2
f 2304//3 2305//3 2307//3 2306//3
f 2310//5 2311//5 2309//5 2308//5
f 2307//4 2311//4 2310//4 2306//4
f 2304//2 2306//2 2310//2 2308//2
f 2312//3 2313//3 2315//3 2314//3
f 2320//4 2322//4 2321//4 2319//4
f 2331//5 2332//5 2330//5 2329//5
f 2328//4 2332//4 2331//4 2327//4
f 2326//2 2327//2 2331//2 2329//2
f 2309//4 2324//4 2323//4 2308//4
f 2309//2 2311//2 2325//2 2324//2
f 2322//4 2334//4 2333//4 2321//4
f 2307//2 2317//2 2318//2 2311//2
f 2314//3 2315//3 2320//3 2319//3
f 2333//5 2334//5 2328//5 2327//5
f 2305//3 2312//3 2314//3 2307//3
f 2319//4 2321//4 2318//4 2317//4
f 2325//5 2327//5 2326//5 2324//5
f 2307//3 2314//3 2319//3 2317//3
f 2318//5 2321//5 2316//5 2311//5
f 2316//4 2327//4 2325//4 2311//4
f 2316//2 2321//2 2333//2 2327//2
f 2274//3 2275//3 2305//3 2304//3
f 2274//2 2304//2 2308//2 2278//2
f 2323//5 2324//5 2295//5 2294//5
f 2281//3 2282//3 2313//3 2312//3
f 2329//5 2330//5 2303//5 2302//5
f 2299//2 2326//2 2329//2 2302//2
f 2275//3 2281//3 2312//3 2305//3
f 2324//5 2326//5 2299//5 2295//5
f 2278//2 2308//2 2323//2 2294//2
f 2350//3 2351//3 2353//3 2352//3
f 2356//3 2357//3 2359//3 2358//3
f 2356//1 2360//1 2361//1 2357//1
f 2356//2 2358//2 2362//2 2360//2
f 2363//2 2364//2 2366//2 2365//2
f 2346//1 2358//1 2359//1 2347//1
f 2345//2 2347//2 2359//2 2357//2
f 2348//2 2349//2 2364//2 2363//2
f 2354//2 2363//2 2365//2 2355//2
f 2346//3 2347//3 2351//3 2350//3
f 2348//3 2350//3 2352//3 2349//3
f 2354//1 2355//1 2362//1 2358//1
f 2354//3 2358//3 2367//3 2363//3
f 2348//1 2363//1 2367//1 2350//1
f 2346//2 2350//2 2367//2 2358//2
f 2372//2 2373//2 2375//2 2374//2
f 2376//1 2379//1 2380//1 2377//1
f 2383//3 2384//3 2386//3 2385//3
f 2383//1 2387//1 2388//1 2384//1
f 2386//4 2390//4 2389//4 2385//4
f 2383//2 2385//2 2389//2 2387//2
f 2393//5 2394//5 2392//5 2391//5
f 2396//1 2399//1 2400//1 2397//1
f 2395//2 2397//2 2400//2 2398//2
f 2407//5 2408//5 2406//5 2405//5
f 2401//1 2405//1 2406//1 2402//1
f 2404//4 2408//4 2407//4 2403//4
f 2406//6 2408//6 2404//6 2402//6
f 2409//2 2411//2 2415//2 2413//2
f 2414//6 2416//6 2412//6 2410//6
f 2374//2 2375//2 2397//2 2395//2
f 2379//1 2401//1 2402//1 2380//1
f 2382//4 2404//4 2403//4 2381//4
f 2402//6 2404//6 2382//6 2380//6
f 2387//1 2409//1 2410//1 2388//1
f 2387//2 2389//2 2411//2 2409//2
f 2410//6 2412//6 2390//6 2388//6
f 2373//2 2384//2 2388//2 2375//2
f 2396//3 2397//3 2410//3 2409//3
f 2396//2 2409//2 2413//2 2399//2
f 2400//6 2414//6 2410//6 2397//6
f 2391//5 2392//5 2382//5 2381//5
f 2372//3 2376//3 2378//3 2373//3
f 2372//1 2374//1 2379//1 2376//1
f 2390//5 2393//5 2391//5 2388//5
f 2395//1 2398//1 2405//1 2401//1
f 2403//4 2407//4 2400//4 2397//4
f 2410//5 2417//5 2403//5 2397//5
f 2374//1 2395//1 2401//1 2379//1
f 2391//4 2417//4 2410//4 2388//4
f 2375//2 2388//2 2410//2 2397//2
f 2403//6 2417//6 2391//6 2381//6
f 2360//1 2376//1 2377//1 2361//1
f 2360//2 2362//2 2378//2 2376//2
f 2365//2 2366//2 2386//2 2384//2
f 2355//1 2373//1 2378//1 2362//1
f 2355//2 2365//2 2384//2 2373//2
f 2370//3 2371//3 2406//3 2405//3
f 2369//2 2402//2 2406//2 2371//2
f 2368//2 2380//2 2402//2 2369//2
f 2421//3 2422//3 2424//3 2423//3
f 2432//4 2435//4 2434//4 2431//4
f 2430//2 2431//2 2434//2 2433//2
f 2424//4 2432//4 2431//4 2423//4
f 2421//2 2423//2 2431//2 2430//2
f 2428//3 2433//3 2434//3 2429//3
f 2430//4 2433//4 2428//4 2427//4
f 2421//4 2430//4 2427//4 2418//4
f 2441//2 2442//2 2445//2 2444//2
f 2450//5 2451//5 2449//5 2448//5
f 2447//4 2451//4 2450//4 2446//4
f 2458//3 2459//3 2461//3 2460//3
f 2456//4 2459//4 2458//4 2455//4
f 2456//2 2457//2 2461//2 2459//2
f 2463//1 2466//1 2467//1 2464//1
f 2465//6 2466//6 2463//6 2462//6
f 2470//4 2472//4 2471//4 2469//4
f 2444//4 2456//4 2455//4 2443//4
f 2444//2 2445//2 2457//2 2456//2
f 2450//1 2463//1 2464//1 2451//1
f 2462//6 2463//6 2450//6 2448//6
f 2454//4 2470//4 2469//4 2453//4
f 2450//3 2451//3 2454//3 2453//3
f 2447//2 2452//2 2454//2 2451//2
f 2463//2 2469//2 2471//2 2466//2
f 2446//4 2450//4 2445//4 2442//4
f 2456//1 2459//1 2465//1 2462//1
f 2463//4 2466//4 2461//4 2457//4
f 2461//3 2466//3 2471//3 2468//3
f 2444//1 2456//1 2462//1 2448//1
f 2450//4 2463//4 2457//4 2445//4
f 2450//2 2453//2 2469//2 2463//2
f 2428//2 2429//2 2442//2 2441//2
f 2435//4 2447//4 2446//4 2434//4
f 2434//4 2446//4 2442//4 2429//4
f 2435//2 2436//2 2452//2 2447//2
f 2483//5 2484//5 2482//5 2481//5
f 2485//2 2486//2 2488//2 2487//2
f 2481//5 2482//5 2477//5 2476//5
f 2477//5 2480//5 2478//5 2475//5
f 2487//2 2488//2 2490//2 2489//2
f 2478//5 2479//5 2474//5 2473//5
f 2493//5 2494//5 2492//5 2491//5
f 2499//5 2500//5 2497//5 2496//5
f 2494//5 2496//5 2495//5 2492//5
f 2498//5 2499//5 2496//5 2494//5
f 2370//1 2473//1 2474//1 2371//1
f 2399//1 2476//1 2477//1 2400//1
f 2398//2 2400//2 2477//2 2475//2
f 2406//4 2479//4 2478//4 2405//4
f 2478//6 2480//6 2407//6 2405//6
f 2413//2 2415//2 2483//2 2481//2
f 2482//6 2484//6 2416//6 2414//6
f 2398//1 2475//1 2478//1 2405//1
f 2407//4 2480//4 2477//4 2400//4
f 2399//2 2413//2 2481//2 2476//2
f 2477//6 2482//6 2414//6 2400//6
f 2370//2 2405//2 2478//2 2473//2
f 2461//4 2494//4 2493//4 2460//4
f 2458//2 2460//2 2493//2 2491//2
f 2466//1 2496//1 2497//1 2467//1
f 2495//6 2496//6 2466//6 2465//6
f 2472//4 2500//4 2499//4 2471//4
f 2459//1 2492//1 2495//1 2465//1
f 2471//4 2499//4 2498//4 2468//4
f 2461//2 2468//2 2498//2 2494//2
f 2364//2 2427//2 2428//2 2366//2
f 2352//3 2353//3 2422//3 2421//3
f 2349//3 2352//3 2421//3 2418//3
f 2349//2 2418//2 2427//2 2364//2
f 2389//3 2390//3 2444//3 2443//3
f 2386//2 2441//2 2444//2 2390//2
f 2411//2 2455//2 2458//2 2415//2
f 2416//6 2459//6 2456//6 2412//6
f 2448//5 2449//5 2394//5 2393//5
f 2444//5 2448//5 2393//5 2390//5
f 2389//2 2443//2 2455//2 2411//2
f 2412//6 2456//6 2444//6 2390//6
f 2366//2 2428//2 2441//2 2386//2
f 2491//5 2492//5 2484//5 2483//5
f 2488//2 2501//2 2502//2 2490//2
f 2415//2 2458//2 2491//2 2483//2
f 2484//6 2492//6 2459//6 2416//6
f 2335//2 2336//2 2420//2 2419//2
f 2337//2 2338//2 2426//2 2425//2
f 2336//2 2337//2 2425//2 2420//2
f 2339//2 2340//2 2438//2 2437//2
f 2341//2 2342//2 2440//2 2439//2
f 2340//2 2341//2 2439//2 2438//2
f 2338//2 2339//2 2437//2 2426//2
f 2343//2 2344//2 2504//2 2503//2
f 2342//2 2343//2 2503//2 2440//2
f 2505//1 2507//1 2508//1 2506//1
f 2510//3 2511//3 2513//3 2512//3
f 2517//1 2520//1 2521//1 2518//1
f 2519//6 2520//6 2517//6 2516//6
f 2522//3 2523//3 2525//3 2524//3
f 2526//3 2527//3 2529//3 2528//3
f 2531//6 2532//6 2529//6 2527//6
f 2535//5 2536//5 2534//5 2533//5
f 2535//1 2538//1 2539//1 2536//1
f 2537//6 2538//6 2535//6 2533//6
f 2546//5 2547//5 2545//5 2544//5
f 2550//5 2551//5 2549//5 2548//5
f 2552//6 2553//6 2550//6 2548//6
f 2514//1 2533//1 2534//1 2515//1
f 2540//6 2541//6 2520//6 2519//6
f 2530//1 2548//1 2549//1 2531//1
f 2549//6 2551//6 2532//6 2531//6
f 2512//3 2513//3 2523//3 2522//3
f 2544//5 2545//5 2539//5 2538//5
f 2539//6 2545//6 2542//6 2536//6
f 2517//3 2518//3 2527//3 2526//3
f 2530//5 2531//5 2521//5 2520//5
f 2521//6 2531//6 2527//6 2518//6
f 2511//3 2516//3 2517//3 2513//3
f 2511//1 2515//1 2519//1 2516//1
f 2523//3 2526//3 2528//3 2525//3
f 2536//5 2541//5 2540//5 2534//5
f 2547//5 2553//5 2552//5 2545//5
f 2542//1 2545//1 2552//1 2548//1
f 2550//4 2553//4 2547//4 2543//4
f 2513//3 2517//3 2526//3 2523//3
f 2542//5 2548//5 2541//5 2536//5
f 2515//1 2534//1 2540//1 2519//1
f 2541//6 2548//6 2530//6 2520//6
f 2505//3 2506//3 2511//3 2510//3
f 2514//5 2515//5 2508//5 2507//5
f 2508//6 2515//6 2511//6 2506//6
f 2509//6 2533//6 2514//6 2507//6
f 2554//3 2555//3 2557//3 2556//3
f 2559//3 2560//3 2562//3 2561//3
f 2565//5 2566//5 2564//5 2563//5
f 2562//4 2566//4 2565//4 2561//4
f 2564//6 2566//6 2562//6 2560//6
f 2568//4 2570//4 2569//4 2567//4
f 2578//5 2579//5 2577//5 2576//5
f 2575//4 2579//4 2578//4 2574//4
f 2577//6 2579//6 2575//6 2573//6
f 2564//4 2581//4 2580//4 2563//4
f 2580//6 2582//6 2565//6 2563//6
f 2570//4 2584//4 2583//4 2569//4
f 2556//3 2557//3 2568//3 2567//3
f 2583//5 2584//5 2575//5 2574//5
f 2565//6 2572//6 2571//6 2561//6
f 2555//3 2559//3 2561//3 2557//3
f 2571//4 2572//4 2570//4 2568//4
f 2575//5 2582//5 2580//5 2573//5
f 2557//3 2561//3 2571//3 2568//3
f 2570//5 2572//5 2565//5 2558//5
f 2565//4 2582//4 2575//4 2558//4
f 2575//6 2584//6 2570//6 2558//6
f 2524//3 2525//3 2555//3 2554//3
f 2576//5 2577//5 2547//5 2546//5
f 2547//6 2577//6 2573//6 2543//6
f 2528//3 2529//3 2560//3 2559//3
f 2532//6 2564//6 2560//6 2529//6
f 2580//5 2581//5 2551//5 2550//5
f 2525//3 2528//3 2559//3 2555//3
f 2573//5 2580//5 2550//5 2543//5
f 2551//6 2581//6 2564//6 2532//6
f 2598//3 2599//3 2601//3 2600//3
f 2604//3 2605//3 2607//3 2606//3
f 2604//1 2608//1 2609//1 2605//1
f 2609//6 2610//6 2607//6 2605//6
f 2616//6 2617//6 2615//6 2614//6
f 2596//1 2606//1 2607//1 2597//1
f 2604//6 2606//6 2596//6 2595//6
f 2614//6 2615//6 2603//6 2602//6
f 2596//3 2597//3 2599//3 2598//3
f 2612//6 2616//6 2614//6 2611//6
f 2599//3 2602//3 2603//3 2601//3
f 2607//1 2610//1 2612//1 2611//1
f 2607//3 2611//3 2614//3 2613//3
f 2599//1 2613//1 2614//1 2602//1
f 2607//6 2613//6 2599//6 2597//6
f 2622//1 2625//1 2626//1 2623//1
f 2631//6 2632//6 2630//6 2629//6
f 2635//5 2636//5 2634//5 2633//5
f 2637//3 2638//3 2640//3 2639//3
f 2637//1 2641//1 2642//1 2638//1
f 2640//4 2644//4 2643//4 2639//4
f 2642//6 2644//6 2640//6 2638//6
f 2651//5 2652//5 2650//5 2649//5
f 2645//1 2649//1 2650//1 2646//1
f 2648//4 2652//4 2651//4 2647//4
f 2645//2 2647//2 2651//2 2649//2
f 2654//1 2657//1 2658//1 2655//1
f 2656//6 2657//6 2654//6 2653//6
f 2660//2 2662//2 2666//2 2664//2
f 2665//6 2667//6 2663//6 2661//6
f 2625//1 2645//1 2646//1 2626//1
f 2628//4 2648//4 2647//4 2627//4
f 2625//2 2627//2 2647//2 2645//2
f 2653//6 2654//6 2632//6 2631//6
f 2641//1 2660//1 2661//1 2642//1
f 2641//2 2643//2 2662//2 2660//2
f 2661//6 2663//6 2644//6 2642//6
f 2633//5 2634//5 2628//5 2627//5
f 2632//6 2641//6 2637//6 2630//6
f 2654//3 2655//3 2661//3 2660//3
f 2654//2 2660//2 2664//2 2657//2
f 2658//6 2665//6 2661//6 2655//6
f 2623//3 2629//3 2630//3 2624//3
f 2623//1 2626//1 2631//1 2629//1
f 2636//5 2643//5 2641//5 2634//5
f 2646//1 2650//1 2656//1 2653//1
f 2654//4 2657//4 2652//4 2648//4
f 2659//5 2660//5 2654//5 2648//5
f 2626//1 2646//1 2653//1 2631//1
f 2641//4 2660//4 2659//4 2634//4
f 2628//2 2634//2 2659//2 2648//2
f 2654//6 2660//6 2641//6 2632//6
f 2608//1 2622//1 2623//1 2609//1
f 2623//6 2624//6 2610//6 2609//6
f 2637//6 2639//6 2617//6 2616//6
f 2610//1 2624//1 2630//1 2612//1
f 2630//6 2637//6 2616//6 2612//6
f 2620//3 2621//3 2650//3 2649//3
f 2620//6 2649//6 2645//6 2619//6
f 2619//6 2645//6 2625//6 2618//6
f 2670//3 2671//3 2673//3 2672//3
f 2679//4 2682//4 2681//4 2678//4
f 2680//6 2682//6 2679//6 2677//6
f 2673//4 2679//4 2678//4 2672//4
f 2677//6 2679//6 2673//6 2671//6
f 2680//3 2684//3 2685//3 2682//3
f 2683//4 2684//4 2680//4 2677//4
f 2674//4 2683//4 2677//4 2671//4
f 2695//5 2696//5 2694//5 2693//5
f 2692//4 2696//4 2695//4 2691//4
f 2699//6 2701//6 2698//6 2697//6
f 2706//1 2709//1 2710//1 2707//1
f 2705//2 2707//2 2710//2 2708//2
f 2714//3 2715//3 2717//3 2716//3
f 2712//4 2715//4 2714//4 2711//4
f 2714//6 2716//6 2713//6 2711//6
f 2719//4 2721//4 2720//4 2718//4
f 2695//1 2706//1 2707//1 2696//1
f 2694//2 2696//2 2707//2 2705//2
f 2700//4 2712//4 2711//4 2699//4
f 2711//6 2713//6 2701//6 2699//6
f 2704//4 2719//4 2718//4 2703//4
f 2695//3 2696//3 2704//3 2703//3
f 2695//6 2703//6 2702//6 2691//6
f 2710//6 2721//6 2719//6 2707//6
f 2698//4 2701//4 2696//4 2692//4
f 2705//1 2708//1 2714//1 2711//1
f 2713//4 2716//4 2710//4 2707//4
f 2710//3 2716//3 2722//3 2721//3
f 2694//1 2705//1 2711//1 2699//1
f 2701//4 2713//4 2707//4 2696//4
f 2707//6 2719//6 2704//6 2696//6
f 2682//4 2692//4 2691//4 2681//4
f 2697//6 2698//6 2685//6 2684//6
f 2685//4 2698//4 2692//4 2682//4
f 2691//6 2702//6 2686//6 2681//6
f 2733//5 2734//5 2732//5 2731//5
f 2737//6 2738//6 2736//6 2735//6
f 2731//5 2732//5 2730//5 2729//5
f 2727//5 2729//5 2728//5 2726//5
f 2739//6 2740//6 2738//6 2737//6
f 2725//5 2726//5 2724//5 2723//5
f 2746//5 2747//5 2745//5 2744//5
f 2748//5 2749//5 2743//5 2742//5
f 2743//5 2746//5 2744//5 2741//5
f 2749//5 2750//5 2746//5 2743//5
f 2620//1 2723//1 2724//1 2621//1
f 2650//4 2726//4 2725//4 2649//4
f 2650//2 2652//2 2727//2 2726//2
f 2657//1 2729//1 2730//1 2658//1
f 2728//6 2729//6 2657//6 2656//6
f 2664//2 2666//2 2733//2 2731//2
f 2732//6 2734//6 2667//6 2665//6
f 2650//1 2726//1 2728//1 2656//1
f 2657//4 2729//4 2727//4 2652//4
f 2657//2 2664//2 2731//2 2729//2
f 2730//6 2732//6 2665//6 2658//6
f 2724//6 2726//6 2650//6 2621//6
f 2709//1 2742//1 2743//1 2710//1
f 2708//2 2710//2 2743//2 2741//2
f 2717//4 2747//4 2746//4 2716//4
f 2745//6 2747//6 2717//6 2715//6
f 2721//4 2749//4 2748//4 2720//4
f 2708//1 2741//1 2744//1 2714//1
f 2722//4 2750//4 2749//4 2721//4
f 2746//6 2750//6 2722//6 2716//6
f 2600//3 2601//3 2671//3 2670//3
f 2617//6 2684//6 2683//6 2615//6
f 2601//3 2603//3 2674//3 2671//3
f 2615//6 2683//6 2674//6 2603//6
f 2693//5 2694//5 2636//5 2635//5
f 2643//3 2644//3 2700//3 2699//3
f 2643//6 2699//6 2697//6 2639//6
f 2662//2 2711//2 2714//2 2666//2
f 2667//6 2715//6 2712//6 2663//6
f 2694//5 2699//5 2643//5 2636//5
f 2643//2 2699//2 2711//2 2662//2
f 2663//6 2712//6 2700//6 2644//6
f 2639//6 2697//6 2684//6 2617//6
f 2744//5 2745//5 2734//5 2733//5
f 2740//6 2752//6 2751//6 2738//6
f 2666//2 2714//2 2744//2 2733//2
f 2734//6 2745//6 2715//6 2667//6
f 2668//6 2669//6 2586//6 2585//6
f 2675//6 2676//6 2588//6 2587//6
f 2669//6 2675//6 2587//6 2586//6
f 2687//6 2688//6 2590//6 2589//6
f 2689//6 2690//6 2592//6 2591//6
f 2688//6 2689//6 2591//6 2590//6
f 2676//6 2687//6 2589//6 2588//6
f 2753//6 2754//6 2594//6 2593//6
f 2690//6 2753//6 2593//6 2592//6
f 95//2 916//2 918//2 97//2
f 131//2 986//2 988//2 132//2
f 133//2 994//2 996//2 134//2
f 132//2 988//2 994//2 133//2
f 98//3 99//3 939//3 938//3
f 104//3 105//3 945//3 944//3
f 99//3 104//3 944//3 939//3
f 1002//5 1003//5 146//5 145//5
f 148//6 1005//6 1002//6 145//6
f 167//6 1023//6 1020//6 163//6
f 164//2 1021//2 1024//2 168//2
f 1008//5 1009//5 153//5 152//5
f 156//3 157//3 1011//3 1010//3
f 1003//5 1008//5 152//5 146//5
f 149//3 156//3 1010//3 1006//3
f 163//6 1020//6 1005//6 148//6
f 149//2 1006//2 1021//2 164//2
f 95//3 98//3 938//3 916//3
f 97//2 918//2 986//2 131//2
f 258//2 1173//2 1175//2 259//2
f 259//2 1175//2 1181//2 260//2
f 271//6 1192//6 1189//6 267//6
f 288//3 289//3 1205//3 1204//3
f 288//2 1204//2 1207//2 292//2
f 1194//5 1195//5 276//5 275//5
f 295//3 296//3 1211//3 1210//3
f 1190//5 1194//5 275//5 268//5
f 289//3 295//3 1210//3 1205//3
f 288//6 1204//6 1192//6 271//6
f 328//2 1254//2 1257//2 331//2
f 345//2 1272//2 1275//2 347//2
f 331//2 1257//2 1272//2 345//2
f 1181//5 1204//5 288//5 260//5
f 292//2 1207//2 1254//2 328//2
f 354//2 1407//2 1410//2 357//2
f 1428//5 1429//5 367//5 366//5
f 364//2 1426//2 1428//2 366//2
f 1432//5 1433//5 373//5 372//5
f 1429//5 1432//5 372//5 367//5
f 357//2 1410//2 1426//2 364//2
f 347//2 1275//2 1407//2 354//2
f 134//2 996//2 1173//2 258//2
f 267//6 1189//6 1023//6 167//6
f 168//2 1024//2 1190//2 268//2
f 468//3 469//3 1678//3 1677//3
f 474//3 475//3 1684//3 1683//3
f 469//3 474//3 1683//3 1678//3
f 1740//5 1741//5 514//5 513//5
f 517//3 518//3 1743//3 1742//3
f 1744//5 1745//5 522//5 521//5
f 522//2 1745//2 1748//2 525//2
f 541//6 1765//6 1762//6 537//6
f 538//2 1763//2 1766//2 542//2
f 1741//5 1744//5 521//5 514//5
f 518//3 524//3 1747//3 1743//3
f 537//6 1762//6 1747//6 524//6
f 525//2 1748//2 1763//2 538//2
f 482//6 1702//6 1700//6 480//6
f 545//6 1778//6 1776//6 544//6
f 547//6 1786//6 1784//6 546//6
f 546//6 1784//6 1778//6 545//6
f 475//3 480//3 1700//3 1684//3
f 544//6 1776//6 1702//6 482//6
f 1927//5 1928//5 638//5 637//5
f 658//3 659//3 1943//3 1942//3
f 644//2 1930//2 1932//2 648//2
f 664//3 665//3 1947//3 1946//3
f 668//6 1950//6 1947//6 665//6
f 1928//5 1929//5 643//5 638//5
f 659//3 664//3 1946//3 1943//3
f 648//2 1932//2 1947//2 665//2
f 708//6 2000//6 1997//6 705//6
f 720//6 2020//6 2017//6 718//6
f 718//6 2017//6 2000//6 708//6
f 670//6 1962//6 1960//6 669//6
f 671//6 1968//6 1962//6 670//6
f 1947//5 1968//5 671//5 665//5
f 705//6 1997//6 1950//6 668//6
f 2175//5 2176//5 740//5 739//5
f 734//6 2161//6 2158//6 731//6
f 2181//5 2182//5 746//5 745//5
f 746//6 2182//6 2179//6 744//6
f 2176//5 2181//5 745//5 740//5
f 744//6 2179//6 2161//6 734//6
f 731//6 2158//6 2020//6 720//6
f 643//6 1929//6 1765//6 541//6
f 542//2 1766//2 1930//2 644//2
f 669//6 1960//6 1786//6 547//6
f 4//1 6//1 376//1 374//1
f 18//3 386//3 388//3 20//3
f 18//1 22//1 390//1 386//1
f 28//3 396//3 398//3 30//3
f 9//3 380//3 383//3 12//3
f 9//1 20//1 388//1 380//1
f 383//4 396//4 28//4 12//4
f 36//3 404//3 406//3 38//3
f 45//3 414//3 416//3 47//3
f 412//4 414//4 45//4 43//4
f 38//3 406//3 412//3 43//3
f 53//1 55//1 423//1 421//1
f 55//1 65//1 433//1 423//1
f 30//3 398//3 404//3 36//3
f 22//1 53//1 421//1 390//1
f 89//3 459//3 461//3 91//3
f 91//3 461//3 465//3 94//3
f 107//3 470//3 472//3 109//3
f 105//1 109//1 472//1 468//1
f 119//3 487//3 489//3 121//3
f 140//3 503//3 505//3 142//3
f 153//5 513//5 511//5 151//5
f 511//4 515//4 155//4 151//4
f 169//3 530//3 531//3 170//3
f 174//5 534//5 532//5 172//5
f 142//3 505//3 511//3 151//3
f 515//4 530//4 169//4 155//4
f 157//1 170//1 531//1 517//1
f 121//3 489//3 503//3 140//3
f 465//4 487//4 119//4 94//4
f 107//1 151//1 511//1 470//1
f 47//3 416//3 459//3 89//3
f 178//1 180//1 550//1 548//1
f 184//1 186//1 556//1 554//1
f 180//1 184//1 554//1 550//1
f 204//5 572//5 570//5 202//5
f 568//4 572//4 204//4 200//4
f 214//5 582//5 580//5 212//5
f 210//1 212//1 580//1 578//1
f 210//5 578//5 568//5 200//5
f 230//5 598//5 596//5 228//5
f 238//5 606//5 604//5 236//5
f 236//5 604//5 598//5 230//5
f 228//5 596//5 582//5 214//5
f 238//1 241//1 612//1 606//1
f 635//4 639//4 278//4 274//4
f 294//3 656//3 658//3 296//3
f 298//5 660//5 649//5 285//5
f 639//4 656//4 294//4 278//4
f 304//5 674//5 672//5 302//5
f 311//5 680//5 678//5 309//5
f 311//1 313//1 682//1 680//1
f 309//5 678//5 674//5 304//5
f 325//5 691//5 689//5 323//5
f 687//4 691//4 325//4 321//4
f 333//1 335//1 701//1 699//1
f 341//1 343//1 711//1 709//1
f 325//3 691//3 701//3 335//3
f 325//1 341//1 709//1 691//1
f 323//5 689//5 682//5 313//5
f 649//4 687//4 321//4 285//4
f 298//1 333//1 699//1 660//1
f 359//1 361//1 727//1 725//1
f 371//5 737//5 735//5 369//5
f 371//1 373//1 739//1 737//1
f 359//5 725//5 721//5 351//5
f 361//1 369//1 735//1 727//1
f 302//5 672//5 612//5 241//5
f 343//1 351//1 721//1 711//1
f 4//3 374//3 433//3 65//3
f 202//5 570//5 556//5 186//5
f 6//1 178//1 548//1 376//1
f 532//4 635//4 274//4 172//4
f 174//1 276//1 637//1 534//1
f 750//3 1501//3 1503//3 752//3
f 761//3 1507//3 1509//3 763//3
f 769//3 1515//3 1517//3 771//3
f 763//3 1509//3 1515//3 769//3
f 780//1 783//1 1529//1 1526//1
f 796//1 800//1 1544//1 1540//1
f 788//3 1536//3 1544//3 800//3
f 783//1 796//1 1540//1 1529//1
f 830//5 1563//5 1561//5 828//5
f 840//5 1574//5 1572//5 838//5
f 838//5 1572//5 1563//5 830//5
f 752//3 1503//3 1507//3 761//3
f 828//5 1561//5 1546//5 802//5
f 750//1 780//1 1526//1 1501//1
f 848//3 1595//3 1597//3 850//3
f 855//3 1603//3 1605//3 857//3
f 850//3 1597//3 1603//3 855//3
f 1615//4 1617//4 879//4 877//4
f 889//5 1627//5 1625//5 887//5
f 903//5 1640//5 1638//5 901//5
f 1636//4 1640//4 903//4 899//4
f 901//5 1638//5 1627//5 889//5
f 1617//4 1636//4 899//4 879//4
f 903//3 1640//3 1658//3 908//3
f 1605//4 1615//4 877//4 857//4
f 933//3 1665//3 1667//3 935//3
f 931//1 935//1 1667//1 1663//1
f 949//5 1681//5 1679//5 947//5
f 953//5 1689//5 1681//5 949//5
f 933//1 945//1 1677//1 1665//1
f 975//3 1708//3 1710//3 977//3
f 983//3 1716//3 1718//3 985//3
f 977//3 1710//3 1716//3 983//3
f 1017//1 1019//1 1752//1 1750//1
f 1758//4 1760//4 1029//4 1027//4
f 1035//1 1037//1 1770//1 1768//1
f 1742//4 1758//4 1027//4 1011//4
f 1019//1 1035//1 1768//1 1752//1
f 937//3 1675//3 1708//3 975//3
f 1679//4 1740//4 1009//4 947//4
f 953//1 1017//1 1750//1 1689//1
f 1075//3 1808//3 1810//3 1077//3
f 1080//3 1816//3 1818//3 1081//3
f 1077//3 1810//3 1816//3 1080//3
f 1101//3 1836//3 1838//3 1103//3
f 1838//4 1840//4 1105//4 1103//4
f 1119//3 1854//3 1856//3 1121//3
f 1852//4 1854//4 1119//4 1117//4
f 1105//3 1840//3 1848//3 1109//3
f 1848//4 1852//4 1117//4 1109//4
f 1892//4 1894//4 1160//4 1158//4
f 1170//5 1902//5 1900//5 1168//5
f 1900//4 1904//4 1172//4 1168//4
f 1894//4 1902//4 1170//4 1160//4
f 1856//4 1892//4 1158//4 1121//4
f 771//3 1517//3 1595//3 848//3
f 887//5 1625//5 1574//5 840//5
f 985//3 1718//3 1808//3 1075//3
f 788//1 931//1 1663//1 1536//1
f 1546//4 1675//4 937//4 802//4
f 903//1 1081//1 1818//1 1640//1
f 1658//4 1836//4 1101//4 908//4
f 1201//1 1203//1 1936//1 1934//1
f 1942//4 1944//4 1213//4 1211//4
f 1219//1 1221//1 1954//1 1952//1
f 1203//1 1219//1 1952//1 1936//1
f 1992//4 1994//4 1263//4 1261//4
f 1269//1 1271//1 2004//1 2002//1
f 1282//3 2012//3 2014//3 1284//3
f 2010//4 2012//4 1282//4 1280//4
f 1290//1 1292//1 2025//1 2023//1
f 1994//4 2010//4 1280//4 1263//4
f 1271//1 1290//1 2023//1 2004//1
f 1944//4 1992//4 1261//4 1213//4
f 1221//1 1269//1 2002//1 1954//1
f 2079//4 2081//4 1344//4 1342//4
f 2087//4 2089//4 1352//4 1350//4
f 2081//4 2087//4 1350//4 1344//4
f 2123//4 2125//4 1385//4 1383//4
f 1401//5 2139//5 2137//5 1399//5
f 2135//4 2139//4 1401//4 1397//4
f 1389//5 2131//5 2123//5 1383//5
f 2125//4 2135//4 1397//4 1385//4
f 2089//4 2131//4 1389//4 1352//4
f 1425//5 2167//5 2165//5 1423//5
f 1435//5 2177//5 2175//5 1433//5
f 2185//4 2187//4 1443//4 1441//4
f 1413//3 2156//3 2163//3 1421//3
f 1443//5 2187//5 2177//5 1435//5
f 2165//4 2185//4 1441//4 1423//4
f 1459//5 2200//5 2198//5 1457//5
f 1467//5 2208//5 2206//5 1465//5
f 1465//5 2206//5 2200//5 1459//5
f 1457//5 2198//5 2167//5 1425//5
f 1483//5 2224//5 2222//5 1481//5
f 1495//5 2234//5 2232//5 1493//5
f 2230//4 2234//4 1495//4 1491//4
f 1493//5 2232//5 2224//5 1483//5
f 1500//5 2250//5 2230//5 1491//5
f 1481//5 2222//5 2208//5 1467//5
f 2014//4 2156//4 1413//4 1284//4
f 1292//1 1421//1 2163//1 2025//1
f 2137//4 2250//4 1500//4 1399//4
f 1760//4 1927//4 1195//4 1029//4
f 1037//1 1201//1 1934//1 1770//1
f 1904//4 2079//4 1342//4 1172//4
f 2256//1 2258//1 2507//1 2505//1
f 2258//1 2259//1 2509//1 2507//1
f 2267//3 2510//3 2512//3 2269//3
f 2280//3 2522//3 2524//3 2282//3
f 2291//5 2538//5 2537//5 2289//5
f 2286//1 2289//1 2537//1 2533//1
f 2303//5 2546//5 2544//5 2301//5
f 2269//3 2512//3 2522//3 2280//3
f 2301//5 2544//5 2538//5 2291//5
f 2256//3 2505//3 2510//3 2267//3
f 2286//5 2533//5 2509//5 2259//5
f 2313//3 2554//3 2556//3 2315//3
f 2567//4 2569//4 2322//4 2320//4
f 2332//5 2578//5 2576//5 2330//5
f 2574//4 2578//4 2332//4 2328//4
f 2315//3 2556//3 2567//3 2320//3
f 2334//5 2583//5 2574//5 2328//5
f 2569//4 2583//4 2334//4 2322//4
f 2335//3 2585//3 2586//3 2336//3
f 2337//3 2587//3 2588//3 2338//3
f 2336//3 2586//3 2587//3 2337//3
f 2339//3 2589//3 2590//3 2340//3
f 2341//3 2591//3 2592//3 2342//3
f 2340//3 2590//3 2591//3 2341//3
f 2338//3 2588//3 2589//3 2339//3
f 2282//3 2524//3 2554//3 2313//3
f 2330//5 2576//5 2546//5 2303//5
f 2343//3 2593//3 2594//3 2344//3
f 2345//3 2595//3 2596//3 2347//3
f 2351//3 2598//3 2600//3 2353//3
f 2357//1 2361//1 2608//1 2604//1
f 2347//3 2596//3 2598//3 2351//3
f 2345//1 2357//1 2604//1 2595//1
f 2369//1 2371//1 2620//1 2619//1
f 2368//1 2369//1 2619//1 2618//1
f 2382//5 2627//5 2625//5 2380//5
f 2377//1 2380//1 2625//1 2622//1
f 2394//5 2635//5 2633//5 2392//5
f 2645//4 2649//4 2406//4 2402//4
f 2392//5 2633//5 2627//5 2382//5
f 2625//4 2645//4 2402//4 2380//4
f 2368//3 2618//3 2625//3 2380//3
f 2361//1 2377//1 2622//1 2608//1
f 2420//5 2669//5 2668//5 2419//5
f 2422//3 2670//3 2672//3 2424//3
f 2426//5 2676//5 2675//5 2425//5
f 2678//4 2681//4 2435//4 2432//4
f 2425//5 2675//5 2669//5 2420//5
f 2435//3 2681//3 2686//3 2436//3
f 2672//4 2678//4 2432//4 2424//4
f 2438//5 2688//5 2687//5 2437//5
f 2440//5 2690//5 2689//5 2439//5
f 2439//5 2689//5 2688//5 2438//5
f 2451//5 2695//5 2693//5 2449//5
f 2702//4 2703//4 2454//4 2452//4
f 2464//1 2467//1 2709//1 2706//1
f 2718//4 2720//4 2472//4 2470//4
f 2451//1 2464//1 2706//1 2695//1
f 2703//4 2718//4 2470//4 2454//4
f 2437//5 2687//5 2676//5 2426//5
f 2686//4 2702//4 2452//4 2436//4
f 2485//3 2735//3 2736//3 2486//3
f 2485//1 2487//1 2737//1 2735//1
f 2736//4 2738//4 2488//4 2486//4
f 2490//5 2740//5 2739//5 2489//5
f 2479//5 2725//5 2723//5 2474//5
f 2487//1 2489//1 2739//1 2737//1
f 2500//5 2748//5 2742//5 2497//5
f 2751//4 2752//4 2502//4 2501//4
f 2353//3 2600//3 2670//3 2422//3
f 2449//5 2693//5 2635//5 2394//5
f 2488//3 2738//3 2751//3 2501//3
f 2502//5 2752//5 2740//5 2490//5
f 2371//1 2474//1 2723//1 2620//1
f 2649//4 2725//4 2479//4 2406//4
f 2467//1 2497//1 2742//1 2709//1
f 2720//4 2748//4 2500//4 2472//4
f 2504//5 2754//5 2753//5 2503//5
f 2342//3 2592//3 2593//3 2343//3
f 2503//5 2753//5 2690//5 2440//5
f 2335//1 2419//1 2668//1 2585//1
f 2594//4 2754//4 2504//4 2344//4
f 105//3 468//3 1677//3 945//3
f 1009//5 1740//5 513//5 153//5
f 157//3 517//3 1742//3 1011//3
f 1195//5 1927//5 637//5 276//5
f 296//3 658//3 1942//3 1211//3
f 1433//5 2175//5 739//5 373//5
