# Blender 5.1.2
# www.blender.org
mtllib exoidk.mtl
o RenderMesh_17249769058
v -0.272777 -0.058835 -0.176503
v -0.272777 -0.048138 -0.176503
v -0.262080 -0.058835 -0.176503
v -0.262080 -0.048138 -0.176503
v -0.283475 -0.026743 -0.176503
v -0.294172 -0.005349 -0.176503
v -0.283475 -0.016046 -0.176503
v -0.283475 -0.005349 -0.176503
v -0.272777 -0.037441 -0.176503
v -0.272777 -0.026743 -0.176503
v -0.262080 -0.037441 -0.176503
v -0.262080 -0.026743 -0.176503
v -0.272777 -0.016046 -0.176503
v -0.272777 -0.005349 -0.176503
v -0.262080 -0.016046 -0.176503
v -0.262080 -0.005349 -0.176503
v -0.251383 -0.069532 -0.176503
v -0.240686 -0.069532 -0.176503
v -0.251383 -0.058835 -0.176503
v -0.251383 -0.048138 -0.176503
v -0.240686 -0.058835 -0.176503
v -0.240686 -0.048138 -0.176503
v -0.229989 -0.080229 -0.176503
v -0.229989 -0.069532 -0.176503
v -0.219292 -0.080229 -0.176503
v -0.219292 -0.069532 -0.176503
v -0.229989 -0.058835 -0.176503
v -0.229989 -0.048138 -0.176503
v -0.219292 -0.058835 -0.176503
v -0.219292 -0.048138 -0.176503
v -0.251383 -0.037441 -0.176503
v -0.251383 -0.026743 -0.176503
v -0.240686 -0.037441 -0.176503
v -0.240686 -0.026743 -0.176503
v -0.251383 -0.016046 -0.176503
v -0.251383 -0.005349 -0.176503
v -0.240686 -0.016046 -0.176503
v -0.240686 -0.005349 -0.176503
v -0.229989 -0.037441 -0.176503
v -0.229989 -0.026743 -0.176503
v -0.219292 -0.037441 -0.176503
v -0.219292 -0.026743 -0.176503
v -0.229989 -0.016046 -0.176503
v -0.229989 -0.005349 -0.176503
v -0.219292 -0.016046 -0.176503
v -0.219292 -0.005349 -0.176503
v -0.208594 -0.080229 -0.176503
v -0.208594 -0.069532 -0.176503
v -0.197897 -0.080229 -0.176503
v -0.197897 -0.069532 -0.176503
v -0.208594 -0.058835 -0.176503
v -0.208594 -0.048138 -0.176503
v -0.197897 -0.058835 -0.176503
v -0.197897 -0.048138 -0.176503
v -0.187200 -0.080229 -0.176503
v -0.187200 -0.069532 -0.176503
v -0.176503 -0.069532 -0.176503
v -0.187200 -0.058835 -0.176503
v -0.187200 -0.048138 -0.176503
v -0.176503 -0.058835 -0.176503
v -0.176503 -0.048138 -0.176503
v -0.208594 -0.037441 -0.176503
v -0.208594 -0.026743 -0.176503
v -0.197897 -0.037441 -0.176503
v -0.197897 -0.026743 -0.176503
v -0.208594 -0.016046 -0.176503
v -0.208594 -0.005349 -0.176503
v -0.197897 -0.016046 -0.176503
v -0.197897 -0.005349 -0.176503
v -0.187200 -0.037441 -0.176503
v -0.187200 -0.026743 -0.176503
v -0.176503 -0.037441 -0.176503
v -0.176503 -0.026743 -0.176503
v -0.187200 -0.016046 -0.176503
v -0.187200 -0.005349 -0.176503
v -0.176503 -0.016046 -0.176503
v -0.176503 -0.005349 -0.176503
v -0.304869 -0.016046 -0.133714
v -0.304869 -0.005349 -0.144412
v -0.304869 -0.005349 -0.133714
v -0.304869 -0.016046 -0.123017
v -0.304869 -0.005349 -0.123017
v -0.283475 -0.069532 -0.133714
v -0.283475 -0.048138 -0.155109
v -0.294172 -0.048138 -0.133714
v -0.283475 -0.058835 -0.144412
v -0.283475 -0.058835 -0.133714
v -0.283475 -0.048138 -0.144412
v -0.283475 -0.048138 -0.133714
v -0.272777 -0.069532 -0.155109
v -0.262080 -0.069532 -0.165806
v -0.262080 -0.069532 -0.155109
v -0.272777 -0.080229 -0.133714
v -0.272777 -0.069532 -0.144412
v -0.272777 -0.069532 -0.133714
v -0.262080 -0.080229 -0.144412
v -0.262080 -0.080229 -0.133714
v -0.262080 -0.069532 -0.144412
v -0.262080 -0.069532 -0.133714
v -0.272777 -0.058835 -0.165806
v -0.272777 -0.058835 -0.155109
v -0.272777 -0.048138 -0.165806
v -0.272777 -0.048138 -0.155109
v -0.262080 -0.058835 -0.165806
v -0.262080 -0.058835 -0.155109
v -0.272777 -0.058835 -0.144412
v -0.272777 -0.058835 -0.133714
v -0.272777 -0.048138 -0.144412
v -0.283475 -0.069532 -0.123017
v -0.294172 -0.048138 -0.123017
v -0.283475 -0.058835 -0.123017
v -0.283475 -0.048138 -0.123017
v -0.272777 -0.080229 -0.123017
v -0.272777 -0.069532 -0.123017
v -0.262080 -0.080229 -0.123017
v -0.262080 -0.069532 -0.123017
v -0.272777 -0.058835 -0.123017
v -0.272777 -0.048138 -0.123017
v -0.262080 -0.058835 -0.123017
v -0.262080 -0.048138 -0.123017
v -0.294172 -0.026743 -0.155109
v -0.283475 -0.037441 -0.165806
v -0.283475 -0.037441 -0.155109
v -0.283475 -0.026743 -0.165806
v -0.283475 -0.026743 -0.155109
v -0.294172 -0.037441 -0.144412
v -0.294172 -0.037441 -0.133714
v -0.294172 -0.026743 -0.144412
v -0.294172 -0.026743 -0.133714
v -0.283475 -0.037441 -0.144412
v -0.283475 -0.037441 -0.133714
v -0.283475 -0.026743 -0.144412
v -0.294172 -0.016046 -0.165806
v -0.294172 -0.016046 -0.155109
v -0.294172 -0.005349 -0.165806
v -0.294172 -0.005349 -0.155109
v -0.283475 -0.016046 -0.165806
v -0.283475 -0.016046 -0.155109
v -0.283475 -0.005349 -0.165806
v -0.294172 -0.016046 -0.144412
v -0.294172 -0.016046 -0.133714
v -0.294172 -0.005349 -0.144412
v -0.294172 -0.005349 -0.133714
v -0.272777 -0.037441 -0.165806
v -0.272777 -0.037441 -0.155109
v -0.272777 -0.026743 -0.165806
v -0.294172 -0.037441 -0.123017
v -0.294172 -0.026743 -0.123017
v -0.283475 -0.037441 -0.123017
v -0.283475 -0.026743 -0.123017
v -0.294172 -0.016046 -0.123017
v -0.294172 -0.005349 -0.123017
v -0.283475 -0.016046 -0.123017
v -0.283475 -0.005349 -0.123017
v -0.272777 -0.037441 -0.123017
v -0.272777 -0.026743 -0.123017
v -0.262080 -0.037441 -0.123017
v -0.262080 -0.026743 -0.123017
v -0.272777 -0.016046 -0.123017
v -0.272777 -0.005349 -0.123017
v -0.262080 -0.016046 -0.123017
v -0.262080 -0.005349 -0.123017
v -0.240686 -0.090926 -0.133714
v -0.219292 -0.090926 -0.155109
v -0.229989 -0.090926 -0.144412
v -0.229989 -0.090926 -0.133714
v -0.219292 -0.101623 -0.133714
v -0.219292 -0.090926 -0.144412
v -0.219292 -0.090926 -0.133714
v -0.240686 -0.090926 -0.123017
v -0.229989 -0.090926 -0.123017
v -0.219292 -0.101623 -0.123017
v -0.219292 -0.090926 -0.123017
v -0.208594 -0.090926 -0.165806
v -0.208594 -0.090926 -0.155109
v -0.197897 -0.090926 -0.165806
v -0.197897 -0.090926 -0.155109
v -0.208594 -0.101623 -0.133714
v -0.208594 -0.090926 -0.144412
v -0.208594 -0.090926 -0.133714
v -0.197897 -0.101623 -0.133714
v -0.197897 -0.090926 -0.144412
v -0.197897 -0.090926 -0.133714
v -0.187200 -0.090926 -0.155109
v -0.187200 -0.090926 -0.144412
v -0.187200 -0.090926 -0.133714
v -0.176503 -0.090926 -0.144412
v -0.176503 -0.090926 -0.133714
v -0.208594 -0.101623 -0.123017
v -0.208594 -0.090926 -0.123017
v -0.197897 -0.101623 -0.123017
v -0.197897 -0.090926 -0.123017
v -0.187200 -0.090926 -0.123017
v -0.176503 -0.090926 -0.123017
v -0.251383 -0.080229 -0.155109
v -0.251383 -0.069532 -0.165806
v -0.251383 -0.069532 -0.155109
v -0.240686 -0.080229 -0.165806
v -0.240686 -0.080229 -0.155109
v -0.240686 -0.069532 -0.165806
v -0.240686 -0.069532 -0.155109
v -0.251383 -0.080229 -0.144412
v -0.251383 -0.080229 -0.133714
v -0.251383 -0.069532 -0.144412
v -0.240686 -0.080229 -0.144412
v -0.240686 -0.080229 -0.133714
v -0.251383 -0.058835 -0.165806
v -0.229989 -0.080229 -0.165806
v -0.229989 -0.080229 -0.155109
v -0.229989 -0.069532 -0.165806
v -0.219292 -0.080229 -0.165806
v -0.219292 -0.080229 -0.155109
v -0.229989 -0.080229 -0.144412
v -0.229989 -0.080229 -0.133714
v -0.219292 -0.080229 -0.144412
v -0.251383 -0.080229 -0.123017
v -0.251383 -0.069532 -0.123017
v -0.240686 -0.080229 -0.123017
v -0.240686 -0.069532 -0.123017
v -0.251383 -0.058835 -0.123017
v -0.251383 -0.048138 -0.123017
v -0.240686 -0.058835 -0.123017
v -0.240686 -0.048138 -0.123017
v -0.229989 -0.080229 -0.123017
v -0.229989 -0.069532 -0.123017
v -0.219292 -0.080229 -0.123017
v -0.219292 -0.069532 -0.123017
v -0.229989 -0.058835 -0.123017
v -0.229989 -0.048138 -0.123017
v -0.219292 -0.058835 -0.123017
v -0.219292 -0.048138 -0.123017
v -0.251383 -0.037441 -0.123017
v -0.251383 -0.026743 -0.123017
v -0.240686 -0.037441 -0.123017
v -0.240686 -0.026743 -0.123017
v -0.251383 -0.016046 -0.123017
v -0.251383 -0.005349 -0.123017
v -0.240686 -0.016046 -0.123017
v -0.240686 -0.005349 -0.123017
v -0.229989 -0.037441 -0.123017
v -0.229989 -0.026743 -0.123017
v -0.219292 -0.037441 -0.123017
v -0.219292 -0.026743 -0.123017
v -0.229989 -0.016046 -0.123017
v -0.229989 -0.005349 -0.123017
v -0.219292 -0.016046 -0.123017
v -0.219292 -0.005349 -0.123017
v -0.208594 -0.080229 -0.165806
v -0.208594 -0.080229 -0.155109
v -0.197897 -0.080229 -0.165806
v -0.197897 -0.080229 -0.155109
v -0.187200 -0.080229 -0.165806
v -0.187200 -0.080229 -0.155109
v -0.187200 -0.069532 -0.165806
v -0.176503 -0.080229 -0.165806
v -0.176503 -0.080229 -0.155109
v -0.176503 -0.069532 -0.165806
v -0.176503 -0.069532 -0.155109
v -0.187200 -0.080229 -0.144412
v -0.176503 -0.080229 -0.144412
v -0.176503 -0.080229 -0.133714
v -0.208594 -0.080229 -0.123017
v -0.208594 -0.069532 -0.123017
v -0.197897 -0.080229 -0.123017
v -0.197897 -0.069532 -0.123017
v -0.208594 -0.058835 -0.123017
v -0.208594 -0.048138 -0.123017
v -0.197897 -0.058835 -0.123017
v -0.197897 -0.048138 -0.123017
v -0.187200 -0.080229 -0.123017
v -0.187200 -0.069532 -0.123017
v -0.176503 -0.080229 -0.123017
v -0.176503 -0.069532 -0.123017
v -0.187200 -0.058835 -0.123017
v -0.187200 -0.048138 -0.123017
v -0.176503 -0.058835 -0.123017
v -0.176503 -0.048138 -0.123017
v -0.208594 -0.037441 -0.123017
v -0.208594 -0.026743 -0.123017
v -0.197897 -0.037441 -0.123017
v -0.197897 -0.026743 -0.123017
v -0.208594 -0.016046 -0.123017
v -0.208594 -0.005349 -0.123017
v -0.197897 -0.016046 -0.123017
v -0.197897 -0.005349 -0.123017
v -0.187200 -0.037441 -0.123017
v -0.187200 -0.026743 -0.123017
v -0.176503 -0.037441 -0.123017
v -0.176503 -0.026743 -0.123017
v -0.187200 -0.016046 -0.123017
v -0.187200 -0.005349 -0.123017
v -0.176503 -0.016046 -0.123017
v -0.176503 -0.005349 -0.123017
v -0.165806 -0.069532 -0.176503
v -0.155109 -0.069532 -0.176503
v -0.165806 -0.058835 -0.176503
v -0.165806 -0.048138 -0.176503
v -0.155109 -0.058835 -0.176503
v -0.155109 -0.048138 -0.176503
v -0.144412 -0.058835 -0.176503
v -0.144412 -0.048138 -0.176503
v -0.133714 -0.048138 -0.176503
v -0.165806 -0.037441 -0.176503
v -0.165806 -0.026743 -0.176503
v -0.155109 -0.037441 -0.176503
v -0.155109 -0.026743 -0.176503
v -0.165806 -0.016046 -0.176503
v -0.165806 -0.005349 -0.176503
v -0.155109 -0.016046 -0.176503
v -0.155109 -0.005349 -0.176503
v -0.144412 -0.037441 -0.176503
v -0.144412 -0.026743 -0.176503
v -0.133714 -0.037441 -0.176503
v -0.133714 -0.026743 -0.176503
v -0.144412 -0.016046 -0.176503
v -0.144412 -0.005349 -0.176503
v -0.133714 -0.016046 -0.176503
v -0.133714 -0.005349 -0.176503
v -0.123017 -0.016046 -0.176503
v -0.123017 -0.005349 -0.176503
v -0.165806 -0.090926 -0.133714
v -0.165806 -0.090926 -0.123017
v -0.165806 -0.080229 -0.155109
v -0.165806 -0.069532 -0.165806
v -0.165806 -0.069532 -0.155109
v -0.155109 -0.069532 -0.165806
v -0.155109 -0.069532 -0.155109
v -0.165806 -0.080229 -0.144412
v -0.165806 -0.080229 -0.133714
v -0.165806 -0.069532 -0.144412
v -0.155109 -0.080229 -0.144412
v -0.155109 -0.080229 -0.133714
v -0.155109 -0.069532 -0.144412
v -0.155109 -0.069532 -0.133714
v -0.155109 -0.058835 -0.165806
v -0.144412 -0.069532 -0.165806
v -0.144412 -0.069532 -0.155109
v -0.144412 -0.080229 -0.133714
v -0.144412 -0.069532 -0.144412
v -0.144412 -0.069532 -0.133714
v -0.133714 -0.069532 -0.144412
v -0.133714 -0.069532 -0.133714
v -0.144412 -0.058835 -0.165806
v -0.144412 -0.058835 -0.155109
v -0.144412 -0.048138 -0.165806
v -0.133714 -0.058835 -0.165806
v -0.133714 -0.058835 -0.155109
v -0.133714 -0.048138 -0.165806
v -0.133714 -0.048138 -0.155109
v -0.144412 -0.058835 -0.144412
v -0.133714 -0.058835 -0.144412
v -0.133714 -0.058835 -0.133714
v -0.133714 -0.048138 -0.144412
v -0.133714 -0.048138 -0.133714
v -0.165806 -0.080229 -0.123017
v -0.165806 -0.069532 -0.123017
v -0.155109 -0.080229 -0.123017
v -0.155109 -0.069532 -0.123017
v -0.165806 -0.058835 -0.123017
v -0.165806 -0.048138 -0.123017
v -0.155109 -0.058835 -0.123017
v -0.155109 -0.048138 -0.123017
v -0.144412 -0.080229 -0.123017
v -0.144412 -0.069532 -0.123017
v -0.133714 -0.069532 -0.123017
v -0.144412 -0.058835 -0.123017
v -0.144412 -0.048138 -0.123017
v -0.133714 -0.058835 -0.123017
v -0.133714 -0.048138 -0.123017
v -0.133714 -0.037441 -0.165806
v -0.133714 -0.037441 -0.155109
v -0.133714 -0.026743 -0.165806
v -0.133714 -0.026743 -0.155109
v -0.133714 -0.037441 -0.144412
v -0.133714 -0.016046 -0.165806
v -0.165806 -0.037441 -0.123017
v -0.165806 -0.026743 -0.123017
v -0.155109 -0.037441 -0.123017
v -0.155109 -0.026743 -0.123017
v -0.165806 -0.016046 -0.123017
v -0.165806 -0.005349 -0.123017
v -0.155109 -0.016046 -0.123017
v -0.155109 -0.005349 -0.123017
v -0.144412 -0.037441 -0.123017
v -0.144412 -0.026743 -0.123017
v -0.133714 -0.037441 -0.123017
v -0.133714 -0.026743 -0.123017
v -0.144412 -0.016046 -0.123017
v -0.144412 -0.005349 -0.123017
v -0.133714 -0.016046 -0.123017
v -0.133714 -0.005349 -0.123017
v -0.123017 -0.058835 -0.133714
v -0.123017 -0.048138 -0.144412
v -0.123017 -0.048138 -0.133714
v -0.123017 -0.058835 -0.123017
v -0.123017 -0.048138 -0.123017
v -0.123017 -0.037441 -0.155109
v -0.123017 -0.026743 -0.165806
v -0.123017 -0.026743 -0.155109
v -0.123017 -0.037441 -0.144412
v -0.123017 -0.037441 -0.133714
v -0.123017 -0.026743 -0.144412
v -0.123017 -0.026743 -0.133714
v -0.112320 -0.026743 -0.144412
v -0.112320 -0.026743 -0.133714
v -0.123017 -0.016046 -0.165806
v -0.123017 -0.016046 -0.155109
v -0.123017 -0.005349 -0.165806
v -0.123017 -0.005349 -0.155109
v -0.112320 -0.016046 -0.155109
v -0.112320 -0.005349 -0.165806
v -0.112320 -0.005349 -0.155109
v -0.123017 -0.016046 -0.144412
v -0.112320 -0.016046 -0.144412
v -0.112320 -0.016046 -0.133714
v -0.112320 -0.005349 -0.144412
v -0.112320 -0.005349 -0.133714
v -0.101623 -0.005349 -0.133714
v -0.123017 -0.037441 -0.123017
v -0.123017 -0.026743 -0.123017
v -0.112320 -0.026743 -0.123017
v -0.123017 -0.016046 -0.123017
v -0.123017 -0.005349 -0.123017
v -0.112320 -0.016046 -0.123017
v -0.112320 -0.005349 -0.123017
v -0.101623 -0.005349 -0.123017
v -0.304869 -0.016046 0.123017
v -0.304869 -0.005349 0.123017
v -0.304869 -0.016046 0.133714
v -0.304869 -0.005349 0.133714
v -0.304869 -0.005349 0.144412
v -0.283475 -0.069532 0.123017
v -0.294172 -0.048138 0.123017
v -0.283475 -0.058835 0.123017
v -0.283475 -0.048138 0.123017
v -0.272777 -0.080229 0.123017
v -0.272777 -0.069532 0.123017
v -0.262080 -0.080229 0.123017
v -0.262080 -0.069532 0.123017
v -0.272777 -0.058835 0.123017
v -0.272777 -0.048138 0.123017
v -0.262080 -0.058835 0.123017
v -0.262080 -0.048138 0.123017
v -0.283475 -0.069532 0.133714
v -0.294172 -0.048138 0.133714
v -0.283475 -0.058835 0.133714
v -0.283475 -0.058835 0.144412
v -0.283475 -0.048138 0.133714
v -0.283475 -0.048138 0.144412
v -0.283475 -0.048138 0.155109
v -0.272777 -0.080229 0.133714
v -0.272777 -0.069532 0.133714
v -0.272777 -0.069532 0.144412
v -0.262080 -0.080229 0.133714
v -0.262080 -0.080229 0.144412
v -0.262080 -0.069532 0.133714
v -0.262080 -0.069532 0.144412
v -0.272777 -0.069532 0.155109
v -0.262080 -0.069532 0.155109
v -0.262080 -0.069532 0.165806
v -0.272777 -0.058835 0.133714
v -0.272777 -0.058835 0.144412
v -0.272777 -0.048138 0.144412
v -0.272777 -0.058835 0.155109
v -0.272777 -0.058835 0.165806
v -0.272777 -0.048138 0.155109
v -0.272777 -0.048138 0.165806
v -0.262080 -0.058835 0.155109
v -0.262080 -0.058835 0.165806
v -0.294172 -0.037441 0.123017
v -0.294172 -0.026743 0.123017
v -0.283475 -0.037441 0.123017
v -0.283475 -0.026743 0.123017
v -0.294172 -0.016046 0.123017
v -0.294172 -0.005349 0.123017
v -0.283475 -0.016046 0.123017
v -0.283475 -0.005349 0.123017
v -0.272777 -0.037441 0.123017
v -0.272777 -0.026743 0.123017
v -0.262080 -0.037441 0.123017
v -0.262080 -0.026743 0.123017
v -0.272777 -0.016046 0.123017
v -0.272777 -0.005349 0.123017
v -0.262080 -0.016046 0.123017
v -0.262080 -0.005349 0.123017
v -0.294172 -0.037441 0.133714
v -0.294172 -0.037441 0.144412
v -0.294172 -0.026743 0.133714
v -0.294172 -0.026743 0.144412
v -0.283475 -0.037441 0.133714
v -0.283475 -0.037441 0.144412
v -0.283475 -0.026743 0.144412
v -0.294172 -0.026743 0.155109
v -0.283475 -0.037441 0.155109
v -0.283475 -0.037441 0.165806
v -0.283475 -0.026743 0.155109
v -0.283475 -0.026743 0.165806
v -0.294172 -0.016046 0.133714
v -0.294172 -0.016046 0.144412
v -0.294172 -0.005349 0.133714
v -0.294172 -0.005349 0.144412
v -0.294172 -0.016046 0.155109
v -0.294172 -0.016046 0.165806
v -0.294172 -0.005349 0.155109
v -0.294172 -0.005349 0.165806
v -0.283475 -0.016046 0.155109
v -0.283475 -0.016046 0.165806
v -0.283475 -0.005349 0.165806
v -0.272777 -0.037441 0.155109
v -0.272777 -0.037441 0.165806
v -0.272777 -0.026743 0.165806
v -0.240686 -0.090926 0.123017
v -0.229989 -0.090926 0.123017
v -0.219292 -0.101623 0.123017
v -0.219292 -0.090926 0.123017
v -0.240686 -0.090926 0.133714
v -0.229989 -0.090926 0.133714
v -0.229989 -0.090926 0.144412
v -0.219292 -0.101623 0.133714
v -0.219292 -0.090926 0.133714
v -0.219292 -0.090926 0.144412
v -0.219292 -0.090926 0.155109
v -0.208594 -0.101623 0.123017
v -0.208594 -0.090926 0.123017
v -0.197897 -0.101623 0.123017
v -0.197897 -0.090926 0.123017
v -0.187200 -0.090926 0.123017
v -0.176503 -0.090926 0.123017
v -0.208594 -0.101623 0.133714
v -0.208594 -0.090926 0.133714
v -0.208594 -0.090926 0.144412
v -0.197897 -0.101623 0.133714
v -0.197897 -0.090926 0.133714
v -0.197897 -0.090926 0.144412
v -0.208594 -0.090926 0.155109
v -0.208594 -0.090926 0.165806
v -0.197897 -0.090926 0.155109
v -0.197897 -0.090926 0.165806
v -0.187200 -0.090926 0.133714
v -0.187200 -0.090926 0.144412
v -0.176503 -0.090926 0.133714
v -0.176503 -0.090926 0.144412
v -0.187200 -0.090926 0.155109
v -0.251383 -0.080229 0.123017
v -0.251383 -0.069532 0.123017
v -0.240686 -0.080229 0.123017
v -0.240686 -0.069532 0.123017
v -0.251383 -0.058835 0.123017
v -0.251383 -0.048138 0.123017
v -0.240686 -0.058835 0.123017
v -0.240686 -0.048138 0.123017
v -0.229989 -0.080229 0.123017
v -0.229989 -0.069532 0.123017
v -0.219292 -0.080229 0.123017
v -0.219292 -0.069532 0.123017
v -0.229989 -0.058835 0.123017
v -0.229989 -0.048138 0.123017
v -0.219292 -0.058835 0.123017
v -0.219292 -0.048138 0.123017
v -0.251383 -0.080229 0.133714
v -0.251383 -0.080229 0.144412
v -0.251383 -0.069532 0.144412
v -0.240686 -0.080229 0.133714
v -0.240686 -0.080229 0.144412
v -0.251383 -0.080229 0.155109
v -0.251383 -0.069532 0.155109
v -0.251383 -0.069532 0.165806
v -0.240686 -0.080229 0.155109
v -0.240686 -0.080229 0.165806
v -0.240686 -0.069532 0.155109
v -0.240686 -0.069532 0.165806
v -0.251383 -0.058835 0.165806
v -0.229989 -0.080229 0.133714
v -0.229989 -0.080229 0.144412
v -0.219292 -0.080229 0.144412
v -0.229989 -0.080229 0.155109
v -0.229989 -0.080229 0.165806
v -0.229989 -0.069532 0.165806
v -0.219292 -0.080229 0.155109
v -0.219292 -0.080229 0.165806
v -0.251383 -0.037441 0.123017
v -0.251383 -0.026743 0.123017
v -0.240686 -0.037441 0.123017
v -0.240686 -0.026743 0.123017
v -0.251383 -0.016046 0.123017
v -0.251383 -0.005349 0.123017
v -0.240686 -0.016046 0.123017
v -0.240686 -0.005349 0.123017
v -0.229989 -0.037441 0.123017
v -0.229989 -0.026743 0.123017
v -0.219292 -0.037441 0.123017
v -0.219292 -0.026743 0.123017
v -0.229989 -0.016046 0.123017
v -0.229989 -0.005349 0.123017
v -0.219292 -0.016046 0.123017
v -0.219292 -0.005349 0.123017
v -0.208594 -0.080229 0.123017
v -0.208594 -0.069532 0.123017
v -0.197897 -0.080229 0.123017
v -0.197897 -0.069532 0.123017
v -0.208594 -0.058835 0.123017
v -0.208594 -0.048138 0.123017
v -0.197897 -0.058835 0.123017
v -0.197897 -0.048138 0.123017
v -0.187200 -0.080229 0.123017
v -0.187200 -0.069532 0.123017
v -0.176503 -0.080229 0.123017
v -0.176503 -0.069532 0.123017
v -0.187200 -0.058835 0.123017
v -0.187200 -0.048138 0.123017
v -0.176503 -0.058835 0.123017
v -0.176503 -0.048138 0.123017
v -0.208594 -0.080229 0.155109
v -0.208594 -0.080229 0.165806
v -0.197897 -0.080229 0.155109
v -0.197897 -0.080229 0.165806
v -0.187200 -0.080229 0.144412
v -0.176503 -0.080229 0.133714
v -0.176503 -0.080229 0.144412
v -0.187200 -0.080229 0.155109
v -0.187200 -0.080229 0.165806
v -0.187200 -0.069532 0.165806
v -0.176503 -0.080229 0.155109
v -0.176503 -0.080229 0.165806
v -0.176503 -0.069532 0.155109
v -0.176503 -0.069532 0.165806
v -0.208594 -0.037441 0.123017
v -0.208594 -0.026743 0.123017
v -0.197897 -0.037441 0.123017
v -0.197897 -0.026743 0.123017
v -0.208594 -0.016046 0.123017
v -0.208594 -0.005349 0.123017
v -0.197897 -0.016046 0.123017
v -0.197897 -0.005349 0.123017
v -0.187200 -0.037441 0.123017
v -0.187200 -0.026743 0.123017
v -0.176503 -0.037441 0.123017
v -0.176503 -0.026743 0.123017
v -0.187200 -0.016046 0.123017
v -0.187200 -0.005349 0.123017
v -0.176503 -0.016046 0.123017
v -0.176503 -0.005349 0.123017
v -0.272777 -0.058835 0.176503
v -0.272777 -0.048138 0.176503
v -0.262080 -0.058835 0.176503
v -0.262080 -0.048138 0.176503
v -0.283475 -0.026743 0.176503
v -0.294172 -0.005349 0.176503
v -0.283475 -0.016046 0.176503
v -0.283475 -0.005349 0.176503
v -0.272777 -0.037441 0.176503
v -0.272777 -0.026743 0.176503
v -0.262080 -0.037441 0.176503
v -0.262080 -0.026743 0.176503
v -0.272777 -0.016046 0.176503
v -0.272777 -0.005349 0.176503
v -0.262080 -0.016046 0.176503
v -0.262080 -0.005349 0.176503
v -0.251383 -0.069532 0.176503
v -0.240686 -0.069532 0.176503
v -0.251383 -0.058835 0.176503
v -0.251383 -0.048138 0.176503
v -0.240686 -0.058835 0.176503
v -0.240686 -0.048138 0.176503
v -0.229989 -0.080229 0.176503
v -0.229989 -0.069532 0.176503
v -0.219292 -0.080229 0.176503
v -0.219292 -0.069532 0.176503
v -0.229989 -0.058835 0.176503
v -0.229989 -0.048138 0.176503
v -0.219292 -0.058835 0.176503
v -0.219292 -0.048138 0.176503
v -0.251383 -0.037441 0.176503
v -0.251383 -0.026743 0.176503
v -0.240686 -0.037441 0.176503
v -0.240686 -0.026743 0.176503
v -0.251383 -0.016046 0.176503
v -0.251383 -0.005349 0.176503
v -0.240686 -0.016046 0.176503
v -0.240686 -0.005349 0.176503
v -0.229989 -0.037441 0.176503
v -0.229989 -0.026743 0.176503
v -0.219292 -0.037441 0.176503
v -0.219292 -0.026743 0.176503
v -0.229989 -0.016046 0.176503
v -0.229989 -0.005349 0.176503
v -0.219292 -0.016046 0.176503
v -0.219292 -0.005349 0.176503
v -0.208594 -0.080229 0.176503
v -0.208594 -0.069532 0.176503
v -0.197897 -0.080229 0.176503
v -0.197897 -0.069532 0.176503
v -0.208594 -0.058835 0.176503
v -0.208594 -0.048138 0.176503
v -0.197897 -0.058835 0.176503
v -0.197897 -0.048138 0.176503
v -0.187200 -0.080229 0.176503
v -0.187200 -0.069532 0.176503
v -0.176503 -0.069532 0.176503
v -0.187200 -0.058835 0.176503
v -0.187200 -0.048138 0.176503
v -0.176503 -0.058835 0.176503
v -0.176503 -0.048138 0.176503
v -0.208594 -0.037441 0.176503
v -0.208594 -0.026743 0.176503
v -0.197897 -0.037441 0.176503
v -0.197897 -0.026743 0.176503
v -0.208594 -0.016046 0.176503
v -0.208594 -0.005349 0.176503
v -0.197897 -0.016046 0.176503
v -0.197897 -0.005349 0.176503
v -0.187200 -0.037441 0.176503
v -0.187200 -0.026743 0.176503
v -0.176503 -0.037441 0.176503
v -0.176503 -0.026743 0.176503
v -0.187200 -0.016046 0.176503
v -0.187200 -0.005349 0.176503
v -0.176503 -0.016046 0.176503
v -0.176503 -0.005349 0.176503
v -0.165806 -0.090926 0.123017
v -0.165806 -0.090926 0.133714
v -0.165806 -0.080229 0.123017
v -0.165806 -0.069532 0.123017
v -0.155109 -0.080229 0.123017
v -0.155109 -0.069532 0.123017
v -0.165806 -0.058835 0.123017
v -0.165806 -0.048138 0.123017
v -0.155109 -0.058835 0.123017
v -0.155109 -0.048138 0.123017
v -0.144412 -0.080229 0.123017
v -0.144412 -0.069532 0.123017
v -0.133714 -0.069532 0.123017
v -0.144412 -0.058835 0.123017
v -0.144412 -0.048138 0.123017
v -0.133714 -0.058835 0.123017
v -0.133714 -0.048138 0.123017
v -0.165806 -0.080229 0.133714
v -0.165806 -0.080229 0.144412
v -0.165806 -0.069532 0.144412
v -0.155109 -0.080229 0.133714
v -0.155109 -0.080229 0.144412
v -0.155109 -0.069532 0.133714
v -0.155109 -0.069532 0.144412
v -0.165806 -0.080229 0.155109
v -0.165806 -0.069532 0.155109
v -0.165806 -0.069532 0.165806
v -0.155109 -0.069532 0.155109
v -0.155109 -0.069532 0.165806
v -0.155109 -0.058835 0.165806
v -0.144412 -0.080229 0.133714
v -0.144412 -0.069532 0.133714
v -0.144412 -0.069532 0.144412
v -0.133714 -0.069532 0.133714
v -0.133714 -0.069532 0.144412
v -0.144412 -0.069532 0.155109
v -0.144412 -0.069532 0.165806
v -0.144412 -0.058835 0.144412
v -0.133714 -0.058835 0.133714
v -0.133714 -0.058835 0.144412
v -0.133714 -0.048138 0.133714
v -0.133714 -0.048138 0.144412
v -0.144412 -0.058835 0.155109
v -0.144412 -0.058835 0.165806
v -0.144412 -0.048138 0.165806
v -0.133714 -0.058835 0.155109
v -0.133714 -0.058835 0.165806
v -0.133714 -0.048138 0.155109
v -0.133714 -0.048138 0.165806
v -0.165806 -0.037441 0.123017
v -0.165806 -0.026743 0.123017
v -0.155109 -0.037441 0.123017
v -0.155109 -0.026743 0.123017
v -0.165806 -0.016046 0.123017
v -0.165806 -0.005349 0.123017
v -0.155109 -0.016046 0.123017
v -0.155109 -0.005349 0.123017
v -0.144412 -0.037441 0.123017
v -0.144412 -0.026743 0.123017
v -0.133714 -0.037441 0.123017
v -0.133714 -0.026743 0.123017
v -0.144412 -0.016046 0.123017
v -0.144412 -0.005349 0.123017
v -0.133714 -0.016046 0.123017
v -0.133714 -0.005349 0.123017
v -0.133714 -0.037441 0.144412
v -0.133714 -0.037441 0.155109
v -0.133714 -0.037441 0.165806
v -0.133714 -0.026743 0.155109
v -0.133714 -0.026743 0.165806
v -0.133714 -0.016046 0.165806
v -0.123017 -0.058835 0.123017
v -0.123017 -0.048138 0.123017
v -0.123017 -0.058835 0.133714
v -0.123017 -0.048138 0.133714
v -0.123017 -0.048138 0.144412
v -0.123017 -0.037441 0.123017
v -0.123017 -0.026743 0.123017
v -0.112320 -0.026743 0.123017
v -0.123017 -0.016046 0.123017
v -0.123017 -0.005349 0.123017
v -0.112320 -0.016046 0.123017
v -0.112320 -0.005349 0.123017
v -0.101623 -0.005349 0.123017
v -0.123017 -0.037441 0.133714
v -0.123017 -0.037441 0.144412
v -0.123017 -0.026743 0.133714
v -0.123017 -0.026743 0.144412
v -0.112320 -0.026743 0.133714
v -0.112320 -0.026743 0.144412
v -0.123017 -0.037441 0.155109
v -0.123017 -0.026743 0.155109
v -0.123017 -0.026743 0.165806
v -0.123017 -0.016046 0.144412
v -0.112320 -0.016046 0.133714
v -0.112320 -0.016046 0.144412
v -0.112320 -0.005349 0.133714
v -0.112320 -0.005349 0.144412
v -0.123017 -0.016046 0.155109
v -0.123017 -0.016046 0.165806
v -0.123017 -0.005349 0.155109
v -0.123017 -0.005349 0.165806
v -0.112320 -0.016046 0.155109
v -0.112320 -0.005349 0.155109
v -0.112320 -0.005349 0.165806
v -0.101623 -0.005349 0.133714
v -0.165806 -0.069532 0.176503
v -0.155109 -0.069532 0.176503
v -0.165806 -0.058835 0.176503
v -0.165806 -0.048138 0.176503
v -0.155109 -0.058835 0.176503
v -0.155109 -0.048138 0.176503
v -0.144412 -0.058835 0.176503
v -0.144412 -0.048138 0.176503
v -0.133714 -0.048138 0.176503
v -0.165806 -0.037441 0.176503
v -0.165806 -0.026743 0.176503
v -0.155109 -0.037441 0.176503
v -0.155109 -0.026743 0.176503
v -0.165806 -0.016046 0.176503
v -0.165806 -0.005349 0.176503
v -0.155109 -0.016046 0.176503
v -0.155109 -0.005349 0.176503
v -0.144412 -0.037441 0.176503
v -0.144412 -0.026743 0.176503
v -0.133714 -0.037441 0.176503
v -0.133714 -0.026743 0.176503
v -0.144412 -0.016046 0.176503
v -0.144412 -0.005349 0.176503
v -0.133714 -0.016046 0.176503
v -0.133714 -0.005349 0.176503
v -0.123017 -0.016046 0.176503
v -0.123017 -0.005349 0.176503
v -0.294172 0.005348 -0.176503
v -0.283475 0.005348 -0.176503
v -0.283475 0.016045 -0.176503
v -0.283475 0.026742 -0.176503
v -0.272777 0.005348 -0.176503
v -0.272777 0.016045 -0.176503
v -0.262080 0.005348 -0.176503
v -0.262080 0.016045 -0.176503
v -0.272777 0.026742 -0.176503
v -0.272777 0.037440 -0.176503
v -0.262080 0.026742 -0.176503
v -0.262080 0.037440 -0.176503
v -0.272777 0.048137 -0.176503
v -0.272777 0.058834 -0.176503
v -0.262080 0.048137 -0.176503
v -0.262080 0.058834 -0.176503
v -0.251383 0.005348 -0.176503
v -0.251383 0.016045 -0.176503
v -0.240686 0.005348 -0.176503
v -0.240686 0.016045 -0.176503
v -0.251383 0.026742 -0.176503
v -0.251383 0.037440 -0.176503
v -0.240686 0.026742 -0.176503
v -0.240686 0.037440 -0.176503
v -0.229989 0.005348 -0.176503
v -0.229989 0.016045 -0.176503
v -0.219292 0.005348 -0.176503
v -0.219292 0.016045 -0.176503
v -0.229989 0.026742 -0.176503
v -0.229989 0.037440 -0.176503
v -0.219292 0.026742 -0.176503
v -0.219292 0.037440 -0.176503
v -0.251383 0.048137 -0.176503
v -0.251383 0.058834 -0.176503
v -0.240686 0.048137 -0.176503
v -0.240686 0.058834 -0.176503
v -0.251383 0.069531 -0.176503
v -0.240686 0.069531 -0.176503
v -0.229989 0.048137 -0.176503
v -0.229989 0.058834 -0.176503
v -0.219292 0.048137 -0.176503
v -0.219292 0.058834 -0.176503
v -0.229989 0.069531 -0.176503
v -0.229989 0.080228 -0.176503
v -0.219292 0.069531 -0.176503
v -0.219292 0.080228 -0.176503
v -0.208594 0.005348 -0.176503
v -0.208594 0.016045 -0.176503
v -0.197897 0.005348 -0.176503
v -0.197897 0.016045 -0.176503
v -0.208594 0.026742 -0.176503
v -0.208594 0.037440 -0.176503
v -0.197897 0.026742 -0.176503
v -0.197897 0.037440 -0.176503
v -0.187200 0.005348 -0.176503
v -0.187200 0.016045 -0.176503
v -0.176503 0.005348 -0.176503
v -0.176503 0.016045 -0.176503
v -0.187200 0.026742 -0.176503
v -0.187200 0.037440 -0.176503
v -0.176503 0.026742 -0.176503
v -0.176503 0.037440 -0.176503
v -0.208594 0.048137 -0.176503
v -0.208594 0.058834 -0.176503
v -0.197897 0.048137 -0.176503
v -0.197897 0.058834 -0.176503
v -0.208594 0.069531 -0.176503
v -0.208594 0.080228 -0.176503
v -0.197897 0.069531 -0.176503
v -0.197897 0.080228 -0.176503
v -0.187200 0.048137 -0.176503
v -0.187200 0.058834 -0.176503
v -0.176503 0.048137 -0.176503
v -0.176503 0.058834 -0.176503
v -0.187200 0.069531 -0.176503
v -0.187200 0.080228 -0.176503
v -0.176503 0.069531 -0.176503
v -0.304869 0.005348 -0.144412
v -0.304869 0.005348 -0.133714
v -0.304869 0.016045 -0.133714
v -0.304869 0.005348 -0.123017
v -0.304869 0.016045 -0.123017
v -0.294172 0.005348 -0.165806
v -0.294172 0.005348 -0.155109
v -0.294172 0.016045 -0.165806
v -0.294172 0.016045 -0.155109
v -0.283475 0.005348 -0.165806
v -0.283475 0.016045 -0.165806
v -0.283475 0.016045 -0.155109
v -0.294172 0.005348 -0.144412
v -0.294172 0.005348 -0.133714
v -0.294172 0.016045 -0.144412
v -0.294172 0.016045 -0.133714
v -0.294172 0.026742 -0.155109
v -0.283475 0.026742 -0.165806
v -0.283475 0.026742 -0.155109
v -0.283475 0.037440 -0.165806
v -0.283475 0.037440 -0.155109
v -0.294172 0.026742 -0.144412
v -0.294172 0.026742 -0.133714
v -0.294172 0.037440 -0.144412
v -0.294172 0.037440 -0.133714
v -0.283475 0.026742 -0.144412
v -0.283475 0.037440 -0.144412
v -0.283475 0.037440 -0.133714
v -0.272777 0.026742 -0.165806
v -0.272777 0.037440 -0.165806
v -0.272777 0.037440 -0.155109
v -0.294172 0.005348 -0.123017
v -0.294172 0.016045 -0.123017
v -0.283475 0.005348 -0.123017
v -0.283475 0.016045 -0.123017
v -0.294172 0.026742 -0.123017
v -0.294172 0.037440 -0.123017
v -0.283475 0.026742 -0.123017
v -0.283475 0.037440 -0.123017
v -0.272777 0.005348 -0.123017
v -0.272777 0.016045 -0.123017
v -0.262080 0.005348 -0.123017
v -0.262080 0.016045 -0.123017
v -0.272777 0.026742 -0.123017
v -0.272777 0.037440 -0.123017
v -0.262080 0.026742 -0.123017
v -0.262080 0.037440 -0.123017
v -0.283475 0.048137 -0.155109
v -0.294172 0.048137 -0.133714
v -0.283475 0.048137 -0.144412
v -0.283475 0.048137 -0.133714
v -0.283475 0.058834 -0.144412
v -0.283475 0.058834 -0.133714
v -0.283475 0.069531 -0.133714
v -0.272777 0.048137 -0.165806
v -0.272777 0.048137 -0.155109
v -0.272777 0.058834 -0.165806
v -0.272777 0.058834 -0.155109
v -0.262080 0.058834 -0.165806
v -0.262080 0.058834 -0.155109
v -0.272777 0.048137 -0.144412
v -0.272777 0.058834 -0.144412
v -0.272777 0.058834 -0.133714
v -0.272777 0.069531 -0.155109
v -0.262080 0.069531 -0.165806
v -0.262080 0.069531 -0.155109
v -0.272777 0.069531 -0.144412
v -0.272777 0.069531 -0.133714
v -0.272777 0.080228 -0.133714
v -0.262080 0.069531 -0.144412
v -0.262080 0.069531 -0.133714
v -0.262080 0.080228 -0.144412
v -0.262080 0.080228 -0.133714
v -0.294172 0.048137 -0.123017
v -0.283475 0.048137 -0.123017
v -0.283475 0.058834 -0.123017
v -0.283475 0.069531 -0.123017
v -0.272777 0.048137 -0.123017
v -0.272777 0.058834 -0.123017
v -0.262080 0.048137 -0.123017
v -0.262080 0.058834 -0.123017
v -0.272777 0.069531 -0.123017
v -0.272777 0.080228 -0.123017
v -0.262080 0.069531 -0.123017
v -0.262080 0.080228 -0.123017
v -0.251383 0.005348 -0.123017
v -0.251383 0.016045 -0.123017
v -0.240686 0.005348 -0.123017
v -0.240686 0.016045 -0.123017
v -0.251383 0.026742 -0.123017
v -0.251383 0.037440 -0.123017
v -0.240686 0.026742 -0.123017
v -0.240686 0.037440 -0.123017
v -0.229989 0.005348 -0.123017
v -0.229989 0.016045 -0.123017
v -0.219292 0.005348 -0.123017
v -0.219292 0.016045 -0.123017
v -0.229989 0.026742 -0.123017
v -0.229989 0.037440 -0.123017
v -0.219292 0.026742 -0.123017
v -0.219292 0.037440 -0.123017
v -0.251383 0.058834 -0.165806
v -0.251383 0.069531 -0.165806
v -0.251383 0.069531 -0.155109
v -0.251383 0.080228 -0.155109
v -0.240686 0.069531 -0.165806
v -0.240686 0.069531 -0.155109
v -0.240686 0.080228 -0.165806
v -0.240686 0.080228 -0.155109
v -0.251383 0.069531 -0.144412
v -0.251383 0.080228 -0.144412
v -0.251383 0.080228 -0.133714
v -0.240686 0.080228 -0.144412
v -0.240686 0.080228 -0.133714
v -0.229989 0.069531 -0.165806
v -0.229989 0.080228 -0.165806
v -0.229989 0.080228 -0.155109
v -0.219292 0.080228 -0.165806
v -0.219292 0.080228 -0.155109
v -0.229989 0.080228 -0.144412
v -0.229989 0.080228 -0.133714
v -0.219292 0.080228 -0.144412
v -0.251383 0.048137 -0.123017
v -0.251383 0.058834 -0.123017
v -0.240686 0.048137 -0.123017
v -0.240686 0.058834 -0.123017
v -0.251383 0.069531 -0.123017
v -0.251383 0.080228 -0.123017
v -0.240686 0.069531 -0.123017
v -0.240686 0.080228 -0.123017
v -0.229989 0.048137 -0.123017
v -0.229989 0.058834 -0.123017
v -0.219292 0.048137 -0.123017
v -0.219292 0.058834 -0.123017
v -0.229989 0.069531 -0.123017
v -0.229989 0.080228 -0.123017
v -0.219292 0.069531 -0.123017
v -0.219292 0.080228 -0.123017
v -0.208594 0.005348 -0.123017
v -0.208594 0.016045 -0.123017
v -0.197897 0.005348 -0.123017
v -0.197897 0.016045 -0.123017
v -0.208594 0.026742 -0.123017
v -0.208594 0.037440 -0.123017
v -0.197897 0.026742 -0.123017
v -0.197897 0.037440 -0.123017
v -0.187200 0.005348 -0.123017
v -0.187200 0.016045 -0.123017
v -0.176503 0.005348 -0.123017
v -0.176503 0.016045 -0.123017
v -0.187200 0.026742 -0.123017
v -0.187200 0.037440 -0.123017
v -0.176503 0.026742 -0.123017
v -0.176503 0.037440 -0.123017
v -0.208594 0.080228 -0.165806
v -0.208594 0.080228 -0.155109
v -0.197897 0.080228 -0.165806
v -0.197897 0.080228 -0.155109
v -0.187200 0.069531 -0.165806
v -0.187200 0.080228 -0.165806
v -0.187200 0.080228 -0.155109
v -0.176503 0.069531 -0.165806
v -0.176503 0.069531 -0.155109
v -0.176503 0.080228 -0.165806
v -0.176503 0.080228 -0.155109
v -0.187200 0.080228 -0.144412
v -0.176503 0.080228 -0.144412
v -0.176503 0.080228 -0.133714
v -0.208594 0.048137 -0.123017
v -0.208594 0.058834 -0.123017
v -0.197897 0.048137 -0.123017
v -0.197897 0.058834 -0.123017
v -0.208594 0.069531 -0.123017
v -0.208594 0.080228 -0.123017
v -0.197897 0.069531 -0.123017
v -0.197897 0.080228 -0.123017
v -0.187200 0.048137 -0.123017
v -0.187200 0.058834 -0.123017
v -0.176503 0.048137 -0.123017
v -0.176503 0.058834 -0.123017
v -0.187200 0.069531 -0.123017
v -0.187200 0.080228 -0.123017
v -0.176503 0.069531 -0.123017
v -0.176503 0.080228 -0.123017
v -0.240686 0.090925 -0.133714
v -0.219292 0.090925 -0.155109
v -0.229989 0.090925 -0.144412
v -0.229989 0.090925 -0.133714
v -0.219292 0.090925 -0.144412
v -0.219292 0.090925 -0.133714
v -0.219292 0.101622 -0.133714
v -0.240686 0.090925 -0.123017
v -0.229989 0.090925 -0.123017
v -0.219292 0.090925 -0.123017
v -0.219292 0.101622 -0.123017
v -0.208594 0.090925 -0.165806
v -0.208594 0.090925 -0.155109
v -0.197897 0.090925 -0.165806
v -0.197897 0.090925 -0.155109
v -0.208594 0.090925 -0.144412
v -0.208594 0.090925 -0.133714
v -0.208594 0.101622 -0.133714
v -0.197897 0.090925 -0.144412
v -0.197897 0.090925 -0.133714
v -0.197897 0.101622 -0.133714
v -0.187200 0.090925 -0.155109
v -0.187200 0.090925 -0.144412
v -0.187200 0.090925 -0.133714
v -0.176503 0.090925 -0.144412
v -0.176503 0.090925 -0.133714
v -0.208594 0.090925 -0.123017
v -0.208594 0.101622 -0.123017
v -0.197897 0.090925 -0.123017
v -0.197897 0.101622 -0.123017
v -0.187200 0.090925 -0.123017
v -0.176503 0.090925 -0.123017
v -0.165806 0.005348 -0.176503
v -0.165806 0.016045 -0.176503
v -0.155109 0.005348 -0.176503
v -0.155109 0.016045 -0.176503
v -0.165806 0.026742 -0.176503
v -0.165806 0.037440 -0.176503
v -0.155109 0.026742 -0.176503
v -0.155109 0.037440 -0.176503
v -0.144412 0.005348 -0.176503
v -0.144412 0.016045 -0.176503
v -0.133714 0.005348 -0.176503
v -0.133714 0.016045 -0.176503
v -0.144412 0.026742 -0.176503
v -0.144412 0.037440 -0.176503
v -0.133714 0.026742 -0.176503
v -0.133714 0.037440 -0.176503
v -0.165806 0.048137 -0.176503
v -0.165806 0.058834 -0.176503
v -0.155109 0.048137 -0.176503
v -0.155109 0.058834 -0.176503
v -0.165806 0.069531 -0.176503
v -0.155109 0.069531 -0.176503
v -0.144412 0.048137 -0.176503
v -0.144412 0.058834 -0.176503
v -0.133714 0.048137 -0.176503
v -0.123017 0.005348 -0.176503
v -0.123017 0.016045 -0.176503
v -0.133714 0.016045 -0.165806
v -0.133714 0.026742 -0.165806
v -0.133714 0.026742 -0.155109
v -0.133714 0.037440 -0.165806
v -0.133714 0.037440 -0.155109
v -0.133714 0.037440 -0.144412
v -0.165806 0.005348 -0.123017
v -0.165806 0.016045 -0.123017
v -0.155109 0.005348 -0.123017
v -0.155109 0.016045 -0.123017
v -0.165806 0.026742 -0.123017
v -0.165806 0.037440 -0.123017
v -0.155109 0.026742 -0.123017
v -0.155109 0.037440 -0.123017
v -0.144412 0.005348 -0.123017
v -0.144412 0.016045 -0.123017
v -0.133714 0.005348 -0.123017
v -0.133714 0.016045 -0.123017
v -0.144412 0.026742 -0.123017
v -0.144412 0.037440 -0.123017
v -0.133714 0.026742 -0.123017
v -0.133714 0.037440 -0.123017
v -0.155109 0.058834 -0.165806
v -0.165806 0.069531 -0.165806
v -0.165806 0.069531 -0.155109
v -0.165806 0.080228 -0.155109
v -0.155109 0.069531 -0.165806
v -0.155109 0.069531 -0.155109
v -0.165806 0.069531 -0.144412
v -0.165806 0.080228 -0.144412
v -0.165806 0.080228 -0.133714
v -0.155109 0.069531 -0.144412
v -0.155109 0.069531 -0.133714
v -0.155109 0.080228 -0.144412
v -0.155109 0.080228 -0.133714
v -0.144412 0.048137 -0.165806
v -0.144412 0.058834 -0.165806
v -0.144412 0.058834 -0.155109
v -0.133714 0.048137 -0.165806
v -0.133714 0.048137 -0.155109
v -0.133714 0.058834 -0.165806
v -0.133714 0.058834 -0.155109
v -0.144412 0.058834 -0.144412
v -0.133714 0.048137 -0.144412
v -0.133714 0.048137 -0.133714
v -0.133714 0.058834 -0.144412
v -0.133714 0.058834 -0.133714
v -0.144412 0.069531 -0.165806
v -0.144412 0.069531 -0.155109
v -0.144412 0.069531 -0.144412
v -0.144412 0.069531 -0.133714
v -0.144412 0.080228 -0.133714
v -0.133714 0.069531 -0.144412
v -0.133714 0.069531 -0.133714
v -0.165806 0.048137 -0.123017
v -0.165806 0.058834 -0.123017
v -0.155109 0.048137 -0.123017
v -0.155109 0.058834 -0.123017
v -0.165806 0.069531 -0.123017
v -0.165806 0.080228 -0.123017
v -0.155109 0.069531 -0.123017
v -0.155109 0.080228 -0.123017
v -0.144412 0.048137 -0.123017
v -0.144412 0.058834 -0.123017
v -0.133714 0.048137 -0.123017
v -0.133714 0.058834 -0.123017
v -0.144412 0.069531 -0.123017
v -0.144412 0.080228 -0.123017
v -0.133714 0.069531 -0.123017
v -0.123017 0.005348 -0.165806
v -0.123017 0.005348 -0.155109
v -0.123017 0.016045 -0.165806
v -0.123017 0.016045 -0.155109
v -0.112320 0.005348 -0.165806
v -0.112320 0.005348 -0.155109
v -0.112320 0.016045 -0.155109
v -0.123017 0.016045 -0.144412
v -0.112320 0.005348 -0.144412
v -0.112320 0.005348 -0.133714
v -0.112320 0.016045 -0.144412
v -0.112320 0.016045 -0.133714
v -0.123017 0.026742 -0.165806
v -0.123017 0.026742 -0.155109
v -0.123017 0.037440 -0.155109
v -0.123017 0.026742 -0.144412
v -0.123017 0.026742 -0.133714
v -0.123017 0.037440 -0.144412
v -0.123017 0.037440 -0.133714
v -0.112320 0.026742 -0.144412
v -0.112320 0.026742 -0.133714
v -0.101623 0.005348 -0.133714
v -0.123017 0.005348 -0.123017
v -0.123017 0.016045 -0.123017
v -0.112320 0.005348 -0.123017
v -0.112320 0.016045 -0.123017
v -0.123017 0.026742 -0.123017
v -0.123017 0.037440 -0.123017
v -0.112320 0.026742 -0.123017
v -0.101623 0.005348 -0.123017
v -0.123017 0.048137 -0.144412
v -0.123017 0.048137 -0.133714
v -0.123017 0.058834 -0.133714
v -0.123017 0.048137 -0.123017
v -0.123017 0.058834 -0.123017
v -0.165806 0.090925 -0.133714
v -0.165806 0.090925 -0.123017
v -0.304869 0.005348 0.123017
v -0.304869 0.016045 0.123017
v -0.304869 0.005348 0.133714
v -0.304869 0.005348 0.144412
v -0.304869 0.016045 0.133714
v -0.294172 0.005348 0.123017
v -0.294172 0.016045 0.123017
v -0.283475 0.005348 0.123017
v -0.283475 0.016045 0.123017
v -0.294172 0.026742 0.123017
v -0.294172 0.037440 0.123017
v -0.283475 0.026742 0.123017
v -0.283475 0.037440 0.123017
v -0.272777 0.005348 0.123017
v -0.272777 0.016045 0.123017
v -0.262080 0.005348 0.123017
v -0.262080 0.016045 0.123017
v -0.272777 0.026742 0.123017
v -0.272777 0.037440 0.123017
v -0.262080 0.026742 0.123017
v -0.262080 0.037440 0.123017
v -0.294172 0.005348 0.133714
v -0.294172 0.005348 0.144412
v -0.294172 0.016045 0.133714
v -0.294172 0.016045 0.144412
v -0.294172 0.005348 0.155109
v -0.294172 0.005348 0.165806
v -0.294172 0.016045 0.155109
v -0.294172 0.016045 0.165806
v -0.283475 0.005348 0.165806
v -0.283475 0.016045 0.155109
v -0.283475 0.016045 0.165806
v -0.294172 0.026742 0.133714
v -0.294172 0.026742 0.144412
v -0.294172 0.037440 0.133714
v -0.294172 0.037440 0.144412
v -0.283475 0.026742 0.144412
v -0.283475 0.037440 0.133714
v -0.283475 0.037440 0.144412
v -0.294172 0.026742 0.155109
v -0.283475 0.026742 0.155109
v -0.283475 0.026742 0.165806
v -0.283475 0.037440 0.155109
v -0.283475 0.037440 0.165806
v -0.272777 0.026742 0.165806
v -0.272777 0.037440 0.155109
v -0.272777 0.037440 0.165806
v -0.294172 0.048137 0.123017
v -0.283475 0.048137 0.123017
v -0.283475 0.058834 0.123017
v -0.283475 0.069531 0.123017
v -0.272777 0.048137 0.123017
v -0.272777 0.058834 0.123017
v -0.262080 0.048137 0.123017
v -0.262080 0.058834 0.123017
v -0.272777 0.069531 0.123017
v -0.272777 0.080228 0.123017
v -0.262080 0.069531 0.123017
v -0.262080 0.080228 0.123017
v -0.294172 0.048137 0.133714
v -0.283475 0.048137 0.133714
v -0.283475 0.048137 0.144412
v -0.283475 0.058834 0.133714
v -0.283475 0.058834 0.144412
v -0.283475 0.048137 0.155109
v -0.283475 0.069531 0.133714
v -0.272777 0.048137 0.144412
v -0.272777 0.058834 0.133714
v -0.272777 0.058834 0.144412
v -0.272777 0.048137 0.155109
v -0.272777 0.048137 0.165806
v -0.272777 0.058834 0.155109
v -0.272777 0.058834 0.165806
v -0.262080 0.058834 0.155109
v -0.262080 0.058834 0.165806
v -0.272777 0.069531 0.133714
v -0.272777 0.069531 0.144412
v -0.272777 0.080228 0.133714
v -0.262080 0.069531 0.133714
v -0.262080 0.069531 0.144412
v -0.262080 0.080228 0.133714
v -0.262080 0.080228 0.144412
v -0.272777 0.069531 0.155109
v -0.262080 0.069531 0.155109
v -0.262080 0.069531 0.165806
v -0.251383 0.005348 0.123017
v -0.251383 0.016045 0.123017
v -0.240686 0.005348 0.123017
v -0.240686 0.016045 0.123017
v -0.251383 0.026742 0.123017
v -0.251383 0.037440 0.123017
v -0.240686 0.026742 0.123017
v -0.240686 0.037440 0.123017
v -0.229989 0.005348 0.123017
v -0.229989 0.016045 0.123017
v -0.219292 0.005348 0.123017
v -0.219292 0.016045 0.123017
v -0.229989 0.026742 0.123017
v -0.229989 0.037440 0.123017
v -0.219292 0.026742 0.123017
v -0.219292 0.037440 0.123017
v -0.251383 0.048137 0.123017
v -0.251383 0.058834 0.123017
v -0.240686 0.048137 0.123017
v -0.240686 0.058834 0.123017
v -0.251383 0.069531 0.123017
v -0.251383 0.080228 0.123017
v -0.240686 0.069531 0.123017
v -0.240686 0.080228 0.123017
v -0.229989 0.048137 0.123017
v -0.229989 0.058834 0.123017
v -0.219292 0.048137 0.123017
v -0.219292 0.058834 0.123017
v -0.229989 0.069531 0.123017
v -0.229989 0.080228 0.123017
v -0.219292 0.069531 0.123017
v -0.219292 0.080228 0.123017
v -0.251383 0.058834 0.165806
v -0.251383 0.069531 0.144412
v -0.251383 0.080228 0.133714
v -0.251383 0.080228 0.144412
v -0.240686 0.080228 0.133714
v -0.240686 0.080228 0.144412
v -0.251383 0.069531 0.155109
v -0.251383 0.069531 0.165806
v -0.251383 0.080228 0.155109
v -0.240686 0.069531 0.155109
v -0.240686 0.069531 0.165806
v -0.240686 0.080228 0.155109
v -0.240686 0.080228 0.165806
v -0.229989 0.080228 0.133714
v -0.229989 0.080228 0.144412
v -0.219292 0.080228 0.144412
v -0.229989 0.069531 0.165806
v -0.229989 0.080228 0.155109
v -0.229989 0.080228 0.165806
v -0.219292 0.080228 0.155109
v -0.219292 0.080228 0.165806
v -0.208594 0.005348 0.123017
v -0.208594 0.016045 0.123017
v -0.197897 0.005348 0.123017
v -0.197897 0.016045 0.123017
v -0.208594 0.026742 0.123017
v -0.208594 0.037440 0.123017
v -0.197897 0.026742 0.123017
v -0.197897 0.037440 0.123017
v -0.187200 0.005348 0.123017
v -0.187200 0.016045 0.123017
v -0.176503 0.005348 0.123017
v -0.176503 0.016045 0.123017
v -0.187200 0.026742 0.123017
v -0.187200 0.037440 0.123017
v -0.176503 0.026742 0.123017
v -0.176503 0.037440 0.123017
v -0.208594 0.048137 0.123017
v -0.208594 0.058834 0.123017
v -0.197897 0.048137 0.123017
v -0.197897 0.058834 0.123017
v -0.208594 0.069531 0.123017
v -0.208594 0.080228 0.123017
v -0.197897 0.069531 0.123017
v -0.197897 0.080228 0.123017
v -0.187200 0.048137 0.123017
v -0.187200 0.058834 0.123017
v -0.176503 0.048137 0.123017
v -0.176503 0.058834 0.123017
v -0.187200 0.069531 0.123017
v -0.187200 0.080228 0.123017
v -0.176503 0.069531 0.123017
v -0.176503 0.080228 0.123017
v -0.208594 0.080228 0.155109
v -0.208594 0.080228 0.165806
v -0.197897 0.080228 0.155109
v -0.197897 0.080228 0.165806
v -0.187200 0.080228 0.144412
v -0.176503 0.080228 0.133714
v -0.176503 0.080228 0.144412
v -0.187200 0.069531 0.165806
v -0.187200 0.080228 0.155109
v -0.187200 0.080228 0.165806
v -0.176503 0.069531 0.155109
v -0.176503 0.069531 0.165806
v -0.176503 0.080228 0.155109
v -0.176503 0.080228 0.165806
v -0.240686 0.090925 0.123017
v -0.229989 0.090925 0.123017
v -0.219292 0.090925 0.123017
v -0.219292 0.101622 0.123017
v -0.240686 0.090925 0.133714
v -0.229989 0.090925 0.133714
v -0.229989 0.090925 0.144412
v -0.219292 0.090925 0.133714
v -0.219292 0.090925 0.144412
v -0.219292 0.101622 0.133714
v -0.219292 0.090925 0.155109
v -0.208594 0.090925 0.123017
v -0.208594 0.101622 0.123017
v -0.197897 0.090925 0.123017
v -0.197897 0.101622 0.123017
v -0.187200 0.090925 0.123017
v -0.176503 0.090925 0.123017
v -0.208594 0.090925 0.133714
v -0.208594 0.090925 0.144412
v -0.208594 0.101622 0.133714
v -0.197897 0.090925 0.133714
v -0.197897 0.090925 0.144412
v -0.197897 0.101622 0.133714
v -0.208594 0.090925 0.155109
v -0.208594 0.090925 0.165806
v -0.197897 0.090925 0.155109
v -0.197897 0.090925 0.165806
v -0.187200 0.090925 0.133714
v -0.187200 0.090925 0.144412
v -0.176503 0.090925 0.133714
v -0.176503 0.090925 0.144412
v -0.187200 0.090925 0.155109
v -0.294172 0.005348 0.176503
v -0.283475 0.005348 0.176503
v -0.283475 0.016045 0.176503
v -0.283475 0.026742 0.176503
v -0.272777 0.005348 0.176503
v -0.272777 0.016045 0.176503
v -0.262080 0.005348 0.176503
v -0.262080 0.016045 0.176503
v -0.272777 0.026742 0.176503
v -0.272777 0.037440 0.176503
v -0.262080 0.026742 0.176503
v -0.262080 0.037440 0.176503
v -0.272777 0.048137 0.176503
v -0.272777 0.058834 0.176503
v -0.262080 0.048137 0.176503
v -0.262080 0.058834 0.176503
v -0.251383 0.005348 0.176503
v -0.251383 0.016045 0.176503
v -0.240686 0.005348 0.176503
v -0.240686 0.016045 0.176503
v -0.251383 0.026742 0.176503
v -0.251383 0.037440 0.176503
v -0.240686 0.026742 0.176503
v -0.240686 0.037440 0.176503
v -0.229989 0.005348 0.176503
v -0.229989 0.016045 0.176503
v -0.219292 0.005348 0.176503
v -0.219292 0.016045 0.176503
v -0.229989 0.026742 0.176503
v -0.229989 0.037440 0.176503
v -0.219292 0.026742 0.176503
v -0.219292 0.037440 0.176503
v -0.251383 0.048137 0.176503
v -0.251383 0.058834 0.176503
v -0.240686 0.048137 0.176503
v -0.240686 0.058834 0.176503
v -0.251383 0.069531 0.176503
v -0.240686 0.069531 0.176503
v -0.229989 0.048137 0.176503
v -0.229989 0.058834 0.176503
v -0.219292 0.048137 0.176503
v -0.219292 0.058834 0.176503
v -0.229989 0.069531 0.176503
v -0.229989 0.080228 0.176503
v -0.219292 0.069531 0.176503
v -0.219292 0.080228 0.176503
v -0.208594 0.005348 0.176503
v -0.208594 0.016045 0.176503
v -0.197897 0.005348 0.176503
v -0.197897 0.016045 0.176503
v -0.208594 0.026742 0.176503
v -0.208594 0.037440 0.176503
v -0.197897 0.026742 0.176503
v -0.197897 0.037440 0.176503
v -0.187200 0.005348 0.176503
v -0.187200 0.016045 0.176503
v -0.176503 0.005348 0.176503
v -0.176503 0.016045 0.176503
v -0.187200 0.026742 0.176503
v -0.187200 0.037440 0.176503
v -0.176503 0.026742 0.176503
v -0.176503 0.037440 0.176503
v -0.208594 0.048137 0.176503
v -0.208594 0.058834 0.176503
v -0.197897 0.048137 0.176503
v -0.197897 0.058834 0.176503
v -0.208594 0.069531 0.176503
v -0.208594 0.080228 0.176503
v -0.197897 0.069531 0.176503
v -0.197897 0.080228 0.176503
v -0.187200 0.048137 0.176503
v -0.187200 0.058834 0.176503
v -0.176503 0.048137 0.176503
v -0.176503 0.058834 0.176503
v -0.187200 0.069531 0.176503
v -0.187200 0.080228 0.176503
v -0.176503 0.069531 0.176503
v -0.165806 0.005348 0.123017
v -0.165806 0.016045 0.123017
v -0.155109 0.005348 0.123017
v -0.155109 0.016045 0.123017
v -0.165806 0.026742 0.123017
v -0.165806 0.037440 0.123017
v -0.155109 0.026742 0.123017
v -0.155109 0.037440 0.123017
v -0.144412 0.005348 0.123017
v -0.144412 0.016045 0.123017
v -0.133714 0.005348 0.123017
v -0.133714 0.016045 0.123017
v -0.144412 0.026742 0.123017
v -0.144412 0.037440 0.123017
v -0.133714 0.026742 0.123017
v -0.133714 0.037440 0.123017
v -0.133714 0.016045 0.165806
v -0.133714 0.037440 0.144412
v -0.133714 0.026742 0.155109
v -0.133714 0.026742 0.165806
v -0.133714 0.037440 0.155109
v -0.133714 0.037440 0.165806
v -0.165806 0.048137 0.123017
v -0.165806 0.058834 0.123017
v -0.155109 0.048137 0.123017
v -0.155109 0.058834 0.123017
v -0.165806 0.069531 0.123017
v -0.165806 0.080228 0.123017
v -0.155109 0.069531 0.123017
v -0.155109 0.080228 0.123017
v -0.144412 0.048137 0.123017
v -0.144412 0.058834 0.123017
v -0.133714 0.048137 0.123017
v -0.133714 0.058834 0.123017
v -0.144412 0.069531 0.123017
v -0.144412 0.080228 0.123017
v -0.133714 0.069531 0.123017
v -0.155109 0.058834 0.165806
v -0.165806 0.069531 0.144412
v -0.165806 0.080228 0.133714
v -0.165806 0.080228 0.144412
v -0.155109 0.069531 0.133714
v -0.155109 0.069531 0.144412
v -0.155109 0.080228 0.133714
v -0.155109 0.080228 0.144412
v -0.165806 0.069531 0.155109
v -0.165806 0.069531 0.165806
v -0.165806 0.080228 0.155109
v -0.155109 0.069531 0.155109
v -0.155109 0.069531 0.165806
v -0.144412 0.058834 0.144412
v -0.133714 0.048137 0.133714
v -0.133714 0.048137 0.144412
v -0.133714 0.058834 0.133714
v -0.133714 0.058834 0.144412
v -0.144412 0.048137 0.165806
v -0.144412 0.058834 0.155109
v -0.144412 0.058834 0.165806
v -0.133714 0.048137 0.155109
v -0.133714 0.048137 0.165806
v -0.133714 0.058834 0.155109
v -0.133714 0.058834 0.165806
v -0.144412 0.069531 0.133714
v -0.144412 0.069531 0.144412
v -0.144412 0.080228 0.133714
v -0.133714 0.069531 0.133714
v -0.133714 0.069531 0.144412
v -0.144412 0.069531 0.155109
v -0.144412 0.069531 0.165806
v -0.123017 0.005348 0.123017
v -0.123017 0.016045 0.123017
v -0.112320 0.005348 0.123017
v -0.112320 0.016045 0.123017
v -0.123017 0.026742 0.123017
v -0.123017 0.037440 0.123017
v -0.112320 0.026742 0.123017
v -0.101623 0.005348 0.123017
v -0.123017 0.016045 0.144412
v -0.112320 0.005348 0.133714
v -0.112320 0.005348 0.144412
v -0.112320 0.016045 0.133714
v -0.112320 0.016045 0.144412
v -0.123017 0.005348 0.155109
v -0.123017 0.005348 0.165806
v -0.123017 0.016045 0.155109
v -0.123017 0.016045 0.165806
v -0.112320 0.005348 0.155109
v -0.112320 0.005348 0.165806
v -0.112320 0.016045 0.155109
v -0.123017 0.026742 0.133714
v -0.123017 0.026742 0.144412
v -0.123017 0.037440 0.133714
v -0.123017 0.037440 0.144412
v -0.112320 0.026742 0.133714
v -0.112320 0.026742 0.144412
v -0.123017 0.026742 0.155109
v -0.123017 0.026742 0.165806
v -0.123017 0.037440 0.155109
v -0.101623 0.005348 0.133714
v -0.123017 0.048137 0.123017
v -0.123017 0.058834 0.123017
v -0.123017 0.048137 0.133714
v -0.123017 0.048137 0.144412
v -0.123017 0.058834 0.133714
v -0.165806 0.090925 0.123017
v -0.165806 0.090925 0.133714
v -0.165806 0.005348 0.176503
v -0.165806 0.016045 0.176503
v -0.155109 0.005348 0.176503
v -0.155109 0.016045 0.176503
v -0.165806 0.026742 0.176503
v -0.165806 0.037440 0.176503
v -0.155109 0.026742 0.176503
v -0.155109 0.037440 0.176503
v -0.144412 0.005348 0.176503
v -0.144412 0.016045 0.176503
v -0.133714 0.005348 0.176503
v -0.133714 0.016045 0.176503
v -0.144412 0.026742 0.176503
v -0.144412 0.037440 0.176503
v -0.133714 0.026742 0.176503
v -0.133714 0.037440 0.176503
v -0.165806 0.048137 0.176503
v -0.165806 0.058834 0.176503
v -0.155109 0.048137 0.176503
v -0.155109 0.058834 0.176503
v -0.165806 0.069531 0.176503
v -0.155109 0.069531 0.176503
v -0.144412 0.048137 0.176503
v -0.144412 0.058834 0.176503
v -0.133714 0.048137 0.176503
v -0.123017 0.005348 0.176503
v -0.123017 0.016045 0.176503
v 0.037440 -0.090926 -0.016046
v 0.037440 -0.090926 -0.005349
v 0.048137 -0.090926 -0.016046
v 0.048137 -0.090926 -0.005349
v 0.058834 -0.090926 -0.016046
v 0.058834 -0.090926 -0.005349
v 0.069532 -0.090926 -0.016046
v 0.069532 -0.090926 -0.005349
v 0.080229 -0.090926 -0.016046
v 0.080229 -0.090926 -0.005349
v 0.037440 -0.016046 -0.090926
v 0.037440 -0.005349 -0.090926
v 0.048137 -0.016046 -0.090926
v 0.048137 -0.005349 -0.090926
v 0.058834 -0.016046 -0.090926
v 0.058834 -0.005349 -0.090926
v 0.069532 -0.016046 -0.090926
v 0.069532 -0.005349 -0.090926
v 0.080229 -0.016046 -0.090926
v 0.080229 -0.005349 -0.090926
v 0.037440 -0.069532 -0.069531
v 0.037440 -0.080229 -0.048137
v 0.037440 -0.069532 -0.058834
v 0.037440 -0.069532 -0.048137
v 0.037440 -0.058835 -0.069531
v 0.037440 -0.048138 -0.080229
v 0.037440 -0.048138 -0.069531
v 0.037440 -0.058835 -0.058834
v 0.037440 -0.058835 -0.048137
v 0.037440 -0.048138 -0.058834
v 0.037440 -0.048138 -0.048137
v 0.037440 -0.080229 -0.037440
v 0.037440 -0.080229 -0.026743
v 0.037440 -0.069532 -0.037440
v 0.037440 -0.069532 -0.026743
v 0.037440 -0.080229 -0.016046
v 0.037440 -0.080229 -0.005349
v 0.037440 -0.069532 -0.016046
v 0.037440 -0.069532 -0.005349
v 0.037440 -0.058835 -0.037440
v 0.037440 -0.058835 -0.026743
v 0.037440 -0.048138 -0.037440
v 0.037440 -0.048138 -0.026743
v 0.037440 -0.058835 -0.016046
v 0.037440 -0.058835 -0.005349
v 0.037440 -0.048138 -0.016046
v 0.037440 -0.048138 -0.005349
v 0.037440 -0.037441 -0.080229
v 0.037440 -0.037441 -0.069531
v 0.037440 -0.026743 -0.080229
v 0.037440 -0.026743 -0.069531
v 0.037440 -0.037441 -0.058834
v 0.037440 -0.037441 -0.048137
v 0.037440 -0.026743 -0.058834
v 0.037440 -0.026743 -0.048137
v 0.037440 -0.016046 -0.080229
v 0.037440 -0.016046 -0.069531
v 0.037440 -0.005349 -0.080229
v 0.037440 -0.005349 -0.069531
v 0.037440 -0.016046 -0.058834
v 0.037440 -0.016046 -0.048137
v 0.037440 -0.005349 -0.058834
v 0.037440 -0.005349 -0.048137
v 0.037440 -0.037441 -0.037440
v 0.037440 -0.037441 -0.026743
v 0.037440 -0.026743 -0.037440
v 0.037440 -0.026743 -0.026743
v 0.037440 -0.037441 -0.016046
v 0.037440 -0.037441 -0.005349
v 0.037440 -0.026743 -0.016046
v 0.037440 -0.026743 -0.005349
v 0.037440 -0.016046 -0.037440
v 0.037440 -0.016046 -0.026743
v 0.037440 -0.005349 -0.037440
v 0.037440 -0.005349 -0.026743
v 0.037440 -0.016046 -0.016046
v 0.037440 -0.016046 -0.005349
v 0.037440 -0.005349 -0.016046
v 0.037440 -0.005349 -0.005349
v 0.048137 -0.069532 -0.069531
v 0.058834 -0.069532 -0.069531
v 0.048137 -0.080229 -0.048137
v 0.048137 -0.069532 -0.058834
v 0.048137 -0.069532 -0.048137
v 0.058834 -0.080229 -0.048137
v 0.058834 -0.069532 -0.058834
v 0.058834 -0.069532 -0.048137
v 0.048137 -0.058835 -0.069531
v 0.048137 -0.048138 -0.080229
v 0.048137 -0.048138 -0.069531
v 0.058834 -0.058835 -0.069531
v 0.058834 -0.048138 -0.080229
v 0.058834 -0.048138 -0.069531
v 0.069532 -0.069532 -0.069531
v 0.080229 -0.069532 -0.069531
v 0.069532 -0.080229 -0.048137
v 0.069532 -0.069532 -0.058834
v 0.069532 -0.069532 -0.048137
v 0.080229 -0.080229 -0.048137
v 0.080229 -0.069532 -0.058834
v 0.080229 -0.069532 -0.048137
v 0.069532 -0.058835 -0.069531
v 0.069532 -0.048138 -0.080229
v 0.069532 -0.048138 -0.069531
v 0.080229 -0.058835 -0.069531
v 0.080229 -0.048138 -0.080229
v 0.080229 -0.048138 -0.069531
v 0.048137 -0.080229 -0.037440
v 0.048137 -0.080229 -0.026743
v 0.058834 -0.080229 -0.037440
v 0.058834 -0.080229 -0.026743
v 0.048137 -0.080229 -0.016046
v 0.058834 -0.080229 -0.016046
v 0.069532 -0.080229 -0.037440
v 0.069532 -0.080229 -0.026743
v 0.080229 -0.080229 -0.037440
v 0.080229 -0.080229 -0.026743
v 0.069532 -0.080229 -0.016046
v 0.080229 -0.080229 -0.016046
v 0.048137 -0.037441 -0.080229
v 0.048137 -0.026743 -0.080229
v 0.058834 -0.037441 -0.080229
v 0.058834 -0.026743 -0.080229
v 0.048137 -0.016046 -0.080229
v 0.058834 -0.016046 -0.080229
v 0.069532 -0.037441 -0.080229
v 0.069532 -0.026743 -0.080229
v 0.080229 -0.037441 -0.080229
v 0.080229 -0.026743 -0.080229
v 0.069532 -0.016046 -0.080229
v 0.080229 -0.016046 -0.080229
v 0.090926 -0.090926 -0.016046
v 0.090926 -0.090926 -0.005349
v 0.101623 -0.090926 -0.016046
v 0.101623 -0.090926 -0.005349
v 0.112320 -0.090926 -0.016046
v 0.112320 -0.090926 -0.005349
v 0.123017 -0.090926 -0.016046
v 0.123017 -0.090926 -0.005349
v 0.133714 -0.090926 -0.016046
v 0.133714 -0.090926 -0.005349
v 0.144412 -0.090926 -0.016046
v 0.144412 -0.090926 -0.005349
v 0.155109 -0.090926 -0.016046
v 0.155109 -0.090926 -0.005349
v 0.165806 -0.090926 -0.016046
v 0.165806 -0.090926 -0.005349
v 0.090926 -0.016046 -0.090926
v 0.090926 -0.005349 -0.090926
v 0.101623 -0.016046 -0.090926
v 0.101623 -0.005349 -0.090926
v 0.112320 -0.016046 -0.090926
v 0.112320 -0.005349 -0.090926
v 0.123017 -0.016046 -0.090926
v 0.123017 -0.005349 -0.090926
v 0.133714 -0.016046 -0.090926
v 0.133714 -0.005349 -0.090926
v 0.144412 -0.016046 -0.090926
v 0.144412 -0.005349 -0.090926
v 0.155109 -0.016046 -0.090926
v 0.155109 -0.005349 -0.090926
v 0.165806 -0.016046 -0.090926
v 0.165806 -0.005349 -0.090926
v 0.090926 -0.069532 -0.069531
v 0.101623 -0.069532 -0.069531
v 0.090926 -0.080229 -0.048137
v 0.090926 -0.069532 -0.058834
v 0.090926 -0.069532 -0.048137
v 0.101623 -0.080229 -0.048137
v 0.101623 -0.069532 -0.058834
v 0.101623 -0.069532 -0.048137
v 0.090926 -0.058835 -0.069531
v 0.090926 -0.048138 -0.080229
v 0.090926 -0.048138 -0.069531
v 0.101623 -0.058835 -0.069531
v 0.101623 -0.048138 -0.080229
v 0.101623 -0.048138 -0.069531
v 0.112320 -0.069532 -0.069531
v 0.123017 -0.069532 -0.069531
v 0.112320 -0.080229 -0.048137
v 0.112320 -0.069532 -0.058834
v 0.112320 -0.069532 -0.048137
v 0.123017 -0.080229 -0.048137
v 0.123017 -0.069532 -0.058834
v 0.123017 -0.069532 -0.048137
v 0.112320 -0.058835 -0.069531
v 0.112320 -0.048138 -0.080229
v 0.112320 -0.048138 -0.069531
v 0.123017 -0.058835 -0.069531
v 0.123017 -0.048138 -0.080229
v 0.123017 -0.048138 -0.069531
v 0.090926 -0.080229 -0.037440
v 0.090926 -0.080229 -0.026743
v 0.101623 -0.080229 -0.037440
v 0.101623 -0.080229 -0.026743
v 0.090926 -0.080229 -0.016046
v 0.101623 -0.080229 -0.016046
v 0.112320 -0.080229 -0.037440
v 0.112320 -0.080229 -0.026743
v 0.123017 -0.080229 -0.037440
v 0.123017 -0.080229 -0.026743
v 0.112320 -0.080229 -0.016046
v 0.123017 -0.080229 -0.016046
v 0.090926 -0.037441 -0.080229
v 0.090926 -0.026743 -0.080229
v 0.101623 -0.037441 -0.080229
v 0.101623 -0.026743 -0.080229
v 0.090926 -0.016046 -0.080229
v 0.101623 -0.016046 -0.080229
v 0.112320 -0.037441 -0.080229
v 0.112320 -0.026743 -0.080229
v 0.123017 -0.037441 -0.080229
v 0.123017 -0.026743 -0.080229
v 0.112320 -0.016046 -0.080229
v 0.123017 -0.016046 -0.080229
v 0.133714 -0.069532 -0.069531
v 0.144412 -0.069532 -0.069531
v 0.133714 -0.080229 -0.048137
v 0.133714 -0.069532 -0.058834
v 0.133714 -0.069532 -0.048137
v 0.144412 -0.080229 -0.048137
v 0.144412 -0.069532 -0.058834
v 0.144412 -0.069532 -0.048137
v 0.133714 -0.058835 -0.069531
v 0.133714 -0.048138 -0.080229
v 0.133714 -0.048138 -0.069531
v 0.144412 -0.058835 -0.069531
v 0.144412 -0.048138 -0.080229
v 0.144412 -0.048138 -0.069531
v 0.155109 -0.069532 -0.069531
v 0.165806 -0.069532 -0.069531
v 0.155109 -0.080229 -0.048137
v 0.155109 -0.069532 -0.058834
v 0.155109 -0.069532 -0.048137
v 0.165806 -0.080229 -0.048137
v 0.165806 -0.069532 -0.058834
v 0.165806 -0.069532 -0.048137
v 0.155109 -0.058835 -0.069531
v 0.155109 -0.048138 -0.080229
v 0.155109 -0.048138 -0.069531
v 0.165806 -0.058835 -0.069531
v 0.165806 -0.048138 -0.080229
v 0.165806 -0.048138 -0.069531
v 0.133714 -0.080229 -0.037440
v 0.133714 -0.080229 -0.026743
v 0.144412 -0.080229 -0.037440
v 0.144412 -0.080229 -0.026743
v 0.133714 -0.080229 -0.016046
v 0.144412 -0.080229 -0.016046
v 0.155109 -0.080229 -0.037440
v 0.155109 -0.080229 -0.026743
v 0.165806 -0.080229 -0.037440
v 0.165806 -0.080229 -0.026743
v 0.155109 -0.080229 -0.016046
v 0.165806 -0.080229 -0.016046
v 0.133714 -0.037441 -0.080229
v 0.133714 -0.026743 -0.080229
v 0.144412 -0.037441 -0.080229
v 0.144412 -0.026743 -0.080229
v 0.133714 -0.016046 -0.080229
v 0.144412 -0.016046 -0.080229
v 0.155109 -0.037441 -0.080229
v 0.155109 -0.026743 -0.080229
v 0.165806 -0.037441 -0.080229
v 0.165806 -0.026743 -0.080229
v 0.155109 -0.016046 -0.080229
v 0.165806 -0.016046 -0.080229
v 0.176503 -0.090926 -0.016046
v 0.176503 -0.090926 -0.005349
v 0.187200 -0.090926 -0.016046
v 0.187200 -0.090926 -0.005349
v 0.197897 -0.090926 -0.016046
v 0.197897 -0.090926 -0.005349
v 0.208595 -0.090926 -0.016046
v 0.208595 -0.090926 -0.005349
v 0.219292 -0.090926 -0.016046
v 0.219292 -0.090926 -0.005349
v 0.229989 -0.090926 -0.016046
v 0.229989 -0.090926 -0.005349
v 0.240686 -0.090926 -0.016046
v 0.240686 -0.090926 -0.005349
v 0.251383 -0.090926 -0.016046
v 0.251383 -0.090926 -0.005349
v 0.176503 -0.016046 -0.090926
v 0.176503 -0.005349 -0.090926
v 0.187200 -0.016046 -0.090926
v 0.187200 -0.005349 -0.090926
v 0.197897 -0.016046 -0.090926
v 0.197897 -0.005349 -0.090926
v 0.208595 -0.016046 -0.090926
v 0.208595 -0.005349 -0.090926
v 0.219292 -0.016046 -0.090926
v 0.219292 -0.005349 -0.090926
v 0.229989 -0.016046 -0.090926
v 0.229989 -0.005349 -0.090926
v 0.240686 -0.016046 -0.090926
v 0.240686 -0.005349 -0.090926
v 0.251383 -0.016046 -0.090926
v 0.251383 -0.005349 -0.090926
v 0.176503 -0.069532 -0.069531
v 0.187200 -0.069532 -0.069531
v 0.176503 -0.080229 -0.048137
v 0.176503 -0.069532 -0.058834
v 0.176503 -0.069532 -0.048137
v 0.187200 -0.080229 -0.048137
v 0.187200 -0.069532 -0.058834
v 0.187200 -0.069532 -0.048137
v 0.176503 -0.058835 -0.069531
v 0.176503 -0.048138 -0.080229
v 0.176503 -0.048138 -0.069531
v 0.187200 -0.058835 -0.069531
v 0.187200 -0.048138 -0.080229
v 0.187200 -0.048138 -0.069531
v 0.197897 -0.069532 -0.069531
v 0.208595 -0.069532 -0.069531
v 0.197897 -0.080229 -0.048137
v 0.197897 -0.069532 -0.058834
v 0.197897 -0.069532 -0.048137
v 0.208595 -0.080229 -0.048137
v 0.208595 -0.069532 -0.058834
v 0.208595 -0.069532 -0.048137
v 0.197897 -0.058835 -0.069531
v 0.197897 -0.048138 -0.080229
v 0.197897 -0.048138 -0.069531
v 0.208595 -0.058835 -0.069531
v 0.208595 -0.048138 -0.080229
v 0.208595 -0.048138 -0.069531
v 0.176503 -0.080229 -0.037440
v 0.176503 -0.080229 -0.026743
v 0.187200 -0.080229 -0.037440
v 0.187200 -0.080229 -0.026743
v 0.176503 -0.080229 -0.016046
v 0.187200 -0.080229 -0.016046
v 0.197897 -0.080229 -0.037440
v 0.197897 -0.080229 -0.026743
v 0.208595 -0.080229 -0.037440
v 0.208595 -0.080229 -0.026743
v 0.197897 -0.080229 -0.016046
v 0.208595 -0.080229 -0.016046
v 0.176503 -0.037441 -0.080229
v 0.176503 -0.026743 -0.080229
v 0.187200 -0.037441 -0.080229
v 0.187200 -0.026743 -0.080229
v 0.176503 -0.016046 -0.080229
v 0.187200 -0.016046 -0.080229
v 0.197897 -0.037441 -0.080229
v 0.197897 -0.026743 -0.080229
v 0.208595 -0.037441 -0.080229
v 0.208595 -0.026743 -0.080229
v 0.197897 -0.016046 -0.080229
v 0.208595 -0.016046 -0.080229
v 0.219292 -0.069532 -0.069531
v 0.229989 -0.069532 -0.069531
v 0.219292 -0.080229 -0.048137
v 0.219292 -0.069532 -0.058834
v 0.219292 -0.069532 -0.048137
v 0.229989 -0.080229 -0.048137
v 0.229989 -0.069532 -0.058834
v 0.229989 -0.069532 -0.048137
v 0.219292 -0.058835 -0.069531
v 0.219292 -0.048138 -0.080229
v 0.219292 -0.048138 -0.069531
v 0.229989 -0.058835 -0.069531
v 0.229989 -0.048138 -0.080229
v 0.229989 -0.048138 -0.069531
v 0.240686 -0.069532 -0.069531
v 0.251383 -0.069532 -0.069531
v 0.240686 -0.080229 -0.048137
v 0.240686 -0.069532 -0.058834
v 0.240686 -0.069532 -0.048137
v 0.251383 -0.080229 -0.048137
v 0.251383 -0.069532 -0.058834
v 0.251383 -0.069532 -0.048137
v 0.240686 -0.058835 -0.069531
v 0.240686 -0.048138 -0.080229
v 0.240686 -0.048138 -0.069531
v 0.251383 -0.058835 -0.069531
v 0.251383 -0.048138 -0.080229
v 0.251383 -0.048138 -0.069531
v 0.219292 -0.080229 -0.037440
v 0.219292 -0.080229 -0.026743
v 0.229989 -0.080229 -0.037440
v 0.229989 -0.080229 -0.026743
v 0.219292 -0.080229 -0.016046
v 0.229989 -0.080229 -0.016046
v 0.240686 -0.080229 -0.037440
v 0.240686 -0.080229 -0.026743
v 0.251383 -0.080229 -0.037440
v 0.251383 -0.080229 -0.026743
v 0.240686 -0.080229 -0.016046
v 0.251383 -0.080229 -0.016046
v 0.219292 -0.037441 -0.080229
v 0.219292 -0.026743 -0.080229
v 0.229989 -0.037441 -0.080229
v 0.229989 -0.026743 -0.080229
v 0.219292 -0.016046 -0.080229
v 0.229989 -0.016046 -0.080229
v 0.240686 -0.037441 -0.080229
v 0.240686 -0.026743 -0.080229
v 0.251383 -0.037441 -0.080229
v 0.251383 -0.026743 -0.080229
v 0.240686 -0.016046 -0.080229
v 0.251383 -0.016046 -0.080229
v 0.262080 -0.090926 -0.016046
v 0.262080 -0.090926 -0.005349
v 0.272777 -0.090926 -0.016046
v 0.272777 -0.090926 -0.005349
v 0.283475 -0.090926 -0.016046
v 0.283475 -0.090926 -0.005349
v 0.294172 -0.090926 -0.016046
v 0.294172 -0.090926 -0.005349
v 0.304869 -0.090926 -0.016046
v 0.304869 -0.090926 -0.005349
v 0.262080 -0.016046 -0.090926
v 0.262080 -0.005349 -0.090926
v 0.272777 -0.016046 -0.090926
v 0.272777 -0.005349 -0.090926
v 0.283475 -0.016046 -0.090926
v 0.283475 -0.005349 -0.090926
v 0.294172 -0.016046 -0.090926
v 0.294172 -0.005349 -0.090926
v 0.304869 -0.016046 -0.090926
v 0.304869 -0.005349 -0.090926
v 0.262080 -0.069532 -0.069531
v 0.272777 -0.069532 -0.069531
v 0.262080 -0.080229 -0.048137
v 0.262080 -0.069532 -0.058834
v 0.262080 -0.069532 -0.048137
v 0.272777 -0.080229 -0.048137
v 0.272777 -0.069532 -0.058834
v 0.272777 -0.069532 -0.048137
v 0.262080 -0.058835 -0.069531
v 0.262080 -0.048138 -0.080229
v 0.262080 -0.048138 -0.069531
v 0.272777 -0.058835 -0.069531
v 0.272777 -0.048138 -0.080229
v 0.272777 -0.048138 -0.069531
v 0.283475 -0.069532 -0.069531
v 0.294172 -0.069532 -0.069531
v 0.283475 -0.080229 -0.048137
v 0.283475 -0.069532 -0.058834
v 0.283475 -0.069532 -0.048137
v 0.294172 -0.080229 -0.048137
v 0.294172 -0.069532 -0.058834
v 0.294172 -0.069532 -0.048137
v 0.283475 -0.058835 -0.069531
v 0.283475 -0.048138 -0.080229
v 0.283475 -0.048138 -0.069531
v 0.294172 -0.058835 -0.069531
v 0.294172 -0.048138 -0.080229
v 0.294172 -0.048138 -0.069531
v 0.262080 -0.080229 -0.037440
v 0.262080 -0.080229 -0.026743
v 0.272777 -0.080229 -0.037440
v 0.272777 -0.080229 -0.026743
v 0.262080 -0.080229 -0.016046
v 0.272777 -0.080229 -0.016046
v 0.283475 -0.080229 -0.037440
v 0.283475 -0.080229 -0.026743
v 0.294172 -0.080229 -0.037440
v 0.294172 -0.080229 -0.026743
v 0.283475 -0.080229 -0.016046
v 0.294172 -0.080229 -0.016046
v 0.262080 -0.037441 -0.080229
v 0.262080 -0.026743 -0.080229
v 0.272777 -0.037441 -0.080229
v 0.272777 -0.026743 -0.080229
v 0.262080 -0.016046 -0.080229
v 0.272777 -0.016046 -0.080229
v 0.283475 -0.037441 -0.080229
v 0.283475 -0.026743 -0.080229
v 0.294172 -0.037441 -0.080229
v 0.294172 -0.026743 -0.080229
v 0.283475 -0.016046 -0.080229
v 0.294172 -0.016046 -0.080229
v 0.304869 -0.069532 -0.069531
v 0.304869 -0.080229 -0.048137
v 0.304869 -0.069532 -0.058834
v 0.304869 -0.069532 -0.048137
v 0.304869 -0.058835 -0.069531
v 0.304869 -0.048138 -0.080229
v 0.304869 -0.048138 -0.069531
v 0.304869 -0.058835 -0.058834
v 0.304869 -0.058835 -0.048137
v 0.304869 -0.048138 -0.058834
v 0.304869 -0.048138 -0.048137
v 0.304869 -0.080229 -0.037440
v 0.304869 -0.080229 -0.026743
v 0.304869 -0.069532 -0.037440
v 0.304869 -0.069532 -0.026743
v 0.304869 -0.080229 -0.016046
v 0.304869 -0.080229 -0.005349
v 0.304869 -0.069532 -0.016046
v 0.304869 -0.069532 -0.005349
v 0.304869 -0.058835 -0.037440
v 0.304869 -0.058835 -0.026743
v 0.304869 -0.048138 -0.037440
v 0.304869 -0.048138 -0.026743
v 0.304869 -0.058835 -0.016046
v 0.304869 -0.058835 -0.005349
v 0.304869 -0.048138 -0.016046
v 0.304869 -0.048138 -0.005349
v 0.304869 -0.037441 -0.080229
v 0.304869 -0.037441 -0.069531
v 0.304869 -0.026743 -0.080229
v 0.304869 -0.026743 -0.069531
v 0.304869 -0.037441 -0.058834
v 0.304869 -0.037441 -0.048137
v 0.304869 -0.026743 -0.058834
v 0.304869 -0.026743 -0.048137
v 0.304869 -0.016046 -0.080229
v 0.304869 -0.016046 -0.069531
v 0.304869 -0.005349 -0.080229
v 0.304869 -0.005349 -0.069531
v 0.304869 -0.016046 -0.058834
v 0.304869 -0.016046 -0.048137
v 0.304869 -0.005349 -0.058834
v 0.304869 -0.005349 -0.048137
v 0.304869 -0.037441 -0.037440
v 0.304869 -0.037441 -0.026743
v 0.304869 -0.026743 -0.037440
v 0.304869 -0.026743 -0.026743
v 0.304869 -0.037441 -0.016046
v 0.304869 -0.037441 -0.005349
v 0.304869 -0.026743 -0.016046
v 0.304869 -0.026743 -0.005349
v 0.304869 -0.016046 -0.037440
v 0.304869 -0.016046 -0.026743
v 0.304869 -0.005349 -0.037440
v 0.304869 -0.005349 -0.026743
v 0.304869 -0.016046 -0.016046
v 0.304869 -0.016046 -0.005349
v 0.304869 -0.005349 -0.016046
v 0.304869 -0.005349 -0.005349
v 0.037440 -0.090926 0.005349
v 0.037440 -0.090926 0.016046
v 0.048137 -0.090926 0.005349
v 0.048137 -0.090926 0.016046
v 0.058834 -0.090926 0.005349
v 0.058834 -0.090926 0.016046
v 0.069532 -0.090926 0.005349
v 0.069532 -0.090926 0.016046
v 0.080229 -0.090926 0.005349
v 0.080229 -0.090926 0.016046
v 0.037440 -0.080229 0.005349
v 0.037440 -0.080229 0.016046
v 0.037440 -0.069532 0.005349
v 0.037440 -0.069532 0.016046
v 0.037440 -0.080229 0.026743
v 0.037440 -0.080229 0.037440
v 0.037440 -0.069532 0.026743
v 0.037440 -0.069532 0.037440
v 0.037440 -0.058835 0.005349
v 0.037440 -0.058835 0.016046
v 0.037440 -0.048138 0.005349
v 0.037440 -0.048138 0.016046
v 0.037440 -0.058835 0.026743
v 0.037440 -0.058835 0.037440
v 0.037440 -0.048138 0.026743
v 0.037440 -0.048138 0.037440
v 0.037440 -0.080229 0.048137
v 0.037440 -0.069532 0.048137
v 0.037440 -0.069532 0.058834
v 0.037440 -0.069532 0.069532
v 0.037440 -0.058835 0.048137
v 0.037440 -0.058835 0.058834
v 0.037440 -0.048138 0.048137
v 0.037440 -0.048138 0.058834
v 0.037440 -0.058835 0.069532
v 0.037440 -0.048138 0.069532
v 0.037440 -0.048138 0.080229
v 0.037440 -0.037441 0.005349
v 0.037440 -0.037441 0.016046
v 0.037440 -0.026743 0.005349
v 0.037440 -0.026743 0.016046
v 0.037440 -0.037441 0.026743
v 0.037440 -0.037441 0.037440
v 0.037440 -0.026743 0.026743
v 0.037440 -0.026743 0.037440
v 0.037440 -0.016046 0.005349
v 0.037440 -0.016046 0.016046
v 0.037440 -0.005349 0.005349
v 0.037440 -0.005349 0.016046
v 0.037440 -0.016046 0.026743
v 0.037440 -0.016046 0.037440
v 0.037440 -0.005349 0.026743
v 0.037440 -0.005349 0.037440
v 0.037440 -0.037441 0.048137
v 0.037440 -0.037441 0.058834
v 0.037440 -0.026743 0.048137
v 0.037440 -0.026743 0.058834
v 0.037440 -0.037441 0.069532
v 0.037440 -0.037441 0.080229
v 0.037440 -0.026743 0.069532
v 0.037440 -0.026743 0.080229
v 0.037440 -0.016046 0.048137
v 0.037440 -0.016046 0.058834
v 0.037440 -0.005349 0.048137
v 0.037440 -0.005349 0.058834
v 0.037440 -0.016046 0.069532
v 0.037440 -0.016046 0.080229
v 0.037440 -0.005349 0.069532
v 0.037440 -0.005349 0.080229
v 0.048137 -0.080229 0.016046
v 0.058834 -0.080229 0.016046
v 0.048137 -0.080229 0.026743
v 0.048137 -0.080229 0.037440
v 0.058834 -0.080229 0.026743
v 0.058834 -0.080229 0.037440
v 0.069532 -0.080229 0.016046
v 0.080229 -0.080229 0.016046
v 0.069532 -0.080229 0.026743
v 0.069532 -0.080229 0.037440
v 0.080229 -0.080229 0.026743
v 0.080229 -0.080229 0.037440
v 0.048137 -0.080229 0.048137
v 0.048137 -0.069532 0.048137
v 0.048137 -0.069532 0.058834
v 0.058834 -0.080229 0.048137
v 0.058834 -0.069532 0.048137
v 0.058834 -0.069532 0.058834
v 0.048137 -0.069532 0.069532
v 0.058834 -0.069532 0.069532
v 0.048137 -0.058835 0.069532
v 0.048137 -0.048138 0.069532
v 0.048137 -0.048138 0.080229
v 0.058834 -0.058835 0.069532
v 0.058834 -0.048138 0.069532
v 0.058834 -0.048138 0.080229
v 0.069532 -0.080229 0.048137
v 0.069532 -0.069532 0.048137
v 0.069532 -0.069532 0.058834
v 0.080229 -0.080229 0.048137
v 0.080229 -0.069532 0.048137
v 0.080229 -0.069532 0.058834
v 0.069532 -0.069532 0.069532
v 0.080229 -0.069532 0.069532
v 0.069532 -0.058835 0.069532
v 0.069532 -0.048138 0.069532
v 0.069532 -0.048138 0.080229
v 0.080229 -0.058835 0.069532
v 0.080229 -0.048138 0.069532
v 0.080229 -0.048138 0.080229
v 0.048137 -0.037441 0.080229
v 0.048137 -0.026743 0.080229
v 0.058834 -0.037441 0.080229
v 0.058834 -0.026743 0.080229
v 0.048137 -0.016046 0.080229
v 0.058834 -0.016046 0.080229
v 0.069532 -0.037441 0.080229
v 0.069532 -0.026743 0.080229
v 0.080229 -0.037441 0.080229
v 0.080229 -0.026743 0.080229
v 0.069532 -0.016046 0.080229
v 0.080229 -0.016046 0.080229
v 0.037440 -0.016046 0.090926
v 0.037440 -0.005349 0.090926
v 0.048137 -0.016046 0.090926
v 0.048137 -0.005349 0.090926
v 0.058834 -0.016046 0.090926
v 0.058834 -0.005349 0.090926
v 0.069532 -0.016046 0.090926
v 0.069532 -0.005349 0.090926
v 0.080229 -0.016046 0.090926
v 0.080229 -0.005349 0.090926
v 0.090926 -0.090926 0.005349
v 0.090926 -0.090926 0.016046
v 0.101623 -0.090926 0.005349
v 0.101623 -0.090926 0.016046
v 0.112320 -0.090926 0.005349
v 0.112320 -0.090926 0.016046
v 0.123017 -0.090926 0.005349
v 0.123017 -0.090926 0.016046
v 0.133714 -0.090926 0.005349
v 0.133714 -0.090926 0.016046
v 0.144412 -0.090926 0.005349
v 0.144412 -0.090926 0.016046
v 0.155109 -0.090926 0.005349
v 0.155109 -0.090926 0.016046
v 0.165806 -0.090926 0.005349
v 0.165806 -0.090926 0.016046
v 0.090926 -0.080229 0.016046
v 0.101623 -0.080229 0.016046
v 0.090926 -0.080229 0.026743
v 0.090926 -0.080229 0.037440
v 0.101623 -0.080229 0.026743
v 0.101623 -0.080229 0.037440
v 0.112320 -0.080229 0.016046
v 0.123017 -0.080229 0.016046
v 0.112320 -0.080229 0.026743
v 0.112320 -0.080229 0.037440
v 0.123017 -0.080229 0.026743
v 0.123017 -0.080229 0.037440
v 0.090926 -0.080229 0.048137
v 0.090926 -0.069532 0.048137
v 0.090926 -0.069532 0.058834
v 0.101623 -0.080229 0.048137
v 0.101623 -0.069532 0.048137
v 0.101623 -0.069532 0.058834
v 0.090926 -0.069532 0.069532
v 0.101623 -0.069532 0.069532
v 0.090926 -0.058835 0.069532
v 0.090926 -0.048138 0.069532
v 0.090926 -0.048138 0.080229
v 0.101623 -0.058835 0.069532
v 0.101623 -0.048138 0.069532
v 0.101623 -0.048138 0.080229
v 0.112320 -0.080229 0.048137
v 0.112320 -0.069532 0.048137
v 0.112320 -0.069532 0.058834
v 0.123017 -0.080229 0.048137
v 0.123017 -0.069532 0.048137
v 0.123017 -0.069532 0.058834
v 0.112320 -0.069532 0.069532
v 0.123017 -0.069532 0.069532
v 0.112320 -0.058835 0.069532
v 0.112320 -0.048138 0.069532
v 0.112320 -0.048138 0.080229
v 0.123017 -0.058835 0.069532
v 0.123017 -0.048138 0.069532
v 0.123017 -0.048138 0.080229
v 0.090926 -0.037441 0.080229
v 0.090926 -0.026743 0.080229
v 0.101623 -0.037441 0.080229
v 0.101623 -0.026743 0.080229
v 0.090926 -0.016046 0.080229
v 0.101623 -0.016046 0.080229
v 0.112320 -0.037441 0.080229
v 0.112320 -0.026743 0.080229
v 0.123017 -0.037441 0.080229
v 0.123017 -0.026743 0.080229
v 0.112320 -0.016046 0.080229
v 0.123017 -0.016046 0.080229
v 0.133714 -0.080229 0.016046
v 0.144412 -0.080229 0.016046
v 0.133714 -0.080229 0.026743
v 0.133714 -0.080229 0.037440
v 0.144412 -0.080229 0.026743
v 0.144412 -0.080229 0.037440
v 0.155109 -0.080229 0.016046
v 0.165806 -0.080229 0.016046
v 0.155109 -0.080229 0.026743
v 0.155109 -0.080229 0.037440
v 0.165806 -0.080229 0.026743
v 0.165806 -0.080229 0.037440
v 0.133714 -0.080229 0.048137
v 0.133714 -0.069532 0.048137
v 0.133714 -0.069532 0.058834
v 0.144412 -0.080229 0.048137
v 0.144412 -0.069532 0.048137
v 0.144412 -0.069532 0.058834
v 0.133714 -0.069532 0.069532
v 0.144412 -0.069532 0.069532
v 0.133714 -0.058835 0.069532
v 0.133714 -0.048138 0.069532
v 0.133714 -0.048138 0.080229
v 0.144412 -0.058835 0.069532
v 0.144412 -0.048138 0.069532
v 0.144412 -0.048138 0.080229
v 0.155109 -0.080229 0.048137
v 0.155109 -0.069532 0.048137
v 0.155109 -0.069532 0.058834
v 0.165806 -0.080229 0.048137
v 0.165806 -0.069532 0.048137
v 0.165806 -0.069532 0.058834
v 0.155109 -0.069532 0.069532
v 0.165806 -0.069532 0.069532
v 0.155109 -0.058835 0.069532
v 0.155109 -0.048138 0.069532
v 0.155109 -0.048138 0.080229
v 0.165806 -0.058835 0.069532
v 0.165806 -0.048138 0.069532
v 0.165806 -0.048138 0.080229
v 0.133714 -0.037441 0.080229
v 0.133714 -0.026743 0.080229
v 0.144412 -0.037441 0.080229
v 0.144412 -0.026743 0.080229
v 0.133714 -0.016046 0.080229
v 0.144412 -0.016046 0.080229
v 0.155109 -0.037441 0.080229
v 0.155109 -0.026743 0.080229
v 0.165806 -0.037441 0.080229
v 0.165806 -0.026743 0.080229
v 0.155109 -0.016046 0.080229
v 0.165806 -0.016046 0.080229
v 0.090926 -0.016046 0.090926
v 0.090926 -0.005349 0.090926
v 0.101623 -0.016046 0.090926
v 0.101623 -0.005349 0.090926
v 0.112320 -0.016046 0.090926
v 0.112320 -0.005349 0.090926
v 0.123017 -0.016046 0.090926
v 0.123017 -0.005349 0.090926
v 0.133714 -0.016046 0.090926
v 0.133714 -0.005349 0.090926
v 0.144412 -0.016046 0.090926
v 0.144412 -0.005349 0.090926
v 0.155109 -0.016046 0.090926
v 0.155109 -0.005349 0.090926
v 0.165806 -0.016046 0.090926
v 0.165806 -0.005349 0.090926
v 0.176503 -0.090926 0.005349
v 0.176503 -0.090926 0.016046
v 0.187200 -0.090926 0.005349
v 0.187200 -0.090926 0.016046
v 0.197897 -0.090926 0.005349
v 0.197897 -0.090926 0.016046
v 0.208595 -0.090926 0.005349
v 0.208595 -0.090926 0.016046
v 0.219292 -0.090926 0.005349
v 0.219292 -0.090926 0.016046
v 0.229989 -0.090926 0.005349
v 0.229989 -0.090926 0.016046
v 0.240686 -0.090926 0.005349
v 0.240686 -0.090926 0.016046
v 0.251383 -0.090926 0.005349
v 0.251383 -0.090926 0.016046
v 0.176503 -0.080229 0.016046
v 0.187200 -0.080229 0.016046
v 0.176503 -0.080229 0.026743
v 0.176503 -0.080229 0.037440
v 0.187200 -0.080229 0.026743
v 0.187200 -0.080229 0.037440
v 0.197897 -0.080229 0.016046
v 0.208595 -0.080229 0.016046
v 0.197897 -0.080229 0.026743
v 0.197897 -0.080229 0.037440
v 0.208595 -0.080229 0.026743
v 0.208595 -0.080229 0.037440
v 0.176503 -0.080229 0.048137
v 0.176503 -0.069532 0.048137
v 0.176503 -0.069532 0.058834
v 0.187200 -0.080229 0.048137
v 0.187200 -0.069532 0.048137
v 0.187200 -0.069532 0.058834
v 0.176503 -0.069532 0.069532
v 0.187200 -0.069532 0.069532
v 0.176503 -0.058835 0.069532
v 0.176503 -0.048138 0.069532
v 0.176503 -0.048138 0.080229
v 0.187200 -0.058835 0.069532
v 0.187200 -0.048138 0.069532
v 0.187200 -0.048138 0.080229
v 0.197897 -0.080229 0.048137
v 0.197897 -0.069532 0.048137
v 0.197897 -0.069532 0.058834
v 0.208595 -0.080229 0.048137
v 0.208595 -0.069532 0.048137
v 0.208595 -0.069532 0.058834
v 0.197897 -0.069532 0.069532
v 0.208595 -0.069532 0.069532
v 0.197897 -0.058835 0.069532
v 0.197897 -0.048138 0.069532
v 0.197897 -0.048138 0.080229
v 0.208595 -0.058835 0.069532
v 0.208595 -0.048138 0.069532
v 0.208595 -0.048138 0.080229
v 0.176503 -0.037441 0.080229
v 0.176503 -0.026743 0.080229
v 0.187200 -0.037441 0.080229
v 0.187200 -0.026743 0.080229
v 0.176503 -0.016046 0.080229
v 0.187200 -0.016046 0.080229
v 0.197897 -0.037441 0.080229
v 0.197897 -0.026743 0.080229
v 0.208595 -0.037441 0.080229
v 0.208595 -0.026743 0.080229
v 0.197897 -0.016046 0.080229
v 0.208595 -0.016046 0.080229
v 0.219292 -0.080229 0.016046
v 0.229989 -0.080229 0.016046
v 0.219292 -0.080229 0.026743
v 0.219292 -0.080229 0.037440
v 0.229989 -0.080229 0.026743
v 0.229989 -0.080229 0.037440
v 0.240686 -0.080229 0.016046
v 0.251383 -0.080229 0.016046
v 0.240686 -0.080229 0.026743
v 0.240686 -0.080229 0.037440
v 0.251383 -0.080229 0.026743
v 0.251383 -0.080229 0.037440
v 0.219292 -0.080229 0.048137
v 0.219292 -0.069532 0.048137
v 0.219292 -0.069532 0.058834
v 0.229989 -0.080229 0.048137
v 0.229989 -0.069532 0.048137
v 0.229989 -0.069532 0.058834
v 0.219292 -0.069532 0.069532
v 0.229989 -0.069532 0.069532
v 0.219292 -0.058835 0.069532
v 0.219292 -0.048138 0.069532
v 0.219292 -0.048138 0.080229
v 0.229989 -0.058835 0.069532
v 0.229989 -0.048138 0.069532
v 0.229989 -0.048138 0.080229
v 0.240686 -0.080229 0.048137
v 0.240686 -0.069532 0.048137
v 0.240686 -0.069532 0.058834
v 0.251383 -0.080229 0.048137
v 0.251383 -0.069532 0.048137
v 0.251383 -0.069532 0.058834
v 0.240686 -0.069532 0.069532
v 0.251383 -0.069532 0.069532
v 0.240686 -0.058835 0.069532
v 0.240686 -0.048138 0.069532
v 0.240686 -0.048138 0.080229
v 0.251383 -0.058835 0.069532
v 0.251383 -0.048138 0.069532
v 0.251383 -0.048138 0.080229
v 0.219292 -0.037441 0.080229
v 0.219292 -0.026743 0.080229
v 0.229989 -0.037441 0.080229
v 0.229989 -0.026743 0.080229
v 0.219292 -0.016046 0.080229
v 0.229989 -0.016046 0.080229
v 0.240686 -0.037441 0.080229
v 0.240686 -0.026743 0.080229
v 0.251383 -0.037441 0.080229
v 0.251383 -0.026743 0.080229
v 0.240686 -0.016046 0.080229
v 0.251383 -0.016046 0.080229
v 0.176503 -0.016046 0.090926
v 0.176503 -0.005349 0.090926
v 0.187200 -0.016046 0.090926
v 0.187200 -0.005349 0.090926
v 0.197897 -0.016046 0.090926
v 0.197897 -0.005349 0.090926
v 0.208595 -0.016046 0.090926
v 0.208595 -0.005349 0.090926
v 0.219292 -0.016046 0.090926
v 0.219292 -0.005349 0.090926
v 0.229989 -0.016046 0.090926
v 0.229989 -0.005349 0.090926
v 0.240686 -0.016046 0.090926
v 0.240686 -0.005349 0.090926
v 0.251383 -0.016046 0.090926
v 0.251383 -0.005349 0.090926
v 0.262080 -0.090926 0.005349
v 0.262080 -0.090926 0.016046
v 0.272777 -0.090926 0.005349
v 0.272777 -0.090926 0.016046
v 0.283475 -0.090926 0.005349
v 0.283475 -0.090926 0.016046
v 0.294172 -0.090926 0.005349
v 0.294172 -0.090926 0.016046
v 0.304869 -0.090926 0.005349
v 0.304869 -0.090926 0.016046
v 0.262080 -0.080229 0.016046
v 0.272777 -0.080229 0.016046
v 0.262080 -0.080229 0.026743
v 0.262080 -0.080229 0.037440
v 0.272777 -0.080229 0.026743
v 0.272777 -0.080229 0.037440
v 0.283475 -0.080229 0.016046
v 0.294172 -0.080229 0.016046
v 0.283475 -0.080229 0.026743
v 0.283475 -0.080229 0.037440
v 0.294172 -0.080229 0.026743
v 0.294172 -0.080229 0.037440
v 0.262080 -0.080229 0.048137
v 0.262080 -0.069532 0.048137
v 0.262080 -0.069532 0.058834
v 0.272777 -0.080229 0.048137
v 0.272777 -0.069532 0.048137
v 0.272777 -0.069532 0.058834
v 0.262080 -0.069532 0.069532
v 0.272777 -0.069532 0.069532
v 0.262080 -0.058835 0.069532
v 0.262080 -0.048138 0.069532
v 0.262080 -0.048138 0.080229
v 0.272777 -0.058835 0.069532
v 0.272777 -0.048138 0.069532
v 0.272777 -0.048138 0.080229
v 0.283475 -0.080229 0.048137
v 0.283475 -0.069532 0.048137
v 0.283475 -0.069532 0.058834
v 0.294172 -0.080229 0.048137
v 0.294172 -0.069532 0.048137
v 0.294172 -0.069532 0.058834
v 0.283475 -0.069532 0.069532
v 0.294172 -0.069532 0.069532
v 0.283475 -0.058835 0.069532
v 0.283475 -0.048138 0.069532
v 0.283475 -0.048138 0.080229
v 0.294172 -0.058835 0.069532
v 0.294172 -0.048138 0.069532
v 0.294172 -0.048138 0.080229
v 0.262080 -0.037441 0.080229
v 0.262080 -0.026743 0.080229
v 0.272777 -0.037441 0.080229
v 0.272777 -0.026743 0.080229
v 0.262080 -0.016046 0.080229
v 0.272777 -0.016046 0.080229
v 0.283475 -0.037441 0.080229
v 0.283475 -0.026743 0.080229
v 0.294172 -0.037441 0.080229
v 0.294172 -0.026743 0.080229
v 0.283475 -0.016046 0.080229
v 0.294172 -0.016046 0.080229
v 0.304869 -0.080229 0.005349
v 0.304869 -0.080229 0.016046
v 0.304869 -0.069532 0.005349
v 0.304869 -0.069532 0.016046
v 0.304869 -0.080229 0.026743
v 0.304869 -0.080229 0.037440
v 0.304869 -0.069532 0.026743
v 0.304869 -0.069532 0.037440
v 0.304869 -0.058835 0.005349
v 0.304869 -0.058835 0.016046
v 0.304869 -0.048138 0.005349
v 0.304869 -0.048138 0.016046
v 0.304869 -0.058835 0.026743
v 0.304869 -0.058835 0.037440
v 0.304869 -0.048138 0.026743
v 0.304869 -0.048138 0.037440
v 0.304869 -0.080229 0.048137
v 0.304869 -0.069532 0.048137
v 0.304869 -0.069532 0.058834
v 0.304869 -0.069532 0.069532
v 0.304869 -0.058835 0.048137
v 0.304869 -0.058835 0.058834
v 0.304869 -0.048138 0.048137
v 0.304869 -0.048138 0.058834
v 0.304869 -0.058835 0.069532
v 0.304869 -0.048138 0.069532
v 0.304869 -0.048138 0.080229
v 0.304869 -0.037441 0.005349
v 0.304869 -0.037441 0.016046
v 0.304869 -0.026743 0.005349
v 0.304869 -0.026743 0.016046
v 0.304869 -0.037441 0.026743
v 0.304869 -0.037441 0.037440
v 0.304869 -0.026743 0.026743
v 0.304869 -0.026743 0.037440
v 0.304869 -0.016046 0.005349
v 0.304869 -0.016046 0.016046
v 0.304869 -0.005349 0.005349
v 0.304869 -0.005349 0.016046
v 0.304869 -0.016046 0.026743
v 0.304869 -0.016046 0.037440
v 0.304869 -0.005349 0.026743
v 0.304869 -0.005349 0.037440
v 0.304869 -0.037441 0.048137
v 0.304869 -0.037441 0.058834
v 0.304869 -0.026743 0.048137
v 0.304869 -0.026743 0.058834
v 0.304869 -0.037441 0.069532
v 0.304869 -0.037441 0.080229
v 0.304869 -0.026743 0.069532
v 0.304869 -0.026743 0.080229
v 0.304869 -0.016046 0.048137
v 0.304869 -0.016046 0.058834
v 0.304869 -0.005349 0.048137
v 0.304869 -0.005349 0.058834
v 0.304869 -0.016046 0.069532
v 0.304869 -0.016046 0.080229
v 0.304869 -0.005349 0.069532
v 0.304869 -0.005349 0.080229
v 0.262080 -0.016046 0.090926
v 0.262080 -0.005349 0.090926
v 0.272777 -0.016046 0.090926
v 0.272777 -0.005349 0.090926
v 0.283475 -0.016046 0.090926
v 0.283475 -0.005349 0.090926
v 0.294172 -0.016046 0.090926
v 0.294172 -0.005349 0.090926
v 0.304869 -0.016046 0.090926
v 0.304869 -0.005349 0.090926
v 0.037440 0.005348 -0.090926
v 0.037440 0.016045 -0.090926
v 0.048137 0.005348 -0.090926
v 0.048137 0.016045 -0.090926
v 0.058834 0.005348 -0.090926
v 0.058834 0.016045 -0.090926
v 0.069532 0.005348 -0.090926
v 0.069532 0.016045 -0.090926
v 0.080229 0.005348 -0.090926
v 0.080229 0.016045 -0.090926
v 0.037440 0.005348 -0.080229
v 0.037440 0.005348 -0.069531
v 0.037440 0.016045 -0.080229
v 0.037440 0.016045 -0.069531
v 0.037440 0.005348 -0.058834
v 0.037440 0.005348 -0.048137
v 0.037440 0.016045 -0.058834
v 0.037440 0.016045 -0.048137
v 0.037440 0.026742 -0.080229
v 0.037440 0.026742 -0.069531
v 0.037440 0.037440 -0.080229
v 0.037440 0.037440 -0.069531
v 0.037440 0.026742 -0.058834
v 0.037440 0.026742 -0.048137
v 0.037440 0.037440 -0.058834
v 0.037440 0.037440 -0.048137
v 0.037440 0.005348 -0.037440
v 0.037440 0.005348 -0.026743
v 0.037440 0.016045 -0.037440
v 0.037440 0.016045 -0.026743
v 0.037440 0.005348 -0.016046
v 0.037440 0.005348 -0.005349
v 0.037440 0.016045 -0.016046
v 0.037440 0.016045 -0.005349
v 0.037440 0.026742 -0.037440
v 0.037440 0.026742 -0.026743
v 0.037440 0.037440 -0.037440
v 0.037440 0.037440 -0.026743
v 0.037440 0.026742 -0.016046
v 0.037440 0.026742 -0.005349
v 0.037440 0.037440 -0.016046
v 0.037440 0.037440 -0.005349
v 0.037440 0.048137 -0.080229
v 0.037440 0.048137 -0.069531
v 0.037440 0.058834 -0.069531
v 0.037440 0.048137 -0.058834
v 0.037440 0.048137 -0.048137
v 0.037440 0.058834 -0.058834
v 0.037440 0.058834 -0.048137
v 0.037440 0.069531 -0.069531
v 0.037440 0.069531 -0.058834
v 0.037440 0.069531 -0.048137
v 0.037440 0.080228 -0.048137
v 0.037440 0.048137 -0.037440
v 0.037440 0.048137 -0.026743
v 0.037440 0.058834 -0.037440
v 0.037440 0.058834 -0.026743
v 0.037440 0.048137 -0.016046
v 0.037440 0.048137 -0.005349
v 0.037440 0.058834 -0.016046
v 0.037440 0.058834 -0.005349
v 0.037440 0.069531 -0.037440
v 0.037440 0.069531 -0.026743
v 0.037440 0.080228 -0.037440
v 0.037440 0.080228 -0.026743
v 0.037440 0.069531 -0.016046
v 0.037440 0.069531 -0.005349
v 0.037440 0.080228 -0.016046
v 0.037440 0.080228 -0.005349
v 0.048137 0.016045 -0.080229
v 0.058834 0.016045 -0.080229
v 0.048137 0.026742 -0.080229
v 0.048137 0.037440 -0.080229
v 0.058834 0.026742 -0.080229
v 0.058834 0.037440 -0.080229
v 0.069532 0.016045 -0.080229
v 0.080229 0.016045 -0.080229
v 0.069532 0.026742 -0.080229
v 0.069532 0.037440 -0.080229
v 0.080229 0.026742 -0.080229
v 0.080229 0.037440 -0.080229
v 0.048137 0.048137 -0.080229
v 0.048137 0.048137 -0.069531
v 0.048137 0.058834 -0.069531
v 0.058834 0.048137 -0.080229
v 0.058834 0.048137 -0.069531
v 0.058834 0.058834 -0.069531
v 0.048137 0.069531 -0.069531
v 0.058834 0.069531 -0.069531
v 0.048137 0.069531 -0.058834
v 0.048137 0.069531 -0.048137
v 0.048137 0.080228 -0.048137
v 0.058834 0.069531 -0.058834
v 0.058834 0.069531 -0.048137
v 0.058834 0.080228 -0.048137
v 0.069532 0.048137 -0.080229
v 0.069532 0.048137 -0.069531
v 0.069532 0.058834 -0.069531
v 0.080229 0.048137 -0.080229
v 0.080229 0.048137 -0.069531
v 0.080229 0.058834 -0.069531
v 0.069532 0.069531 -0.069531
v 0.080229 0.069531 -0.069531
v 0.069532 0.069531 -0.058834
v 0.069532 0.069531 -0.048137
v 0.069532 0.080228 -0.048137
v 0.080229 0.069531 -0.058834
v 0.080229 0.069531 -0.048137
v 0.080229 0.080228 -0.048137
v 0.048137 0.080228 -0.037440
v 0.048137 0.080228 -0.026743
v 0.058834 0.080228 -0.037440
v 0.058834 0.080228 -0.026743
v 0.048137 0.080228 -0.016046
v 0.058834 0.080228 -0.016046
v 0.069532 0.080228 -0.037440
v 0.069532 0.080228 -0.026743
v 0.080229 0.080228 -0.037440
v 0.080229 0.080228 -0.026743
v 0.069532 0.080228 -0.016046
v 0.080229 0.080228 -0.016046
v 0.037440 0.090925 -0.016046
v 0.037440 0.090925 -0.005349
v 0.048137 0.090925 -0.016046
v 0.048137 0.090925 -0.005349
v 0.058834 0.090925 -0.016046
v 0.058834 0.090925 -0.005349
v 0.069532 0.090925 -0.016046
v 0.069532 0.090925 -0.005349
v 0.080229 0.090925 -0.016046
v 0.080229 0.090925 -0.005349
v 0.090926 0.005348 -0.090926
v 0.090926 0.016045 -0.090926
v 0.101623 0.005348 -0.090926
v 0.101623 0.016045 -0.090926
v 0.112320 0.005348 -0.090926
v 0.112320 0.016045 -0.090926
v 0.123017 0.005348 -0.090926
v 0.123017 0.016045 -0.090926
v 0.133714 0.005348 -0.090926
v 0.133714 0.016045 -0.090926
v 0.144412 0.005348 -0.090926
v 0.144412 0.016045 -0.090926
v 0.155109 0.005348 -0.090926
v 0.155109 0.016045 -0.090926
v 0.165806 0.005348 -0.090926
v 0.165806 0.016045 -0.090926
v 0.090926 0.016045 -0.080229
v 0.101623 0.016045 -0.080229
v 0.090926 0.026742 -0.080229
v 0.090926 0.037440 -0.080229
v 0.101623 0.026742 -0.080229
v 0.101623 0.037440 -0.080229
v 0.112320 0.016045 -0.080229
v 0.123017 0.016045 -0.080229
v 0.112320 0.026742 -0.080229
v 0.112320 0.037440 -0.080229
v 0.123017 0.026742 -0.080229
v 0.123017 0.037440 -0.080229
v 0.090926 0.048137 -0.080229
v 0.090926 0.048137 -0.069531
v 0.090926 0.058834 -0.069531
v 0.101623 0.048137 -0.080229
v 0.101623 0.048137 -0.069531
v 0.101623 0.058834 -0.069531
v 0.090926 0.069531 -0.069531
v 0.101623 0.069531 -0.069531
v 0.090926 0.069531 -0.058834
v 0.090926 0.069531 -0.048137
v 0.090926 0.080228 -0.048137
v 0.101623 0.069531 -0.058834
v 0.101623 0.069531 -0.048137
v 0.101623 0.080228 -0.048137
v 0.112320 0.048137 -0.080229
v 0.112320 0.048137 -0.069531
v 0.112320 0.058834 -0.069531
v 0.123017 0.048137 -0.080229
v 0.123017 0.048137 -0.069531
v 0.123017 0.058834 -0.069531
v 0.112320 0.069531 -0.069531
v 0.123017 0.069531 -0.069531
v 0.112320 0.069531 -0.058834
v 0.112320 0.069531 -0.048137
v 0.112320 0.080228 -0.048137
v 0.123017 0.069531 -0.058834
v 0.123017 0.069531 -0.048137
v 0.123017 0.080228 -0.048137
v 0.090926 0.080228 -0.037440
v 0.090926 0.080228 -0.026743
v 0.101623 0.080228 -0.037440
v 0.101623 0.080228 -0.026743
v 0.090926 0.080228 -0.016046
v 0.101623 0.080228 -0.016046
v 0.112320 0.080228 -0.037440
v 0.112320 0.080228 -0.026743
v 0.123017 0.080228 -0.037440
v 0.123017 0.080228 -0.026743
v 0.112320 0.080228 -0.016046
v 0.123017 0.080228 -0.016046
v 0.133714 0.016045 -0.080229
v 0.144412 0.016045 -0.080229
v 0.133714 0.026742 -0.080229
v 0.133714 0.037440 -0.080229
v 0.144412 0.026742 -0.080229
v 0.144412 0.037440 -0.080229
v 0.155109 0.016045 -0.080229
v 0.165806 0.016045 -0.080229
v 0.155109 0.026742 -0.080229
v 0.155109 0.037440 -0.080229
v 0.165806 0.026742 -0.080229
v 0.165806 0.037440 -0.080229
v 0.133714 0.048137 -0.080229
v 0.133714 0.048137 -0.069531
v 0.133714 0.058834 -0.069531
v 0.144412 0.048137 -0.080229
v 0.144412 0.048137 -0.069531
v 0.144412 0.058834 -0.069531
v 0.133714 0.069531 -0.069531
v 0.144412 0.069531 -0.069531
v 0.133714 0.069531 -0.058834
v 0.133714 0.069531 -0.048137
v 0.133714 0.080228 -0.048137
v 0.144412 0.069531 -0.058834
v 0.144412 0.069531 -0.048137
v 0.144412 0.080228 -0.048137
v 0.155109 0.048137 -0.080229
v 0.155109 0.048137 -0.069531
v 0.155109 0.058834 -0.069531
v 0.165806 0.048137 -0.080229
v 0.165806 0.048137 -0.069531
v 0.165806 0.058834 -0.069531
v 0.155109 0.069531 -0.069531
v 0.165806 0.069531 -0.069531
v 0.155109 0.069531 -0.058834
v 0.155109 0.069531 -0.048137
v 0.155109 0.080228 -0.048137
v 0.165806 0.069531 -0.058834
v 0.165806 0.069531 -0.048137
v 0.165806 0.080228 -0.048137
v 0.133714 0.080228 -0.037440
v 0.133714 0.080228 -0.026743
v 0.144412 0.080228 -0.037440
v 0.144412 0.080228 -0.026743
v 0.133714 0.080228 -0.016046
v 0.144412 0.080228 -0.016046
v 0.155109 0.080228 -0.037440
v 0.155109 0.080228 -0.026743
v 0.165806 0.080228 -0.037440
v 0.165806 0.080228 -0.026743
v 0.155109 0.080228 -0.016046
v 0.165806 0.080228 -0.016046
v 0.090926 0.090925 -0.016046
v 0.090926 0.090925 -0.005349
v 0.101623 0.090925 -0.016046
v 0.101623 0.090925 -0.005349
v 0.112320 0.090925 -0.016046
v 0.112320 0.090925 -0.005349
v 0.123017 0.090925 -0.016046
v 0.123017 0.090925 -0.005349
v 0.133714 0.090925 -0.016046
v 0.133714 0.090925 -0.005349
v 0.144412 0.090925 -0.016046
v 0.144412 0.090925 -0.005349
v 0.155109 0.090925 -0.016046
v 0.155109 0.090925 -0.005349
v 0.165806 0.090925 -0.016046
v 0.165806 0.090925 -0.005349
v 0.176503 0.005348 -0.090926
v 0.176503 0.016045 -0.090926
v 0.187200 0.005348 -0.090926
v 0.187200 0.016045 -0.090926
v 0.197897 0.005348 -0.090926
v 0.197897 0.016045 -0.090926
v 0.208595 0.005348 -0.090926
v 0.208595 0.016045 -0.090926
v 0.219292 0.005348 -0.090926
v 0.219292 0.016045 -0.090926
v 0.229989 0.005348 -0.090926
v 0.229989 0.016045 -0.090926
v 0.240686 0.005348 -0.090926
v 0.240686 0.016045 -0.090926
v 0.251383 0.005348 -0.090926
v 0.251383 0.016045 -0.090926
v 0.176503 0.016045 -0.080229
v 0.187200 0.016045 -0.080229
v 0.176503 0.026742 -0.080229
v 0.176503 0.037440 -0.080229
v 0.187200 0.026742 -0.080229
v 0.187200 0.037440 -0.080229
v 0.197897 0.016045 -0.080229
v 0.208595 0.016045 -0.080229
v 0.197897 0.026742 -0.080229
v 0.197897 0.037440 -0.080229
v 0.208595 0.026742 -0.080229
v 0.208595 0.037440 -0.080229
v 0.176503 0.048137 -0.080229
v 0.176503 0.048137 -0.069531
v 0.176503 0.058834 -0.069531
v 0.187200 0.048137 -0.080229
v 0.187200 0.048137 -0.069531
v 0.187200 0.058834 -0.069531
v 0.176503 0.069531 -0.069531
v 0.187200 0.069531 -0.069531
v 0.176503 0.069531 -0.058834
v 0.176503 0.069531 -0.048137
v 0.176503 0.080228 -0.048137
v 0.187200 0.069531 -0.058834
v 0.187200 0.069531 -0.048137
v 0.187200 0.080228 -0.048137
v 0.197897 0.048137 -0.080229
v 0.197897 0.048137 -0.069531
v 0.197897 0.058834 -0.069531
v 0.208595 0.048137 -0.080229
v 0.208595 0.048137 -0.069531
v 0.208595 0.058834 -0.069531
v 0.197897 0.069531 -0.069531
v 0.208595 0.069531 -0.069531
v 0.197897 0.069531 -0.058834
v 0.197897 0.069531 -0.048137
v 0.197897 0.080228 -0.048137
v 0.208595 0.069531 -0.058834
v 0.208595 0.069531 -0.048137
v 0.208595 0.080228 -0.048137
v 0.176503 0.080228 -0.037440
v 0.176503 0.080228 -0.026743
v 0.187200 0.080228 -0.037440
v 0.187200 0.080228 -0.026743
v 0.176503 0.080228 -0.016046
v 0.187200 0.080228 -0.016046
v 0.197897 0.080228 -0.037440
v 0.197897 0.080228 -0.026743
v 0.208595 0.080228 -0.037440
v 0.208595 0.080228 -0.026743
v 0.197897 0.080228 -0.016046
v 0.208595 0.080228 -0.016046
v 0.219292 0.016045 -0.080229
v 0.229989 0.016045 -0.080229
v 0.219292 0.026742 -0.080229
v 0.219292 0.037440 -0.080229
v 0.229989 0.026742 -0.080229
v 0.229989 0.037440 -0.080229
v 0.240686 0.016045 -0.080229
v 0.251383 0.016045 -0.080229
v 0.240686 0.026742 -0.080229
v 0.240686 0.037440 -0.080229
v 0.251383 0.026742 -0.080229
v 0.251383 0.037440 -0.080229
v 0.219292 0.048137 -0.080229
v 0.219292 0.048137 -0.069531
v 0.219292 0.058834 -0.069531
v 0.229989 0.048137 -0.080229
v 0.229989 0.048137 -0.069531
v 0.229989 0.058834 -0.069531
v 0.219292 0.069531 -0.069531
v 0.229989 0.069531 -0.069531
v 0.219292 0.069531 -0.058834
v 0.219292 0.069531 -0.048137
v 0.219292 0.080228 -0.048137
v 0.229989 0.069531 -0.058834
v 0.229989 0.069531 -0.048137
v 0.229989 0.080228 -0.048137
v 0.240686 0.048137 -0.080229
v 0.240686 0.048137 -0.069531
v 0.240686 0.058834 -0.069531
v 0.251383 0.048137 -0.080229
v 0.251383 0.048137 -0.069531
v 0.251383 0.058834 -0.069531
v 0.240686 0.069531 -0.069531
v 0.251383 0.069531 -0.069531
v 0.240686 0.069531 -0.058834
v 0.240686 0.069531 -0.048137
v 0.240686 0.080228 -0.048137
v 0.251383 0.069531 -0.058834
v 0.251383 0.069531 -0.048137
v 0.251383 0.080228 -0.048137
v 0.219292 0.080228 -0.037440
v 0.219292 0.080228 -0.026743
v 0.229989 0.080228 -0.037440
v 0.229989 0.080228 -0.026743
v 0.219292 0.080228 -0.016046
v 0.229989 0.080228 -0.016046
v 0.240686 0.080228 -0.037440
v 0.240686 0.080228 -0.026743
v 0.251383 0.080228 -0.037440
v 0.251383 0.080228 -0.026743
v 0.240686 0.080228 -0.016046
v 0.251383 0.080228 -0.016046
v 0.176503 0.090925 -0.016046
v 0.176503 0.090925 -0.005349
v 0.187200 0.090925 -0.016046
v 0.187200 0.090925 -0.005349
v 0.197897 0.090925 -0.016046
v 0.197897 0.090925 -0.005349
v 0.208595 0.090925 -0.016046
v 0.208595 0.090925 -0.005349
v 0.219292 0.090925 -0.016046
v 0.219292 0.090925 -0.005349
v 0.229989 0.090925 -0.016046
v 0.229989 0.090925 -0.005349
v 0.240686 0.090925 -0.016046
v 0.240686 0.090925 -0.005349
v 0.251383 0.090925 -0.016046
v 0.251383 0.090925 -0.005349
v 0.262080 0.005348 -0.090926
v 0.262080 0.016045 -0.090926
v 0.272777 0.005348 -0.090926
v 0.272777 0.016045 -0.090926
v 0.283475 0.005348 -0.090926
v 0.283475 0.016045 -0.090926
v 0.294172 0.005348 -0.090926
v 0.294172 0.016045 -0.090926
v 0.304869 0.005348 -0.090926
v 0.304869 0.016045 -0.090926
v 0.262080 0.016045 -0.080229
v 0.272777 0.016045 -0.080229
v 0.262080 0.026742 -0.080229
v 0.262080 0.037440 -0.080229
v 0.272777 0.026742 -0.080229
v 0.272777 0.037440 -0.080229
v 0.283475 0.016045 -0.080229
v 0.294172 0.016045 -0.080229
v 0.283475 0.026742 -0.080229
v 0.283475 0.037440 -0.080229
v 0.294172 0.026742 -0.080229
v 0.294172 0.037440 -0.080229
v 0.262080 0.048137 -0.080229
v 0.262080 0.048137 -0.069531
v 0.262080 0.058834 -0.069531
v 0.272777 0.048137 -0.080229
v 0.272777 0.048137 -0.069531
v 0.272777 0.058834 -0.069531
v 0.262080 0.069531 -0.069531
v 0.272777 0.069531 -0.069531
v 0.262080 0.069531 -0.058834
v 0.262080 0.069531 -0.048137
v 0.262080 0.080228 -0.048137
v 0.272777 0.069531 -0.058834
v 0.272777 0.069531 -0.048137
v 0.272777 0.080228 -0.048137
v 0.283475 0.048137 -0.080229
v 0.283475 0.048137 -0.069531
v 0.283475 0.058834 -0.069531
v 0.294172 0.048137 -0.080229
v 0.294172 0.048137 -0.069531
v 0.294172 0.058834 -0.069531
v 0.283475 0.069531 -0.069531
v 0.294172 0.069531 -0.069531
v 0.283475 0.069531 -0.058834
v 0.283475 0.069531 -0.048137
v 0.283475 0.080228 -0.048137
v 0.294172 0.069531 -0.058834
v 0.294172 0.069531 -0.048137
v 0.294172 0.080228 -0.048137
v 0.262080 0.080228 -0.037440
v 0.262080 0.080228 -0.026743
v 0.272777 0.080228 -0.037440
v 0.272777 0.080228 -0.026743
v 0.262080 0.080228 -0.016046
v 0.272777 0.080228 -0.016046
v 0.283475 0.080228 -0.037440
v 0.283475 0.080228 -0.026743
v 0.294172 0.080228 -0.037440
v 0.294172 0.080228 -0.026743
v 0.283475 0.080228 -0.016046
v 0.294172 0.080228 -0.016046
v 0.304869 0.005348 -0.080229
v 0.304869 0.005348 -0.069531
v 0.304869 0.016045 -0.080229
v 0.304869 0.016045 -0.069531
v 0.304869 0.005348 -0.058834
v 0.304869 0.005348 -0.048137
v 0.304869 0.016045 -0.058834
v 0.304869 0.016045 -0.048137
v 0.304869 0.026742 -0.080229
v 0.304869 0.026742 -0.069531
v 0.304869 0.037440 -0.080229
v 0.304869 0.037440 -0.069531
v 0.304869 0.026742 -0.058834
v 0.304869 0.026742 -0.048137
v 0.304869 0.037440 -0.058834
v 0.304869 0.037440 -0.048137
v 0.304869 0.005348 -0.037440
v 0.304869 0.005348 -0.026743
v 0.304869 0.016045 -0.037440
v 0.304869 0.016045 -0.026743
v 0.304869 0.005348 -0.016046
v 0.304869 0.005348 -0.005349
v 0.304869 0.016045 -0.016046
v 0.304869 0.016045 -0.005349
v 0.304869 0.026742 -0.037440
v 0.304869 0.026742 -0.026743
v 0.304869 0.037440 -0.037440
v 0.304869 0.037440 -0.026743
v 0.304869 0.026742 -0.016046
v 0.304869 0.026742 -0.005349
v 0.304869 0.037440 -0.016046
v 0.304869 0.037440 -0.005349
v 0.304869 0.048137 -0.080229
v 0.304869 0.048137 -0.069531
v 0.304869 0.058834 -0.069531
v 0.304869 0.048137 -0.058834
v 0.304869 0.048137 -0.048137
v 0.304869 0.058834 -0.058834
v 0.304869 0.058834 -0.048137
v 0.304869 0.069531 -0.069531
v 0.304869 0.069531 -0.058834
v 0.304869 0.069531 -0.048137
v 0.304869 0.080228 -0.048137
v 0.304869 0.048137 -0.037440
v 0.304869 0.048137 -0.026743
v 0.304869 0.058834 -0.037440
v 0.304869 0.058834 -0.026743
v 0.304869 0.048137 -0.016046
v 0.304869 0.048137 -0.005349
v 0.304869 0.058834 -0.016046
v 0.304869 0.058834 -0.005349
v 0.304869 0.069531 -0.037440
v 0.304869 0.069531 -0.026743
v 0.304869 0.080228 -0.037440
v 0.304869 0.080228 -0.026743
v 0.304869 0.069531 -0.016046
v 0.304869 0.069531 -0.005349
v 0.304869 0.080228 -0.016046
v 0.304869 0.080228 -0.005349
v 0.262080 0.090925 -0.016046
v 0.262080 0.090925 -0.005349
v 0.272777 0.090925 -0.016046
v 0.272777 0.090925 -0.005349
v 0.283475 0.090925 -0.016046
v 0.283475 0.090925 -0.005349
v 0.294172 0.090925 -0.016046
v 0.294172 0.090925 -0.005349
v 0.304869 0.090925 -0.016046
v 0.304869 0.090925 -0.005349
v 0.037440 0.005348 0.005349
v 0.037440 0.005348 0.016046
v 0.037440 0.016045 0.005349
v 0.037440 0.016045 0.016046
v 0.037440 0.005348 0.026743
v 0.037440 0.005348 0.037440
v 0.037440 0.016045 0.026743
v 0.037440 0.016045 0.037440
v 0.037440 0.026742 0.005349
v 0.037440 0.026742 0.016046
v 0.037440 0.037440 0.005349
v 0.037440 0.037440 0.016046
v 0.037440 0.026742 0.026743
v 0.037440 0.026742 0.037440
v 0.037440 0.037440 0.026743
v 0.037440 0.037440 0.037440
v 0.037440 0.005348 0.048137
v 0.037440 0.005348 0.058834
v 0.037440 0.016045 0.048137
v 0.037440 0.016045 0.058834
v 0.037440 0.005348 0.069532
v 0.037440 0.005348 0.080229
v 0.037440 0.016045 0.069532
v 0.037440 0.016045 0.080229
v 0.037440 0.026742 0.048137
v 0.037440 0.026742 0.058834
v 0.037440 0.037440 0.048137
v 0.037440 0.037440 0.058834
v 0.037440 0.026742 0.069532
v 0.037440 0.026742 0.080229
v 0.037440 0.037440 0.069532
v 0.037440 0.037440 0.080229
v 0.037440 0.048137 0.005349
v 0.037440 0.048137 0.016046
v 0.037440 0.058834 0.005349
v 0.037440 0.058834 0.016046
v 0.037440 0.048137 0.026743
v 0.037440 0.048137 0.037440
v 0.037440 0.058834 0.026743
v 0.037440 0.058834 0.037440
v 0.037440 0.069531 0.005349
v 0.037440 0.069531 0.016046
v 0.037440 0.080228 0.005349
v 0.037440 0.080228 0.016046
v 0.037440 0.069531 0.026743
v 0.037440 0.069531 0.037440
v 0.037440 0.080228 0.026743
v 0.037440 0.080228 0.037440
v 0.037440 0.048137 0.048137
v 0.037440 0.048137 0.058834
v 0.037440 0.058834 0.048137
v 0.037440 0.058834 0.058834
v 0.037440 0.048137 0.069532
v 0.037440 0.048137 0.080229
v 0.037440 0.058834 0.069532
v 0.037440 0.069531 0.048137
v 0.037440 0.069531 0.058834
v 0.037440 0.080228 0.048137
v 0.037440 0.069531 0.069532
v 0.048137 0.016045 0.080229
v 0.058834 0.016045 0.080229
v 0.048137 0.026742 0.080229
v 0.048137 0.037440 0.080229
v 0.058834 0.026742 0.080229
v 0.058834 0.037440 0.080229
v 0.069532 0.016045 0.080229
v 0.080229 0.016045 0.080229
v 0.069532 0.026742 0.080229
v 0.069532 0.037440 0.080229
v 0.080229 0.026742 0.080229
v 0.080229 0.037440 0.080229
v 0.048137 0.080228 0.016046
v 0.058834 0.080228 0.016046
v 0.048137 0.080228 0.026743
v 0.048137 0.080228 0.037440
v 0.058834 0.080228 0.026743
v 0.058834 0.080228 0.037440
v 0.069532 0.080228 0.016046
v 0.080229 0.080228 0.016046
v 0.069532 0.080228 0.026743
v 0.069532 0.080228 0.037440
v 0.080229 0.080228 0.026743
v 0.080229 0.080228 0.037440
v 0.048137 0.048137 0.069532
v 0.048137 0.048137 0.080229
v 0.048137 0.058834 0.069532
v 0.058834 0.048137 0.069532
v 0.058834 0.048137 0.080229
v 0.058834 0.058834 0.069532
v 0.048137 0.069531 0.048137
v 0.048137 0.069531 0.058834
v 0.048137 0.080228 0.048137
v 0.058834 0.069531 0.048137
v 0.058834 0.069531 0.058834
v 0.058834 0.080228 0.048137
v 0.048137 0.069531 0.069532
v 0.058834 0.069531 0.069532
v 0.069532 0.048137 0.069532
v 0.069532 0.048137 0.080229
v 0.069532 0.058834 0.069532
v 0.080229 0.048137 0.069532
v 0.080229 0.048137 0.080229
v 0.080229 0.058834 0.069532
v 0.069532 0.069531 0.048137
v 0.069532 0.069531 0.058834
v 0.069532 0.080228 0.048137
v 0.080229 0.069531 0.048137
v 0.080229 0.069531 0.058834
v 0.080229 0.080228 0.048137
v 0.069532 0.069531 0.069532
v 0.080229 0.069531 0.069532
v 0.037440 0.005348 0.090926
v 0.037440 0.016045 0.090926
v 0.048137 0.005348 0.090926
v 0.048137 0.016045 0.090926
v 0.058834 0.005348 0.090926
v 0.058834 0.016045 0.090926
v 0.069532 0.005348 0.090926
v 0.069532 0.016045 0.090926
v 0.080229 0.005348 0.090926
v 0.080229 0.016045 0.090926
v 0.037440 0.090925 0.005349
v 0.037440 0.090925 0.016046
v 0.048137 0.090925 0.005349
v 0.048137 0.090925 0.016046
v 0.058834 0.090925 0.005349
v 0.058834 0.090925 0.016046
v 0.069532 0.090925 0.005349
v 0.069532 0.090925 0.016046
v 0.080229 0.090925 0.005349
v 0.080229 0.090925 0.016046
v 0.090926 0.016045 0.080229
v 0.101623 0.016045 0.080229
v 0.090926 0.026742 0.080229
v 0.090926 0.037440 0.080229
v 0.101623 0.026742 0.080229
v 0.101623 0.037440 0.080229
v 0.112320 0.016045 0.080229
v 0.123017 0.016045 0.080229
v 0.112320 0.026742 0.080229
v 0.112320 0.037440 0.080229
v 0.123017 0.026742 0.080229
v 0.123017 0.037440 0.080229
v 0.090926 0.080228 0.016046
v 0.101623 0.080228 0.016046
v 0.090926 0.080228 0.026743
v 0.090926 0.080228 0.037440
v 0.101623 0.080228 0.026743
v 0.101623 0.080228 0.037440
v 0.112320 0.080228 0.016046
v 0.123017 0.080228 0.016046
v 0.112320 0.080228 0.026743
v 0.112320 0.080228 0.037440
v 0.123017 0.080228 0.026743
v 0.123017 0.080228 0.037440
v 0.090926 0.048137 0.069532
v 0.090926 0.048137 0.080229
v 0.090926 0.058834 0.069532
v 0.101623 0.048137 0.069532
v 0.101623 0.048137 0.080229
v 0.101623 0.058834 0.069532
v 0.090926 0.069531 0.048137
v 0.090926 0.069531 0.058834
v 0.090926 0.080228 0.048137
v 0.101623 0.069531 0.048137
v 0.101623 0.069531 0.058834
v 0.101623 0.080228 0.048137
v 0.090926 0.069531 0.069532
v 0.101623 0.069531 0.069532
v 0.112320 0.048137 0.069532
v 0.112320 0.048137 0.080229
v 0.112320 0.058834 0.069532
v 0.123017 0.048137 0.069532
v 0.123017 0.048137 0.080229
v 0.123017 0.058834 0.069532
v 0.112320 0.069531 0.048137
v 0.112320 0.069531 0.058834
v 0.112320 0.080228 0.048137
v 0.123017 0.069531 0.048137
v 0.123017 0.069531 0.058834
v 0.123017 0.080228 0.048137
v 0.112320 0.069531 0.069532
v 0.123017 0.069531 0.069532
v 0.133714 0.016045 0.080229
v 0.144412 0.016045 0.080229
v 0.133714 0.026742 0.080229
v 0.133714 0.037440 0.080229
v 0.144412 0.026742 0.080229
v 0.144412 0.037440 0.080229
v 0.155109 0.016045 0.080229
v 0.165806 0.016045 0.080229
v 0.155109 0.026742 0.080229
v 0.155109 0.037440 0.080229
v 0.165806 0.026742 0.080229
v 0.165806 0.037440 0.080229
v 0.133714 0.080228 0.016046
v 0.144412 0.080228 0.016046
v 0.133714 0.080228 0.026743
v 0.133714 0.080228 0.037440
v 0.144412 0.080228 0.026743
v 0.144412 0.080228 0.037440
v 0.155109 0.080228 0.016046
v 0.165806 0.080228 0.016046
v 0.155109 0.080228 0.026743
v 0.155109 0.080228 0.037440
v 0.165806 0.080228 0.026743
v 0.165806 0.080228 0.037440
v 0.133714 0.048137 0.069532
v 0.133714 0.048137 0.080229
v 0.133714 0.058834 0.069532
v 0.144412 0.048137 0.069532
v 0.144412 0.048137 0.080229
v 0.144412 0.058834 0.069532
v 0.133714 0.069531 0.048137
v 0.133714 0.069531 0.058834
v 0.133714 0.080228 0.048137
v 0.144412 0.069531 0.048137
v 0.144412 0.069531 0.058834
v 0.144412 0.080228 0.048137
v 0.133714 0.069531 0.069532
v 0.144412 0.069531 0.069532
v 0.155109 0.048137 0.069532
v 0.155109 0.048137 0.080229
v 0.155109 0.058834 0.069532
v 0.165806 0.048137 0.069532
v 0.165806 0.048137 0.080229
v 0.165806 0.058834 0.069532
v 0.155109 0.069531 0.048137
v 0.155109 0.069531 0.058834
v 0.155109 0.080228 0.048137
v 0.165806 0.069531 0.048137
v 0.165806 0.069531 0.058834
v 0.165806 0.080228 0.048137
v 0.155109 0.069531 0.069532
v 0.165806 0.069531 0.069532
v 0.090926 0.005348 0.090926
v 0.090926 0.016045 0.090926
v 0.101623 0.005348 0.090926
v 0.101623 0.016045 0.090926
v 0.112320 0.005348 0.090926
v 0.112320 0.016045 0.090926
v 0.123017 0.005348 0.090926
v 0.123017 0.016045 0.090926
v 0.133714 0.005348 0.090926
v 0.133714 0.016045 0.090926
v 0.144412 0.005348 0.090926
v 0.144412 0.016045 0.090926
v 0.155109 0.005348 0.090926
v 0.155109 0.016045 0.090926
v 0.165806 0.005348 0.090926
v 0.165806 0.016045 0.090926
v 0.090926 0.090925 0.005349
v 0.090926 0.090925 0.016046
v 0.101623 0.090925 0.005349
v 0.101623 0.090925 0.016046
v 0.112320 0.090925 0.005349
v 0.112320 0.090925 0.016046
v 0.123017 0.090925 0.005349
v 0.123017 0.090925 0.016046
v 0.133714 0.090925 0.005349
v 0.133714 0.090925 0.016046
v 0.144412 0.090925 0.005349
v 0.144412 0.090925 0.016046
v 0.155109 0.090925 0.005349
v 0.155109 0.090925 0.016046
v 0.165806 0.090925 0.005349
v 0.165806 0.090925 0.016046
v 0.176503 0.016045 0.080229
v 0.187200 0.016045 0.080229
v 0.176503 0.026742 0.080229
v 0.176503 0.037440 0.080229
v 0.187200 0.026742 0.080229
v 0.187200 0.037440 0.080229
v 0.197897 0.016045 0.080229
v 0.208595 0.016045 0.080229
v 0.197897 0.026742 0.080229
v 0.197897 0.037440 0.080229
v 0.208595 0.026742 0.080229
v 0.208595 0.037440 0.080229
v 0.176503 0.080228 0.016046
v 0.187200 0.080228 0.016046
v 0.176503 0.080228 0.026743
v 0.176503 0.080228 0.037440
v 0.187200 0.080228 0.026743
v 0.187200 0.080228 0.037440
v 0.197897 0.080228 0.016046
v 0.208595 0.080228 0.016046
v 0.197897 0.080228 0.026743
v 0.197897 0.080228 0.037440
v 0.208595 0.080228 0.026743
v 0.208595 0.080228 0.037440
v 0.176503 0.048137 0.069532
v 0.176503 0.048137 0.080229
v 0.176503 0.058834 0.069532
v 0.187200 0.048137 0.069532
v 0.187200 0.048137 0.080229
v 0.187200 0.058834 0.069532
v 0.176503 0.069531 0.048137
v 0.176503 0.069531 0.058834
v 0.176503 0.080228 0.048137
v 0.187200 0.069531 0.048137
v 0.187200 0.069531 0.058834
v 0.187200 0.080228 0.048137
v 0.176503 0.069531 0.069532
v 0.187200 0.069531 0.069532
v 0.197897 0.048137 0.069532
v 0.197897 0.048137 0.080229
v 0.197897 0.058834 0.069532
v 0.208595 0.048137 0.069532
v 0.208595 0.048137 0.080229
v 0.208595 0.058834 0.069532
v 0.197897 0.069531 0.048137
v 0.197897 0.069531 0.058834
v 0.197897 0.080228 0.048137
v 0.208595 0.069531 0.048137
v 0.208595 0.069531 0.058834
v 0.208595 0.080228 0.048137
v 0.197897 0.069531 0.069532
v 0.208595 0.069531 0.069532
v 0.219292 0.016045 0.080229
v 0.229989 0.016045 0.080229
v 0.219292 0.026742 0.080229
v 0.219292 0.037440 0.080229
v 0.229989 0.026742 0.080229
v 0.229989 0.037440 0.080229
v 0.240686 0.016045 0.080229
v 0.251383 0.016045 0.080229
v 0.240686 0.026742 0.080229
v 0.240686 0.037440 0.080229
v 0.251383 0.026742 0.080229
v 0.251383 0.037440 0.080229
v 0.219292 0.080228 0.016046
v 0.229989 0.080228 0.016046
v 0.219292 0.080228 0.026743
v 0.219292 0.080228 0.037440
v 0.229989 0.080228 0.026743
v 0.229989 0.080228 0.037440
v 0.240686 0.080228 0.016046
v 0.251383 0.080228 0.016046
v 0.240686 0.080228 0.026743
v 0.240686 0.080228 0.037440
v 0.251383 0.080228 0.026743
v 0.251383 0.080228 0.037440
v 0.219292 0.048137 0.069532
v 0.219292 0.048137 0.080229
v 0.219292 0.058834 0.069532
v 0.229989 0.048137 0.069532
v 0.229989 0.048137 0.080229
v 0.229989 0.058834 0.069532
v 0.219292 0.069531 0.048137
v 0.219292 0.069531 0.058834
v 0.219292 0.080228 0.048137
v 0.229989 0.069531 0.048137
v 0.229989 0.069531 0.058834
v 0.229989 0.080228 0.048137
v 0.219292 0.069531 0.069532
v 0.229989 0.069531 0.069532
v 0.240686 0.048137 0.069532
v 0.240686 0.048137 0.080229
v 0.240686 0.058834 0.069532
v 0.251383 0.048137 0.069532
v 0.251383 0.048137 0.080229
v 0.251383 0.058834 0.069532
v 0.240686 0.069531 0.048137
v 0.240686 0.069531 0.058834
v 0.240686 0.080228 0.048137
v 0.251383 0.069531 0.048137
v 0.251383 0.069531 0.058834
v 0.251383 0.080228 0.048137
v 0.240686 0.069531 0.069532
v 0.251383 0.069531 0.069532
v 0.176503 0.005348 0.090926
v 0.176503 0.016045 0.090926
v 0.187200 0.005348 0.090926
v 0.187200 0.016045 0.090926
v 0.197897 0.005348 0.090926
v 0.197897 0.016045 0.090926
v 0.208595 0.005348 0.090926
v 0.208595 0.016045 0.090926
v 0.219292 0.005348 0.090926
v 0.219292 0.016045 0.090926
v 0.229989 0.005348 0.090926
v 0.229989 0.016045 0.090926
v 0.240686 0.005348 0.090926
v 0.240686 0.016045 0.090926
v 0.251383 0.005348 0.090926
v 0.251383 0.016045 0.090926
v 0.176503 0.090925 0.005349
v 0.176503 0.090925 0.016046
v 0.187200 0.090925 0.005349
v 0.187200 0.090925 0.016046
v 0.197897 0.090925 0.005349
v 0.197897 0.090925 0.016046
v 0.208595 0.090925 0.005349
v 0.208595 0.090925 0.016046
v 0.219292 0.090925 0.005349
v 0.219292 0.090925 0.016046
v 0.229989 0.090925 0.005349
v 0.229989 0.090925 0.016046
v 0.240686 0.090925 0.005349
v 0.240686 0.090925 0.016046
v 0.251383 0.090925 0.005349
v 0.251383 0.090925 0.016046
v 0.262080 0.016045 0.080229
v 0.272777 0.016045 0.080229
v 0.262080 0.026742 0.080229
v 0.262080 0.037440 0.080229
v 0.272777 0.026742 0.080229
v 0.272777 0.037440 0.080229
v 0.283475 0.016045 0.080229
v 0.294172 0.016045 0.080229
v 0.283475 0.026742 0.080229
v 0.283475 0.037440 0.080229
v 0.294172 0.026742 0.080229
v 0.294172 0.037440 0.080229
v 0.262080 0.080228 0.016046
v 0.272777 0.080228 0.016046
v 0.262080 0.080228 0.026743
v 0.262080 0.080228 0.037440
v 0.272777 0.080228 0.026743
v 0.272777 0.080228 0.037440
v 0.283475 0.080228 0.016046
v 0.294172 0.080228 0.016046
v 0.283475 0.080228 0.026743
v 0.283475 0.080228 0.037440
v 0.294172 0.080228 0.026743
v 0.294172 0.080228 0.037440
v 0.262080 0.048137 0.069532
v 0.262080 0.048137 0.080229
v 0.262080 0.058834 0.069532
v 0.272777 0.048137 0.069532
v 0.272777 0.048137 0.080229
v 0.272777 0.058834 0.069532
v 0.262080 0.069531 0.048137
v 0.262080 0.069531 0.058834
v 0.262080 0.080228 0.048137
v 0.272777 0.069531 0.048137
v 0.272777 0.069531 0.058834
v 0.272777 0.080228 0.048137
v 0.262080 0.069531 0.069532
v 0.272777 0.069531 0.069532
v 0.283475 0.048137 0.069532
v 0.283475 0.048137 0.080229
v 0.283475 0.058834 0.069532
v 0.294172 0.048137 0.069532
v 0.294172 0.048137 0.080229
v 0.294172 0.058834 0.069532
v 0.283475 0.069531 0.048137
v 0.283475 0.069531 0.058834
v 0.283475 0.080228 0.048137
v 0.294172 0.069531 0.048137
v 0.294172 0.069531 0.058834
v 0.294172 0.080228 0.048137
v 0.283475 0.069531 0.069532
v 0.294172 0.069531 0.069532
v 0.304869 0.005348 0.005349
v 0.304869 0.005348 0.016046
v 0.304869 0.016045 0.005349
v 0.304869 0.016045 0.016046
v 0.304869 0.005348 0.026743
v 0.304869 0.005348 0.037440
v 0.304869 0.016045 0.026743
v 0.304869 0.016045 0.037440
v 0.304869 0.026742 0.005349
v 0.304869 0.026742 0.016046
v 0.304869 0.037440 0.005349
v 0.304869 0.037440 0.016046
v 0.304869 0.026742 0.026743
v 0.304869 0.026742 0.037440
v 0.304869 0.037440 0.026743
v 0.304869 0.037440 0.037440
v 0.304869 0.005348 0.048137
v 0.304869 0.005348 0.058834
v 0.304869 0.016045 0.048137
v 0.304869 0.016045 0.058834
v 0.304869 0.005348 0.069532
v 0.304869 0.005348 0.080229
v 0.304869 0.016045 0.069532
v 0.304869 0.016045 0.080229
v 0.304869 0.026742 0.048137
v 0.304869 0.026742 0.058834
v 0.304869 0.037440 0.048137
v 0.304869 0.037440 0.058834
v 0.304869 0.026742 0.069532
v 0.304869 0.026742 0.080229
v 0.304869 0.037440 0.069532
v 0.304869 0.037440 0.080229
v 0.304869 0.048137 0.005349
v 0.304869 0.048137 0.016046
v 0.304869 0.058834 0.005349
v 0.304869 0.058834 0.016046
v 0.304869 0.048137 0.026743
v 0.304869 0.048137 0.037440
v 0.304869 0.058834 0.026743
v 0.304869 0.058834 0.037440
v 0.304869 0.069531 0.005349
v 0.304869 0.069531 0.016046
v 0.304869 0.080228 0.005349
v 0.304869 0.080228 0.016046
v 0.304869 0.069531 0.026743
v 0.304869 0.069531 0.037440
v 0.304869 0.080228 0.026743
v 0.304869 0.080228 0.037440
v 0.304869 0.048137 0.048137
v 0.304869 0.048137 0.058834
v 0.304869 0.058834 0.048137
v 0.304869 0.058834 0.058834
v 0.304869 0.048137 0.069532
v 0.304869 0.048137 0.080229
v 0.304869 0.058834 0.069532
v 0.304869 0.069531 0.048137
v 0.304869 0.069531 0.058834
v 0.304869 0.080228 0.048137
v 0.304869 0.069531 0.069532
v 0.262080 0.005348 0.090926
v 0.262080 0.016045 0.090926
v 0.272777 0.005348 0.090926
v 0.272777 0.016045 0.090926
v 0.283475 0.005348 0.090926
v 0.283475 0.016045 0.090926
v 0.294172 0.005348 0.090926
v 0.294172 0.016045 0.090926
v 0.304869 0.005348 0.090926
v 0.304869 0.016045 0.090926
v 0.262080 0.090925 0.005349
v 0.262080 0.090925 0.016046
v 0.272777 0.090925 0.005349
v 0.272777 0.090925 0.016046
v 0.283475 0.090925 0.005349
v 0.283475 0.090925 0.016046
v 0.294172 0.090925 0.005349
v 0.294172 0.090925 0.016046
v 0.304869 0.090925 0.005349
v 0.304869 0.090925 0.016046
vn -0.0000 -0.0000 -1.0000
vn -1.0000 -0.0000 -0.0000
vn -0.0000 -1.0000 -0.0000
vn -0.0000 -0.0000 1.0000
vn 1.0000 -0.0000 -0.0000
vn -0.0000 1.0000 -0.0000
s 0
f 1//1 2//1 4//1 3//1
f 9//1 10//1 12//1 11//1
f 13//1 14//1 16//1 15//1
f 7//1 8//1 14//1 13//1
f 10//1 13//1 15//1 12//1
f 5//1 7//1 13//1 10//1
f 2//1 9//1 11//1 4//1
f 19//1 20//1 22//1 21//1
f 23//1 24//1 26//1 25//1
f 27//1 28//1 30//1 29//1
f 21//1 22//1 28//1 27//1
f 17//1 19//1 21//1 18//1
f 24//1 27//1 29//1 26//1
f 18//1 21//1 27//1 24//1
f 31//1 32//1 34//1 33//1
f 35//1 36//1 38//1 37//1
f 39//1 40//1 42//1 41//1
f 43//1 44//1 46//1 45//1
f 33//1 34//1 40//1 39//1
f 37//1 38//1 44//1 43//1
f 32//1 35//1 37//1 34//1
f 40//1 43//1 45//1 42//1
f 34//1 37//1 43//1 40//1
f 47//1 48//1 50//1 49//1
f 51//1 52//1 54//1 53//1
f 58//1 59//1 61//1 60//1
f 49//1 50//1 56//1 55//1
f 53//1 54//1 59//1 58//1
f 48//1 51//1 53//1 50//1
f 56//1 58//1 60//1 57//1
f 50//1 53//1 58//1 56//1
f 62//1 63//1 65//1 64//1
f 66//1 67//1 69//1 68//1
f 70//1 71//1 73//1 72//1
f 74//1 75//1 77//1 76//1
f 64//1 65//1 71//1 70//1
f 68//1 69//1 75//1 74//1
f 63//1 66//1 68//1 65//1
f 71//1 74//1 76//1 73//1
f 65//1 68//1 74//1 71//1
f 25//1 26//1 48//1 47//1
f 29//1 30//1 52//1 51//1
f 26//1 29//1 51//1 48//1
f 41//1 42//1 63//1 62//1
f 45//1 46//1 67//1 66//1
f 42//1 45//1 66//1 63//1
f 20//1 31//1 33//1 22//1
f 28//1 39//1 41//1 30//1
f 22//1 33//1 39//1 28//1
f 52//1 62//1 64//1 54//1
f 59//1 70//1 72//1 61//1
f 54//1 64//1 70//1 59//1
f 30//1 41//1 62//1 52//1
f 3//1 4//1 20//1 19//1
f 11//1 12//1 32//1 31//1
f 15//1 16//1 36//1 35//1
f 12//1 15//1 35//1 32//1
f 4//1 11//1 31//1 20//1
f 86//2 87//2 89//2 88//2
f 96//2 97//2 99//2 98//2
f 94//3 98//3 99//3 95//3
f 93//1 95//1 99//1 97//1
f 100//2 101//2 103//2 102//2
f 100//3 104//3 105//3 101//3
f 86//3 106//3 107//3 87//3
f 86//1 88//1 108//1 106//1
f 91//2 92//2 105//2 104//2
f 90//1 101//1 105//1 92//1
f 94//2 95//2 107//2 106//2
f 90//3 92//3 98//3 94//3
f 101//2 106//2 108//2 103//2
f 90//2 94//2 106//2 101//2
f 84//3 103//3 108//3 88//3
f 83//1 87//1 107//1 95//1
f 115//4 116//4 114//4 113//4
f 119//4 120//4 118//4 117//4
f 117//4 118//4 112//4 111//4
f 116//4 119//4 117//4 114//4
f 114//4 117//4 111//4 109//4
f 122//2 123//2 125//2 124//2
f 126//2 127//2 129//2 128//2
f 126//3 130//3 131//3 127//3
f 126//1 128//1 132//1 130//1
f 133//2 134//2 136//2 135//2
f 133//3 137//3 138//3 134//3
f 133//1 135//1 139//1 137//1
f 140//2 141//2 143//2 142//2
f 122//3 144//3 145//3 123//3
f 122//1 124//1 146//1 144//1
f 124//2 125//2 138//2 137//2
f 121//1 134//1 138//1 125//1
f 128//2 129//2 141//2 140//2
f 123//2 130//2 132//2 125//2
f 121//3 125//3 132//3 128//3
f 134//2 140//2 142//2 136//2
f 121//2 128//2 140//2 134//2
f 149//4 150//4 148//4 147//4
f 153//4 154//4 152//4 151//4
f 157//4 158//4 156//4 155//4
f 161//4 162//4 160//4 159//4
f 155//4 156//4 150//4 149//4
f 159//4 160//4 154//4 153//4
f 150//4 153//4 151//4 148//4
f 158//4 161//4 159//4 156//4
f 156//4 159//4 153//4 150//4
f 79//3 142//3 143//3 80//3
f 78//1 80//1 143//1 141//1
f 151//4 152//4 82//4 81//4
f 102//2 103//2 145//2 144//2
f 88//2 89//2 131//2 130//2
f 85//1 127//1 131//1 89//1
f 84//2 88//2 130//2 123//2
f 84//1 123//1 145//1 103//1
f 112//4 149//4 147//4 110//4
f 120//4 157//4 155//4 118//4
f 118//4 155//4 149//4 112//4
f 78//2 81//2 82//2 80//2
f 87//2 111//2 112//2 89//2
f 85//3 89//3 112//3 110//3
f 93//2 113//2 114//2 95//2
f 93//3 97//3 115//3 113//3
f 83//2 109//2 111//2 87//2
f 83//3 95//3 114//3 109//3
f 127//2 147//2 148//2 129//2
f 129//2 148//2 151//2 141//2
f 85//2 110//2 147//2 127//2
f 78//3 141//3 151//3 81//3
f 165//3 168//3 169//3 166//3
f 174//3 176//3 177//3 175//3
f 179//3 182//3 183//3 180//3
f 178//1 180//1 183//1 181//1
f 185//3 187//3 188//3 186//3
f 182//3 185//3 186//3 183//3
f 175//3 177//3 182//3 179//3
f 177//3 184//3 185//3 182//3
f 191//4 192//4 190//4 189//4
f 168//3 179//3 180//3 169//3
f 167//1 169//1 180//1 178//1
f 164//3 175//3 179//3 168//3
f 189//4 190//4 173//4 172//4
f 167//2 172//2 173//2 169//2
f 166//3 169//3 173//3 171//3
f 163//3 166//3 171//3 170//3
f 183//5 192//5 191//5 181//5
f 178//3 181//3 191//3 189//3
f 186//3 188//3 194//3 193//3
f 183//3 186//3 193//3 192//3
f 167//3 178//3 189//3 172//3
f 198//2 199//2 201//2 200//2
f 196//3 200//3 201//3 197//3
f 195//1 197//1 201//1 199//1
f 202//3 205//3 206//3 203//3
f 208//3 211//3 212//3 209//3
f 198//3 208//3 209//3 199//3
f 198//1 200//1 210//1 208//1
f 205//3 213//3 214//3 206//3
f 195//2 202//2 204//2 197//2
f 195//3 199//3 205//3 202//3
f 209//3 212//3 215//3 213//3
f 199//3 209//3 213//3 205//3
f 218//4 219//4 217//4 216//4
f 222//4 223//4 221//4 220//4
f 226//4 227//4 225//4 224//4
f 230//4 231//4 229//4 228//4
f 224//4 225//4 219//4 218//4
f 228//4 229//4 223//4 222//4
f 219//4 222//4 220//4 217//4
f 227//4 230//4 228//4 225//4
f 225//4 228//4 222//4 219//4
f 234//4 235//4 233//4 232//4
f 238//4 239//4 237//4 236//4
f 242//4 243//4 241//4 240//4
f 246//4 247//4 245//4 244//4
f 240//4 241//4 235//4 234//4
f 244//4 245//4 239//4 238//4
f 235//4 238//4 236//4 233//4
f 243//4 246//4 244//4 241//4
f 241//4 244//4 238//4 235//4
f 257//5 258//5 256//5 255//5
f 252//3 255//3 256//3 253//3
f 252//1 254//1 257//1 255//1
f 250//3 252//3 253//3 251//3
f 253//3 256//3 260//3 259//3
f 264//4 265//4 263//4 262//4
f 268//4 269//4 267//4 266//4
f 272//4 273//4 271//4 270//4
f 276//4 277//4 275//4 274//4
f 270//4 271//4 265//4 264//4
f 274//4 275//4 269//4 268//4
f 265//4 268//4 266//4 263//4
f 273//4 276//4 274//4 271//4
f 271//4 274//4 268//4 265//4
f 280//4 281//4 279//4 278//4
f 284//4 285//4 283//4 282//4
f 288//4 289//4 287//4 286//4
f 292//4 293//4 291//4 290//4
f 286//4 287//4 281//4 280//4
f 290//4 291//4 285//4 284//4
f 281//4 284//4 282//4 279//4
f 289//4 292//4 290//4 287//4
f 287//4 290//4 284//4 281//4
f 211//3 248//3 249//3 212//3
f 262//4 263//4 227//4 226//4
f 266//4 267//4 231//4 230//4
f 263//4 266//4 230//4 227//4
f 278//4 279//4 243//4 242//4
f 282//4 283//4 247//4 246//4
f 279//4 282//4 246//4 243//4
f 223//4 234//4 232//4 221//4
f 231//4 242//4 240//4 229//4
f 229//4 240//4 234//4 223//4
f 269//4 280//4 278//4 267//4
f 277//4 288//4 286//4 275//4
f 275//4 286//4 280//4 269//4
f 203//3 206//3 218//3 216//3
f 267//4 278//4 242//4 231//4
f 91//3 196//3 197//3 92//3
f 96//3 202//3 203//3 97//3
f 96//1 98//1 204//1 202//1
f 92//3 197//3 204//3 98//3
f 91//1 104//1 207//1 196//1
f 216//4 217//4 116//4 115//4
f 220//4 221//4 120//4 119//4
f 217//4 220//4 119//4 116//4
f 232//4 233//4 158//4 157//4
f 236//4 237//4 162//4 161//4
f 233//4 236//4 161//4 158//4
f 97//3 203//3 216//3 115//3
f 221//4 232//4 157//4 120//4
f 165//2 166//2 214//2 213//2
f 165//1 213//1 215//1 168//1
f 164//2 168//2 215//2 212//2
f 163//1 206//1 214//1 166//1
f 174//2 175//2 249//2 248//2
f 250//5 251//5 177//5 176//5
f 174//1 248//1 250//1 176//1
f 260//5 261//5 188//5 187//5
f 185//1 259//1 260//1 187//1
f 253//5 259//5 185//5 184//5
f 177//1 251//1 253//1 184//1
f 173//4 226//4 224//4 171//4
f 171//4 224//4 218//4 170//4
f 192//4 264//4 262//4 190//4
f 194//4 272//4 270//4 193//4
f 193//4 270//4 264//4 192//4
f 163//2 170//2 218//2 206//2
f 164//1 212//1 249//1 175//1
f 190//4 262//4 226//4 173//4
f 296//1 297//1 299//1 298//1
f 298//1 299//1 301//1 300//1
f 294//1 296//1 298//1 295//1
f 303//1 304//1 306//1 305//1
f 307//1 308//1 310//1 309//1
f 311//1 312//1 314//1 313//1
f 315//1 316//1 318//1 317//1
f 305//1 306//1 312//1 311//1
f 309//1 310//1 316//1 315//1
f 304//1 307//1 309//1 306//1
f 312//1 315//1 317//1 314//1
f 306//1 309//1 315//1 312//1
f 317//1 318//1 320//1 319//1
f 297//1 303//1 305//1 299//1
f 301//1 311//1 313//1 302//1
f 299//1 305//1 311//1 301//1
f 324//3 326//3 327//3 325//3
f 333//5 334//5 332//5 331//5
f 328//3 331//3 332//3 329//3
f 328//1 330//1 333//1 331//1
f 339//3 341//3 342//3 340//3
f 348//5 349//5 347//5 346//5
f 343//3 346//3 347//3 344//3
f 343//1 345//1 348//1 346//1
f 353//5 354//5 352//5 351//5
f 326//3 336//3 337//3 327//3
f 333//3 339//3 340//3 334//3
f 332//1 334//1 340//1 338//1
f 343//5 344//5 337//5 336//5
f 351//5 352//5 342//5 341//5
f 339//1 350//1 351//1 341//1
f 325//5 330//5 328//5 323//5
f 325//3 327//3 333//3 330//3
f 349//5 353//5 351//5 347//5
f 344//3 347//3 351//3 350//3
f 344//5 350//5 339//5 337//5
f 327//3 337//3 339//3 333//3
f 326//1 335//1 343//1 336//1
f 357//4 358//4 356//4 355//4
f 361//4 362//4 360//4 359//4
f 368//4 369//4 367//4 366//4
f 363//4 364//4 358//4 357//4
f 366//4 367//4 362//4 361//4
f 358//4 361//4 359//4 356//4
f 365//4 368//4 366//4 364//4
f 364//4 366//4 361//4 358//4
f 372//5 373//5 371//5 370//5
f 378//4 379//4 377//4 376//4
f 382//4 383//4 381//4 380//4
f 386//4 387//4 385//4 384//4
f 390//4 391//4 389//4 388//4
f 384//4 385//4 379//4 378//4
f 388//4 389//4 383//4 382//4
f 379//4 382//4 380//4 377//4
f 387//4 390//4 388//4 385//4
f 385//4 388//4 382//4 379//4
f 402//5 403//5 401//5 400//5
f 402//3 404//3 405//3 403//3
f 408//5 409//5 407//5 406//5
f 408//3 411//3 412//3 409//3
f 407//1 409//1 412//1 410//1
f 416//5 417//5 415//5 414//5
f 406//5 407//5 399//5 398//5
f 414//5 415//5 405//5 404//5
f 402//1 413//1 414//1 404//1
f 399//5 402//5 400//5 397//5
f 412//5 416//5 414//5 410//5
f 407//3 410//3 414//3 413//3
f 407//5 413//5 402//5 399//5
f 424//4 425//4 423//4 422//4
f 421//4 424//4 422//4 420//4
f 353//3 393//3 394//3 354//3
f 352//1 354//1 394//1 392//1
f 395//4 396//4 369//4 368//4
f 372//3 398//3 399//3 373//3
f 371//1 373//1 399//1 397//1
f 371//3 397//3 400//3 374//3
f 372//1 375//1 406//1 398//1
f 419//4 420//4 387//4 386//4
f 422//4 423//4 391//4 390//4
f 420//4 422//4 390//4 387//4
f 370//5 371//5 349//5 348//5
f 371//5 374//5 353//5 349//5
f 400//5 401//5 394//5 393//5
f 362//4 378//4 376//4 360//4
f 369//4 386//4 384//4 367//4
f 367//4 384//4 378//4 362//4
f 329//3 332//3 357//3 355//3
f 340//5 364//5 363//5 338//5
f 340//3 342//3 365//3 364//3
f 352//5 368//5 365//5 342//5
f 332//3 338//3 363//3 357//3
f 394//5 396//5 395//5 392//5
f 403//5 420//5 419//5 401//5
f 403//3 405//3 421//3 420//3
f 417//5 425//5 424//5 415//5
f 415//5 424//5 421//5 405//5
f 417//3 418//3 426//3 425//3
f 401//5 419//5 396//5 394//5
f 352//3 392//3 395//3 368//3
f 353//1 374//1 400//1 393//1
f 396//4 419//4 386//4 369//4
f 329//5 355//5 322//5 321//5
f 60//1 61//1 297//1 296//1
f 57//1 60//1 296//1 294//1
f 72//1 73//1 304//1 303//1
f 76//1 77//1 308//1 307//1
f 73//1 76//1 307//1 304//1
f 61//1 72//1 303//1 297//1
f 188//3 321//3 322//3 194//3
f 257//3 324//3 325//3 258//3
f 256//1 258//1 325//1 323//1
f 260//3 328//3 329//3 261//3
f 256//3 323//3 328//3 260//3
f 355//4 356//4 273//4 272//4
f 359//4 360//4 277//4 276//4
f 356//4 359//4 276//4 273//4
f 376//4 377//4 289//4 288//4
f 380//4 381//4 293//4 292//4
f 377//4 380//4 292//4 289//4
f 360//4 376//4 288//4 277//4
f 188//1 261//1 329//1 321//1
f 322//4 355//4 272//4 194//4
f 1//2 100//2 102//2 2//2
f 1//3 3//3 104//3 100//3
f 7//2 137//2 139//2 8//2
f 6//3 8//3 139//3 135//3
f 9//2 144//2 146//2 10//2
f 5//2 124//2 137//2 7//2
f 5//3 10//3 146//3 124//3
f 2//2 102//2 144//2 9//2
f 17//3 18//3 200//3 196//3
f 23//2 208//2 210//2 24//2
f 23//3 25//3 211//3 208//3
f 17//2 196//2 207//2 19//2
f 18//3 24//3 210//3 200//3
f 47//3 49//3 250//3 248//3
f 56//5 254//5 252//5 55//5
f 56//3 57//3 257//3 254//3
f 49//3 55//3 252//3 250//3
f 25//3 47//3 248//3 211//3
f 3//3 19//3 207//3 104//3
f 294//3 295//3 326//3 324//3
f 301//5 345//5 343//5 300//5
f 301//3 302//3 348//3 345//3
f 298//5 335//5 326//5 295//5
f 298//3 300//3 343//3 335//3
f 314//5 372//5 370//5 313//5
f 317//5 375//5 372//5 314//5
f 320//5 408//5 406//5 319//5
f 313//5 370//5 348//5 302//5
f 317//3 319//3 406//3 375//3
f 57//3 294//3 324//3 257//3
f 436//1 437//1 439//1 438//1
f 440//1 441//1 443//1 442//1
f 434//1 435//1 441//1 440//1
f 437//1 440//1 442//1 439//1
f 432//1 434//1 440//1 437//1
f 446//2 447//2 449//2 448//2
f 454//2 455//2 457//2 456//2
f 452//3 456//3 457//3 453//3
f 454//4 456//4 452//4 451//4
f 464//2 465//2 467//2 466//2
f 464//3 468//3 469//3 465//3
f 446//3 461//3 462//3 447//3
f 462//4 463//4 449//4 447//4
f 452//2 453//2 462//2 461//2
f 459//2 460//2 469//2 468//2
f 459//4 468//4 464//4 458//4
f 453//3 457//3 459//3 458//3
f 462//2 464//2 466//2 463//2
f 453//2 458//2 464//2 462//2
f 449//3 463//3 466//3 450//3
f 452//4 461//4 446//4 444//4
f 470//1 471//1 473//1 472//1
f 474//1 475//1 477//1 476//1
f 478//1 479//1 481//1 480//1
f 482//1 483//1 485//1 484//1
f 472//1 473//1 479//1 478//1
f 476//1 477//1 483//1 482//1
f 471//1 474//1 476//1 473//1
f 479//1 482//1 484//1 481//1
f 473//1 476//1 482//1 479//1
f 486//2 487//2 489//2 488//2
f 486//3 490//3 491//3 487//3
f 491//4 492//4 489//4 487//4
f 494//2 495//2 497//2 496//2
f 498//2 499//2 501//2 500//2
f 502//2 503//2 505//2 504//2
f 502//3 506//3 507//3 503//3
f 507//4 508//4 505//4 503//4
f 494//3 509//3 510//3 495//3
f 510//4 511//4 497//4 495//4
f 488//2 489//2 499//2 498//2
f 496//2 497//2 507//2 506//2
f 496//4 506//4 502//4 493//4
f 491//2 494//2 496//2 492//2
f 489//3 492//3 496//3 493//3
f 499//2 502//2 504//2 501//2
f 489//2 493//2 502//2 499//2
f 427//1 428//1 475//1 474//1
f 430//3 500//3 501//3 431//3
f 498//4 500//4 430//4 429//4
f 433//1 470//1 472//1 435//1
f 441//1 478//1 480//1 443//1
f 435//1 472//1 478//1 441//1
f 448//2 449//2 491//2 490//2
f 448//4 490//4 486//4 445//4
f 466//2 467//2 510//2 509//2
f 449//2 450//2 494//2 491//2
f 466//4 509//4 494//4 450//4
f 427//2 429//2 430//2 428//2
f 434//2 446//2 448//2 435//2
f 433//3 435//3 448//3 445//3
f 436//2 451//2 452//2 437//2
f 436//3 438//3 454//3 451//3
f 432//2 444//2 446//2 434//2
f 432//3 437//3 452//3 444//3
f 470//2 486//2 488//2 471//2
f 471//2 488//2 498//2 474//2
f 433//2 445//2 486//2 470//2
f 427//3 474//3 498//3 429//3
f 517//3 520//3 521//3 518//3
f 523//1 524//1 526//1 525//1
f 530//3 533//3 534//3 531//3
f 532//4 533//4 530//4 529//4
f 535//3 537//3 538//3 536//3
f 539//3 541//3 542//3 540//3
f 533//3 539//3 540//3 534//3
f 531//3 534//3 537//3 535//3
f 534//3 540//3 543//3 537//3
f 514//1 515//1 524//1 523//1
f 520//3 530//3 531//3 521//3
f 529//4 530//4 520//4 519//4
f 521//3 531//3 535//3 522//3
f 514//2 519//2 520//2 515//2
f 513//3 515//3 520//3 517//3
f 512//3 513//3 517//3 516//3
f 526//5 533//5 532//5 525//5
f 523//3 525//3 532//3 529//3
f 527//3 528//3 541//3 539//3
f 526//3 527//3 539//3 533//3
f 514//3 523//3 529//3 519//3
f 544//1 545//1 547//1 546//1
f 548//1 549//1 551//1 550//1
f 552//1 553//1 555//1 554//1
f 556//1 557//1 559//1 558//1
f 546//1 547//1 553//1 552//1
f 550//1 551//1 557//1 556//1
f 545//1 548//1 550//1 547//1
f 553//1 556//1 558//1 555//1
f 547//1 550//1 556//1 553//1
f 560//3 563//3 564//3 561//3
f 568//2 569//2 571//2 570//2
f 566//3 570//3 571//3 567//3
f 568//4 570//4 566//4 565//4
f 576//3 579//3 580//3 577//3
f 563//3 573//3 574//3 564//3
f 568//3 576//3 577//3 569//3
f 577//4 578//4 571//4 569//4
f 561//2 565//2 566//2 562//2
f 561//3 564//3 568//3 565//3
f 574//3 575//3 579//3 576//3
f 564//3 574//3 576//3 568//3
f 581//1 582//1 584//1 583//1
f 585//1 586//1 588//1 587//1
f 589//1 590//1 592//1 591//1
f 593//1 594//1 596//1 595//1
f 583//1 584//1 590//1 589//1
f 587//1 588//1 594//1 593//1
f 582//1 585//1 587//1 584//1
f 590//1 593//1 595//1 592//1
f 584//1 587//1 593//1 590//1
f 597//1 598//1 600//1 599//1
f 601//1 602//1 604//1 603//1
f 605//1 606//1 608//1 607//1
f 609//1 610//1 612//1 611//1
f 599//1 600//1 606//1 605//1
f 603//1 604//1 610//1 609//1
f 598//1 601//1 603//1 600//1
f 606//1 609//1 611//1 608//1
f 600//1 603//1 609//1 606//1
f 625//5 626//5 624//5 623//5
f 620//3 623//3 624//3 621//3
f 624//4 626//4 622//4 621//4
f 615//3 620//3 621//3 616//3
f 617//3 619//3 623//3 620//3
f 627//1 628//1 630//1 629//1
f 631//1 632//1 634//1 633//1
f 635//1 636//1 638//1 637//1
f 639//1 640//1 642//1 641//1
f 629//1 630//1 636//1 635//1
f 633//1 634//1 640//1 639//1
f 628//1 631//1 633//1 630//1
f 636//1 639//1 641//1 638//1
f 630//1 633//1 639//1 636//1
f 554//1 555//1 598//1 597//1
f 558//1 559//1 602//1 601//1
f 555//1 558//1 601//1 598//1
f 579//3 613//3 614//3 580//3
f 591//1 592//1 628//1 627//1
f 595//1 596//1 632//1 631//1
f 592//1 595//1 631//1 628//1
f 549//1 581//1 583//1 551//1
f 557//1 589//1 591//1 559//1
f 551//1 583//1 589//1 557//1
f 602//1 627//1 629//1 604//1
f 610//1 635//1 637//1 612//1
f 604//1 629//1 635//1 610//1
f 544//3 546//3 563//3 560//3
f 559//1 591//1 627//1 602//1
f 438//1 439//1 545//1 544//1
f 442//1 443//1 549//1 548//1
f 439//1 442//1 548//1 545//1
f 454//3 560//3 561//3 455//3
f 561//4 562//4 457//4 455//4
f 459//3 566//3 567//3 460//3
f 457//3 562//3 566//3 459//3
f 567//4 572//4 469//4 460//4
f 480//1 481//1 582//1 581//1
f 484//1 485//1 586//1 585//1
f 481//1 484//1 585//1 582//1
f 438//3 544//3 560//3 454//3
f 443//1 480//1 581//1 549//1
f 513//1 552//1 554//1 515//1
f 512//1 546//1 552//1 513//1
f 524//1 597//1 599//1 526//1
f 527//1 605//1 607//1 528//1
f 526//1 599//1 605//1 527//1
f 517//2 518//2 574//2 573//2
f 521//4 575//4 574//4 518//4
f 521//2 522//2 579//2 575//2
f 517//4 573//4 563//4 516//4
f 618//5 619//5 542//5 541//5
f 542//4 619//4 617//4 540//4
f 535//2 536//2 614//2 613//2
f 615//5 616//5 538//5 537//5
f 538//4 616//4 614//4 536//4
f 617//5 620//5 543//5 540//5
f 543//4 620//4 615//4 537//4
f 512//2 516//2 563//2 546//2
f 515//1 554//1 597//1 524//1
f 535//4 613//4 579//4 522//4
f 645//4 646//4 644//4 643//4
f 653//4 654//4 652//4 651//4
f 657//4 658//4 656//4 655//4
f 655//4 656//4 650//4 649//4
f 654//4 657//4 655//4 652//4
f 652//4 655//4 649//4 647//4
f 646//4 653//4 651//4 644//4
f 663//4 664//4 662//4 661//4
f 667//4 668//4 666//4 665//4
f 671//4 672//4 670//4 669//4
f 669//4 670//4 664//4 663//4
f 660//4 663//4 661//4 659//4
f 668//4 671//4 669//4 666//4
f 666//4 669//4 663//4 660//4
f 675//4 676//4 674//4 673//4
f 679//4 680//4 678//4 677//4
f 683//4 684//4 682//4 681//4
f 687//4 688//4 686//4 685//4
f 681//4 682//4 676//4 675//4
f 685//4 686//4 680//4 679//4
f 676//4 679//4 677//4 674//4
f 684//4 687//4 685//4 682//4
f 682//4 685//4 679//4 676//4
f 691//4 692//4 690//4 689//4
f 695//4 696//4 694//4 693//4
f 702//4 703//4 701//4 700//4
f 697//4 698//4 692//4 691//4
f 700//4 701//4 696//4 695//4
f 692//4 695//4 693//4 690//4
f 699//4 702//4 700//4 698//4
f 698//4 700//4 695//4 692//4
f 706//4 707//4 705//4 704//4
f 710//4 711//4 709//4 708//4
f 714//4 715//4 713//4 712//4
f 718//4 719//4 717//4 716//4
f 712//4 713//4 707//4 706//4
f 716//4 717//4 711//4 710//4
f 707//4 710//4 708//4 705//4
f 715//4 718//4 716//4 713//4
f 713//4 716//4 710//4 707//4
f 689//4 690//4 668//4 667//4
f 693//4 694//4 672//4 671//4
f 690//4 693//4 671//4 668//4
f 704//4 705//4 684//4 683//4
f 708//4 709//4 688//4 687//4
f 705//4 708//4 687//4 684//4
f 664//4 675//4 673//4 662//4
f 672//4 683//4 681//4 670//4
f 670//4 681//4 675//4 664//4
f 696//4 706//4 704//4 694//4
f 703//4 714//4 712//4 701//4
f 701//4 712//4 706//4 696//4
f 694//4 704//4 683//4 672//4
f 661//4 662//4 646//4 645//4
f 673//4 674//4 654//4 653//4
f 677//4 678//4 658//4 657//4
f 674//4 677//4 657//4 654//4
f 662//4 673//4 653//4 646//4
f 722//1 723//1 725//1 724//1
f 726//1 727//1 729//1 728//1
f 733//1 734//1 736//1 735//1
f 724//1 725//1 731//1 730//1
f 728//1 729//1 734//1 733//1
f 723//1 726//1 728//1 725//1
f 731//1 733//1 735//1 732//1
f 725//1 728//1 733//1 731//1
f 742//5 743//5 741//5 740//5
f 737//3 740//3 741//3 738//3
f 741//4 743//4 739//4 738//4
f 745//3 747//3 748//3 746//3
f 751//3 753//3 754//3 752//3
f 760//5 761//5 759//5 758//5
f 767//5 768//5 766//5 765//5
f 762//3 765//3 766//3 763//3
f 766//4 768//4 764//4 763//4
f 742//3 751//3 752//3 743//3
f 750//4 751//4 742//4 740//4
f 747//3 755//3 756//3 748//3
f 758//5 759//5 754//5 753//5
f 754//4 759//4 757//4 752//4
f 762//5 763//5 756//5 755//5
f 739//5 745//5 744//5 738//5
f 739//3 743//3 747//3 745//3
f 761//5 767//5 765//5 759//5
f 757//3 759//3 765//3 762//3
f 757//5 762//5 755//5 752//5
f 743//3 752//3 755//3 747//3
f 756//4 763//4 749//4 748//4
f 769//1 770//1 772//1 771//1
f 773//1 774//1 776//1 775//1
f 777//1 778//1 780//1 779//1
f 781//1 782//1 784//1 783//1
f 771//1 772//1 778//1 777//1
f 775//1 776//1 782//1 781//1
f 770//1 773//1 775//1 772//1
f 778//1 781//1 783//1 780//1
f 772//1 775//1 781//1 778//1
f 788//5 789//5 787//5 786//5
f 799//1 800//1 802//1 801//1
f 797//1 799//1 801//1 798//1
f 806//5 807//5 805//5 804//5
f 806//3 808//3 809//3 807//3
f 816//5 817//5 815//5 814//5
f 820//5 821//5 819//5 818//5
f 820//3 823//3 824//3 821//3
f 822//4 823//4 820//4 818//4
f 814//5 815//5 809//5 808//5
f 809//4 815//4 813//4 807//4
f 818//5 819//5 812//5 811//5
f 807//5 811//5 810//5 805//5
f 817//5 823//5 822//5 815//5
f 813//3 815//3 822//3 818//3
f 813//5 818//5 811//5 807//5
f 735//1 736//1 792//1 791//1
f 760//3 794//3 795//3 761//3
f 793//4 794//4 760//4 758//4
f 779//1 780//1 797//1 796//1
f 783//1 784//1 800//1 799//1
f 780//1 783//1 799//1 797//1
f 788//3 811//3 812//3 789//3
f 810//4 811//4 788//4 786//4
f 785//3 805//3 810//3 786//3
f 812//4 819//4 790//4 789//4
f 727//1 769//1 771//1 729//1
f 734//1 777//1 779//1 736//1
f 729//1 771//1 777//1 734//1
f 786//5 787//5 768//5 767//5
f 785//5 786//5 767//5 761//5
f 804//5 805//5 795//5 794//5
f 722//3 724//3 740//3 737//3
f 731//5 751//5 750//5 730//5
f 731//3 732//3 753//3 751//3
f 735//5 758//5 753//5 732//5
f 724//3 730//3 750//3 740//3
f 792//5 794//5 793//5 791//5
f 797//5 806//5 804//5 796//5
f 797//3 798//3 808//3 806//3
f 802//5 816//5 814//5 801//5
f 801//5 814//5 808//5 798//5
f 802//3 803//3 825//3 816//3
f 796//5 804//5 794//5 792//5
f 735//3 791//3 793//3 758//3
f 736//1 779//1 796//1 792//1
f 795//4 805//4 785//4 761//4
f 722//5 737//5 721//5 720//5
f 830//4 831//4 829//4 828//4
f 832//4 833//4 831//4 830//4
f 827//4 830//4 828//4 826//4
f 837//4 838//4 836//4 835//4
f 841//4 842//4 840//4 839//4
f 845//4 846//4 844//4 843//4
f 849//4 850//4 848//4 847//4
f 843//4 844//4 838//4 837//4
f 847//4 848//4 842//4 841//4
f 838//4 841//4 839//4 836//4
f 846//4 849//4 847//4 844//4
f 844//4 847//4 841//4 838//4
f 851//4 852//4 850//4 849//4
f 831//4 837//4 835//4 829//4
f 834//4 845//4 843//4 833//4
f 833//4 843//4 837//4 831//4
f 528//3 720//3 721//3 541//3
f 607//1 608//1 723//1 722//1
f 611//1 612//1 727//1 726//1
f 608//1 611//1 726//1 723//1
f 618//3 737//3 738//3 619//3
f 625//3 745//3 746//3 626//3
f 744//4 745//4 625//4 623//4
f 619//3 738//3 744//3 623//3
f 637//1 638//1 770//1 769//1
f 641//1 642//1 774//1 773//1
f 638//1 641//1 773//1 770//1
f 612//1 637//1 769//1 727//1
f 528//1 607//1 722//1 720//1
f 721//4 737//4 618//4 541//4
f 828//4 829//4 703//4 702//4
f 826//4 828//4 702//4 699//4
f 835//4 836//4 715//4 714//4
f 839//4 840//4 719//4 718//4
f 836//4 839//4 718//4 715//4
f 829//4 835//4 714//4 703//4
f 465//2 643//2 644//2 467//2
f 465//3 469//3 645//3 643//3
f 507//2 649//2 650//2 508//2
f 505//3 508//3 650//3 648//3
f 510//2 651//2 652//2 511//2
f 497//2 647//2 649//2 507//2
f 497//3 511//3 652//3 647//3
f 467//2 644//2 651//2 510//2
f 567//3 571//3 660//3 659//3
f 577//2 665//2 666//2 578//2
f 577//3 580//3 667//3 665//3
f 567//2 659//2 661//2 572//2
f 571//3 578//3 666//3 660//3
f 614//3 616//3 691//3 689//3
f 622//5 698//5 697//5 621//5
f 622//3 626//3 699//3 698//3
f 616//3 621//3 697//3 691//3
f 580//3 614//3 689//3 667//3
f 469//3 572//3 661//3 645//3
f 746//3 748//3 827//3 826//3
f 764//5 833//5 832//5 763//5
f 764//3 768//3 834//3 833//3
f 749//5 830//5 827//5 748//5
f 749//3 763//3 832//3 830//3
f 789//5 846//5 845//5 787//5
f 790//5 849//5 846//5 789//5
f 821//5 852//5 851//5 819//5
f 787//5 845//5 834//5 768//5
f 790//3 819//3 851//3 849//3
f 626//3 746//3 826//3 699//3
f 857//1 858//1 860//1 859//1
f 861//1 862//1 864//1 863//1
f 854//1 855//1 858//1 857//1
f 858//1 861//1 863//1 860//1
f 855//1 856//1 861//1 858//1
f 865//1 866//1 868//1 867//1
f 862//1 865//1 867//1 864//1
f 869//1 870//1 872//1 871//1
f 873//1 874//1 876//1 875//1
f 877//1 878//1 880//1 879//1
f 881//1 882//1 884//1 883//1
f 871//1 872//1 878//1 877//1
f 875//1 876//1 882//1 881//1
f 870//1 873//1 875//1 872//1
f 878//1 881//1 883//1 880//1
f 872//1 875//1 881//1 878//1
f 885//1 886//1 888//1 887//1
f 891//1 892//1 894//1 893//1
f 895//1 896//1 898//1 897//1
f 887//1 888//1 892//1 891//1
f 886//1 889//1 890//1 888//1
f 892//1 895//1 897//1 894//1
f 888//1 890//1 895//1 892//1
f 899//1 900//1 902//1 901//1
f 903//1 904//1 906//1 905//1
f 907//1 908//1 910//1 909//1
f 911//1 912//1 914//1 913//1
f 901//1 902//1 908//1 907//1
f 905//1 906//1 912//1 911//1
f 900//1 903//1 905//1 902//1
f 908//1 911//1 913//1 910//1
f 902//1 905//1 911//1 908//1
f 915//1 916//1 918//1 917//1
f 919//1 920//1 922//1 921//1
f 923//1 924//1 926//1 925//1
f 917//1 918//1 924//1 923//1
f 921//1 922//1 928//1 927//1
f 916//1 919//1 921//1 918//1
f 924//1 927//1 929//1 926//1
f 918//1 921//1 927//1 924//1
f 879//1 880//1 900//1 899//1
f 883//1 884//1 904//1 903//1
f 880//1 883//1 903//1 900//1
f 893//1 894//1 916//1 915//1
f 897//1 898//1 920//1 919//1
f 894//1 897//1 919//1 916//1
f 874//1 885//1 887//1 876//1
f 882//1 891//1 893//1 884//1
f 876//1 887//1 891//1 882//1
f 904//1 915//1 917//1 906//1
f 912//1 923//1 925//1 914//1
f 906//1 917//1 923//1 912//1
f 884//1 893//1 915//1 904//1
f 859//1 860//1 870//1 869//1
f 863//1 864//1 874//1 873//1
f 860//1 863//1 873//1 870//1
f 867//1 868//1 886//1 885//1
f 864//1 867//1 885//1 874//1
f 935//2 936//2 938//2 937//2
f 938//6 941//6 940//6 937//6
f 935//1 937//1 940//1 939//1
f 942//2 943//2 945//2 944//2
f 947//2 948//2 950//2 949//2
f 951//2 952//2 954//2 953//2
f 954//6 957//6 956//6 953//6
f 951//1 953//1 956//1 955//1
f 950//6 960//6 959//6 949//6
f 947//1 949//1 959//1 958//1
f 940//2 941//2 948//2 947//2
f 938//1 946//1 948//1 941//1
f 944//2 945//2 952//2 951//2
f 936//2 942//2 944//2 938//2
f 948//2 955//2 956//2 950//2
f 951//6 955//6 948//6 946//6
f 938//2 944//2 951//2 946//2
f 963//4 964//4 962//4 961//4
f 967//4 968//4 966//4 965//4
f 971//4 972//4 970//4 969//4
f 975//4 976//4 974//4 973//4
f 969//4 970//4 964//4 963//4
f 973//4 974//4 968//4 967//4
f 964//4 967//4 965//4 962//4
f 972//4 975//4 973//4 970//4
f 970//4 973//4 967//4 964//4
f 979//2 980//2 982//2 981//2
f 984//2 985//2 987//2 986//2
f 987//6 989//6 988//6 986//6
f 999//2 1000//2 1002//2 1001//2
f 997//6 1000//6 999//6 996//6
f 997//1 998//1 1002//1 1000//1
f 982//6 992//6 991//6 981//6
f 979//1 981//1 991//1 990//1
f 988//2 989//2 995//2 994//2
f 987//1 993//1 995//1 989//1
f 991//2 992//2 997//2 996//2
f 985//2 990//2 991//2 987//2
f 996//6 999//6 995//6 993//6
f 987//2 991//2 996//2 993//2
f 979//6 990//6 985//6 977//6
f 982//1 983//1 997//1 992//1
f 1009//4 1010//4 1008//4 1007//4
f 1013//4 1014//4 1012//4 1011//4
f 1007//4 1008//4 1005//4 1004//4
f 1010//4 1013//4 1011//4 1008//4
f 1008//4 1011//4 1006//4 1005//4
f 931//6 943//6 942//6 930//6
f 931//1 932//1 945//1 943//1
f 961//4 962//4 934//4 933//4
f 959//2 960//2 985//2 984//2
f 956//2 957//2 980//2 979//2
f 954//1 978//1 980//1 957//1
f 950//2 956//2 979//2 977//2
f 950//1 977//1 985//1 960//1
f 968//4 1004//4 1003//4 966//4
f 976//4 1009//4 1007//4 974//4
f 974//4 1007//4 1004//4 968//4
f 931//2 933//2 934//2 932//2
f 952//2 965//2 966//2 954//2
f 945//2 962//2 965//2 952//2
f 980//2 1004//2 1005//2 982//2
f 1003//6 1004//6 980//6 978//6
f 997//2 1011//2 1012//2 998//2
f 1012//6 1014//6 1002//6 998//6
f 982//2 1005//2 1006//2 983//2
f 1006//6 1011//6 997//6 983//6
f 954//2 966//2 1003//2 978//2
f 934//6 962//6 945//6 932//6
f 1017//4 1018//4 1016//4 1015//4
f 1021//4 1022//4 1020//4 1019//4
f 1025//4 1026//4 1024//4 1023//4
f 1029//4 1030//4 1028//4 1027//4
f 1023//4 1024//4 1018//4 1017//4
f 1027//4 1028//4 1022//4 1021//4
f 1018//4 1021//4 1019//4 1016//4
f 1026//4 1029//4 1027//4 1024//4
f 1024//4 1027//4 1021//4 1018//4
f 1035//2 1036//2 1038//2 1037//2
f 1033//6 1036//6 1035//6 1032//6
f 1033//1 1034//1 1038//1 1036//1
f 1041//6 1043//6 1042//6 1040//6
f 1046//6 1048//6 1047//6 1045//6
f 1038//6 1046//6 1045//6 1037//6
f 1035//1 1037//1 1045//1 1044//1
f 1043//6 1050//6 1049//6 1042//6
f 1033//2 1039//2 1040//2 1034//2
f 1040//6 1042//6 1038//6 1034//6
f 1049//6 1051//6 1048//6 1046//6
f 1042//6 1049//6 1046//6 1038//6
f 1054//4 1055//4 1053//4 1052//4
f 1058//4 1059//4 1057//4 1056//4
f 1062//4 1063//4 1061//4 1060//4
f 1066//4 1067//4 1065//4 1064//4
f 1060//4 1061//4 1055//4 1054//4
f 1064//4 1065//4 1059//4 1058//4
f 1055//4 1058//4 1056//4 1053//4
f 1063//4 1066//4 1064//4 1061//4
f 1061//4 1064//4 1058//4 1055//4
f 1070//4 1071//4 1069//4 1068//4
f 1074//4 1075//4 1073//4 1072//4
f 1078//4 1079//4 1077//4 1076//4
f 1082//4 1083//4 1081//4 1080//4
f 1076//4 1077//4 1071//4 1070//4
f 1080//4 1081//4 1075//4 1074//4
f 1071//4 1074//4 1072//4 1069//4
f 1079//4 1082//4 1080//4 1077//4
f 1077//4 1080//4 1074//4 1071//4
f 1093//5 1094//5 1092//5 1091//5
f 1090//6 1094//6 1093//6 1089//6
f 1088//1 1089//1 1093//1 1091//1
f 1087//6 1090//6 1089//6 1086//6
f 1095//6 1096//6 1094//6 1090//6
f 1100//4 1101//4 1099//4 1098//4
f 1104//4 1105//4 1103//4 1102//4
f 1108//4 1109//4 1107//4 1106//4
f 1112//4 1113//4 1111//4 1110//4
f 1106//4 1107//4 1101//4 1100//4
f 1110//4 1111//4 1105//4 1104//4
f 1101//4 1104//4 1102//4 1099//4
f 1109//4 1112//4 1110//4 1107//4
f 1107//4 1110//4 1104//4 1101//4
f 1068//4 1069//4 1026//4 1025//4
f 1072//4 1073//4 1030//4 1029//4
f 1069//4 1072//4 1029//4 1026//4
f 1048//6 1085//6 1084//6 1047//6
f 1098//4 1099//4 1063//4 1062//4
f 1102//4 1103//4 1067//4 1066//4
f 1099//4 1102//4 1066//4 1063//4
f 1022//4 1054//4 1052//4 1020//4
f 1030//4 1062//4 1060//4 1028//4
f 1028//4 1060//4 1054//4 1022//4
f 1075//4 1100//4 1098//4 1073//4
f 1083//4 1108//4 1106//4 1081//4
f 1081//4 1106//4 1100//4 1075//4
f 1057//6 1059//6 1043//6 1041//6
f 1073//4 1098//4 1062//4 1030//4
f 1117//6 1119//6 1118//6 1116//6
f 1126//6 1128//6 1127//6 1125//6
f 1130//6 1133//6 1132//6 1129//6
f 1130//1 1131//1 1134//1 1133//1
f 1137//6 1139//6 1138//6 1136//6
f 1133//6 1137//6 1136//6 1132//6
f 1129//6 1132//6 1128//6 1126//6
f 1132//6 1136//6 1135//6 1128//6
f 1142//4 1143//4 1141//4 1140//4
f 1119//6 1130//6 1129//6 1118//6
f 1119//1 1120//1 1131//1 1130//1
f 1118//6 1129//6 1126//6 1115//6
f 1140//4 1141//4 1124//4 1123//4
f 1119//2 1123//2 1124//2 1120//2
f 1122//6 1123//6 1119//6 1117//6
f 1121//6 1122//6 1117//6 1114//6
f 1134//5 1143//5 1142//5 1133//5
f 1141//6 1143//6 1134//6 1131//6
f 1144//6 1145//6 1139//6 1137//6
f 1142//6 1144//6 1137//6 1133//6
f 1124//6 1141//6 1131//6 1120//6
f 1015//4 1016//4 972//4 971//4
f 1019//4 1020//4 976//4 975//4
f 1016//4 1019//4 975//4 972//4
f 995//6 1033//6 1032//6 994//6
f 1002//6 1041//6 1040//6 1001//6
f 999//1 1001//1 1040//1 1039//1
f 999//6 1039//6 1033//6 995//6
f 988//1 994//1 1032//1 1031//1
f 1052//4 1053//4 1010//4 1009//4
f 1056//4 1057//4 1014//4 1013//4
f 1053//4 1056//4 1013//4 1010//4
f 1014//6 1057//6 1041//6 1002//6
f 1020//4 1052//4 1009//4 976//4
f 1049//2 1050//2 1117//2 1116//2
f 1049//1 1116//1 1118//1 1051//1
f 1048//2 1051//2 1118//2 1115//2
f 1043//1 1114//1 1117//1 1050//1
f 1084//2 1085//2 1126//2 1125//2
f 1127//5 1128//5 1087//5 1086//5
f 1084//1 1125//1 1127//1 1086//1
f 1138//5 1139//5 1097//5 1096//5
f 1095//1 1136//1 1138//1 1096//1
f 1135//5 1136//5 1095//5 1090//5
f 1087//1 1128//1 1135//1 1090//1
f 1067//4 1123//4 1122//4 1065//4
f 1065//4 1122//4 1121//4 1059//4
f 1105//4 1142//4 1140//4 1103//4
f 1113//4 1145//4 1144//4 1111//4
f 1111//4 1144//4 1142//4 1105//4
f 1043//2 1059//2 1121//2 1114//2
f 1048//1 1115//1 1126//1 1085//1
f 1103//4 1140//4 1123//4 1067//4
f 1146//1 1147//1 1149//1 1148//1
f 1150//1 1151//1 1153//1 1152//1
f 1154//1 1155//1 1157//1 1156//1
f 1158//1 1159//1 1161//1 1160//1
f 1148//1 1149//1 1155//1 1154//1
f 1152//1 1153//1 1159//1 1158//1
f 1147//1 1150//1 1152//1 1149//1
f 1155//1 1158//1 1160//1 1157//1
f 1149//1 1152//1 1158//1 1155//1
f 1162//1 1163//1 1165//1 1164//1
f 1164//1 1165//1 1169//1 1168//1
f 1163//1 1166//1 1167//1 1165//1
f 1156//1 1157//1 1172//1 1171//1
f 1151//1 1162//1 1164//1 1153//1
f 1159//1 1168//1 1170//1 1161//1
f 1153//1 1164//1 1168//1 1159//1
f 1176//5 1177//5 1175//5 1174//5
f 1181//4 1182//4 1180//4 1179//4
f 1185//4 1186//4 1184//4 1183//4
f 1189//4 1190//4 1188//4 1187//4
f 1193//4 1194//4 1192//4 1191//4
f 1187//4 1188//4 1182//4 1181//4
f 1191//4 1192//4 1186//4 1185//4
f 1182//4 1185//4 1183//4 1180//4
f 1190//4 1193//4 1191//4 1188//4
f 1188//4 1191//4 1185//4 1182//4
f 1197//6 1200//6 1199//6 1196//6
f 1206//5 1207//5 1205//5 1204//5
f 1203//6 1207//6 1206//6 1202//6
f 1201//1 1202//1 1206//1 1204//1
f 1213//5 1214//5 1212//5 1211//5
f 1210//6 1214//6 1213//6 1209//6
f 1208//1 1209//1 1213//1 1211//1
f 1218//5 1219//5 1217//5 1216//5
f 1223//6 1226//6 1225//6 1222//6
f 1200//6 1221//6 1220//6 1199//6
f 1205//6 1223//6 1222//6 1204//6
f 1205//1 1207//1 1224//1 1223//1
f 1220//5 1221//5 1210//5 1209//5
f 1225//5 1226//5 1219//5 1218//5
f 1215//1 1222//1 1225//1 1218//1
f 1198//5 1202//5 1201//5 1197//5
f 1201//6 1204//6 1200//6 1197//6
f 1214//5 1218//5 1216//5 1212//5
f 1215//6 1218//6 1214//6 1210//6
f 1221//5 1222//5 1215//5 1210//5
f 1204//6 1222//6 1221//6 1200//6
f 1195//1 1199//1 1220//1 1209//1
f 1229//4 1230//4 1228//4 1227//4
f 1233//4 1234//4 1232//4 1231//4
f 1237//4 1238//4 1236//4 1235//4
f 1235//4 1236//4 1230//4 1229//4
f 1239//4 1240//4 1234//4 1233//4
f 1230//4 1233//4 1231//4 1228//4
f 1238//4 1241//4 1239//4 1236//4
f 1236//4 1239//4 1233//4 1230//4
f 1244//5 1245//5 1243//5 1242//5
f 1243//6 1247//6 1246//6 1242//6
f 1243//1 1245//1 1248//1 1247//1
f 1252//5 1253//5 1251//5 1250//5
f 1259//5 1260//5 1258//5 1257//5
f 1258//6 1262//6 1261//6 1257//6
f 1254//5 1255//5 1245//5 1244//5
f 1261//5 1262//5 1253//5 1252//5
f 1249//1 1257//1 1261//1 1252//1
f 1248//5 1252//5 1250//5 1247//5
f 1249//6 1252//6 1248//6 1245//6
f 1256//5 1259//5 1257//5 1255//5
f 1255//5 1257//5 1249//5 1245//5
f 1266//4 1267//4 1265//4 1264//4
f 1267//4 1270//4 1268//4 1265//4
f 1175//6 1255//6 1254//6 1174//6
f 1175//1 1177//1 1256//1 1255//1
f 1178//6 1259//6 1256//6 1177//6
f 1173//1 1174//1 1254//1 1244//1
f 1264//4 1265//4 1190//4 1189//4
f 1268//4 1269//4 1194//4 1193//4
f 1265//4 1268//4 1193//4 1190//4
f 1217//6 1273//6 1272//6 1216//6
f 1217//1 1219//1 1274//1 1273//1
f 1275//4 1276//4 1238//4 1237//4
f 1211//5 1212//5 1177//5 1176//5
f 1212//5 1216//5 1178//5 1177//5
f 1272//5 1273//5 1260//5 1259//5
f 1186//4 1229//4 1227//4 1184//4
f 1194//4 1237//4 1235//4 1192//4
f 1192//4 1235//4 1229//4 1186//4
f 1232//6 1234//6 1207//6 1203//6
f 1224//5 1240//5 1239//5 1223//5
f 1239//6 1241//6 1226//6 1223//6
f 1226//5 1241//5 1238//5 1219//5
f 1234//6 1240//6 1224//6 1207//6
f 1253//5 1267//5 1266//5 1251//5
f 1260//5 1269//5 1268//5 1258//5
f 1268//6 1270//6 1262//6 1258//6
f 1262//5 1270//5 1267//5 1253//5
f 1266//6 1271//6 1263//6 1251//6
f 1274//5 1276//5 1275//5 1273//5
f 1273//5 1275//5 1269//5 1260//5
f 1238//6 1276//6 1274//6 1219//6
f 1178//1 1216//1 1272//1 1259//1
f 1269//4 1275//4 1237//4 1194//4
f 1277//5 1278//5 1232//5 1203//5
f 909//1 910//1 1147//1 1146//1
f 913//1 914//1 1151//1 1150//1
f 910//1 913//1 1150//1 1147//1
f 925//1 926//1 1163//1 1162//1
f 926//1 929//1 1166//1 1163//1
f 914//1 925//1 1162//1 1151//1
f 1179//4 1180//4 1079//4 1078//4
f 1183//4 1184//4 1083//4 1082//4
f 1180//4 1183//4 1082//4 1079//4
f 1092//6 1197//6 1196//6 1091//6
f 1092//1 1094//1 1198//1 1197//1
f 1097//6 1203//6 1202//6 1096//6
f 1096//6 1202//6 1198//6 1094//6
f 1227//4 1228//4 1109//4 1108//4
f 1231//4 1232//4 1113//4 1112//4
f 1228//4 1231//4 1112//4 1109//4
f 1184//4 1227//4 1108//4 1083//4
f 1145//6 1278//6 1277//6 1139//6
f 1097//1 1139//1 1277//1 1203//1
f 1232//4 1278//4 1145//4 1113//4
f 854//2 939//2 940//2 855//2
f 935//6 939//6 854//6 853//6
f 861//2 958//2 959//2 862//2
f 855//2 940//2 947//2 856//2
f 947//6 958//6 861//6 856//6
f 865//2 984//2 986//2 866//2
f 986//6 988//6 868//6 866//6
f 862//2 959//2 984//2 865//2
f 1032//6 1035//6 890//6 889//6
f 895//2 1044//2 1045//2 896//2
f 1045//6 1047//6 898//6 896//6
f 886//2 1031//2 1032//2 889//2
f 1035//6 1044//6 895//6 890//6
f 1084//6 1086//6 922//6 920//6
f 928//5 1089//5 1088//5 927//5
f 1088//6 1091//6 929//6 927//6
f 1086//6 1089//6 928//6 922//6
f 1047//6 1084//6 920//6 898//6
f 988//6 1031//6 886//6 868//6
f 1161//5 1176//5 1174//5 1160//5
f 1160//5 1174//5 1173//5 1157//5
f 1196//6 1199//6 1167//6 1166//6
f 1169//5 1209//5 1208//5 1168//5
f 1208//6 1211//6 1170//6 1168//6
f 1167//5 1199//5 1195//5 1165//5
f 1195//6 1209//6 1169//6 1165//6
f 1172//5 1244//5 1242//5 1171//5
f 1170//5 1211//5 1176//5 1161//5
f 1173//6 1244//6 1172//6 1157//6
f 1091//6 1196//6 1166//6 929//6
f 1284//1 1285//1 1287//1 1286//1
f 1288//1 1289//1 1291//1 1290//1
f 1292//1 1293//1 1295//1 1294//1
f 1296//1 1297//1 1299//1 1298//1
f 1286//1 1287//1 1293//1 1292//1
f 1290//1 1291//1 1297//1 1296//1
f 1285//1 1288//1 1290//1 1287//1
f 1293//1 1296//1 1298//1 1295//1
f 1287//1 1290//1 1296//1 1293//1
f 1300//2 1301//2 1303//2 1302//2
f 1304//2 1305//2 1307//2 1306//2
f 1307//6 1310//6 1309//6 1306//6
f 1308//4 1310//4 1307//4 1305//4
f 1311//2 1312//2 1314//2 1313//2
f 1314//6 1317//6 1316//6 1313//6
f 1315//4 1317//4 1314//4 1312//4
f 1319//2 1320//2 1322//2 1321//2
f 1322//6 1325//6 1324//6 1321//6
f 1323//4 1325//4 1322//4 1320//4
f 1302//2 1303//2 1312//2 1311//2
f 1309//2 1310//2 1320//2 1319//2
f 1309//4 1319//4 1318//4 1306//4
f 1301//2 1304//2 1306//2 1303//2
f 1315//2 1319//2 1321//2 1317//2
f 1318//6 1319//6 1315//6 1312//6
f 1303//2 1306//2 1318//2 1312//2
f 1330//1 1331//1 1333//1 1332//1
f 1334//1 1335//1 1337//1 1336//1
f 1327//1 1328//1 1331//1 1330//1
f 1331//1 1334//1 1336//1 1333//1
f 1328//1 1329//1 1334//1 1331//1
f 1339//2 1340//2 1342//2 1341//2
f 1348//2 1349//2 1351//2 1350//2
f 1351//6 1353//6 1352//6 1350//6
f 1357//2 1358//2 1360//2 1359//2
f 1355//6 1358//6 1357//6 1354//6
f 1357//4 1359//4 1356//4 1354//4
f 1342//6 1347//6 1346//6 1341//6
f 1345//4 1347//4 1342//4 1340//4
f 1346//2 1347//2 1355//2 1354//2
f 1352//2 1353//2 1363//2 1362//2
f 1352//4 1362//4 1361//4 1350//4
f 1345//2 1348//2 1350//2 1347//2
f 1361//6 1362//6 1358//6 1355//6
f 1347//2 1350//2 1361//2 1355//2
f 1343//6 1348//6 1345//6 1340//6
f 1346//4 1354//4 1344//4 1341//4
f 1279//1 1280//1 1285//1 1284//1
f 1282//6 1301//6 1300//6 1281//6
f 1300//4 1302//4 1283//4 1281//4
f 1289//1 1326//1 1327//1 1291//1
f 1297//1 1330//1 1332//1 1299//1
f 1291//1 1327//1 1330//1 1297//1
f 1316//2 1317//2 1340//2 1339//2
f 1316//4 1339//4 1338//4 1313//4
f 1324//2 1325//2 1349//2 1348//2
f 1317//2 1321//2 1343//2 1340//2
f 1324//4 1348//4 1343//4 1321//4
f 1279//2 1281//2 1283//2 1280//2
f 1288//2 1311//2 1313//2 1289//2
f 1285//2 1302//2 1311//2 1288//2
f 1327//2 1339//2 1341//2 1328//2
f 1338//6 1339//6 1327//6 1326//6
f 1334//2 1354//2 1356//2 1335//2
f 1356//6 1359//6 1337//6 1335//6
f 1328//2 1341//2 1344//2 1329//2
f 1344//6 1354//6 1334//6 1329//6
f 1289//2 1313//2 1338//2 1326//2
f 1283//6 1302//6 1285//6 1280//6
f 1364//1 1365//1 1367//1 1366//1
f 1368//1 1369//1 1371//1 1370//1
f 1372//1 1373//1 1375//1 1374//1
f 1376//1 1377//1 1379//1 1378//1
f 1366//1 1367//1 1373//1 1372//1
f 1370//1 1371//1 1377//1 1376//1
f 1365//1 1368//1 1370//1 1367//1
f 1373//1 1376//1 1378//1 1375//1
f 1367//1 1370//1 1376//1 1373//1
f 1380//1 1381//1 1383//1 1382//1
f 1384//1 1385//1 1387//1 1386//1
f 1388//1 1389//1 1391//1 1390//1
f 1392//1 1393//1 1395//1 1394//1
f 1382//1 1383//1 1389//1 1388//1
f 1386//1 1387//1 1393//1 1392//1
f 1381//1 1384//1 1386//1 1383//1
f 1389//1 1392//1 1394//1 1391//1
f 1383//1 1386//1 1392//1 1389//1
f 1399//6 1401//6 1400//6 1398//6
f 1405//2 1406//2 1408//2 1407//2
f 1403//6 1406//6 1405//6 1402//6
f 1405//4 1407//4 1404//4 1402//4
f 1414//6 1416//6 1415//6 1413//6
f 1401//6 1410//6 1409//6 1400//6
f 1408//6 1414//6 1413//6 1407//6
f 1412//4 1414//4 1408//4 1406//4
f 1397//2 1402//2 1404//2 1399//2
f 1404//6 1407//6 1401//6 1399//6
f 1413//6 1415//6 1411//6 1410//6
f 1407//6 1413//6 1410//6 1401//6
f 1417//1 1418//1 1420//1 1419//1
f 1421//1 1422//1 1424//1 1423//1
f 1425//1 1426//1 1428//1 1427//1
f 1429//1 1430//1 1432//1 1431//1
f 1419//1 1420//1 1426//1 1425//1
f 1423//1 1424//1 1430//1 1429//1
f 1418//1 1421//1 1423//1 1420//1
f 1426//1 1429//1 1431//1 1428//1
f 1420//1 1423//1 1429//1 1426//1
f 1433//1 1434//1 1436//1 1435//1
f 1437//1 1438//1 1440//1 1439//1
f 1441//1 1442//1 1444//1 1443//1
f 1445//1 1446//1 1448//1 1447//1
f 1435//1 1436//1 1442//1 1441//1
f 1439//1 1440//1 1446//1 1445//1
f 1434//1 1437//1 1439//1 1436//1
f 1442//1 1445//1 1447//1 1444//1
f 1436//1 1439//1 1445//1 1442//1
f 1461//5 1462//5 1460//5 1459//5
f 1458//6 1462//6 1461//6 1457//6
f 1460//4 1462//4 1458//4 1456//4
f 1452//6 1458//6 1457//6 1451//6
f 1457//6 1461//6 1455//6 1453//6
f 1374//1 1375//1 1418//1 1417//1
f 1378//1 1379//1 1422//1 1421//1
f 1375//1 1378//1 1421//1 1418//1
f 1390//1 1391//1 1434//1 1433//1
f 1394//1 1395//1 1438//1 1437//1
f 1391//1 1394//1 1437//1 1434//1
f 1416//6 1450//6 1449//6 1415//6
f 1369//1 1380//1 1382//1 1371//1
f 1377//1 1388//1 1390//1 1379//1
f 1371//1 1382//1 1388//1 1377//1
f 1422//1 1433//1 1435//1 1424//1
f 1430//1 1441//1 1443//1 1432//1
f 1424//1 1435//1 1441//1 1430//1
f 1398//6 1400//6 1387//6 1385//6
f 1379//1 1390//1 1433//1 1422//1
f 1469//6 1471//6 1470//6 1468//6
f 1474//1 1475//1 1477//1 1476//1
f 1481//6 1484//6 1483//6 1480//6
f 1483//4 1485//4 1482//4 1480//4
f 1487//6 1489//6 1488//6 1486//6
f 1491//6 1493//6 1492//6 1490//6
f 1484//6 1491//6 1490//6 1483//6
f 1486//6 1488//6 1484//6 1481//6
f 1488//6 1494//6 1491//6 1484//6
f 1465//1 1466//1 1475//1 1474//1
f 1471//6 1481//6 1480//6 1470//6
f 1480//4 1482//4 1472//4 1470//4
f 1473//6 1486//6 1481//6 1471//6
f 1465//2 1470//2 1472//2 1466//2
f 1468//6 1470//6 1465//6 1464//6
f 1467//6 1468//6 1464//6 1463//6
f 1477//5 1485//5 1483//5 1476//5
f 1482//6 1485//6 1477//6 1475//6
f 1490//6 1492//6 1479//6 1478//6
f 1483//6 1490//6 1478//6 1476//6
f 1472//6 1482//6 1475//6 1466//6
f 1294//1 1295//1 1365//1 1364//1
f 1298//1 1299//1 1369//1 1368//1
f 1295//1 1298//1 1368//1 1365//1
f 1332//1 1333//1 1381//1 1380//1
f 1336//1 1337//1 1385//1 1384//1
f 1333//1 1336//1 1384//1 1381//1
f 1360//6 1399//6 1398//6 1359//6
f 1397//4 1399//4 1360//4 1358//4
f 1363//6 1403//6 1402//6 1362//6
f 1362//6 1402//6 1397//6 1358//6
f 1396//4 1403//4 1363//4 1353//4
f 1359//6 1398//6 1385//6 1337//6
f 1299//1 1332//1 1380//1 1369//1
f 1393//1 1464//1 1465//1 1395//1
f 1387//1 1463//1 1464//1 1393//1
f 1438//1 1474//1 1476//1 1440//1
f 1446//1 1478//1 1479//1 1448//1
f 1440//1 1476//1 1478//1 1446//1
f 1409//2 1410//2 1469//2 1468//2
f 1411//4 1471//4 1469//4 1410//4
f 1411//2 1415//2 1473//2 1471//2
f 1409//4 1468//4 1467//4 1400//4
f 1492//5 1493//5 1455//5 1454//5
f 1455//4 1493//4 1491//4 1453//4
f 1449//2 1450//2 1487//2 1486//2
f 1488//5 1489//5 1452//5 1451//5
f 1452//4 1489//4 1487//4 1450//4
f 1491//5 1494//5 1457//5 1453//5
f 1457//4 1494//4 1488//4 1451//4
f 1387//2 1400//2 1467//2 1463//2
f 1395//1 1465//1 1474//1 1438//1
f 1449//4 1486//4 1473//4 1415//4
f 1501//4 1502//4 1500//4 1499//4
f 1505//4 1506//4 1504//4 1503//4
f 1499//4 1500//4 1497//4 1496//4
f 1502//4 1505//4 1503//4 1500//4
f 1500//4 1503//4 1498//4 1497//4
f 1509//4 1510//4 1508//4 1507//4
f 1506//4 1509//4 1507//4 1504//4
f 1513//4 1514//4 1512//4 1511//4
f 1517//4 1518//4 1516//4 1515//4
f 1521//4 1522//4 1520//4 1519//4
f 1525//4 1526//4 1524//4 1523//4
f 1519//4 1520//4 1514//4 1513//4
f 1523//4 1524//4 1518//4 1517//4
f 1514//4 1517//4 1515//4 1512//4
f 1522//4 1525//4 1523//4 1520//4
f 1520//4 1523//4 1517//4 1514//4
f 1529//4 1530//4 1528//4 1527//4
f 1535//4 1536//4 1534//4 1533//4
f 1539//4 1540//4 1538//4 1537//4
f 1533//4 1534//4 1530//4 1529//4
f 1530//4 1532//4 1531//4 1528//4
f 1536//4 1539//4 1537//4 1534//4
f 1534//4 1537//4 1532//4 1530//4
f 1543//4 1544//4 1542//4 1541//4
f 1547//4 1548//4 1546//4 1545//4
f 1551//4 1552//4 1550//4 1549//4
f 1555//4 1556//4 1554//4 1553//4
f 1549//4 1550//4 1544//4 1543//4
f 1553//4 1554//4 1548//4 1547//4
f 1544//4 1547//4 1545//4 1542//4
f 1552//4 1555//4 1553//4 1550//4
f 1550//4 1553//4 1547//4 1544//4
f 1559//4 1560//4 1558//4 1557//4
f 1563//4 1564//4 1562//4 1561//4
f 1567//4 1568//4 1566//4 1565//4
f 1565//4 1566//4 1560//4 1559//4
f 1569//4 1570//4 1564//4 1563//4
f 1560//4 1563//4 1561//4 1558//4
f 1568//4 1571//4 1569//4 1566//4
f 1566//4 1569//4 1563//4 1560//4
f 1541//4 1542//4 1522//4 1521//4
f 1545//4 1546//4 1526//4 1525//4
f 1542//4 1545//4 1525//4 1522//4
f 1557//4 1558//4 1536//4 1535//4
f 1561//4 1562//4 1540//4 1539//4
f 1558//4 1561//4 1539//4 1536//4
f 1518//4 1529//4 1527//4 1516//4
f 1526//4 1535//4 1533//4 1524//4
f 1524//4 1533//4 1529//4 1518//4
f 1548//4 1559//4 1557//4 1546//4
f 1556//4 1567//4 1565//4 1554//4
f 1554//4 1565//4 1559//4 1548//4
f 1546//4 1557//4 1535//4 1526//4
f 1511//4 1512//4 1502//4 1501//4
f 1515//4 1516//4 1506//4 1505//4
f 1512//4 1515//4 1505//4 1502//4
f 1527//4 1528//4 1510//4 1509//4
f 1516//4 1527//4 1509//4 1506//4
f 1572//1 1573//1 1575//1 1574//1
f 1576//1 1577//1 1579//1 1578//1
f 1580//1 1581//1 1583//1 1582//1
f 1584//1 1585//1 1587//1 1586//1
f 1574//1 1575//1 1581//1 1580//1
f 1578//1 1579//1 1585//1 1584//1
f 1573//1 1576//1 1578//1 1575//1
f 1581//1 1584//1 1586//1 1583//1
f 1575//1 1578//1 1584//1 1581//1
f 1592//5 1593//5 1591//5 1590//5
f 1594//1 1595//1 1597//1 1596//1
f 1598//1 1599//1 1601//1 1600//1
f 1602//1 1603//1 1605//1 1604//1
f 1596//1 1597//1 1603//1 1602//1
f 1600//1 1601//1 1607//1 1606//1
f 1595//1 1598//1 1600//1 1597//1
f 1603//1 1606//1 1608//1 1605//1
f 1597//1 1600//1 1606//1 1603//1
f 1615//5 1616//5 1614//5 1613//5
f 1612//6 1616//6 1615//6 1611//6
f 1614//4 1616//4 1612//4 1610//4
f 1618//6 1621//6 1620//6 1617//6
f 1625//5 1626//5 1624//5 1623//5
f 1632//5 1633//5 1631//5 1630//5
f 1629//6 1633//6 1632//6 1628//6
f 1631//4 1633//4 1629//4 1627//4
f 1635//6 1638//6 1637//6 1634//6
f 1614//6 1635//6 1634//6 1613//6
f 1634//4 1636//4 1615//4 1613//4
f 1621//6 1640//6 1639//6 1620//6
f 1637//5 1638//5 1626//5 1625//5
f 1626//4 1638//4 1635//4 1622//4
f 1639//5 1640//5 1629//5 1628//5
f 1612//5 1619//5 1617//5 1610//5
f 1617//6 1620//6 1614//6 1610//6
f 1626//5 1632//5 1630//5 1624//5
f 1628//6 1632//6 1626//6 1622//6
f 1635//5 1639//5 1628//5 1622//5
f 1620//6 1639//6 1635//6 1614//6
f 1629//4 1640//4 1621//4 1609//4
f 1641//1 1642//1 1644//1 1643//1
f 1642//1 1645//1 1647//1 1644//1
f 1652//5 1653//5 1651//5 1650//5
f 1656//5 1657//5 1655//5 1654//5
f 1655//6 1659//6 1658//6 1654//6
f 1658//4 1660//4 1656//4 1654//4
f 1663//5 1664//5 1662//5 1661//5
f 1662//6 1666//6 1665//6 1661//6
f 1665//5 1666//5 1653//5 1652//5
f 1653//4 1666//4 1662//4 1649//4
f 1667//5 1668//5 1657//5 1656//5
f 1653//5 1660//5 1658//5 1651//5
f 1656//6 1660//6 1653//6 1649//6
f 1664//5 1669//5 1667//5 1662//5
f 1662//5 1667//5 1656//5 1649//5
f 1582//1 1583//1 1642//1 1641//1
f 1586//1 1587//1 1646//1 1645//1
f 1583//1 1586//1 1645//1 1642//1
f 1591//6 1668//6 1667//6 1590//6
f 1667//4 1669//4 1592//4 1590//4
f 1592//6 1669//6 1664//6 1589//6
f 1657//4 1668//4 1591//4 1588//4
f 1604//1 1605//1 1672//1 1671//1
f 1624//6 1674//6 1673//6 1623//6
f 1673//4 1675//4 1625//4 1623//4
f 1577//1 1594//1 1596//1 1579//1
f 1585//1 1602//1 1604//1 1587//1
f 1579//1 1596//1 1602//1 1585//1
f 1630//5 1631//5 1593//5 1592//5
f 1624//5 1630//5 1592//5 1589//5
f 1673//5 1674//5 1664//5 1663//5
f 1611//6 1615//6 1601//6 1599//6
f 1607//5 1636//5 1634//5 1606//5
f 1634//6 1637//6 1608//6 1606//6
f 1608//5 1637//5 1625//5 1605//5
f 1615//6 1636//6 1607//6 1601//6
f 1644//5 1652//5 1650//5 1643//5
f 1646//5 1663//5 1661//5 1645//5
f 1661//6 1665//6 1647//6 1645//6
f 1647//5 1665//5 1652//5 1644//5
f 1650//6 1670//6 1648//6 1643//6
f 1672//5 1675//5 1673//5 1671//5
f 1671//5 1673//5 1663//5 1646//5
f 1625//6 1675//6 1672//6 1605//6
f 1587//1 1604//1 1671//1 1646//1
f 1664//4 1674//4 1624//4 1589//4
f 1676//5 1677//5 1611//5 1599//5
f 1680//4 1681//4 1679//4 1678//4
f 1684//4 1685//4 1683//4 1682//4
f 1688//4 1689//4 1687//4 1686//4
f 1692//4 1693//4 1691//4 1690//4
f 1686//4 1687//4 1681//4 1680//4
f 1690//4 1691//4 1685//4 1684//4
f 1681//4 1684//4 1682//4 1679//4
f 1689//4 1692//4 1690//4 1687//4
f 1687//4 1690//4 1684//4 1681//4
f 1696//4 1697//4 1695//4 1694//4
f 1700//4 1701//4 1697//4 1696//4
f 1697//4 1699//4 1698//4 1695//4
f 1703//4 1704//4 1689//4 1688//4
f 1685//4 1696//4 1694//4 1683//4
f 1693//4 1702//4 1700//4 1691//4
f 1691//4 1700//4 1696//4 1685//4
f 1427//1 1428//1 1573//1 1572//1
f 1431//1 1432//1 1577//1 1576//1
f 1428//1 1431//1 1576//1 1573//1
f 1443//1 1444//1 1595//1 1594//1
f 1447//1 1448//1 1599//1 1598//1
f 1444//1 1447//1 1598//1 1595//1
f 1455//6 1612//6 1611//6 1454//6
f 1460//6 1618//6 1617//6 1459//6
f 1617//4 1619//4 1461//4 1459//4
f 1461//6 1619//6 1612//6 1455//6
f 1432//1 1443//1 1594//1 1577//1
f 1492//6 1677//6 1676//6 1479//6
f 1448//1 1479//1 1676//1 1599//1
f 1611//4 1677//4 1492//4 1454//4
f 1678//4 1679//4 1552//4 1551//4
f 1682//4 1683//4 1556//4 1555//4
f 1679//4 1682//4 1555//4 1552//4
f 1694//4 1695//4 1568//4 1567//4
f 1695//4 1698//4 1571//4 1568//4
f 1683//4 1694//4 1567//4 1556//4
f 1308//2 1496//2 1497//2 1310//2
f 1495//6 1496//6 1308//6 1305//6
f 1323//2 1503//2 1504//2 1325//2
f 1310//2 1497//2 1498//2 1320//2
f 1498//6 1503//6 1323//6 1320//6
f 1349//2 1507//2 1508//2 1351//2
f 1508//6 1510//6 1353//6 1351//6
f 1325//2 1504//2 1507//2 1349//2
f 1531//6 1532//6 1406//6 1403//6
f 1412//2 1537//2 1538//2 1414//2
f 1538//6 1540//6 1416//6 1414//6
f 1396//2 1528//2 1531//2 1403//2
f 1532//6 1537//6 1412//6 1406//6
f 1562//6 1564//6 1452//6 1450//6
f 1458//5 1570//5 1569//5 1456//5
f 1569//6 1571//6 1460//6 1456//6
f 1564//6 1570//6 1458//6 1452//6
f 1540//6 1562//6 1450//6 1416//6
f 1510//6 1528//6 1396//6 1353//6
f 1593//5 1693//5 1692//5 1591//5
f 1591//5 1692//5 1689//5 1588//5
f 1698//6 1699//6 1621//6 1618//6
f 1629//5 1701//5 1700//5 1627//5
f 1700//6 1702//6 1631//6 1627//6
f 1621//5 1699//5 1697//5 1609//5
f 1697//6 1701//6 1629//6 1609//6
f 1657//5 1704//5 1703//5 1655//5
f 1631//5 1702//5 1693//5 1593//5
f 1689//6 1704//6 1657//6 1588//6
f 1571//6 1698//6 1618//6 1460//6
f 1707//3 1709//3 1710//3 1708//3
f 1711//3 1713//3 1714//3 1712//3
f 1709//3 1711//3 1712//3 1710//3
f 1705//3 1707//3 1708//3 1706//3
f 1717//1 1718//1 1720//1 1719//1
f 1721//1 1722//1 1724//1 1723//1
f 1719//1 1720//1 1722//1 1721//1
f 1715//1 1716//1 1718//1 1717//1
f 1732//2 1733//2 1735//2 1734//2
f 1727//2 1728//2 1733//2 1732//2
f 1729//2 1732//2 1734//2 1731//2
f 1725//2 1727//2 1732//2 1729//2
f 1736//2 1737//2 1739//2 1738//2
f 1740//2 1741//2 1743//2 1742//2
f 1744//2 1745//2 1747//2 1746//2
f 1748//2 1749//2 1751//2 1750//2
f 1738//2 1739//2 1745//2 1744//2
f 1742//2 1743//2 1749//2 1748//2
f 1737//2 1740//2 1742//2 1739//2
f 1745//2 1748//2 1750//2 1747//2
f 1739//2 1742//2 1748//2 1745//2
f 1752//2 1753//2 1755//2 1754//2
f 1756//2 1757//2 1759//2 1758//2
f 1760//2 1761//2 1763//2 1762//2
f 1764//2 1765//2 1767//2 1766//2
f 1754//2 1755//2 1761//2 1760//2
f 1758//2 1759//2 1765//2 1764//2
f 1753//2 1756//2 1758//2 1755//2
f 1761//2 1764//2 1766//2 1763//2
f 1755//2 1758//2 1764//2 1761//2
f 1768//2 1769//2 1771//2 1770//2
f 1772//2 1773//2 1775//2 1774//2
f 1776//2 1777//2 1779//2 1778//2
f 1780//2 1781//2 1783//2 1782//2
f 1770//2 1771//2 1777//2 1776//2
f 1774//2 1775//2 1781//2 1780//2
f 1769//2 1772//2 1774//2 1771//2
f 1777//2 1780//2 1782//2 1779//2
f 1771//2 1774//2 1780//2 1777//2
f 1787//3 1790//3 1791//3 1788//3
f 1786//1 1788//1 1791//1 1789//1
f 1793//3 1796//3 1797//3 1794//3
f 1792//1 1794//1 1797//1 1795//1
f 1801//3 1804//3 1805//3 1802//3
f 1800//1 1802//1 1805//1 1803//1
f 1807//3 1810//3 1811//3 1808//3
f 1806//1 1808//1 1811//1 1809//1
f 1790//3 1801//3 1802//3 1791//3
f 1789//1 1791//1 1802//1 1800//1
f 1796//3 1807//3 1808//3 1797//3
f 1795//1 1797//1 1808//1 1806//1
f 1784//1 1792//1 1795//1 1785//1
f 1798//1 1806//1 1809//1 1799//1
f 1784//3 1785//3 1790//3 1787//3
f 1798//3 1799//3 1804//3 1801//3
f 1785//3 1798//3 1801//3 1790//3
f 1785//1 1795//1 1806//1 1798//1
f 1812//3 1814//3 1815//3 1813//3
f 1818//3 1820//3 1821//3 1819//3
f 1814//3 1818//3 1819//3 1815//3
f 1813//3 1815//3 1817//3 1816//3
f 1819//3 1821//3 1823//3 1822//3
f 1815//3 1819//3 1822//3 1817//3
f 1824//1 1825//1 1827//1 1826//1
f 1830//1 1831//1 1833//1 1832//1
f 1826//1 1827//1 1831//1 1830//1
f 1825//1 1828//1 1829//1 1827//1
f 1831//1 1834//1 1835//1 1833//1
f 1827//1 1829//1 1834//1 1831//1
f 1727//3 1787//3 1788//3 1728//3
f 1726//1 1728//1 1788//1 1786//1
f 1730//3 1793//3 1794//3 1731//3
f 1729//1 1731//1 1794//1 1792//1
f 1725//3 1784//3 1787//3 1727//3
f 1725//1 1729//1 1792//1 1784//1
f 1736//3 1812//3 1813//3 1737//3
f 1737//3 1813//3 1816//3 1740//3
f 1752//1 1754//1 1825//1 1824//1
f 1754//1 1760//1 1828//1 1825//1
f 1730//2 1731//2 1753//2 1752//2
f 1734//2 1735//2 1757//2 1756//2
f 1731//2 1734//2 1756//2 1753//2
f 1793//1 1824//1 1826//1 1796//1
f 1807//1 1830//1 1832//1 1810//1
f 1796//1 1826//1 1830//1 1807//1
f 1746//2 1747//2 1769//2 1768//2
f 1750//2 1751//2 1773//2 1772//2
f 1747//2 1750//2 1772//2 1769//2
f 1726//2 1736//2 1738//2 1728//2
f 1733//2 1744//2 1746//2 1735//2
f 1728//2 1738//2 1744//2 1733//2
f 1757//2 1768//2 1770//2 1759//2
f 1765//2 1776//2 1778//2 1767//2
f 1759//2 1770//2 1776//2 1765//2
f 1786//3 1789//3 1814//3 1812//3
f 1800//3 1803//3 1820//3 1818//3
f 1789//3 1800//3 1818//3 1814//3
f 1735//2 1746//2 1768//2 1757//2
f 1726//3 1786//3 1812//3 1736//3
f 1730//1 1752//1 1824//1 1793//1
f 1836//3 1838//3 1839//3 1837//3
f 1840//3 1842//3 1843//3 1841//3
f 1838//3 1840//3 1841//3 1839//3
f 1844//3 1846//3 1847//3 1845//3
f 1848//3 1850//3 1851//3 1849//3
f 1846//3 1848//3 1849//3 1847//3
f 1842//3 1844//3 1845//3 1843//3
f 1852//1 1853//1 1855//1 1854//1
f 1856//1 1857//1 1859//1 1858//1
f 1854//1 1855//1 1857//1 1856//1
f 1860//1 1861//1 1863//1 1862//1
f 1864//1 1865//1 1867//1 1866//1
f 1862//1 1863//1 1865//1 1864//1
f 1858//1 1859//1 1861//1 1860//1
f 1871//3 1874//3 1875//3 1872//3
f 1870//1 1872//1 1875//1 1873//1
f 1877//3 1880//3 1881//3 1878//3
f 1876//1 1878//1 1881//1 1879//1
f 1885//3 1888//3 1889//3 1886//3
f 1884//1 1886//1 1889//1 1887//1
f 1891//3 1894//3 1895//3 1892//3
f 1890//1 1892//1 1895//1 1893//1
f 1874//3 1885//3 1886//3 1875//3
f 1873//1 1875//1 1886//1 1884//1
f 1880//3 1891//3 1892//3 1881//3
f 1879//1 1881//1 1892//1 1890//1
f 1868//1 1876//1 1879//1 1869//1
f 1882//1 1890//1 1893//1 1883//1
f 1868//3 1869//3 1874//3 1871//3
f 1882//3 1883//3 1888//3 1885//3
f 1869//3 1882//3 1885//3 1874//3
f 1869//1 1879//1 1890//1 1882//1
f 1896//3 1898//3 1899//3 1897//3
f 1902//3 1904//3 1905//3 1903//3
f 1898//3 1902//3 1903//3 1899//3
f 1897//3 1899//3 1901//3 1900//3
f 1903//3 1905//3 1907//3 1906//3
f 1899//3 1903//3 1906//3 1901//3
f 1908//1 1909//1 1911//1 1910//1
f 1914//1 1915//1 1917//1 1916//1
f 1910//1 1911//1 1915//1 1914//1
f 1909//1 1912//1 1913//1 1911//1
f 1915//1 1918//1 1919//1 1917//1
f 1911//1 1913//1 1918//1 1915//1
f 1923//3 1926//3 1927//3 1924//3
f 1922//1 1924//1 1927//1 1925//1
f 1929//3 1932//3 1933//3 1930//3
f 1928//1 1930//1 1933//1 1931//1
f 1937//3 1940//3 1941//3 1938//3
f 1936//1 1938//1 1941//1 1939//1
f 1943//3 1946//3 1947//3 1944//3
f 1942//1 1944//1 1947//1 1945//1
f 1926//3 1937//3 1938//3 1927//3
f 1925//1 1927//1 1938//1 1936//1
f 1932//3 1943//3 1944//3 1933//3
f 1931//1 1933//1 1944//1 1942//1
f 1920//1 1928//1 1931//1 1921//1
f 1934//1 1942//1 1945//1 1935//1
f 1920//3 1921//3 1926//3 1923//3
f 1934//3 1935//3 1940//3 1937//3
f 1921//3 1934//3 1937//3 1926//3
f 1921//1 1931//1 1942//1 1934//1
f 1948//3 1950//3 1951//3 1949//3
f 1954//3 1956//3 1957//3 1955//3
f 1950//3 1954//3 1955//3 1951//3
f 1949//3 1951//3 1953//3 1952//3
f 1955//3 1957//3 1959//3 1958//3
f 1951//3 1955//3 1958//3 1953//3
f 1960//1 1961//1 1963//1 1962//1
f 1966//1 1967//1 1969//1 1968//1
f 1962//1 1963//1 1967//1 1966//1
f 1961//1 1964//1 1965//1 1963//1
f 1967//1 1970//1 1971//1 1969//1
f 1963//1 1965//1 1970//1 1967//1
f 1888//3 1923//3 1924//3 1889//3
f 1887//1 1889//1 1924//1 1922//1
f 1894//3 1929//3 1930//3 1895//3
f 1893//1 1895//1 1930//1 1928//1
f 1883//3 1920//3 1923//3 1888//3
f 1883//1 1893//1 1928//1 1920//1
f 1904//3 1948//3 1949//3 1905//3
f 1905//3 1949//3 1952//3 1907//3
f 1916//1 1917//1 1961//1 1960//1
f 1917//1 1919//1 1964//1 1961//1
f 1877//1 1908//1 1910//1 1880//1
f 1891//1 1914//1 1916//1 1894//1
f 1880//1 1910//1 1914//1 1891//1
f 1929//1 1960//1 1962//1 1932//1
f 1943//1 1966//1 1968//1 1946//1
f 1932//1 1962//1 1966//1 1943//1
f 1870//3 1873//3 1898//3 1896//3
f 1884//3 1887//3 1904//3 1902//3
f 1873//3 1884//3 1902//3 1898//3
f 1922//3 1925//3 1950//3 1948//3
f 1936//3 1939//3 1956//3 1954//3
f 1925//3 1936//3 1954//3 1950//3
f 1887//3 1922//3 1948//3 1904//3
f 1894//1 1916//1 1960//1 1929//1
f 1713//3 1836//3 1837//3 1714//3
f 1723//1 1724//1 1853//1 1852//1
f 1804//3 1871//3 1872//3 1805//3
f 1803//1 1805//1 1872//1 1870//1
f 1810//3 1877//3 1878//3 1811//3
f 1809//1 1811//1 1878//1 1876//1
f 1799//3 1868//3 1871//3 1804//3
f 1799//1 1809//1 1876//1 1868//1
f 1820//3 1896//3 1897//3 1821//3
f 1821//3 1897//3 1900//3 1823//3
f 1832//1 1833//1 1909//1 1908//1
f 1833//1 1835//1 1912//1 1909//1
f 1803//3 1870//3 1896//3 1820//3
f 1810//1 1832//1 1908//1 1877//1
f 1705//2 1706//2 1741//2 1740//2
f 1707//1 1816//1 1817//1 1709//1
f 1711//1 1822//1 1823//1 1713//1
f 1709//1 1817//1 1822//1 1711//1
f 1705//1 1740//1 1816//1 1707//1
f 1836//1 1900//1 1901//1 1838//1
f 1840//1 1906//1 1907//1 1842//1
f 1838//1 1901//1 1906//1 1840//1
f 1844//1 1952//1 1953//1 1846//1
f 1848//1 1958//1 1959//1 1850//1
f 1846//1 1953//1 1958//1 1848//1
f 1842//1 1907//1 1952//1 1844//1
f 1715//2 1760//2 1762//2 1716//2
f 1717//3 1719//3 1829//3 1828//3
f 1721//3 1723//3 1835//3 1834//3
f 1719//3 1721//3 1834//3 1829//3
f 1715//3 1717//3 1828//3 1760//3
f 1852//3 1854//3 1913//3 1912//3
f 1856//3 1858//3 1919//3 1918//3
f 1854//3 1856//3 1918//3 1913//3
f 1860//3 1862//3 1965//3 1964//3
f 1864//3 1866//3 1971//3 1970//3
f 1862//3 1864//3 1970//3 1965//3
f 1858//3 1860//3 1964//3 1919//3
f 1723//3 1852//3 1912//3 1835//3
f 1713//1 1823//1 1900//1 1836//1
f 1972//3 1974//3 1975//3 1973//3
f 1976//3 1978//3 1979//3 1977//3
f 1974//3 1976//3 1977//3 1975//3
f 1980//3 1982//3 1983//3 1981//3
f 1984//3 1986//3 1987//3 1985//3
f 1982//3 1984//3 1985//3 1983//3
f 1978//3 1980//3 1981//3 1979//3
f 1988//1 1989//1 1991//1 1990//1
f 1992//1 1993//1 1995//1 1994//1
f 1990//1 1991//1 1993//1 1992//1
f 1996//1 1997//1 1999//1 1998//1
f 2000//1 2001//1 2003//1 2002//1
f 1998//1 1999//1 2001//1 2000//1
f 1994//1 1995//1 1997//1 1996//1
f 2007//3 2010//3 2011//3 2008//3
f 2006//1 2008//1 2011//1 2009//1
f 2013//3 2016//3 2017//3 2014//3
f 2012//1 2014//1 2017//1 2015//1
f 2021//3 2024//3 2025//3 2022//3
f 2020//1 2022//1 2025//1 2023//1
f 2027//3 2030//3 2031//3 2028//3
f 2026//1 2028//1 2031//1 2029//1
f 2010//3 2021//3 2022//3 2011//3
f 2009//1 2011//1 2022//1 2020//1
f 2016//3 2027//3 2028//3 2017//3
f 2015//1 2017//1 2028//1 2026//1
f 2004//1 2012//1 2015//1 2005//1
f 2018//1 2026//1 2029//1 2019//1
f 2004//3 2005//3 2010//3 2007//3
f 2018//3 2019//3 2024//3 2021//3
f 2005//3 2018//3 2021//3 2010//3
f 2005//1 2015//1 2026//1 2018//1
f 2032//3 2034//3 2035//3 2033//3
f 2038//3 2040//3 2041//3 2039//3
f 2034//3 2038//3 2039//3 2035//3
f 2033//3 2035//3 2037//3 2036//3
f 2039//3 2041//3 2043//3 2042//3
f 2035//3 2039//3 2042//3 2037//3
f 2044//1 2045//1 2047//1 2046//1
f 2050//1 2051//1 2053//1 2052//1
f 2046//1 2047//1 2051//1 2050//1
f 2045//1 2048//1 2049//1 2047//1
f 2051//1 2054//1 2055//1 2053//1
f 2047//1 2049//1 2054//1 2051//1
f 2059//3 2062//3 2063//3 2060//3
f 2058//1 2060//1 2063//1 2061//1
f 2065//3 2068//3 2069//3 2066//3
f 2064//1 2066//1 2069//1 2067//1
f 2073//3 2076//3 2077//3 2074//3
f 2072//1 2074//1 2077//1 2075//1
f 2079//3 2082//3 2083//3 2080//3
f 2078//1 2080//1 2083//1 2081//1
f 2062//3 2073//3 2074//3 2063//3
f 2061//1 2063//1 2074//1 2072//1
f 2068//3 2079//3 2080//3 2069//3
f 2067//1 2069//1 2080//1 2078//1
f 2056//1 2064//1 2067//1 2057//1
f 2070//1 2078//1 2081//1 2071//1
f 2056//3 2057//3 2062//3 2059//3
f 2070//3 2071//3 2076//3 2073//3
f 2057//3 2070//3 2073//3 2062//3
f 2057//1 2067//1 2078//1 2070//1
f 2084//3 2086//3 2087//3 2085//3
f 2090//3 2092//3 2093//3 2091//3
f 2086//3 2090//3 2091//3 2087//3
f 2085//3 2087//3 2089//3 2088//3
f 2091//3 2093//3 2095//3 2094//3
f 2087//3 2091//3 2094//3 2089//3
f 2096//1 2097//1 2099//1 2098//1
f 2102//1 2103//1 2105//1 2104//1
f 2098//1 2099//1 2103//1 2102//1
f 2097//1 2100//1 2101//1 2099//1
f 2103//1 2106//1 2107//1 2105//1
f 2099//1 2101//1 2106//1 2103//1
f 2024//3 2059//3 2060//3 2025//3
f 2023//1 2025//1 2060//1 2058//1
f 2030//3 2065//3 2066//3 2031//3
f 2029//1 2031//1 2066//1 2064//1
f 2019//3 2056//3 2059//3 2024//3
f 2019//1 2029//1 2064//1 2056//1
f 2040//3 2084//3 2085//3 2041//3
f 2041//3 2085//3 2088//3 2043//3
f 2052//1 2053//1 2097//1 2096//1
f 2053//1 2055//1 2100//1 2097//1
f 2013//1 2044//1 2046//1 2016//1
f 2027//1 2050//1 2052//1 2030//1
f 2016//1 2046//1 2050//1 2027//1
f 2065//1 2096//1 2098//1 2068//1
f 2079//1 2102//1 2104//1 2082//1
f 2068//1 2098//1 2102//1 2079//1
f 2006//3 2009//3 2034//3 2032//3
f 2020//3 2023//3 2040//3 2038//3
f 2009//3 2020//3 2038//3 2034//3
f 2058//3 2061//3 2086//3 2084//3
f 2072//3 2075//3 2092//3 2090//3
f 2061//3 2072//3 2090//3 2086//3
f 2023//3 2058//3 2084//3 2040//3
f 2030//1 2052//1 2096//1 2065//1
f 2108//3 2110//3 2111//3 2109//3
f 2112//3 2114//3 2115//3 2113//3
f 2110//3 2112//3 2113//3 2111//3
f 2114//3 2116//3 2117//3 2115//3
f 2118//1 2119//1 2121//1 2120//1
f 2122//1 2123//1 2125//1 2124//1
f 2120//1 2121//1 2123//1 2122//1
f 2124//1 2125//1 2127//1 2126//1
f 2131//3 2134//3 2135//3 2132//3
f 2130//1 2132//1 2135//1 2133//1
f 2137//3 2140//3 2141//3 2138//3
f 2136//1 2138//1 2141//1 2139//1
f 2145//3 2148//3 2149//3 2146//3
f 2144//1 2146//1 2149//1 2147//1
f 2151//3 2154//3 2155//3 2152//3
f 2150//1 2152//1 2155//1 2153//1
f 2134//3 2145//3 2146//3 2135//3
f 2133//1 2135//1 2146//1 2144//1
f 2140//3 2151//3 2152//3 2141//3
f 2139//1 2141//1 2152//1 2150//1
f 2128//1 2136//1 2139//1 2129//1
f 2142//1 2150//1 2153//1 2143//1
f 2128//3 2129//3 2134//3 2131//3
f 2142//3 2143//3 2148//3 2145//3
f 2129//3 2142//3 2145//3 2134//3
f 2129//1 2139//1 2150//1 2142//1
f 2156//3 2158//3 2159//3 2157//3
f 2162//3 2164//3 2165//3 2163//3
f 2158//3 2162//3 2163//3 2159//3
f 2157//3 2159//3 2161//3 2160//3
f 2163//3 2165//3 2167//3 2166//3
f 2159//3 2163//3 2166//3 2161//3
f 2168//1 2169//1 2171//1 2170//1
f 2174//1 2175//1 2177//1 2176//1
f 2170//1 2171//1 2175//1 2174//1
f 2169//1 2172//1 2173//1 2171//1
f 2175//1 2178//1 2179//1 2177//1
f 2171//1 2173//1 2178//1 2175//1
f 2189//5 2190//5 2188//5 2187//5
f 2187//5 2188//5 2183//5 2182//5
f 2186//5 2189//5 2187//5 2184//5
f 2184//5 2187//5 2182//5 2180//5
f 2193//5 2194//5 2192//5 2191//5
f 2197//5 2198//5 2196//5 2195//5
f 2201//5 2202//5 2200//5 2199//5
f 2205//5 2206//5 2204//5 2203//5
f 2199//5 2200//5 2194//5 2193//5
f 2203//5 2204//5 2198//5 2197//5
f 2194//5 2197//5 2195//5 2192//5
f 2202//5 2205//5 2203//5 2200//5
f 2200//5 2203//5 2197//5 2194//5
f 2209//5 2210//5 2208//5 2207//5
f 2213//5 2214//5 2212//5 2211//5
f 2217//5 2218//5 2216//5 2215//5
f 2221//5 2222//5 2220//5 2219//5
f 2215//5 2216//5 2210//5 2209//5
f 2219//5 2220//5 2214//5 2213//5
f 2210//5 2213//5 2211//5 2208//5
f 2218//5 2221//5 2219//5 2216//5
f 2216//5 2219//5 2213//5 2210//5
f 2225//5 2226//5 2224//5 2223//5
f 2229//5 2230//5 2228//5 2227//5
f 2233//5 2234//5 2232//5 2231//5
f 2237//5 2238//5 2236//5 2235//5
f 2231//5 2232//5 2226//5 2225//5
f 2235//5 2236//5 2230//5 2229//5
f 2226//5 2229//5 2227//5 2224//5
f 2234//5 2237//5 2235//5 2232//5
f 2232//5 2235//5 2229//5 2226//5
f 2148//3 2182//3 2183//3 2149//3
f 2147//1 2149//1 2183//1 2181//1
f 2154//3 2185//3 2186//3 2155//3
f 2153//1 2155//1 2186//1 2184//1
f 2143//3 2180//3 2182//3 2148//3
f 2143//1 2153//1 2184//1 2180//1
f 2164//3 2191//3 2192//3 2165//3
f 2165//3 2192//3 2195//3 2167//3
f 2176//1 2177//1 2209//1 2207//1
f 2177//1 2179//1 2215//1 2209//1
f 2137//1 2168//1 2170//1 2140//1
f 2151//1 2174//1 2176//1 2154//1
f 2140//1 2170//1 2174//1 2151//1
f 2207//5 2208//5 2186//5 2185//5
f 2211//5 2212//5 2190//5 2189//5
f 2208//5 2211//5 2189//5 2186//5
f 2223//5 2224//5 2202//5 2201//5
f 2227//5 2228//5 2206//5 2205//5
f 2224//5 2227//5 2205//5 2202//5
f 2130//3 2133//3 2158//3 2156//3
f 2144//3 2147//3 2164//3 2162//3
f 2133//3 2144//3 2162//3 2158//3
f 2183//5 2193//5 2191//5 2181//5
f 2190//5 2201//5 2199//5 2188//5
f 2188//5 2199//5 2193//5 2183//5
f 2214//5 2225//5 2223//5 2212//5
f 2222//5 2233//5 2231//5 2220//5
f 2220//5 2231//5 2225//5 2214//5
f 2212//5 2223//5 2201//5 2190//5
f 2147//3 2181//3 2191//3 2164//3
f 2154//1 2176//1 2207//1 2185//1
f 1986//3 2108//3 2109//3 1987//3
f 2002//1 2003//1 2119//1 2118//1
f 2076//3 2131//3 2132//3 2077//3
f 2075//1 2077//1 2132//1 2130//1
f 2082//3 2137//3 2138//3 2083//3
f 2081//1 2083//1 2138//1 2136//1
f 2071//3 2128//3 2131//3 2076//3
f 2071//1 2081//1 2136//1 2128//1
f 2092//3 2156//3 2157//3 2093//3
f 2093//3 2157//3 2160//3 2095//3
f 2104//1 2105//1 2169//1 2168//1
f 2105//1 2107//1 2172//1 2169//1
f 2075//3 2130//3 2156//3 2092//3
f 2082//1 2104//1 2168//1 2137//1
f 1972//1 2036//1 2037//1 1974//1
f 1976//1 2042//1 2043//1 1978//1
f 1974//1 2037//1 2042//1 1976//1
f 1980//1 2088//1 2089//1 1982//1
f 1984//1 2094//1 2095//1 1986//1
f 1982//1 2089//1 2094//1 1984//1
f 1978//1 2043//1 2088//1 1980//1
f 2108//1 2160//1 2161//1 2110//1
f 2112//1 2166//1 2167//1 2114//1
f 2110//1 2161//1 2166//1 2112//1
f 2195//5 2196//5 2117//5 2116//5
f 2114//1 2167//1 2195//1 2116//1
f 1988//3 1990//3 2049//3 2048//3
f 1992//3 1994//3 2055//3 2054//3
f 1990//3 1992//3 2054//3 2049//3
f 1996//3 1998//3 2101//3 2100//3
f 2000//3 2002//3 2107//3 2106//3
f 1998//3 2000//3 2106//3 2101//3
f 1994//3 1996//3 2100//3 2055//3
f 2118//3 2120//3 2173//3 2172//3
f 2122//3 2124//3 2179//3 2178//3
f 2120//3 2122//3 2178//3 2173//3
f 2127//5 2217//5 2215//5 2126//5
f 2124//3 2126//3 2215//3 2179//3
f 2002//3 2118//3 2172//3 2107//3
f 1986//1 2095//1 2160//1 2108//1
f 1850//3 1972//3 1973//3 1851//3
f 1866//1 1867//1 1989//1 1988//1
f 1940//3 2007//3 2008//3 1941//3
f 1939//1 1941//1 2008//1 2006//1
f 1946//3 2013//3 2014//3 1947//3
f 1945//1 1947//1 2014//1 2012//1
f 1935//3 2004//3 2007//3 1940//3
f 1935//1 1945//1 2012//1 2004//1
f 1956//3 2032//3 2033//3 1957//3
f 1957//3 2033//3 2036//3 1959//3
f 1968//1 1969//1 2045//1 2044//1
f 1969//1 1971//1 2048//1 2045//1
f 1939//3 2006//3 2032//3 1956//3
f 1946//1 1968//1 2044//1 2013//1
f 1866//3 1988//3 2048//3 1971//3
f 1850//1 1959//1 2036//1 1972//1
f 2241//3 2243//3 2244//3 2242//3
f 2245//3 2247//3 2248//3 2246//3
f 2243//3 2245//3 2246//3 2244//3
f 2239//3 2241//3 2242//3 2240//3
f 2249//2 2250//2 2252//2 2251//2
f 2253//2 2254//2 2256//2 2255//2
f 2257//2 2258//2 2260//2 2259//2
f 2261//2 2262//2 2264//2 2263//2
f 2251//2 2252//2 2258//2 2257//2
f 2255//2 2256//2 2262//2 2261//2
f 2250//2 2253//2 2255//2 2252//2
f 2258//2 2261//2 2263//2 2260//2
f 2252//2 2255//2 2261//2 2258//2
f 2269//2 2270//2 2272//2 2271//2
f 2266//2 2267//2 2270//2 2269//2
f 2270//2 2273//2 2274//2 2272//2
f 2267//2 2268//2 2273//2 2270//2
f 2276//2 2277//2 2279//2 2278//2
f 2280//2 2281//2 2283//2 2282//2
f 2284//2 2285//2 2287//2 2286//2
f 2288//2 2289//2 2291//2 2290//2
f 2278//2 2279//2 2285//2 2284//2
f 2282//2 2283//2 2289//2 2288//2
f 2277//2 2280//2 2282//2 2279//2
f 2285//2 2288//2 2290//2 2287//2
f 2279//2 2282//2 2288//2 2285//2
f 2292//2 2293//2 2295//2 2294//2
f 2296//2 2297//2 2299//2 2298//2
f 2300//2 2301//2 2303//2 2302//2
f 2304//2 2305//2 2307//2 2306//2
f 2294//2 2295//2 2301//2 2300//2
f 2298//2 2299//2 2305//2 2304//2
f 2293//2 2296//2 2298//2 2295//2
f 2301//2 2304//2 2306//2 2303//2
f 2295//2 2298//2 2304//2 2301//2
f 2310//3 2312//3 2313//3 2311//3
f 2316//3 2318//3 2319//3 2317//3
f 2312//3 2316//3 2317//3 2313//3
f 2308//3 2309//3 2312//3 2310//3
f 2314//3 2315//3 2318//3 2316//3
f 2309//3 2314//3 2316//3 2312//3
f 2321//3 2324//3 2325//3 2322//3
f 2323//4 2324//4 2321//4 2320//4
f 2329//3 2332//3 2333//3 2330//3
f 2331//4 2332//4 2329//4 2328//4
f 2335//3 2338//3 2339//3 2336//3
f 2337//4 2338//4 2335//4 2334//4
f 2343//3 2346//3 2347//3 2344//3
f 2345//4 2346//4 2343//4 2342//4
f 2324//3 2335//3 2336//3 2325//3
f 2334//4 2335//4 2324//4 2323//4
f 2332//3 2343//3 2344//3 2333//3
f 2342//4 2343//4 2332//4 2331//4
f 2327//4 2331//4 2328//4 2326//4
f 2341//4 2345//4 2342//4 2340//4
f 2322//3 2325//3 2327//3 2326//3
f 2336//3 2339//3 2341//3 2340//3
f 2325//3 2336//3 2340//3 2327//3
f 2340//4 2342//4 2331//4 2327//4
f 2350//4 2351//4 2349//4 2348//4
f 2356//4 2357//4 2355//4 2354//4
f 2354//4 2355//4 2351//4 2350//4
f 2351//4 2353//4 2352//4 2349//4
f 2357//4 2359//4 2358//4 2355//4
f 2355//4 2358//4 2353//4 2351//4
f 2253//3 2310//3 2311//3 2254//3
f 2250//3 2308//3 2310//3 2253//3
f 2266//3 2321//3 2322//3 2267//3
f 2320//4 2321//4 2266//4 2265//4
f 2274//3 2329//3 2330//3 2275//3
f 2328//4 2329//4 2274//4 2273//4
f 2267//3 2322//3 2326//3 2268//3
f 2326//4 2328//4 2273//4 2268//4
f 2348//4 2349//4 2299//4 2297//4
f 2349//4 2352//4 2305//4 2299//4
f 2259//2 2260//2 2277//2 2276//2
f 2263//2 2264//2 2281//2 2280//2
f 2260//2 2263//2 2280//2 2277//2
f 2271//2 2272//2 2293//2 2292//2
f 2274//2 2275//2 2297//2 2296//2
f 2272//2 2274//2 2296//2 2293//2
f 2333//4 2350//4 2348//4 2330//4
f 2347//4 2356//4 2354//4 2344//4
f 2344//4 2354//4 2350//4 2333//4
f 2254//2 2265//2 2266//2 2256//2
f 2262//2 2269//2 2271//2 2264//2
f 2256//2 2266//2 2269//2 2262//2
f 2281//2 2292//2 2294//2 2283//2
f 2289//2 2300//2 2302//2 2291//2
f 2283//2 2294//2 2300//2 2289//2
f 2311//3 2313//3 2323//3 2320//3
f 2317//3 2319//3 2337//3 2334//3
f 2313//3 2317//3 2334//3 2323//3
f 2264//2 2271//2 2292//2 2281//2
f 2254//3 2311//3 2320//3 2265//3
f 2330//4 2348//4 2297//4 2275//4
f 2364//4 2365//4 2363//4 2362//4
f 2368//4 2369//4 2367//4 2366//4
f 2366//4 2367//4 2365//4 2364//4
f 2362//4 2363//4 2361//4 2360//4
f 2370//3 2372//3 2373//3 2371//3
f 2374//3 2376//3 2377//3 2375//3
f 2372//3 2374//3 2375//3 2373//3
f 2378//3 2380//3 2381//3 2379//3
f 2382//3 2384//3 2385//3 2383//3
f 2380//3 2382//3 2383//3 2381//3
f 2376//3 2378//3 2379//3 2377//3
f 2388//3 2390//3 2391//3 2389//3
f 2394//3 2396//3 2397//3 2395//3
f 2390//3 2394//3 2395//3 2391//3
f 2386//3 2387//3 2390//3 2388//3
f 2392//3 2393//3 2396//3 2394//3
f 2387//3 2392//3 2394//3 2390//3
f 2399//3 2402//3 2403//3 2400//3
f 2401//4 2402//4 2399//4 2398//4
f 2407//3 2410//3 2411//3 2408//3
f 2409//4 2410//4 2407//4 2406//4
f 2413//3 2416//3 2417//3 2414//3
f 2415//4 2416//4 2413//4 2412//4
f 2421//3 2424//3 2425//3 2422//3
f 2423//4 2424//4 2421//4 2420//4
f 2402//3 2413//3 2414//3 2403//3
f 2412//4 2413//4 2402//4 2401//4
f 2410//3 2421//3 2422//3 2411//3
f 2420//4 2421//4 2410//4 2409//4
f 2405//4 2409//4 2406//4 2404//4
f 2419//4 2423//4 2420//4 2418//4
f 2400//3 2403//3 2405//3 2404//3
f 2414//3 2417//3 2419//3 2418//3
f 2403//3 2414//3 2418//3 2405//3
f 2418//4 2420//4 2409//4 2405//4
f 2428//4 2429//4 2427//4 2426//4
f 2434//4 2435//4 2433//4 2432//4
f 2432//4 2433//4 2429//4 2428//4
f 2429//4 2431//4 2430//4 2427//4
f 2435//4 2437//4 2436//4 2433//4
f 2433//4 2436//4 2431//4 2429//4
f 2440//3 2442//3 2443//3 2441//3
f 2446//3 2448//3 2449//3 2447//3
f 2442//3 2446//3 2447//3 2443//3
f 2438//3 2439//3 2442//3 2440//3
f 2444//3 2445//3 2448//3 2446//3
f 2439//3 2444//3 2446//3 2442//3
f 2451//3 2454//3 2455//3 2452//3
f 2453//4 2454//4 2451//4 2450//4
f 2459//3 2462//3 2463//3 2460//3
f 2461//4 2462//4 2459//4 2458//4
f 2465//3 2468//3 2469//3 2466//3
f 2467//4 2468//4 2465//4 2464//4
f 2473//3 2476//3 2477//3 2474//3
f 2475//4 2476//4 2473//4 2472//4
f 2454//3 2465//3 2466//3 2455//3
f 2464//4 2465//4 2454//4 2453//4
f 2462//3 2473//3 2474//3 2463//3
f 2472//4 2473//4 2462//4 2461//4
f 2457//4 2461//4 2458//4 2456//4
f 2471//4 2475//4 2472//4 2470//4
f 2452//3 2455//3 2457//3 2456//3
f 2466//3 2469//3 2471//3 2470//3
f 2455//3 2466//3 2470//3 2457//3
f 2470//4 2472//4 2461//4 2457//4
f 2480//4 2481//4 2479//4 2478//4
f 2486//4 2487//4 2485//4 2484//4
f 2484//4 2485//4 2481//4 2480//4
f 2481//4 2483//4 2482//4 2479//4
f 2487//4 2489//4 2488//4 2485//4
f 2485//4 2488//4 2483//4 2481//4
f 2396//3 2440//3 2441//3 2397//3
f 2393//3 2438//3 2440//3 2396//3
f 2416//3 2451//3 2452//3 2417//3
f 2450//4 2451//4 2416//4 2415//4
f 2424//3 2459//3 2460//3 2425//3
f 2458//4 2459//4 2424//4 2423//4
f 2417//3 2452//3 2456//3 2419//3
f 2456//4 2458//4 2423//4 2419//4
f 2478//4 2479//4 2435//4 2434//4
f 2479//4 2482//4 2437//4 2435//4
f 2411//4 2428//4 2426//4 2408//4
f 2425//4 2434//4 2432//4 2422//4
f 2422//4 2432//4 2428//4 2411//4
f 2463//4 2480//4 2478//4 2460//4
f 2477//4 2486//4 2484//4 2474//4
f 2474//4 2484//4 2480//4 2463//4
f 2389//3 2391//3 2401//3 2398//3
f 2395//3 2397//3 2415//3 2412//3
f 2391//3 2395//3 2412//3 2401//3
f 2441//3 2443//3 2453//3 2450//3
f 2447//3 2449//3 2467//3 2464//3
f 2443//3 2447//3 2464//3 2453//3
f 2397//3 2441//3 2450//3 2415//3
f 2460//4 2478//4 2434//4 2425//4
f 2492//4 2493//4 2491//4 2490//4
f 2496//4 2497//4 2495//4 2494//4
f 2494//4 2495//4 2493//4 2492//4
f 2500//4 2501//4 2499//4 2498//4
f 2504//4 2505//4 2503//4 2502//4
f 2502//4 2503//4 2501//4 2500//4
f 2498//4 2499//4 2497//4 2496//4
f 2247//3 2370//3 2371//3 2248//3
f 2318//3 2388//3 2389//3 2319//3
f 2315//3 2386//3 2388//3 2318//3
f 2338//3 2399//3 2400//3 2339//3
f 2398//4 2399//4 2338//4 2337//4
f 2346//3 2407//3 2408//3 2347//3
f 2406//4 2407//4 2346//4 2345//4
f 2339//3 2400//3 2404//3 2341//3
f 2404//4 2406//4 2345//4 2341//4
f 2426//4 2427//4 2357//4 2356//4
f 2427//4 2430//4 2359//4 2357//4
f 2319//3 2389//3 2398//3 2337//3
f 2408//4 2426//4 2356//4 2347//4
f 2490//4 2491//4 2369//4 2368//4
f 2239//2 2240//2 2250//2 2249//2
f 2244//4 2309//4 2308//4 2242//4
f 2248//4 2315//4 2314//4 2246//4
f 2246//4 2314//4 2309//4 2244//4
f 2242//4 2308//4 2250//4 2240//4
f 2373//4 2387//4 2386//4 2371//4
f 2377//4 2393//4 2392//4 2375//4
f 2375//4 2392//4 2387//4 2373//4
f 2381//4 2439//4 2438//4 2379//4
f 2385//4 2445//4 2444//4 2383//4
f 2383//4 2444//4 2439//4 2381//4
f 2379//4 2438//4 2393//4 2377//4
f 2305//2 2360//2 2361//2 2307//2
f 2352//3 2353//3 2364//3 2362//3
f 2358//3 2359//3 2368//3 2366//3
f 2353//3 2358//3 2366//3 2364//3
f 2305//3 2352//3 2362//3 2360//3
f 2430//3 2431//3 2492//3 2490//3
f 2436//3 2437//3 2496//3 2494//3
f 2431//3 2436//3 2494//3 2492//3
f 2482//3 2483//3 2500//3 2498//3
f 2488//3 2489//3 2504//3 2502//3
f 2483//3 2488//3 2502//3 2500//3
f 2437//3 2482//3 2498//3 2496//3
f 2359//3 2430//3 2490//3 2368//3
f 2371//4 2386//4 2315//4 2248//4
f 2506//3 2508//3 2509//3 2507//3
f 2510//3 2512//3 2513//3 2511//3
f 2508//3 2510//3 2511//3 2509//3
f 2514//3 2516//3 2517//3 2515//3
f 2518//3 2520//3 2521//3 2519//3
f 2516//3 2518//3 2519//3 2517//3
f 2512//3 2514//3 2515//3 2513//3
f 2524//3 2526//3 2527//3 2525//3
f 2530//3 2532//3 2533//3 2531//3
f 2526//3 2530//3 2531//3 2527//3
f 2522//3 2523//3 2526//3 2524//3
f 2528//3 2529//3 2532//3 2530//3
f 2523//3 2528//3 2530//3 2526//3
f 2535//3 2538//3 2539//3 2536//3
f 2537//4 2538//4 2535//4 2534//4
f 2543//3 2546//3 2547//3 2544//3
f 2545//4 2546//4 2543//4 2542//4
f 2549//3 2552//3 2553//3 2550//3
f 2551//4 2552//4 2549//4 2548//4
f 2557//3 2560//3 2561//3 2558//3
f 2559//4 2560//4 2557//4 2556//4
f 2538//3 2549//3 2550//3 2539//3
f 2548//4 2549//4 2538//4 2537//4
f 2546//3 2557//3 2558//3 2547//3
f 2556//4 2557//4 2546//4 2545//4
f 2541//4 2545//4 2542//4 2540//4
f 2555//4 2559//4 2556//4 2554//4
f 2536//3 2539//3 2541//3 2540//3
f 2550//3 2553//3 2555//3 2554//3
f 2539//3 2550//3 2554//3 2541//3
f 2554//4 2556//4 2545//4 2541//4
f 2564//4 2565//4 2563//4 2562//4
f 2570//4 2571//4 2569//4 2568//4
f 2568//4 2569//4 2565//4 2564//4
f 2565//4 2567//4 2566//4 2563//4
f 2571//4 2573//4 2572//4 2569//4
f 2569//4 2572//4 2567//4 2565//4
f 2576//3 2578//3 2579//3 2577//3
f 2582//3 2584//3 2585//3 2583//3
f 2578//3 2582//3 2583//3 2579//3
f 2574//3 2575//3 2578//3 2576//3
f 2580//3 2581//3 2584//3 2582//3
f 2575//3 2580//3 2582//3 2578//3
f 2587//3 2590//3 2591//3 2588//3
f 2589//4 2590//4 2587//4 2586//4
f 2595//3 2598//3 2599//3 2596//3
f 2597//4 2598//4 2595//4 2594//4
f 2601//3 2604//3 2605//3 2602//3
f 2603//4 2604//4 2601//4 2600//4
f 2609//3 2612//3 2613//3 2610//3
f 2611//4 2612//4 2609//4 2608//4
f 2590//3 2601//3 2602//3 2591//3
f 2600//4 2601//4 2590//4 2589//4
f 2598//3 2609//3 2610//3 2599//3
f 2608//4 2609//4 2598//4 2597//4
f 2593//4 2597//4 2594//4 2592//4
f 2607//4 2611//4 2608//4 2606//4
f 2588//3 2591//3 2593//3 2592//3
f 2602//3 2605//3 2607//3 2606//3
f 2591//3 2602//3 2606//3 2593//3
f 2606//4 2608//4 2597//4 2593//4
f 2616//4 2617//4 2615//4 2614//4
f 2622//4 2623//4 2621//4 2620//4
f 2620//4 2621//4 2617//4 2616//4
f 2617//4 2619//4 2618//4 2615//4
f 2623//4 2625//4 2624//4 2621//4
f 2621//4 2624//4 2619//4 2617//4
f 2532//3 2576//3 2577//3 2533//3
f 2529//3 2574//3 2576//3 2532//3
f 2552//3 2587//3 2588//3 2553//3
f 2586//4 2587//4 2552//4 2551//4
f 2560//3 2595//3 2596//3 2561//3
f 2594//4 2595//4 2560//4 2559//4
f 2553//3 2588//3 2592//3 2555//3
f 2592//4 2594//4 2559//4 2555//4
f 2614//4 2615//4 2571//4 2570//4
f 2615//4 2618//4 2573//4 2571//4
f 2547//4 2564//4 2562//4 2544//4
f 2561//4 2570//4 2568//4 2558//4
f 2558//4 2568//4 2564//4 2547//4
f 2599//4 2616//4 2614//4 2596//4
f 2613//4 2622//4 2620//4 2610//4
f 2610//4 2620//4 2616//4 2599//4
f 2525//3 2527//3 2537//3 2534//3
f 2531//3 2533//3 2551//3 2548//3
f 2527//3 2531//3 2548//3 2537//3
f 2577//3 2579//3 2589//3 2586//3
f 2583//3 2585//3 2603//3 2600//3
f 2579//3 2583//3 2600//3 2589//3
f 2533//3 2577//3 2586//3 2551//3
f 2596//4 2614//4 2570//4 2561//4
f 2628//4 2629//4 2627//4 2626//4
f 2632//4 2633//4 2631//4 2630//4
f 2630//4 2631//4 2629//4 2628//4
f 2636//4 2637//4 2635//4 2634//4
f 2640//4 2641//4 2639//4 2638//4
f 2638//4 2639//4 2637//4 2636//4
f 2634//4 2635//4 2633//4 2632//4
f 2642//3 2644//3 2645//3 2643//3
f 2646//3 2648//3 2649//3 2647//3
f 2644//3 2646//3 2647//3 2645//3
f 2648//3 2650//3 2651//3 2649//3
f 2654//3 2656//3 2657//3 2655//3
f 2660//3 2662//3 2663//3 2661//3
f 2656//3 2660//3 2661//3 2657//3
f 2652//3 2653//3 2656//3 2654//3
f 2658//3 2659//3 2662//3 2660//3
f 2653//3 2658//3 2660//3 2656//3
f 2665//3 2668//3 2669//3 2666//3
f 2667//4 2668//4 2665//4 2664//4
f 2673//3 2676//3 2677//3 2674//3
f 2675//4 2676//4 2673//4 2672//4
f 2679//3 2682//3 2683//3 2680//3
f 2681//4 2682//4 2679//4 2678//4
f 2687//3 2690//3 2691//3 2688//3
f 2689//4 2690//4 2687//4 2686//4
f 2668//3 2679//3 2680//3 2669//3
f 2678//4 2679//4 2668//4 2667//4
f 2676//3 2687//3 2688//3 2677//3
f 2686//4 2687//4 2676//4 2675//4
f 2671//4 2675//4 2672//4 2670//4
f 2685//4 2689//4 2686//4 2684//4
f 2666//3 2669//3 2671//3 2670//3
f 2680//3 2683//3 2685//3 2684//3
f 2669//3 2680//3 2684//3 2671//3
f 2684//4 2686//4 2675//4 2671//4
f 2694//4 2695//4 2693//4 2692//4
f 2700//4 2701//4 2699//4 2698//4
f 2698//4 2699//4 2695//4 2694//4
f 2695//4 2697//4 2696//4 2693//4
f 2701//4 2703//4 2702//4 2699//4
f 2699//4 2702//4 2697//4 2695//4
f 2706//5 2707//5 2705//5 2704//5
f 2710//5 2711//5 2709//5 2708//5
f 2714//5 2715//5 2713//5 2712//5
f 2718//5 2719//5 2717//5 2716//5
f 2712//5 2713//5 2707//5 2706//5
f 2716//5 2717//5 2711//5 2710//5
f 2707//5 2710//5 2708//5 2705//5
f 2715//5 2718//5 2716//5 2713//5
f 2713//5 2716//5 2710//5 2707//5
f 2726//5 2727//5 2725//5 2724//5
f 2724//5 2725//5 2722//5 2721//5
f 2727//5 2729//5 2728//5 2725//5
f 2725//5 2728//5 2723//5 2722//5
f 2733//5 2734//5 2732//5 2731//5
f 2737//5 2738//5 2736//5 2735//5
f 2741//5 2742//5 2740//5 2739//5
f 2745//5 2746//5 2744//5 2743//5
f 2739//5 2740//5 2734//5 2733//5
f 2743//5 2744//5 2738//5 2737//5
f 2734//5 2737//5 2735//5 2732//5
f 2742//5 2745//5 2743//5 2740//5
f 2740//5 2743//5 2737//5 2734//5
f 2749//5 2750//5 2748//5 2747//5
f 2753//5 2754//5 2752//5 2751//5
f 2757//5 2758//5 2756//5 2755//5
f 2761//5 2762//5 2760//5 2759//5
f 2755//5 2756//5 2750//5 2749//5
f 2759//5 2760//5 2754//5 2753//5
f 2750//5 2753//5 2751//5 2748//5
f 2758//5 2761//5 2759//5 2756//5
f 2756//5 2759//5 2753//5 2750//5
f 2662//3 2708//3 2709//3 2663//3
f 2659//3 2705//3 2708//3 2662//3
f 2682//3 2721//3 2722//3 2683//3
f 2720//4 2721//4 2682//4 2681//4
f 2690//3 2729//3 2730//3 2691//3
f 2728//4 2729//4 2690//4 2689//4
f 2683//3 2722//3 2723//3 2685//3
f 2723//4 2728//4 2689//4 2685//4
f 2752//4 2754//4 2701//4 2700//4
f 2754//4 2760//4 2703//4 2701//4
f 2731//5 2732//5 2715//5 2714//5
f 2735//5 2736//5 2719//5 2718//5
f 2732//5 2735//5 2718//5 2715//5
f 2677//4 2694//4 2692//4 2674//4
f 2691//4 2700//4 2698//4 2688//4
f 2688//4 2698//4 2694//4 2677//4
f 2747//5 2748//5 2727//5 2726//5
f 2751//5 2752//5 2730//5 2729//5
f 2748//5 2751//5 2729//5 2727//5
f 2655//3 2657//3 2667//3 2664//3
f 2661//3 2663//3 2681//3 2678//3
f 2657//3 2661//3 2678//3 2667//3
f 2711//5 2721//5 2720//5 2709//5
f 2719//5 2726//5 2724//5 2717//5
f 2717//5 2724//5 2721//5 2711//5
f 2738//5 2749//5 2747//5 2736//5
f 2746//5 2757//5 2755//5 2744//5
f 2744//5 2755//5 2749//5 2738//5
f 2736//5 2747//5 2726//5 2719//5
f 2663//3 2709//3 2720//3 2681//3
f 2730//4 2752//4 2700//4 2691//4
f 2765//4 2766//4 2764//4 2763//4
f 2769//4 2770//4 2768//4 2767//4
f 2767//4 2768//4 2766//4 2765//4
f 2771//4 2772//4 2770//4 2769//4
f 2520//3 2642//3 2643//3 2521//3
f 2584//3 2654//3 2655//3 2585//3
f 2581//3 2652//3 2654//3 2584//3
f 2604//3 2665//3 2666//3 2605//3
f 2664//4 2665//4 2604//4 2603//4
f 2612//3 2673//3 2674//3 2613//3
f 2672//4 2673//4 2612//4 2611//4
f 2605//3 2666//3 2670//3 2607//3
f 2670//4 2672//4 2611//4 2607//4
f 2692//4 2693//4 2623//4 2622//4
f 2693//4 2696//4 2625//4 2623//4
f 2585//3 2655//3 2664//3 2603//3
f 2674//4 2692//4 2622//4 2613//4
f 2763//4 2764//4 2641//4 2640//4
f 2509//4 2523//4 2522//4 2507//4
f 2513//4 2529//4 2528//4 2511//4
f 2511//4 2528//4 2523//4 2509//4
f 2517//4 2575//4 2574//4 2515//4
f 2521//4 2581//4 2580//4 2519//4
f 2519//4 2580//4 2575//4 2517//4
f 2515//4 2574//4 2529//4 2513//4
f 2645//4 2653//4 2652//4 2643//4
f 2649//4 2659//4 2658//4 2647//4
f 2647//4 2658//4 2653//4 2645//4
f 2704//5 2705//5 2651//5 2650//5
f 2651//4 2705//4 2659//4 2649//4
f 2566//3 2567//3 2628//3 2626//3
f 2572//3 2573//3 2632//3 2630//3
f 2567//3 2572//3 2630//3 2628//3
f 2618//3 2619//3 2636//3 2634//3
f 2624//3 2625//3 2640//3 2638//3
f 2619//3 2624//3 2638//3 2636//3
f 2573//3 2618//3 2634//3 2632//3
f 2696//3 2697//3 2765//3 2763//3
f 2702//3 2703//3 2769//3 2767//3
f 2697//3 2702//3 2767//3 2765//3
f 2762//5 2772//5 2771//5 2760//5
f 2703//3 2760//3 2771//3 2769//3
f 2625//3 2696//3 2763//3 2640//3
f 2643//4 2652//4 2581//4 2521//4
f 2384//3 2506//3 2507//3 2385//3
f 2448//3 2524//3 2525//3 2449//3
f 2445//3 2522//3 2524//3 2448//3
f 2468//3 2535//3 2536//3 2469//3
f 2534//4 2535//4 2468//4 2467//4
f 2476//3 2543//3 2544//3 2477//3
f 2542//4 2543//4 2476//4 2475//4
f 2469//3 2536//3 2540//3 2471//3
f 2540//4 2542//4 2475//4 2471//4
f 2562//4 2563//4 2487//4 2486//4
f 2563//4 2566//4 2489//4 2487//4
f 2449//3 2525//3 2534//3 2467//3
f 2544//4 2562//4 2486//4 2477//4
f 2626//4 2627//4 2505//4 2504//4
f 2489//3 2566//3 2626//3 2504//3
f 2507//4 2522//4 2445//4 2385//4
f 2775//1 2776//1 2778//1 2777//1
f 2779//1 2780//1 2782//1 2781//1
f 2777//1 2778//1 2780//1 2779//1
f 2773//1 2774//1 2776//1 2775//1
f 2783//2 2784//2 2786//2 2785//2
f 2787//2 2788//2 2790//2 2789//2
f 2791//2 2792//2 2794//2 2793//2
f 2795//2 2796//2 2798//2 2797//2
f 2785//2 2786//2 2792//2 2791//2
f 2789//2 2790//2 2796//2 2795//2
f 2784//2 2787//2 2789//2 2786//2
f 2792//2 2795//2 2797//2 2794//2
f 2786//2 2789//2 2795//2 2792//2
f 2799//2 2800//2 2802//2 2801//2
f 2803//2 2804//2 2806//2 2805//2
f 2807//2 2808//2 2810//2 2809//2
f 2811//2 2812//2 2814//2 2813//2
f 2801//2 2802//2 2808//2 2807//2
f 2805//2 2806//2 2812//2 2811//2
f 2800//2 2803//2 2805//2 2802//2
f 2808//2 2811//2 2813//2 2810//2
f 2802//2 2805//2 2811//2 2808//2
f 2818//2 2819//2 2821//2 2820//2
f 2820//2 2821//2 2824//2 2823//2
f 2816//2 2818//2 2820//2 2817//2
f 2817//2 2820//2 2823//2 2822//2
f 2826//2 2827//2 2829//2 2828//2
f 2830//2 2831//2 2833//2 2832//2
f 2834//2 2835//2 2837//2 2836//2
f 2838//2 2839//2 2841//2 2840//2
f 2828//2 2829//2 2835//2 2834//2
f 2832//2 2833//2 2839//2 2838//2
f 2827//2 2830//2 2832//2 2829//2
f 2835//2 2838//2 2840//2 2837//2
f 2829//2 2832//2 2838//2 2835//2
f 2844//1 2845//1 2847//1 2846//1
f 2850//1 2851//1 2853//1 2852//1
f 2846//1 2847//1 2851//1 2850//1
f 2842//1 2844//1 2846//1 2843//1
f 2848//1 2850//1 2852//1 2849//1
f 2843//1 2846//1 2850//1 2848//1
f 2855//6 2858//6 2857//6 2854//6
f 2855//1 2856//1 2859//1 2858//1
f 2863//6 2866//6 2865//6 2862//6
f 2863//1 2864//1 2867//1 2866//1
f 2869//6 2872//6 2871//6 2868//6
f 2869//1 2870//1 2873//1 2872//1
f 2877//6 2880//6 2879//6 2876//6
f 2877//1 2878//1 2881//1 2880//1
f 2858//6 2869//6 2868//6 2857//6
f 2858//1 2859//1 2870//1 2869//1
f 2866//6 2877//6 2876//6 2865//6
f 2866//1 2867//1 2878//1 2877//1
f 2856//1 2860//1 2861//1 2859//1
f 2870//1 2874//1 2875//1 2873//1
f 2862//6 2865//6 2861//6 2860//6
f 2876//6 2879//6 2875//6 2874//6
f 2865//6 2876//6 2874//6 2861//6
f 2859//1 2861//1 2874//1 2870//1
f 2883//6 2885//6 2884//6 2882//6
f 2889//6 2891//6 2890//6 2888//6
f 2885//6 2889//6 2888//6 2884//6
f 2886//6 2887//6 2885//6 2883//6
f 2892//6 2893//6 2891//6 2889//6
f 2887//6 2892//6 2889//6 2885//6
f 2791//1 2793//1 2845//1 2844//1
f 2785//1 2791//1 2844//1 2842//1
f 2816//6 2855//6 2854//6 2815//6
f 2816//1 2817//1 2856//1 2855//1
f 2824//6 2863//6 2862//6 2823//6
f 2824//1 2825//1 2864//1 2863//1
f 2823//6 2862//6 2860//6 2822//6
f 2817//1 2822//1 2860//1 2856//1
f 2837//6 2883//6 2882//6 2836//6
f 2840//6 2886//6 2883//6 2837//6
f 2793//2 2794//2 2816//2 2815//2
f 2797//2 2798//2 2819//2 2818//2
f 2794//2 2797//2 2818//2 2816//2
f 2845//1 2854//1 2857//1 2847//1
f 2851//1 2868//1 2871//1 2853//1
f 2847//1 2857//1 2868//1 2851//1
f 2809//2 2810//2 2827//2 2826//2
f 2813//2 2814//2 2831//2 2830//2
f 2810//2 2813//2 2830//2 2827//2
f 2788//2 2799//2 2801//2 2790//2
f 2796//2 2807//2 2809//2 2798//2
f 2790//2 2801//2 2807//2 2796//2
f 2819//2 2826//2 2828//2 2821//2
f 2824//2 2834//2 2836//2 2825//2
f 2821//2 2828//2 2834//2 2824//2
f 2882//6 2884//6 2867//6 2864//6
f 2888//6 2890//6 2881//6 2878//6
f 2884//6 2888//6 2878//6 2867//6
f 2798//2 2809//2 2826//2 2819//2
f 2836//6 2882//6 2864//6 2825//6
f 2793//1 2815//1 2854//1 2845//1
f 2897//6 2899//6 2898//6 2896//6
f 2901//6 2903//6 2902//6 2900//6
f 2899//6 2901//6 2900//6 2898//6
f 2895//6 2897//6 2896//6 2894//6
f 2904//1 2905//1 2907//1 2906//1
f 2908//1 2909//1 2911//1 2910//1
f 2906//1 2907//1 2909//1 2908//1
f 2912//1 2913//1 2915//1 2914//1
f 2916//1 2917//1 2919//1 2918//1
f 2914//1 2915//1 2917//1 2916//1
f 2910//1 2911//1 2913//1 2912//1
f 2922//1 2923//1 2925//1 2924//1
f 2928//1 2929//1 2931//1 2930//1
f 2924//1 2925//1 2929//1 2928//1
f 2920//1 2922//1 2924//1 2921//1
f 2926//1 2928//1 2930//1 2927//1
f 2921//1 2924//1 2928//1 2926//1
f 2933//6 2936//6 2935//6 2932//6
f 2933//1 2934//1 2937//1 2936//1
f 2941//6 2944//6 2943//6 2940//6
f 2941//1 2942//1 2945//1 2944//1
f 2947//6 2950//6 2949//6 2946//6
f 2947//1 2948//1 2951//1 2950//1
f 2955//6 2958//6 2957//6 2954//6
f 2955//1 2956//1 2959//1 2958//1
f 2936//6 2947//6 2946//6 2935//6
f 2936//1 2937//1 2948//1 2947//1
f 2944//6 2955//6 2954//6 2943//6
f 2944//1 2945//1 2956//1 2955//1
f 2934//1 2938//1 2939//1 2937//1
f 2948//1 2952//1 2953//1 2951//1
f 2940//6 2943//6 2939//6 2938//6
f 2954//6 2957//6 2953//6 2952//6
f 2943//6 2954//6 2952//6 2939//6
f 2937//1 2939//1 2952//1 2948//1
f 2961//6 2963//6 2962//6 2960//6
f 2967//6 2969//6 2968//6 2966//6
f 2963//6 2967//6 2966//6 2962//6
f 2964//6 2965//6 2963//6 2961//6
f 2970//6 2971//6 2969//6 2967//6
f 2965//6 2970//6 2967//6 2963//6
f 2974//1 2975//1 2977//1 2976//1
f 2980//1 2981//1 2983//1 2982//1
f 2976//1 2977//1 2981//1 2980//1
f 2972//1 2974//1 2976//1 2973//1
f 2978//1 2980//1 2982//1 2979//1
f 2973//1 2976//1 2980//1 2978//1
f 2985//6 2988//6 2987//6 2984//6
f 2985//1 2986//1 2989//1 2988//1
f 2993//6 2996//6 2995//6 2992//6
f 2993//1 2994//1 2997//1 2996//1
f 2999//6 3002//6 3001//6 2998//6
f 2999//1 3000//1 3003//1 3002//1
f 3007//6 3010//6 3009//6 3006//6
f 3007//1 3008//1 3011//1 3010//1
f 2988//6 2999//6 2998//6 2987//6
f 2988//1 2989//1 3000//1 2999//1
f 2996//6 3007//6 3006//6 2995//6
f 2996//1 2997//1 3008//1 3007//1
f 2986//1 2990//1 2991//1 2989//1
f 3000//1 3004//1 3005//1 3003//1
f 2992//6 2995//6 2991//6 2990//6
f 3006//6 3009//6 3005//6 3004//6
f 2995//6 3006//6 3004//6 2991//6
f 2989//1 2991//1 3004//1 3000//1
f 3013//6 3015//6 3014//6 3012//6
f 3019//6 3021//6 3020//6 3018//6
f 3015//6 3019//6 3018//6 3014//6
f 3016//6 3017//6 3015//6 3013//6
f 3022//6 3023//6 3021//6 3019//6
f 3017//6 3022//6 3019//6 3015//6
f 2930//1 2931//1 2975//1 2974//1
f 2927//1 2930//1 2974//1 2972//1
f 2950//6 2985//6 2984//6 2949//6
f 2950//1 2951//1 2986//1 2985//1
f 2958//6 2993//6 2992//6 2957//6
f 2958//1 2959//1 2994//1 2993//1
f 2957//6 2992//6 2990//6 2953//6
f 2951//1 2953//1 2990//1 2986//1
f 2969//6 3013//6 3012//6 2968//6
f 2971//6 3016//6 3013//6 2969//6
f 2923//1 2932//1 2935//1 2925//1
f 2929//1 2946//1 2949//1 2931//1
f 2925//1 2935//1 2946//1 2929//1
f 2975//1 2984//1 2987//1 2977//1
f 2981//1 2998//1 3001//1 2983//1
f 2977//1 2987//1 2998//1 2981//1
f 2960//6 2962//6 2945//6 2942//6
f 2966//6 2968//6 2959//6 2956//6
f 2962//6 2966//6 2956//6 2945//6
f 3012//6 3014//6 2997//6 2994//6
f 3018//6 3020//6 3011//6 3008//6
f 3014//6 3018//6 3008//6 2997//6
f 2968//6 3012//6 2994//6 2959//6
f 2931//1 2949//1 2984//1 2975//1
f 3025//6 3027//6 3026//6 3024//6
f 3029//6 3031//6 3030//6 3028//6
f 3027//6 3029//6 3028//6 3026//6
f 3033//6 3035//6 3034//6 3032//6
f 3037//6 3039//6 3038//6 3036//6
f 3035//6 3037//6 3036//6 3034//6
f 3031//6 3033//6 3032//6 3030//6
f 2781//1 2782//1 2905//1 2904//1
f 2852//1 2853//1 2923//1 2922//1
f 2849//1 2852//1 2922//1 2920//1
f 2872//6 2933//6 2932//6 2871//6
f 2872//1 2873//1 2934//1 2933//1
f 2880//6 2941//6 2940//6 2879//6
f 2880//1 2881//1 2942//1 2941//1
f 2879//6 2940//6 2938//6 2875//6
f 2873//1 2875//1 2938//1 2934//1
f 2891//6 2961//6 2960//6 2890//6
f 2893//6 2964//6 2961//6 2891//6
f 2890//6 2960//6 2942//6 2881//6
f 2853//1 2871//1 2932//1 2923//1
f 2903//6 3025//6 3024//6 2902//6
f 2840//2 2841//2 2895//2 2894//2
f 2886//1 2896//1 2898//1 2887//1
f 2892//1 2900//1 2902//1 2893//1
f 2887//1 2898//1 2900//1 2892//1
f 2840//1 2894//1 2896//1 2886//1
f 2964//1 3024//1 3026//1 2965//1
f 2970//1 3028//1 3030//1 2971//1
f 2965//1 3026//1 3028//1 2970//1
f 3016//1 3032//1 3034//1 3017//1
f 3022//1 3036//1 3038//1 3023//1
f 3017//1 3034//1 3036//1 3022//1
f 2971//1 3030//1 3032//1 3016//1
f 2773//2 2783//2 2785//2 2774//2
f 2842//6 2843//6 2778//6 2776//6
f 2848//6 2849//6 2782//6 2780//6
f 2843//6 2848//6 2780//6 2778//6
f 2785//6 2842//6 2776//6 2774//6
f 2920//6 2921//6 2907//6 2905//6
f 2926//6 2927//6 2911//6 2909//6
f 2921//6 2926//6 2909//6 2907//6
f 2972//6 2973//6 2915//6 2913//6
f 2978//6 2979//6 2919//6 2917//6
f 2973//6 2978//6 2917//6 2915//6
f 2927//6 2972//6 2913//6 2911//6
f 2849//6 2920//6 2905//6 2782//6
f 2893//1 2902//1 3024//1 2964//1
f 3040//1 3041//1 3043//1 3042//1
f 3044//1 3045//1 3047//1 3046//1
f 3042//1 3043//1 3045//1 3044//1
f 3048//1 3049//1 3051//1 3050//1
f 3052//1 3053//1 3055//1 3054//1
f 3050//1 3051//1 3053//1 3052//1
f 3046//1 3047//1 3049//1 3048//1
f 3058//1 3059//1 3061//1 3060//1
f 3064//1 3065//1 3067//1 3066//1
f 3060//1 3061//1 3065//1 3064//1
f 3056//1 3058//1 3060//1 3057//1
f 3062//1 3064//1 3066//1 3063//1
f 3057//1 3060//1 3064//1 3062//1
f 3069//6 3072//6 3071//6 3068//6
f 3069//1 3070//1 3073//1 3072//1
f 3077//6 3080//6 3079//6 3076//6
f 3077//1 3078//1 3081//1 3080//1
f 3083//6 3086//6 3085//6 3082//6
f 3083//1 3084//1 3087//1 3086//1
f 3091//6 3094//6 3093//6 3090//6
f 3091//1 3092//1 3095//1 3094//1
f 3072//6 3083//6 3082//6 3071//6
f 3072//1 3073//1 3084//1 3083//1
f 3080//6 3091//6 3090//6 3079//6
f 3080//1 3081//1 3092//1 3091//1
f 3070//1 3074//1 3075//1 3073//1
f 3084//1 3088//1 3089//1 3087//1
f 3076//6 3079//6 3075//6 3074//6
f 3090//6 3093//6 3089//6 3088//6
f 3079//6 3090//6 3088//6 3075//6
f 3073//1 3075//1 3088//1 3084//1
f 3097//6 3099//6 3098//6 3096//6
f 3103//6 3105//6 3104//6 3102//6
f 3099//6 3103//6 3102//6 3098//6
f 3100//6 3101//6 3099//6 3097//6
f 3106//6 3107//6 3105//6 3103//6
f 3101//6 3106//6 3103//6 3099//6
f 3110//1 3111//1 3113//1 3112//1
f 3116//1 3117//1 3119//1 3118//1
f 3112//1 3113//1 3117//1 3116//1
f 3108//1 3110//1 3112//1 3109//1
f 3114//1 3116//1 3118//1 3115//1
f 3109//1 3112//1 3116//1 3114//1
f 3121//6 3124//6 3123//6 3120//6
f 3121//1 3122//1 3125//1 3124//1
f 3129//6 3132//6 3131//6 3128//6
f 3129//1 3130//1 3133//1 3132//1
f 3135//6 3138//6 3137//6 3134//6
f 3135//1 3136//1 3139//1 3138//1
f 3143//6 3146//6 3145//6 3142//6
f 3143//1 3144//1 3147//1 3146//1
f 3124//6 3135//6 3134//6 3123//6
f 3124//1 3125//1 3136//1 3135//1
f 3132//6 3143//6 3142//6 3131//6
f 3132//1 3133//1 3144//1 3143//1
f 3122//1 3126//1 3127//1 3125//1
f 3136//1 3140//1 3141//1 3139//1
f 3128//6 3131//6 3127//6 3126//6
f 3142//6 3145//6 3141//6 3140//6
f 3131//6 3142//6 3140//6 3127//6
f 3125//1 3127//1 3140//1 3136//1
f 3149//6 3151//6 3150//6 3148//6
f 3155//6 3157//6 3156//6 3154//6
f 3151//6 3155//6 3154//6 3150//6
f 3152//6 3153//6 3151//6 3149//6
f 3158//6 3159//6 3157//6 3155//6
f 3153//6 3158//6 3155//6 3151//6
f 3066//1 3067//1 3111//1 3110//1
f 3063//1 3066//1 3110//1 3108//1
f 3086//6 3121//6 3120//6 3085//6
f 3086//1 3087//1 3122//1 3121//1
f 3094//6 3129//6 3128//6 3093//6
f 3094//1 3095//1 3130//1 3129//1
f 3093//6 3128//6 3126//6 3089//6
f 3087//1 3089//1 3126//1 3122//1
f 3105//6 3149//6 3148//6 3104//6
f 3107//6 3152//6 3149//6 3105//6
f 3059//1 3068//1 3071//1 3061//1
f 3065//1 3082//1 3085//1 3067//1
f 3061//1 3071//1 3082//1 3065//1
f 3111//1 3120//1 3123//1 3113//1
f 3117//1 3134//1 3137//1 3119//1
f 3113//1 3123//1 3134//1 3117//1
f 3096//6 3098//6 3081//6 3078//6
f 3102//6 3104//6 3095//6 3092//6
f 3098//6 3102//6 3092//6 3081//6
f 3148//6 3150//6 3133//6 3130//6
f 3154//6 3156//6 3147//6 3144//6
f 3150//6 3154//6 3144//6 3133//6
f 3104//6 3148//6 3130//6 3095//6
f 3067//1 3085//1 3120//1 3111//1
f 3161//6 3163//6 3162//6 3160//6
f 3165//6 3167//6 3166//6 3164//6
f 3163//6 3165//6 3164//6 3162//6
f 3169//6 3171//6 3170//6 3168//6
f 3173//6 3175//6 3174//6 3172//6
f 3171//6 3173//6 3172//6 3170//6
f 3167//6 3169//6 3168//6 3166//6
f 3176//1 3177//1 3179//1 3178//1
f 3180//1 3181//1 3183//1 3182//1
f 3178//1 3179//1 3181//1 3180//1
f 3182//1 3183//1 3185//1 3184//1
f 3188//1 3189//1 3191//1 3190//1
f 3194//1 3195//1 3197//1 3196//1
f 3190//1 3191//1 3195//1 3194//1
f 3186//1 3188//1 3190//1 3187//1
f 3192//1 3194//1 3196//1 3193//1
f 3187//1 3190//1 3194//1 3192//1
f 3199//6 3202//6 3201//6 3198//6
f 3199//1 3200//1 3203//1 3202//1
f 3207//6 3210//6 3209//6 3206//6
f 3207//1 3208//1 3211//1 3210//1
f 3213//6 3216//6 3215//6 3212//6
f 3213//1 3214//1 3217//1 3216//1
f 3221//6 3224//6 3223//6 3220//6
f 3221//1 3222//1 3225//1 3224//1
f 3202//6 3213//6 3212//6 3201//6
f 3202//1 3203//1 3214//1 3213//1
f 3210//6 3221//6 3220//6 3209//6
f 3210//1 3211//1 3222//1 3221//1
f 3200//1 3204//1 3205//1 3203//1
f 3214//1 3218//1 3219//1 3217//1
f 3206//6 3209//6 3205//6 3204//6
f 3220//6 3223//6 3219//6 3218//6
f 3209//6 3220//6 3218//6 3205//6
f 3203//1 3205//1 3218//1 3214//1
f 3227//6 3229//6 3228//6 3226//6
f 3233//6 3235//6 3234//6 3232//6
f 3229//6 3233//6 3232//6 3228//6
f 3230//6 3231//6 3229//6 3227//6
f 3236//6 3237//6 3235//6 3233//6
f 3231//6 3236//6 3233//6 3229//6
f 3240//5 3241//5 3239//5 3238//5
f 3244//5 3245//5 3243//5 3242//5
f 3248//5 3249//5 3247//5 3246//5
f 3252//5 3253//5 3251//5 3250//5
f 3246//5 3247//5 3241//5 3240//5
f 3250//5 3251//5 3245//5 3244//5
f 3241//5 3244//5 3242//5 3239//5
f 3249//5 3252//5 3250//5 3247//5
f 3247//5 3250//5 3244//5 3241//5
f 3256//5 3257//5 3255//5 3254//5
f 3260//5 3261//5 3259//5 3258//5
f 3264//5 3265//5 3263//5 3262//5
f 3268//5 3269//5 3267//5 3266//5
f 3262//5 3263//5 3257//5 3256//5
f 3266//5 3267//5 3261//5 3260//5
f 3257//5 3260//5 3258//5 3255//5
f 3265//5 3268//5 3266//5 3263//5
f 3263//5 3266//5 3260//5 3257//5
f 3275//5 3276//5 3274//5 3273//5
f 3278//5 3279//5 3276//5 3275//5
f 3272//5 3275//5 3273//5 3271//5
f 3277//5 3278//5 3275//5 3272//5
f 3283//5 3284//5 3282//5 3281//5
f 3287//5 3288//5 3286//5 3285//5
f 3291//5 3292//5 3290//5 3289//5
f 3295//5 3296//5 3294//5 3293//5
f 3289//5 3290//5 3284//5 3283//5
f 3293//5 3294//5 3288//5 3287//5
f 3284//5 3287//5 3285//5 3282//5
f 3292//5 3295//5 3293//5 3290//5
f 3290//5 3293//5 3287//5 3284//5
f 3196//1 3197//1 3248//1 3246//1
f 3193//1 3196//1 3246//1 3240//1
f 3216//6 3271//6 3270//6 3215//6
f 3216//1 3217//1 3272//1 3271//1
f 3224//6 3279//6 3278//6 3223//6
f 3224//1 3225//1 3280//1 3279//1
f 3223//6 3278//6 3277//6 3219//6
f 3217//1 3219//1 3277//1 3272//1
f 3235//6 3292//6 3291//6 3234//6
f 3237//6 3295//6 3292//6 3235//6
f 3189//1 3198//1 3201//1 3191//1
f 3195//1 3212//1 3215//1 3197//1
f 3191//1 3201//1 3212//1 3195//1
f 3270//5 3271//5 3249//5 3248//5
f 3273//5 3274//5 3253//5 3252//5
f 3271//5 3273//5 3252//5 3249//5
f 3281//5 3282//5 3265//5 3264//5
f 3285//5 3286//5 3269//5 3268//5
f 3282//5 3285//5 3268//5 3265//5
f 3226//6 3228//6 3211//6 3208//6
f 3232//6 3234//6 3225//6 3222//6
f 3228//6 3232//6 3222//6 3211//6
f 3245//5 3256//5 3254//5 3243//5
f 3253//5 3264//5 3262//5 3251//5
f 3251//5 3262//5 3256//5 3245//5
f 3276//5 3283//5 3281//5 3274//5
f 3280//5 3291//5 3289//5 3279//5
f 3279//5 3289//5 3283//5 3276//5
f 3274//5 3281//5 3264//5 3253//5
f 3234//6 3291//6 3280//6 3225//6
f 3197//1 3215//1 3270//1 3248//1
f 3298//6 3300//6 3299//6 3297//6
f 3302//6 3304//6 3303//6 3301//6
f 3300//6 3302//6 3301//6 3299//6
f 3304//6 3306//6 3305//6 3303//6
f 3054//1 3055//1 3177//1 3176//1
f 3118//1 3119//1 3189//1 3188//1
f 3115//1 3118//1 3188//1 3186//1
f 3138//6 3199//6 3198//6 3137//6
f 3138//1 3139//1 3200//1 3199//1
f 3146//6 3207//6 3206//6 3145//6
f 3146//1 3147//1 3208//1 3207//1
f 3145//6 3206//6 3204//6 3141//6
f 3139//1 3141//1 3204//1 3200//1
f 3157//6 3227//6 3226//6 3156//6
f 3159//6 3230//6 3227//6 3157//6
f 3156//6 3226//6 3208//6 3147//6
f 3119//1 3137//1 3198//1 3189//1
f 3175//6 3298//6 3297//6 3174//6
f 3100//1 3160//1 3162//1 3101//1
f 3106//1 3164//1 3166//1 3107//1
f 3101//1 3162//1 3164//1 3106//1
f 3152//1 3168//1 3170//1 3153//1
f 3158//1 3172//1 3174//1 3159//1
f 3153//1 3170//1 3172//1 3158//1
f 3107//1 3166//1 3168//1 3152//1
f 3230//1 3297//1 3299//1 3231//1
f 3236//1 3301//1 3303//1 3237//1
f 3231//1 3299//1 3301//1 3236//1
f 3305//5 3306//5 3296//5 3295//5
f 3237//1 3303//1 3305//1 3295//1
f 3056//6 3057//6 3043//6 3041//6
f 3062//6 3063//6 3047//6 3045//6
f 3057//6 3062//6 3045//6 3043//6
f 3108//6 3109//6 3051//6 3049//6
f 3114//6 3115//6 3055//6 3053//6
f 3109//6 3114//6 3053//6 3051//6
f 3063//6 3108//6 3049//6 3047//6
f 3186//6 3187//6 3179//6 3177//6
f 3192//6 3193//6 3183//6 3181//6
f 3187//6 3192//6 3181//6 3179//6
f 3185//5 3240//5 3238//5 3184//5
f 3193//6 3240//6 3185//6 3183//6
f 3115//6 3186//6 3177//6 3055//6
f 3159//1 3174//1 3297//1 3230//1
f 2918//1 2919//1 3041//1 3040//1
f 2982//1 2983//1 3059//1 3058//1
f 2979//1 2982//1 3058//1 3056//1
f 3002//6 3069//6 3068//6 3001//6
f 3002//1 3003//1 3070//1 3069//1
f 3010//6 3077//6 3076//6 3009//6
f 3010//1 3011//1 3078//1 3077//1
f 3009//6 3076//6 3074//6 3005//6
f 3003//1 3005//1 3074//1 3070//1
f 3021//6 3097//6 3096//6 3020//6
f 3023//6 3100//6 3097//6 3021//6
f 3020//6 3096//6 3078//6 3011//6
f 2983//1 3001//1 3068//1 3059//1
f 3039//6 3161//6 3160//6 3038//6
f 2979//6 3056//6 3041//6 2919//6
f 3023//1 3038//1 3160//1 3100//1
f 3307//2 3308//2 3310//2 3309//2
f 3311//2 3312//2 3314//2 3313//2
f 3315//2 3316//2 3318//2 3317//2
f 3319//2 3320//2 3322//2 3321//2
f 3309//2 3310//2 3316//2 3315//2
f 3313//2 3314//2 3320//2 3319//2
f 3308//2 3311//2 3313//2 3310//2
f 3316//2 3319//2 3321//2 3318//2
f 3310//2 3313//2 3319//2 3316//2
f 3323//2 3324//2 3326//2 3325//2
f 3327//2 3328//2 3330//2 3329//2
f 3331//2 3332//2 3334//2 3333//2
f 3335//2 3336//2 3338//2 3337//2
f 3325//2 3326//2 3332//2 3331//2
f 3329//2 3330//2 3336//2 3335//2
f 3324//2 3327//2 3329//2 3326//2
f 3332//2 3335//2 3337//2 3334//2
f 3326//2 3329//2 3335//2 3332//2
f 3339//2 3340//2 3342//2 3341//2
f 3343//2 3344//2 3346//2 3345//2
f 3347//2 3348//2 3350//2 3349//2
f 3351//2 3352//2 3354//2 3353//2
f 3341//2 3342//2 3348//2 3347//2
f 3345//2 3346//2 3352//2 3351//2
f 3340//2 3343//2 3345//2 3342//2
f 3348//2 3351//2 3353//2 3350//2
f 3342//2 3345//2 3351//2 3348//2
f 3355//2 3356//2 3358//2 3357//2
f 3357//2 3358//2 3363//2 3362//2
f 3356//2 3359//2 3361//2 3358//2
f 3358//2 3361//2 3365//2 3363//2
f 3370//4 3371//4 3369//4 3368//4
f 3376//4 3377//4 3375//4 3374//4
f 3374//4 3375//4 3371//4 3370//4
f 3367//4 3370//4 3368//4 3366//4
f 3373//4 3376//4 3374//4 3372//4
f 3372//4 3374//4 3370//4 3367//4
f 3381//6 3383//6 3382//6 3380//6
f 3387//6 3389//6 3388//6 3386//6
f 3383//6 3387//6 3386//6 3382//6
f 3380//6 3382//6 3379//6 3378//6
f 3386//6 3388//6 3385//6 3384//6
f 3382//6 3386//6 3384//6 3379//6
f 3391//6 3394//6 3393//6 3390//6
f 3393//4 3395//4 3392//4 3390//4
f 3397//6 3400//6 3399//6 3396//6
f 3399//4 3401//4 3398//4 3396//4
f 3405//6 3408//6 3407//6 3404//6
f 3407//4 3409//4 3406//4 3404//4
f 3411//6 3414//6 3413//6 3410//6
f 3413//4 3415//4 3412//4 3410//4
f 3394//6 3405//6 3404//6 3393//6
f 3404//4 3406//4 3395//4 3393//4
f 3400//6 3411//6 3410//6 3399//6
f 3410//4 3412//4 3401//4 3399//4
f 3395//4 3403//4 3402//4 3392//4
f 3409//4 3417//4 3416//4 3406//4
f 3402//6 3403//6 3400//6 3397//6
f 3416//6 3417//6 3414//6 3411//6
f 3403//6 3416//6 3411//6 3400//6
f 3406//4 3416//4 3403//4 3395//4
f 3368//4 3369//4 3338//4 3336//4
f 3366//4 3368//4 3336//4 3330//4
f 3354//6 3381//6 3380//6 3353//6
f 3353//6 3380//6 3378//6 3350//6
f 3360//6 3391//6 3390//6 3359//6
f 3390//4 3392//4 3361//4 3359//4
f 3363//6 3397//6 3396//6 3362//6
f 3396//4 3398//4 3364//4 3362//4
f 3365//6 3402//6 3397//6 3363//6
f 3392//4 3402//4 3365//4 3361//4
f 3317//2 3318//2 3340//2 3339//2
f 3321//2 3322//2 3344//2 3343//2
f 3318//2 3321//2 3343//2 3340//2
f 3333//2 3334//2 3356//2 3355//2
f 3337//2 3338//2 3360//2 3359//2
f 3334//2 3337//2 3359//2 3356//2
f 3371//4 3394//4 3391//4 3369//4
f 3377//4 3408//4 3405//4 3375//4
f 3375//4 3405//4 3394//4 3371//4
f 3312//2 3323//2 3325//2 3314//2
f 3320//2 3331//2 3333//2 3322//2
f 3314//2 3325//2 3331//2 3320//2
f 3344//2 3355//2 3357//2 3346//2
f 3352//2 3362//2 3364//2 3354//2
f 3346//2 3357//2 3362//2 3352//2
f 3398//6 3401//6 3383//6 3381//6
f 3412//6 3415//6 3389//6 3387//6
f 3401//6 3412//6 3387//6 3383//6
f 3322//2 3333//2 3355//2 3344//2
f 3364//6 3398//6 3381//6 3354//6
f 3369//4 3391//4 3360//4 3338//4
f 3422//4 3423//4 3421//4 3420//4
f 3426//4 3427//4 3425//4 3424//4
f 3424//4 3425//4 3423//4 3422//4
f 3420//4 3421//4 3419//4 3418//4
f 3431//6 3433//6 3432//6 3430//6
f 3435//6 3437//6 3436//6 3434//6
f 3433//6 3435//6 3434//6 3432//6
f 3429//6 3431//6 3430//6 3428//6
f 3442//4 3443//4 3441//4 3440//4
f 3448//4 3449//4 3447//4 3446//4
f 3446//4 3447//4 3443//4 3442//4
f 3439//4 3442//4 3440//4 3438//4
f 3445//4 3448//4 3446//4 3444//4
f 3444//4 3446//4 3442//4 3439//4
f 3453//6 3455//6 3454//6 3452//6
f 3459//6 3461//6 3460//6 3458//6
f 3455//6 3459//6 3458//6 3454//6
f 3452//6 3454//6 3451//6 3450//6
f 3458//6 3460//6 3457//6 3456//6
f 3454//6 3458//6 3456//6 3451//6
f 3463//6 3466//6 3465//6 3462//6
f 3465//4 3467//4 3464//4 3462//4
f 3469//6 3472//6 3471//6 3468//6
f 3471//4 3473//4 3470//4 3468//4
f 3477//6 3480//6 3479//6 3476//6
f 3479//4 3481//4 3478//4 3476//4
f 3483//6 3486//6 3485//6 3482//6
f 3485//4 3487//4 3484//4 3482//4
f 3466//6 3477//6 3476//6 3465//6
f 3476//4 3478//4 3467//4 3465//4
f 3472//6 3483//6 3482//6 3471//6
f 3482//4 3484//4 3473//4 3471//4
f 3467//4 3475//4 3474//4 3464//4
f 3481//4 3489//4 3488//4 3478//4
f 3474//6 3475//6 3472//6 3469//6
f 3488//6 3489//6 3486//6 3483//6
f 3475//6 3488//6 3483//6 3472//6
f 3478//4 3488//4 3475//4 3467//4
f 3494//4 3495//4 3493//4 3492//4
f 3500//4 3501//4 3499//4 3498//4
f 3498//4 3499//4 3495//4 3494//4
f 3491//4 3494//4 3492//4 3490//4
f 3497//4 3500//4 3498//4 3496//4
f 3496//4 3498//4 3494//4 3491//4
f 3505//6 3507//6 3506//6 3504//6
f 3511//6 3513//6 3512//6 3510//6
f 3507//6 3511//6 3510//6 3506//6
f 3504//6 3506//6 3503//6 3502//6
f 3510//6 3512//6 3509//6 3508//6
f 3506//6 3510//6 3508//6 3503//6
f 3515//6 3518//6 3517//6 3514//6
f 3517//4 3519//4 3516//4 3514//4
f 3521//6 3524//6 3523//6 3520//6
f 3523//4 3525//4 3522//4 3520//4
f 3529//6 3532//6 3531//6 3528//6
f 3531//4 3533//4 3530//4 3528//4
f 3535//6 3538//6 3537//6 3534//6
f 3537//4 3539//4 3536//4 3534//4
f 3518//6 3529//6 3528//6 3517//6
f 3528//4 3530//4 3519//4 3517//4
f 3524//6 3535//6 3534//6 3523//6
f 3534//4 3536//4 3525//4 3523//4
f 3519//4 3527//4 3526//4 3516//4
f 3533//4 3541//4 3540//4 3530//4
f 3526//6 3527//6 3524//6 3521//6
f 3540//6 3541//6 3538//6 3535//6
f 3527//6 3540//6 3535//6 3524//6
f 3530//4 3540//4 3527//4 3519//4
f 3492//4 3493//4 3449//4 3448//4
f 3490//4 3492//4 3448//4 3445//4
f 3461//6 3505//6 3504//6 3460//6
f 3460//6 3504//6 3502//6 3457//6
f 3480//6 3515//6 3514//6 3479//6
f 3514//4 3516//4 3481//4 3479//4
f 3486//6 3521//6 3520//6 3485//6
f 3520//4 3522//4 3487//4 3485//4
f 3489//6 3526//6 3521//6 3486//6
f 3516//4 3526//4 3489//4 3481//4
f 3443//4 3466//4 3463//4 3441//4
f 3449//4 3480//4 3477//4 3447//4
f 3447//4 3477//4 3466//4 3443//4
f 3495//4 3518//4 3515//4 3493//4
f 3501//4 3532//4 3529//4 3499//4
f 3499//4 3529//4 3518//4 3495//4
f 3470//6 3473//6 3455//6 3453//6
f 3484//6 3487//6 3461//6 3459//6
f 3473//6 3484//6 3459//6 3455//6
f 3522//6 3525//6 3507//6 3505//6
f 3536//6 3539//6 3513//6 3511//6
f 3525//6 3536//6 3511//6 3507//6
f 3487//6 3522//6 3505//6 3461//6
f 3493//4 3515//4 3480//4 3449//4
f 3544//4 3545//4 3543//4 3542//4
f 3548//4 3549//4 3547//4 3546//4
f 3546//4 3547//4 3545//4 3544//4
f 3552//4 3553//4 3551//4 3550//4
f 3556//4 3557//4 3555//4 3554//4
f 3554//4 3555//4 3553//4 3552//4
f 3550//4 3551//4 3549//4 3548//4
f 3559//6 3561//6 3560//6 3558//6
f 3563//6 3565//6 3564//6 3562//6
f 3561//6 3563//6 3562//6 3560//6
f 3567//6 3569//6 3568//6 3566//6
f 3571//6 3573//6 3572//6 3570//6
f 3569//6 3571//6 3570//6 3568//6
f 3565//6 3567//6 3566//6 3564//6
f 3440//4 3441//4 3377//4 3376//4
f 3438//4 3440//4 3376//4 3373//4
f 3389//6 3453//6 3452//6 3388//6
f 3388//6 3452//6 3450//6 3385//6
f 3408//6 3463//6 3462//6 3407//6
f 3462//4 3464//4 3409//4 3407//4
f 3414//6 3469//6 3468//6 3413//6
f 3468//4 3470//4 3415//4 3413//4
f 3417//6 3474//6 3469//6 3414//6
f 3464//4 3474//4 3417//4 3409//4
f 3415//6 3470//6 3453//6 3389//6
f 3441//4 3463//4 3408//4 3377//4
f 3542//4 3543//4 3427//4 3426//4
f 3437//6 3559//6 3558//6 3436//6
f 3349//2 3350//2 3429//2 3428//2
f 3379//4 3433//4 3431//4 3378//4
f 3385//4 3437//4 3435//4 3384//4
f 3384//4 3435//4 3433//4 3379//4
f 3378//4 3431//4 3429//4 3350//4
f 3451//4 3561//4 3559//4 3450//4
f 3457//4 3565//4 3563//4 3456//4
f 3456//4 3563//4 3561//4 3451//4
f 3503//4 3569//4 3567//4 3502//4
f 3509//4 3573//4 3571//4 3508//4
f 3508//4 3571//4 3569//4 3503//4
f 3502//4 3567//4 3565//4 3457//4
f 3328//2 3418//2 3419//2 3330//2
f 3421//6 3423//6 3367//6 3366//6
f 3425//6 3427//6 3373//6 3372//6
f 3423//6 3425//6 3372//6 3367//6
f 3419//6 3421//6 3366//6 3330//6
f 3543//6 3545//6 3439//6 3438//6
f 3547//6 3549//6 3445//6 3444//6
f 3545//6 3547//6 3444//6 3439//6
f 3551//6 3553//6 3491//6 3490//6
f 3555//6 3557//6 3497//6 3496//6
f 3553//6 3555//6 3496//6 3491//6
f 3549//6 3551//6 3490//6 3445//6
f 3427//6 3543//6 3438//6 3373//6
f 3450//4 3559//4 3437//4 3385//4
f 3578//4 3579//4 3577//4 3576//4
f 3584//4 3585//4 3583//4 3582//4
f 3582//4 3583//4 3579//4 3578//4
f 3575//4 3578//4 3576//4 3574//4
f 3581//4 3584//4 3582//4 3580//4
f 3580//4 3582//4 3578//4 3575//4
f 3589//6 3591//6 3590//6 3588//6
f 3595//6 3597//6 3596//6 3594//6
f 3591//6 3595//6 3594//6 3590//6
f 3588//6 3590//6 3587//6 3586//6
f 3594//6 3596//6 3593//6 3592//6
f 3590//6 3594//6 3592//6 3587//6
f 3599//6 3602//6 3601//6 3598//6
f 3601//4 3603//4 3600//4 3598//4
f 3605//6 3608//6 3607//6 3604//6
f 3607//4 3609//4 3606//4 3604//4
f 3613//6 3616//6 3615//6 3612//6
f 3615//4 3617//4 3614//4 3612//4
f 3619//6 3622//6 3621//6 3618//6
f 3621//4 3623//4 3620//4 3618//4
f 3602//6 3613//6 3612//6 3601//6
f 3612//4 3614//4 3603//4 3601//4
f 3608//6 3619//6 3618//6 3607//6
f 3618//4 3620//4 3609//4 3607//4
f 3603//4 3611//4 3610//4 3600//4
f 3617//4 3625//4 3624//4 3614//4
f 3610//6 3611//6 3608//6 3605//6
f 3624//6 3625//6 3622//6 3619//6
f 3611//6 3624//6 3619//6 3608//6
f 3614//4 3624//4 3611//4 3603//4
f 3630//4 3631//4 3629//4 3628//4
f 3636//4 3637//4 3635//4 3634//4
f 3634//4 3635//4 3631//4 3630//4
f 3627//4 3630//4 3628//4 3626//4
f 3633//4 3636//4 3634//4 3632//4
f 3632//4 3634//4 3630//4 3627//4
f 3641//6 3643//6 3642//6 3640//6
f 3647//6 3649//6 3648//6 3646//6
f 3643//6 3647//6 3646//6 3642//6
f 3640//6 3642//6 3639//6 3638//6
f 3646//6 3648//6 3645//6 3644//6
f 3642//6 3646//6 3644//6 3639//6
f 3651//6 3654//6 3653//6 3650//6
f 3653//4 3655//4 3652//4 3650//4
f 3657//6 3660//6 3659//6 3656//6
f 3659//4 3661//4 3658//4 3656//4
f 3665//6 3668//6 3667//6 3664//6
f 3667//4 3669//4 3666//4 3664//4
f 3671//6 3674//6 3673//6 3670//6
f 3673//4 3675//4 3672//4 3670//4
f 3654//6 3665//6 3664//6 3653//6
f 3664//4 3666//4 3655//4 3653//4
f 3660//6 3671//6 3670//6 3659//6
f 3670//4 3672//4 3661//4 3659//4
f 3655//4 3663//4 3662//4 3652//4
f 3669//4 3677//4 3676//4 3666//4
f 3662//6 3663//6 3660//6 3657//6
f 3676//6 3677//6 3674//6 3671//6
f 3663//6 3676//6 3671//6 3660//6
f 3666//4 3676//4 3663//4 3655//4
f 3628//4 3629//4 3585//4 3584//4
f 3626//4 3628//4 3584//4 3581//4
f 3597//6 3641//6 3640//6 3596//6
f 3596//6 3640//6 3638//6 3593//6
f 3616//6 3651//6 3650//6 3615//6
f 3650//4 3652//4 3617//4 3615//4
f 3622//6 3657//6 3656//6 3621//6
f 3656//4 3658//4 3623//4 3621//4
f 3625//6 3662//6 3657//6 3622//6
f 3652//4 3662//4 3625//4 3617//4
f 3579//4 3602//4 3599//4 3577//4
f 3585//4 3616//4 3613//4 3583//4
f 3583//4 3613//4 3602//4 3579//4
f 3631//4 3654//4 3651//4 3629//4
f 3637//4 3668//4 3665//4 3635//4
f 3635//4 3665//4 3654//4 3631//4
f 3606//6 3609//6 3591//6 3589//6
f 3620//6 3623//6 3597//6 3595//6
f 3609//6 3620//6 3595//6 3591//6
f 3658//6 3661//6 3643//6 3641//6
f 3672//6 3675//6 3649//6 3647//6
f 3661//6 3672//6 3647//6 3643//6
f 3623//6 3658//6 3641//6 3597//6
f 3629//4 3651//4 3616//4 3585//4
f 3680//4 3681//4 3679//4 3678//4
f 3684//4 3685//4 3683//4 3682//4
f 3682//4 3683//4 3681//4 3680//4
f 3688//4 3689//4 3687//4 3686//4
f 3692//4 3693//4 3691//4 3690//4
f 3690//4 3691//4 3689//4 3688//4
f 3686//4 3687//4 3685//4 3684//4
f 3695//6 3697//6 3696//6 3694//6
f 3699//6 3701//6 3700//6 3698//6
f 3697//6 3699//6 3698//6 3696//6
f 3703//6 3705//6 3704//6 3702//6
f 3707//6 3709//6 3708//6 3706//6
f 3705//6 3707//6 3706//6 3704//6
f 3701//6 3703//6 3702//6 3700//6
f 3714//4 3715//4 3713//4 3712//4
f 3720//4 3721//4 3719//4 3718//4
f 3718//4 3719//4 3715//4 3714//4
f 3711//4 3714//4 3712//4 3710//4
f 3717//4 3720//4 3718//4 3716//4
f 3716//4 3718//4 3714//4 3711//4
f 3725//6 3727//6 3726//6 3724//6
f 3731//6 3733//6 3732//6 3730//6
f 3727//6 3731//6 3730//6 3726//6
f 3724//6 3726//6 3723//6 3722//6
f 3730//6 3732//6 3729//6 3728//6
f 3726//6 3730//6 3728//6 3723//6
f 3735//6 3738//6 3737//6 3734//6
f 3737//4 3739//4 3736//4 3734//4
f 3741//6 3744//6 3743//6 3740//6
f 3743//4 3745//4 3742//4 3740//4
f 3749//6 3752//6 3751//6 3748//6
f 3751//4 3753//4 3750//4 3748//4
f 3755//6 3758//6 3757//6 3754//6
f 3757//4 3759//4 3756//4 3754//4
f 3738//6 3749//6 3748//6 3737//6
f 3748//4 3750//4 3739//4 3737//4
f 3744//6 3755//6 3754//6 3743//6
f 3754//4 3756//4 3745//4 3743//4
f 3739//4 3747//4 3746//4 3736//4
f 3753//4 3761//4 3760//4 3750//4
f 3746//6 3747//6 3744//6 3741//6
f 3760//6 3761//6 3758//6 3755//6
f 3747//6 3760//6 3755//6 3744//6
f 3750//4 3760//4 3747//4 3739//4
f 3764//5 3765//5 3763//5 3762//5
f 3768//5 3769//5 3767//5 3766//5
f 3772//5 3773//5 3771//5 3770//5
f 3776//5 3777//5 3775//5 3774//5
f 3770//5 3771//5 3765//5 3764//5
f 3774//5 3775//5 3769//5 3768//5
f 3765//5 3768//5 3766//5 3763//5
f 3773//5 3776//5 3774//5 3771//5
f 3771//5 3774//5 3768//5 3765//5
f 3780//5 3781//5 3779//5 3778//5
f 3784//5 3785//5 3783//5 3782//5
f 3788//5 3789//5 3787//5 3786//5
f 3792//5 3793//5 3791//5 3790//5
f 3786//5 3787//5 3781//5 3780//5
f 3790//5 3791//5 3785//5 3784//5
f 3781//5 3784//5 3782//5 3779//5
f 3789//5 3792//5 3790//5 3787//5
f 3787//5 3790//5 3784//5 3781//5
f 3796//5 3797//5 3795//5 3794//5
f 3800//5 3801//5 3799//5 3798//5
f 3804//5 3805//5 3803//5 3802//5
f 3808//5 3809//5 3807//5 3806//5
f 3802//5 3803//5 3797//5 3796//5
f 3806//5 3807//5 3801//5 3800//5
f 3797//5 3800//5 3798//5 3795//5
f 3805//5 3808//5 3806//5 3803//5
f 3803//5 3806//5 3800//5 3797//5
f 3812//5 3813//5 3811//5 3810//5
f 3817//5 3818//5 3813//5 3812//5
f 3813//5 3816//5 3814//5 3811//5
f 3818//5 3820//5 3816//5 3813//5
f 3791//4 3793//4 3721//4 3720//4
f 3785//4 3791//4 3720//4 3717//4
f 3733//6 3809//6 3808//6 3732//6
f 3732//6 3808//6 3805//6 3729//6
f 3752//6 3815//6 3814//6 3751//6
f 3814//4 3816//4 3753//4 3751//4
f 3758//6 3818//6 3817//6 3757//6
f 3817//4 3819//4 3759//4 3757//4
f 3761//6 3820//6 3818//6 3758//6
f 3816//4 3820//4 3761//4 3753//4
f 3794//5 3795//5 3773//5 3772//5
f 3798//5 3799//5 3777//5 3776//5
f 3795//5 3798//5 3776//5 3773//5
f 3715//4 3738//4 3735//4 3713//4
f 3721//4 3752//4 3749//4 3719//4
f 3719//4 3749//4 3738//4 3715//4
f 3810//5 3811//5 3789//5 3788//5
f 3814//5 3815//5 3793//5 3792//5
f 3811//5 3814//5 3792//5 3789//5
f 3742//6 3745//6 3727//6 3725//6
f 3756//6 3759//6 3733//6 3731//6
f 3745//6 3756//6 3731//6 3727//6
f 3769//5 3780//5 3778//5 3767//5
f 3777//5 3788//5 3786//5 3775//5
f 3775//5 3786//5 3780//5 3769//5
f 3801//5 3812//5 3810//5 3799//5
f 3809//5 3819//5 3817//5 3807//5
f 3807//5 3817//5 3812//5 3801//5
f 3799//5 3810//5 3788//5 3777//5
f 3759//6 3819//6 3809//6 3733//6
f 3793//4 3815//4 3752//4 3721//4
f 3823//4 3824//4 3822//4 3821//4
f 3827//4 3828//4 3826//4 3825//4
f 3825//4 3826//4 3824//4 3823//4
f 3829//4 3830//4 3828//4 3827//4
f 3832//6 3834//6 3833//6 3831//6
f 3836//6 3838//6 3837//6 3835//6
f 3834//6 3836//6 3835//6 3833//6
f 3838//6 3840//6 3839//6 3837//6
f 3712//4 3713//4 3637//4 3636//4
f 3710//4 3712//4 3636//4 3633//4
f 3649//6 3725//6 3724//6 3648//6
f 3648//6 3724//6 3722//6 3645//6
f 3668//6 3735//6 3734//6 3667//6
f 3734//4 3736//4 3669//4 3667//4
f 3674//6 3741//6 3740//6 3673//6
f 3740//4 3742//4 3675//4 3673//4
f 3677//6 3746//6 3741//6 3674//6
f 3736//4 3746//4 3677//4 3669//4
f 3675//6 3742//6 3725//6 3649//6
f 3713//4 3735//4 3668//4 3637//4
f 3821//4 3822//4 3693//4 3692//4
f 3709//6 3832//6 3831//6 3708//6
f 3587//4 3697//4 3695//4 3586//4
f 3593//4 3701//4 3699//4 3592//4
f 3592//4 3699//4 3697//4 3587//4
f 3639//4 3705//4 3703//4 3638//4
f 3645//4 3709//4 3707//4 3644//4
f 3644//4 3707//4 3705//4 3639//4
f 3638//4 3703//4 3701//4 3593//4
f 3723//4 3834//4 3832//4 3722//4
f 3729//4 3838//4 3836//4 3728//4
f 3728//4 3836//4 3834//4 3723//4
f 3839//5 3840//5 3805//5 3804//5
f 3805//4 3840//4 3838//4 3729//4
f 3679//6 3681//6 3575//6 3574//6
f 3683//6 3685//6 3581//6 3580//6
f 3681//6 3683//6 3580//6 3575//6
f 3687//6 3689//6 3627//6 3626//6
f 3691//6 3693//6 3633//6 3632//6
f 3689//6 3691//6 3632//6 3627//6
f 3685//6 3687//6 3626//6 3581//6
f 3822//6 3824//6 3711//6 3710//6
f 3826//6 3828//6 3717//6 3716//6
f 3824//6 3826//6 3716//6 3711//6
f 3785//5 3830//5 3829//5 3783//5
f 3828//6 3830//6 3785//6 3717//6
f 3693//6 3822//6 3710//6 3633//6
f 3722//4 3832//4 3709//4 3645//4
f 3576//4 3577//4 3501//4 3500//4
f 3574//4 3576//4 3500//4 3497//4
f 3513//6 3589//6 3588//6 3512//6
f 3512//6 3588//6 3586//6 3509//6
f 3532//6 3599//6 3598//6 3531//6
f 3598//4 3600//4 3533//4 3531//4
f 3538//6 3605//6 3604//6 3537//6
f 3604//4 3606//4 3539//4 3537//4
f 3541//6 3610//6 3605//6 3538//6
f 3600//4 3610//4 3541//4 3533//4
f 3539//6 3606//6 3589//6 3513//6
f 3577//4 3599//4 3532//4 3501//4
f 3678//4 3679//4 3557//4 3556//4
f 3573//6 3695//6 3694//6 3572//6
f 3557//6 3679//6 3574//6 3497//6
f 3586//4 3695//4 3573//4 3509//4
f 6//1 853//1 854//1 8//1
f 14//1 857//1 859//1 16//1
f 8//1 854//1 857//1 14//1
f 36//1 869//1 871//1 38//1
f 44//1 877//1 879//1 46//1
f 38//1 871//1 877//1 44//1
f 67//1 899//1 901//1 69//1
f 75//1 907//1 909//1 77//1
f 69//1 901//1 907//1 75//1
f 46//1 879//1 899//1 67//1
f 16//1 859//1 869//1 36//1
f 308//1 1146//1 1148//1 310//1
f 316//1 1154//1 1156//1 318//1
f 310//1 1148//1 1154//1 316//1
f 318//1 1156//1 1171//1 320//1
f 79//2 80//2 931//2 930//2
f 135//2 136//2 936//2 935//2
f 136//2 142//2 942//2 936//2
f 154//4 963//4 961//4 152//4
f 162//4 971//4 969//4 160//4
f 160//4 969//4 963//4 154//4
f 80//2 82//2 933//2 931//2
f 79//1 930//1 942//1 142//1
f 152//4 961//4 933//4 82//4
f 239//4 1017//4 1015//4 237//4
f 247//4 1025//4 1023//4 245//4
f 245//4 1023//4 1017//4 239//4
f 285//4 1070//4 1068//4 283//4
f 293//4 1078//4 1076//4 291//4
f 291//4 1076//4 1070//4 285//4
f 283//4 1068//4 1025//4 247//4
f 237//4 1015//4 971//4 162//4
f 1246//5 1247//5 412//5 411//5
f 408//1 1242//1 1246//1 411//1
f 1250//5 1251//5 417//5 416//5
f 1247//5 1250//5 416//5 412//5
f 417//1 1251//1 1263//1 418//1
f 383//4 1181//4 1179//4 381//4
f 391//4 1189//4 1187//4 389//4
f 389//4 1187//4 1181//4 383//4
f 425//4 1266//4 1264//4 423//4
f 426//4 1271//4 1266//4 425//4
f 1263//5 1271//5 426//5 418//5
f 423//4 1264//4 1189//4 391//4
f 6//2 135//2 935//2 853//2
f 1171//5 1242//5 408//5 320//5
f 77//1 909//1 1146//1 308//1
f 381//4 1179//4 1078//4 293//4
f 1718//1 2775//1 2777//1 1720//1
f 1722//1 2779//1 2781//1 1724//1
f 1720//1 2777//1 2779//1 1722//1
f 1716//1 2773//1 2775//1 1718//1
f 1853//1 2904//1 2906//1 1855//1
f 1857//1 2908//1 2910//1 1859//1
f 1855//1 2906//1 2908//1 1857//1
f 1861//1 2912//1 2914//1 1863//1
f 1865//1 2916//1 2918//1 1867//1
f 1863//1 2914//1 2916//1 1865//1
f 1859//1 2910//1 2912//1 1861//1
f 1762//2 1763//2 2784//2 2783//2
f 1766//2 1767//2 2788//2 2787//2
f 1763//2 1766//2 2787//2 2784//2
f 1778//2 1779//2 2800//2 2799//2
f 1782//2 1783//2 2804//2 2803//2
f 1779//2 1782//2 2803//2 2800//2
f 1767//2 1778//2 2799//2 2788//2
f 1716//2 1762//2 2783//2 2773//2
f 1724//1 2781//1 2904//1 1853//1
f 1989//1 3040//1 3042//1 1991//1
f 1993//1 3044//1 3046//1 1995//1
f 1991//1 3042//1 3044//1 1993//1
f 1997//1 3048//1 3050//1 1999//1
f 2001//1 3052//1 3054//1 2003//1
f 1999//1 3050//1 3052//1 2001//1
f 1995//1 3046//1 3048//1 1997//1
f 2119//1 3176//1 3178//1 2121//1
f 2123//1 3180//1 3182//1 2125//1
f 2121//1 3178//1 3180//1 2123//1
f 2125//1 3182//1 3184//1 2127//1
f 3238//5 3239//5 2218//5 2217//5
f 3242//5 3243//5 2222//5 2221//5
f 3239//5 3242//5 2221//5 2218//5
f 3254//5 3255//5 2234//5 2233//5
f 3258//5 3259//5 2238//5 2237//5
f 3255//5 3258//5 2237//5 2234//5
f 3243//5 3254//5 2233//5 2222//5
f 3184//5 3238//5 2217//5 2127//5
f 2003//1 3054//1 3176//1 2119//1
f 1867//1 2918//1 3040//1 1989//1
f 475//1 1284//1 1286//1 477//1
f 483//1 1292//1 1294//1 485//1
f 477//1 1286//1 1292//1 483//1
f 430//2 431//2 1282//2 1281//2
f 504//2 505//2 1305//2 1304//2
f 501//2 504//2 1304//2 1301//2
f 428//2 430//2 1281//2 1279//2
f 428//1 1279//1 1284//1 475//1
f 501//4 1301//4 1282//4 431//4
f 586//1 1364//1 1366//1 588//1
f 594//1 1372//1 1374//1 596//1
f 588//1 1366//1 1372//1 594//1
f 632//1 1417//1 1419//1 634//1
f 640//1 1425//1 1427//1 642//1
f 634//1 1419//1 1425//1 640//1
f 596//1 1374//1 1417//1 632//1
f 485//1 1294//1 1364//1 586//1
f 774//1 1572//1 1574//1 776//1
f 782//1 1580//1 1582//1 784//1
f 776//1 1574//1 1580//1 782//1
f 800//1 1641//1 1643//1 802//1
f 802//1 1643//1 1648//1 803//1
f 1650//5 1651//5 817//5 816//5
f 1658//5 1659//5 824//5 823//5
f 824//4 1659//4 1655//4 821//4
f 1651//5 1658//5 823//5 817//5
f 825//4 1670//4 1650//4 816//4
f 1648//5 1670//5 825//5 803//5
f 784//1 1582//1 1641//1 800//1
f 650//4 1496//4 1495//4 648//4
f 658//4 1501//4 1499//4 656//4
f 656//4 1499//4 1496//4 650//4
f 680//4 1513//4 1511//4 678//4
f 688//4 1521//4 1519//4 686//4
f 686//4 1519//4 1513//4 680//4
f 711//4 1543//4 1541//4 709//4
f 719//4 1551//4 1549//4 717//4
f 717//4 1549//4 1543//4 711//4
f 709//4 1541//4 1521//4 688//4
f 678//4 1511//4 1501//4 658//4
f 842//4 1680//4 1678//4 840//4
f 850//4 1688//4 1686//4 848//4
f 848//4 1686//4 1680//4 842//4
f 852//4 1703//4 1688//4 850//4
f 505//2 648//2 1495//2 1305//2
f 1655//5 1703//5 852//5 821//5
f 642//1 1427//1 1572//1 774//1
f 840//4 1678//4 1551//4 719//4
f 2286//2 2287//2 3308//2 3307//2
f 2290//2 2291//2 3312//2 3311//2
f 2287//2 2290//2 3311//2 3308//2
f 2302//2 2303//2 3324//2 3323//2
f 2306//2 2307//2 3328//2 3327//2
f 2303//2 2306//2 3327//2 3324//2
f 2291//2 2302//2 3323//2 3312//2
f 2365//4 3422//4 3420//4 2363//4
f 2369//4 3426//4 3424//4 2367//4
f 2367//4 3424//4 3422//4 2365//4
f 2363//4 3420//4 3418//4 2361//4
f 2493//4 3544//4 3542//4 2491//4
f 2497//4 3548//4 3546//4 2495//4
f 2495//4 3546//4 3544//4 2493//4
f 2501//4 3552//4 3550//4 2499//4
f 2505//4 3556//4 3554//4 2503//4
f 2503//4 3554//4 3552//4 2501//4
f 2499//4 3550//4 3548//4 2497//4
f 2307//2 2361//2 3418//2 3328//2
f 2491//4 3542//4 3426//4 2369//4
f 3762//5 3763//5 2742//5 2741//5
f 3766//5 3767//5 2746//5 2745//5
f 3763//5 3766//5 2745//5 2742//5
f 3778//5 3779//5 2758//5 2757//5
f 3782//5 3783//5 2762//5 2761//5
f 3779//5 3782//5 2761//5 2758//5
f 3767//5 3778//5 2757//5 2746//5
f 2629//4 3680//4 3678//4 2627//4
f 2633//4 3684//4 3682//4 2631//4
f 2631//4 3682//4 3680//4 2629//4
f 2637//4 3688//4 3686//4 2635//4
f 2641//4 3692//4 3690//4 2639//4
f 2639//4 3690//4 3688//4 2637//4
f 2635//4 3686//4 3684//4 2633//4
f 2766//4 3823//4 3821//4 2764//4
f 2770//4 3827//4 3825//4 2768//4
f 2768//4 3825//4 3823//4 2766//4
f 2772//4 3829//4 3827//4 2770//4
f 3783//5 3829//5 2772//5 2762//5
f 2764//4 3821//4 3692//4 2641//4
f 2627//4 3678//4 3556//4 2505//4
f 1708//3 1710//3 2243//3 2241//3
f 1712//3 1714//3 2247//3 2245//3
f 1710//3 1712//3 2245//3 2243//3
f 1706//3 1708//3 2241//3 2239//3
f 1741//2 2249//2 2251//2 1743//2
f 1749//2 2257//2 2259//2 1751//2
f 1743//2 2251//2 2257//2 1749//2
f 1773//2 2276//2 2278//2 1775//2
f 1781//2 2284//2 2286//2 1783//2
f 1775//2 2278//2 2284//2 1781//2
f 1751//2 2259//2 2276//2 1773//2
f 1837//3 1839//3 2372//3 2370//3
f 1841//3 1843//3 2376//3 2374//3
f 1839//3 1841//3 2374//3 2372//3
f 1845//3 1847//3 2380//3 2378//3
f 1849//3 1851//3 2384//3 2382//3
f 1847//3 1849//3 2382//3 2380//3
f 1843//3 1845//3 2378//3 2376//3
f 1706//2 2239//2 2249//2 1741//2
f 1714//3 1837//3 2370//3 2247//3
f 1973//3 1975//3 2508//3 2506//3
f 1977//3 1979//3 2512//3 2510//3
f 1975//3 1977//3 2510//3 2508//3
f 1981//3 1983//3 2516//3 2514//3
f 1985//3 1987//3 2520//3 2518//3
f 1983//3 1985//3 2518//3 2516//3
f 1979//3 1981//3 2514//3 2512//3
f 2109//3 2111//3 2644//3 2642//3
f 2113//3 2115//3 2648//3 2646//3
f 2111//3 2113//3 2646//3 2644//3
f 2115//3 2117//3 2650//3 2648//3
f 2198//5 2706//5 2704//5 2196//5
f 2206//5 2714//5 2712//5 2204//5
f 2204//5 2712//5 2706//5 2198//5
f 2230//5 2733//5 2731//5 2228//5
f 2238//5 2741//5 2739//5 2236//5
f 2236//5 2739//5 2733//5 2230//5
f 2228//5 2731//5 2714//5 2206//5
f 2196//5 2704//5 2650//5 2117//5
f 1987//3 2109//3 2642//3 2520//3
f 1851//3 1973//3 2506//3 2384//3
f 2804//2 3307//2 3309//2 2806//2
f 2812//2 3315//2 3317//2 2814//2
f 2806//2 3309//2 3315//2 2812//2
f 2831//2 3339//2 3341//2 2833//2
f 2839//2 3347//2 3349//2 2841//2
f 2833//2 3341//2 3347//2 2839//2
f 2814//2 3317//2 3339//2 2831//2
f 3430//6 3432//6 2899//6 2897//6
f 3434//6 3436//6 2903//6 2901//6
f 3432//6 3434//6 2901//6 2899//6
f 3428//6 3430//6 2897//6 2895//6
f 3558//6 3560//6 3027//6 3025//6
f 3562//6 3564//6 3031//6 3029//6
f 3560//6 3562//6 3029//6 3027//6
f 3566//6 3568//6 3035//6 3033//6
f 3570//6 3572//6 3039//6 3037//6
f 3568//6 3570//6 3037//6 3035//6
f 3564//6 3566//6 3033//6 3031//6
f 2841//2 3349//2 3428//2 2895//2
f 3436//6 3558//6 3025//6 2903//6
f 3694//6 3696//6 3163//6 3161//6
f 3698//6 3700//6 3167//6 3165//6
f 3696//6 3698//6 3165//6 3163//6
f 3702//6 3704//6 3171//6 3169//6
f 3706//6 3708//6 3175//6 3173//6
f 3704//6 3706//6 3173//6 3171//6
f 3700//6 3702//6 3169//6 3167//6
f 3261//5 3764//5 3762//5 3259//5
f 3269//5 3772//5 3770//5 3267//5
f 3267//5 3770//5 3764//5 3261//5
f 3288//5 3796//5 3794//5 3286//5
f 3296//5 3804//5 3802//5 3294//5
f 3294//5 3802//5 3796//5 3288//5
f 3286//5 3794//5 3772//5 3269//5
f 3831//6 3833//6 3300//6 3298//6
f 3835//6 3837//6 3304//6 3302//6
f 3833//6 3835//6 3302//6 3300//6
f 3837//6 3839//6 3306//6 3304//6
f 3306//5 3839//5 3804//5 3296//5
f 3708//6 3831//6 3298//6 3175//6
f 3572//6 3694//6 3161//6 3039//6
f 1783//2 2286//2 3307//2 2804//2
f 3259//5 3762//5 2741//5 2238//5
