# Blender 5.1.2
# www.blender.org
mtllib exoraywire.mtl
o RenderMesh_17249768836
v -0.275774 -0.383393 -0.020179
v -0.275774 -0.383393 -0.006726
v -0.275774 -0.369940 -0.020179
v -0.275774 -0.369940 -0.006726
v -0.275774 -0.356488 -0.020179
v -0.275774 -0.356488 -0.006726
v -0.262321 -0.383393 -0.020179
v -0.262321 -0.383393 -0.006726
v -0.248869 -0.383393 -0.020179
v -0.248869 -0.383393 -0.006726
v -0.235417 -0.383393 -0.020179
v -0.235417 -0.383393 -0.006726
v -0.221964 -0.383393 -0.020179
v -0.221964 -0.383393 -0.006726
v -0.262321 -0.369940 -0.020179
v -0.262321 -0.356488 -0.020179
v -0.262321 -0.356488 -0.006726
v -0.248869 -0.369940 -0.020179
v -0.248869 -0.356488 -0.020179
v -0.248869 -0.356488 -0.006726
v -0.235417 -0.369940 -0.020179
v -0.235417 -0.356488 -0.020179
v -0.235417 -0.356488 -0.006726
v -0.221964 -0.369940 -0.020179
v -0.221964 -0.356488 -0.020179
v -0.221964 -0.356488 -0.006726
v -0.235417 -0.343036 -0.006726
v -0.221964 -0.343036 -0.006726
v -0.208512 -0.383393 -0.020179
v -0.208512 -0.383393 -0.006726
v -0.195059 -0.383393 -0.006726
v -0.181607 -0.383393 -0.006726
v -0.168155 -0.383393 -0.006726
v -0.208512 -0.369940 -0.020179
v -0.208512 -0.369940 -0.006726
v -0.208512 -0.356488 -0.020179
v -0.208512 -0.356488 -0.006726
v -0.195059 -0.369940 -0.020179
v -0.195059 -0.369940 -0.006726
v -0.195059 -0.356488 -0.020179
v -0.195059 -0.356488 -0.006726
v -0.208512 -0.343036 -0.006726
v -0.195059 -0.343036 -0.020179
v -0.195059 -0.343036 -0.006726
v -0.181607 -0.369940 -0.020179
v -0.181607 -0.369940 -0.006726
v -0.181607 -0.356488 -0.020179
v -0.168155 -0.369940 -0.020179
v -0.168155 -0.369940 -0.006726
v -0.168155 -0.356488 -0.020179
v -0.181607 -0.343036 -0.020179
v -0.181607 -0.343036 -0.006726
v -0.168155 -0.343036 -0.020179
v -0.168155 -0.343036 -0.006726
v -0.154702 -0.369940 -0.020179
v -0.154702 -0.369940 -0.006726
v -0.154702 -0.356488 -0.020179
v -0.141250 -0.369940 -0.020179
v -0.141250 -0.369940 -0.006726
v -0.141250 -0.356488 -0.020179
v -0.154702 -0.343036 -0.020179
v -0.154702 -0.343036 -0.006726
v -0.141250 -0.343036 -0.020179
v -0.141250 -0.343036 -0.006726
v -0.141250 -0.329583 -0.006726
v -0.127798 -0.369940 -0.020179
v -0.127798 -0.369940 -0.006726
v -0.127798 -0.356488 -0.020179
v -0.114345 -0.369940 -0.020179
v -0.114345 -0.369940 -0.006726
v -0.114345 -0.356488 -0.020179
v -0.114345 -0.356488 -0.006726
v -0.127798 -0.343036 -0.020179
v -0.127798 -0.343036 -0.006726
v -0.127798 -0.329583 -0.006726
v -0.114345 -0.343036 -0.020179
v -0.114345 -0.343036 -0.006726
v -0.114345 -0.329583 -0.006726
v -0.100893 -0.369940 -0.006726
v -0.100893 -0.356488 -0.020179
v -0.100893 -0.356488 -0.006726
v -0.087440 -0.369940 -0.006726
v -0.087440 -0.356488 -0.020179
v -0.087440 -0.356488 -0.006726
v -0.100893 -0.343036 -0.020179
v -0.100893 -0.343036 -0.006726
v -0.100893 -0.329583 -0.020179
v -0.100893 -0.329583 -0.006726
v -0.087440 -0.343036 -0.020179
v -0.087440 -0.329583 -0.020179
v -0.087440 -0.329583 -0.006726
v -0.073988 -0.369940 -0.006726
v -0.073988 -0.356488 -0.020179
v -0.073988 -0.356488 -0.006726
v -0.060536 -0.356488 -0.020179
v -0.060536 -0.356488 -0.006726
v -0.073988 -0.343036 -0.020179
v -0.073988 -0.329583 -0.020179
v -0.073988 -0.329583 -0.006726
v -0.060536 -0.343036 -0.020179
v -0.060536 -0.343036 -0.006726
v -0.060536 -0.329583 -0.020179
v -0.060536 -0.329583 -0.006726
v -0.047083 -0.356488 -0.006726
v -0.047083 -0.343036 -0.020179
v -0.047083 -0.343036 -0.006726
v -0.047083 -0.329583 -0.020179
v -0.047083 -0.329583 -0.006726
v -0.033631 -0.343036 -0.006726
v -0.033631 -0.329583 -0.020179
v -0.033631 -0.329583 -0.006726
v -0.020179 -0.329583 -0.020179
v -0.020179 -0.329583 -0.006726
v -0.073988 -0.316131 -0.006726
v -0.060536 -0.316131 -0.020179
v -0.060536 -0.316131 -0.006726
v -0.060536 -0.302679 -0.006726
v -0.047083 -0.316131 -0.020179
v -0.047083 -0.316131 -0.006726
v -0.047083 -0.302679 -0.020179
v -0.047083 -0.302679 -0.006726
v -0.033631 -0.316131 -0.020179
v -0.033631 -0.302679 -0.020179
v -0.033631 -0.302679 -0.006726
v -0.047083 -0.289226 -0.006726
v -0.033631 -0.289226 -0.020179
v -0.033631 -0.289226 -0.006726
v -0.020179 -0.316131 -0.020179
v -0.020179 -0.316131 -0.006726
v -0.020179 -0.302679 -0.020179
v -0.006726 -0.316131 -0.020179
v -0.006726 -0.316131 -0.006726
v -0.006726 -0.302679 -0.020179
v -0.006726 -0.302679 -0.006726
v -0.020179 -0.289226 -0.020179
v -0.020179 -0.289226 -0.006726
v -0.020179 -0.275774 -0.020179
v -0.020179 -0.275774 -0.006726
v -0.006726 -0.289226 -0.020179
v -0.006726 -0.275774 -0.020179
v -0.006726 -0.275774 -0.006726
v -0.006726 -0.262321 -0.020179
v -0.006726 -0.262321 -0.006726
v -0.275774 -0.383393 0.006726
v -0.275774 -0.383393 0.020179
v -0.275774 -0.369940 0.006726
v -0.275774 -0.369940 0.020179
v -0.275774 -0.356488 0.006726
v -0.275774 -0.356488 0.020179
v -0.262321 -0.383393 0.006726
v -0.262321 -0.383393 0.020179
v -0.248869 -0.383393 0.006726
v -0.248869 -0.383393 0.020179
v -0.235417 -0.383393 0.006726
v -0.235417 -0.383393 0.020179
v -0.221964 -0.383393 0.006726
v -0.221964 -0.383393 0.020179
v -0.262321 -0.369940 0.020179
v -0.262321 -0.356488 0.006726
v -0.262321 -0.356488 0.020179
v -0.248869 -0.369940 0.020179
v -0.248869 -0.356488 0.006726
v -0.248869 -0.356488 0.020179
v -0.235417 -0.369940 0.020179
v -0.235417 -0.356488 0.006726
v -0.235417 -0.356488 0.020179
v -0.221964 -0.369940 0.020179
v -0.221964 -0.356488 0.006726
v -0.221964 -0.356488 0.020179
v -0.235417 -0.343036 0.006726
v -0.221964 -0.343036 0.006726
v -0.208512 -0.383393 0.006726
v -0.208512 -0.383393 0.020179
v -0.195059 -0.383393 0.006726
v -0.181607 -0.383393 0.006726
v -0.168155 -0.383393 0.006726
v -0.208512 -0.369940 0.006726
v -0.208512 -0.369940 0.020179
v -0.208512 -0.356488 0.006726
v -0.208512 -0.356488 0.020179
v -0.195059 -0.369940 0.006726
v -0.195059 -0.369940 0.020179
v -0.195059 -0.356488 0.006726
v -0.195059 -0.356488 0.020179
v -0.208512 -0.343036 0.006726
v -0.195059 -0.343036 0.006726
v -0.195059 -0.343036 0.020179
v -0.181607 -0.369940 0.006726
v -0.181607 -0.369940 0.020179
v -0.181607 -0.356488 0.020179
v -0.168155 -0.369940 0.006726
v -0.168155 -0.369940 0.020179
v -0.168155 -0.356488 0.020179
v -0.181607 -0.343036 0.006726
v -0.181607 -0.343036 0.020179
v -0.168155 -0.343036 0.006726
v -0.168155 -0.343036 0.020179
v -0.154702 -0.369940 0.006726
v -0.154702 -0.369940 0.020179
v -0.154702 -0.356488 0.020179
v -0.141250 -0.369940 0.006726
v -0.141250 -0.369940 0.020179
v -0.141250 -0.356488 0.020179
v -0.154702 -0.343036 0.006726
v -0.154702 -0.343036 0.020179
v -0.141250 -0.343036 0.006726
v -0.141250 -0.343036 0.020179
v -0.141250 -0.329583 0.006726
v -0.127798 -0.369940 0.006726
v -0.127798 -0.369940 0.020179
v -0.127798 -0.356488 0.020179
v -0.114345 -0.369940 0.006726
v -0.114345 -0.369940 0.020179
v -0.114345 -0.356488 0.006726
v -0.114345 -0.356488 0.020179
v -0.127798 -0.343036 0.006726
v -0.127798 -0.343036 0.020179
v -0.127798 -0.329583 0.006726
v -0.114345 -0.343036 0.006726
v -0.114345 -0.343036 0.020179
v -0.114345 -0.329583 0.006726
v -0.100893 -0.369940 0.006726
v -0.100893 -0.356488 0.006726
v -0.100893 -0.356488 0.020179
v -0.087440 -0.369940 0.006726
v -0.087440 -0.356488 0.006726
v -0.087440 -0.356488 0.020179
v -0.100893 -0.343036 0.006726
v -0.100893 -0.343036 0.020179
v -0.100893 -0.329583 0.006726
v -0.100893 -0.329583 0.020179
v -0.087440 -0.343036 0.020179
v -0.087440 -0.329583 0.006726
v -0.087440 -0.329583 0.020179
v -0.073988 -0.369940 0.006726
v -0.073988 -0.356488 0.006726
v -0.073988 -0.356488 0.020179
v -0.060536 -0.356488 0.006726
v -0.060536 -0.356488 0.020179
v -0.073988 -0.343036 0.020179
v -0.073988 -0.329583 0.006726
v -0.073988 -0.329583 0.020179
v -0.060536 -0.343036 0.006726
v -0.060536 -0.343036 0.020179
v -0.060536 -0.329583 0.006726
v -0.060536 -0.329583 0.020179
v -0.047083 -0.356488 0.006726
v -0.047083 -0.343036 0.006726
v -0.047083 -0.343036 0.020179
v -0.047083 -0.329583 0.006726
v -0.047083 -0.329583 0.020179
v -0.033631 -0.343036 0.006726
v -0.033631 -0.329583 0.006726
v -0.033631 -0.329583 0.020179
v -0.020179 -0.329583 0.006726
v -0.020179 -0.329583 0.020179
v -0.073988 -0.316131 0.006726
v -0.060536 -0.316131 0.006726
v -0.060536 -0.316131 0.020179
v -0.060536 -0.302679 0.006726
v -0.047083 -0.316131 0.006726
v -0.047083 -0.316131 0.020179
v -0.047083 -0.302679 0.006726
v -0.047083 -0.302679 0.020179
v -0.033631 -0.316131 0.020179
v -0.033631 -0.302679 0.006726
v -0.033631 -0.302679 0.020179
v -0.047083 -0.289226 0.006726
v -0.033631 -0.289226 0.006726
v -0.033631 -0.289226 0.020179
v -0.020179 -0.316131 0.006726
v -0.020179 -0.316131 0.020179
v -0.020179 -0.302679 0.020179
v -0.006726 -0.316131 0.006726
v -0.006726 -0.316131 0.020179
v -0.006726 -0.302679 0.006726
v -0.006726 -0.302679 0.020179
v -0.020179 -0.289226 0.006726
v -0.020179 -0.289226 0.020179
v -0.020179 -0.275774 0.006726
v -0.020179 -0.275774 0.020179
v -0.006726 -0.289226 0.020179
v -0.006726 -0.275774 0.006726
v -0.006726 -0.275774 0.020179
v -0.006726 -0.262321 0.006726
v -0.006726 -0.262321 0.020179
v -0.773512 0.100893 -0.060536
v -0.760059 0.100893 -0.060536
v -0.773512 0.100893 -0.047083
v -0.773512 0.100893 -0.033631
v -0.760059 0.100893 -0.047083
v -0.760059 0.100893 -0.033631
v -0.773512 0.087440 -0.020179
v -0.773512 0.087440 -0.006726
v -0.773512 0.100893 -0.020179
v -0.773512 0.100893 -0.006726
v -0.760059 0.087440 -0.020179
v -0.760059 0.087440 -0.006726
v -0.760059 0.100893 -0.020179
v -0.773512 0.127798 -0.114345
v -0.760059 0.127798 -0.114345
v -0.773512 0.141250 -0.114345
v -0.773512 0.154702 -0.114345
v -0.760059 0.141250 -0.114345
v -0.760059 0.154702 -0.114345
v -0.773512 0.168155 -0.127798
v -0.773512 0.168155 -0.114345
v -0.773512 0.181607 -0.127798
v -0.773512 0.181607 -0.114345
v -0.760059 0.168155 -0.127798
v -0.760059 0.168155 -0.114345
v -0.760059 0.181607 -0.127798
v -0.773512 0.195060 -0.141250
v -0.773512 0.208512 -0.141250
v -0.760059 0.195060 -0.141250
v -0.760059 0.208512 -0.141250
v -0.773512 0.195060 -0.127798
v -0.773512 0.195060 -0.114345
v -0.773512 0.208512 -0.127798
v -0.773512 0.208512 -0.114345
v -0.760059 0.195060 -0.127798
v -0.773512 0.114345 -0.087440
v -0.773512 0.127798 -0.100893
v -0.773512 0.127798 -0.087440
v -0.760059 0.114345 -0.087440
v -0.760059 0.127798 -0.100893
v -0.760059 0.127798 -0.087440
v -0.773512 0.114345 -0.073988
v -0.773512 0.114345 -0.060536
v -0.773512 0.127798 -0.073988
v -0.773512 0.127798 -0.060536
v -0.760059 0.114345 -0.073988
v -0.760059 0.114345 -0.060536
v -0.773512 0.141250 -0.100893
v -0.773512 0.141250 -0.087440
v -0.773512 0.154702 -0.100893
v -0.773512 0.154702 -0.087441
v -0.773512 0.141250 -0.073988
v -0.773512 0.141250 -0.060536
v -0.773512 0.154702 -0.073988
v -0.773512 0.154702 -0.060536
v -0.773512 0.114345 -0.047083
v -0.773512 0.114345 -0.033631
v -0.773512 0.127798 -0.047083
v -0.773512 0.127798 -0.033631
v -0.773512 0.114345 -0.020179
v -0.773512 0.114345 -0.006726
v -0.773512 0.127798 -0.020179
v -0.773512 0.127798 -0.006726
v -0.773512 0.141250 -0.047083
v -0.773512 0.141250 -0.033631
v -0.773512 0.154702 -0.047083
v -0.773512 0.154702 -0.033631
v -0.773512 0.141250 -0.020179
v -0.773512 0.141250 -0.006726
v -0.773512 0.154702 -0.020179
v -0.773512 0.154702 -0.006726
v -0.760059 0.154702 -0.006726
v -0.773512 0.168155 -0.100893
v -0.773512 0.168155 -0.087441
v -0.773512 0.181607 -0.100893
v -0.773512 0.181607 -0.087441
v -0.773512 0.168155 -0.073988
v -0.773512 0.168155 -0.060536
v -0.773512 0.181607 -0.073988
v -0.773512 0.181607 -0.060536
v -0.760059 0.181607 -0.060536
v -0.773512 0.195060 -0.100893
v -0.773512 0.195060 -0.087441
v -0.773512 0.208512 -0.100893
v -0.773512 0.208512 -0.087441
v -0.773512 0.195060 -0.073988
v -0.773512 0.195060 -0.060536
v -0.773512 0.208512 -0.073988
v -0.773512 0.208512 -0.060536
v -0.760059 0.195060 -0.060536
v -0.760059 0.208512 -0.060536
v -0.773512 0.168155 -0.047083
v -0.773512 0.168155 -0.033631
v -0.773512 0.181607 -0.047083
v -0.773512 0.181607 -0.033631
v -0.760059 0.168155 -0.033631
v -0.760059 0.181607 -0.047083
v -0.760059 0.181607 -0.033631
v -0.773512 0.168155 -0.020179
v -0.773512 0.168155 -0.006726
v -0.760059 0.168155 -0.020179
v -0.760059 0.168155 -0.006726
v -0.746607 0.100893 -0.060536
v -0.733155 0.100893 -0.060536
v -0.719702 0.100893 -0.060536
v -0.706250 0.100893 -0.060536
v -0.746607 0.100893 -0.047083
v -0.746607 0.100893 -0.033631
v -0.733155 0.100893 -0.047083
v -0.733155 0.100893 -0.033631
v -0.746607 0.087440 -0.020179
v -0.746607 0.087440 -0.006726
v -0.746607 0.100893 -0.020179
v -0.733155 0.087440 -0.020179
v -0.733155 0.087440 -0.006726
v -0.733155 0.100893 -0.020179
v -0.719702 0.100893 -0.047083
v -0.719702 0.100893 -0.033631
v -0.706250 0.100893 -0.047083
v -0.706250 0.100893 -0.033631
v -0.719702 0.087440 -0.020179
v -0.719702 0.087440 -0.006726
v -0.719702 0.100893 -0.020179
v -0.706250 0.087440 -0.020179
v -0.706250 0.087440 -0.006726
v -0.706250 0.100893 -0.020179
v -0.706250 0.100893 -0.006726
v -0.746607 0.127798 -0.114345
v -0.733155 0.127798 -0.114345
v -0.746607 0.141250 -0.114345
v -0.746607 0.154702 -0.114345
v -0.733155 0.141250 -0.114345
v -0.733155 0.154702 -0.114345
v -0.719702 0.127798 -0.114345
v -0.706250 0.127798 -0.114345
v -0.719702 0.141250 -0.114345
v -0.719702 0.154702 -0.114345
v -0.706250 0.141250 -0.114345
v -0.706250 0.154702 -0.114345
v -0.746607 0.168155 -0.127798
v -0.746607 0.168155 -0.114345
v -0.746607 0.181607 -0.127798
v -0.733155 0.168155 -0.127798
v -0.733155 0.168155 -0.114345
v -0.733155 0.181607 -0.127798
v -0.746607 0.195060 -0.141250
v -0.746607 0.208512 -0.141250
v -0.733155 0.195060 -0.141250
v -0.733155 0.208512 -0.141250
v -0.746607 0.195060 -0.127798
v -0.733155 0.195060 -0.127798
v -0.719702 0.168155 -0.127798
v -0.719702 0.168155 -0.114345
v -0.719702 0.181607 -0.127798
v -0.706250 0.168155 -0.127798
v -0.706250 0.168155 -0.114345
v -0.706250 0.181607 -0.127798
v -0.706250 0.181607 -0.114345
v -0.719702 0.195060 -0.141250
v -0.719702 0.208512 -0.141250
v -0.706250 0.195060 -0.141250
v -0.706250 0.208512 -0.141250
v -0.719702 0.195060 -0.127798
v -0.706250 0.195060 -0.127798
v -0.706250 0.195060 -0.114345
v -0.706250 0.208512 -0.127798
v -0.706250 0.208512 -0.114345
v -0.746607 0.114345 -0.087440
v -0.746607 0.127798 -0.100893
v -0.746607 0.127798 -0.087440
v -0.733155 0.114345 -0.087440
v -0.733155 0.127798 -0.100893
v -0.733155 0.127798 -0.087440
v -0.746607 0.114345 -0.073988
v -0.746607 0.114345 -0.060536
v -0.733155 0.114345 -0.073988
v -0.733155 0.114345 -0.060536
v -0.719702 0.114345 -0.087440
v -0.719702 0.127798 -0.100893
v -0.719702 0.127798 -0.087440
v -0.706250 0.114345 -0.087440
v -0.706250 0.127798 -0.100893
v -0.706250 0.127798 -0.087440
v -0.719702 0.114345 -0.073988
v -0.719702 0.114345 -0.060536
v -0.706250 0.114345 -0.073988
v -0.706250 0.114345 -0.060536
v -0.706250 0.127798 -0.073988
v -0.706250 0.127798 -0.060536
v -0.706250 0.141250 -0.100893
v -0.706250 0.141250 -0.087440
v -0.706250 0.154702 -0.100893
v -0.706250 0.154702 -0.087441
v -0.706250 0.141250 -0.073988
v -0.706250 0.141250 -0.060536
v -0.706250 0.154702 -0.073988
v -0.706250 0.154702 -0.060536
v -0.746607 0.154702 -0.006726
v -0.706250 0.114345 -0.047083
v -0.706250 0.114345 -0.033631
v -0.706250 0.127798 -0.047083
v -0.706250 0.127798 -0.033631
v -0.706250 0.114345 -0.020179
v -0.706250 0.114345 -0.006726
v -0.706250 0.127798 -0.020179
v -0.706250 0.127798 -0.006726
v -0.706250 0.141250 -0.047083
v -0.706250 0.141250 -0.033631
v -0.706250 0.154702 -0.047083
v -0.706250 0.154702 -0.033631
v -0.706250 0.141250 -0.020179
v -0.706250 0.141250 -0.006726
v -0.706250 0.154702 -0.020179
v -0.706250 0.154702 -0.006726
v -0.746607 0.181607 -0.060536
v -0.746607 0.195060 -0.060536
v -0.746607 0.208512 -0.060536
v -0.706250 0.168155 -0.100893
v -0.706250 0.168155 -0.087441
v -0.706250 0.181607 -0.100893
v -0.706250 0.181607 -0.087441
v -0.706250 0.168155 -0.073988
v -0.706250 0.168155 -0.060536
v -0.706250 0.181607 -0.073988
v -0.706250 0.181607 -0.060536
v -0.706250 0.195060 -0.100893
v -0.706250 0.195060 -0.087441
v -0.706250 0.208512 -0.100893
v -0.706250 0.208512 -0.087441
v -0.706250 0.195060 -0.073988
v -0.706250 0.195060 -0.060536
v -0.706250 0.208512 -0.073988
v -0.706250 0.208512 -0.060536
v -0.746607 0.168155 -0.033631
v -0.746607 0.181607 -0.047083
v -0.746607 0.181607 -0.033631
v -0.746607 0.168155 -0.020179
v -0.746607 0.168155 -0.006726
v -0.746607 0.181607 -0.020179
v -0.746607 0.181607 -0.006726
v -0.746607 0.195060 -0.047083
v -0.746607 0.195060 -0.033631
v -0.746607 0.208512 -0.047083
v -0.746607 0.208512 -0.033631
v -0.746607 0.195060 -0.020179
v -0.746607 0.195060 -0.006726
v -0.746607 0.208512 -0.020179
v -0.746607 0.208512 -0.006726
v -0.706250 0.168155 -0.047083
v -0.706250 0.168155 -0.033631
v -0.706250 0.181607 -0.047083
v -0.706250 0.181607 -0.033631
v -0.706250 0.168155 -0.020179
v -0.706250 0.168155 -0.006726
v -0.706250 0.181607 -0.020179
v -0.706250 0.181607 -0.006726
v -0.706250 0.195060 -0.047083
v -0.706250 0.195060 -0.033631
v -0.706250 0.208512 -0.047083
v -0.706250 0.208512 -0.033631
v -0.706250 0.195060 -0.020179
v -0.706250 0.195060 -0.006726
v -0.706250 0.208512 -0.020179
v -0.706250 0.208512 -0.006726
v -0.773512 0.221964 -0.154702
v -0.773512 0.221964 -0.141250
v -0.773512 0.235417 -0.154702
v -0.773512 0.235417 -0.141250
v -0.760059 0.221964 -0.154702
v -0.760059 0.221964 -0.141250
v -0.760059 0.235417 -0.154702
v -0.773512 0.221964 -0.127798
v -0.773512 0.221964 -0.114345
v -0.773512 0.235417 -0.127798
v -0.773512 0.235417 -0.114345
v -0.773512 0.248869 -0.154702
v -0.773512 0.248869 -0.141250
v -0.773512 0.262321 -0.141250
v -0.760059 0.248869 -0.154702
v -0.760059 0.248869 -0.141250
v -0.760059 0.262321 -0.141250
v -0.773512 0.248869 -0.127798
v -0.773512 0.248869 -0.114345
v -0.773512 0.262321 -0.127798
v -0.773512 0.262321 -0.114345
v -0.773512 0.275774 -0.141250
v -0.760059 0.275774 -0.141250
v -0.773512 0.275774 -0.127798
v -0.773512 0.275774 -0.114345
v -0.773512 0.289226 -0.127798
v -0.773512 0.289226 -0.114345
v -0.760059 0.275774 -0.127798
v -0.760059 0.289226 -0.127798
v -0.773512 0.302679 -0.127798
v -0.773512 0.302679 -0.114345
v -0.773512 0.316131 -0.127798
v -0.773512 0.316131 -0.114345
v -0.760059 0.302679 -0.127798
v -0.760059 0.316131 -0.127798
v -0.760059 0.316131 -0.114345
v -0.773512 0.221964 -0.100893
v -0.773512 0.221964 -0.087441
v -0.773512 0.235417 -0.100893
v -0.773512 0.235417 -0.087441
v -0.773512 0.221964 -0.073988
v -0.773512 0.221964 -0.060536
v -0.773512 0.235417 -0.073988
v -0.760059 0.221964 -0.073988
v -0.760059 0.221964 -0.060536
v -0.760059 0.235417 -0.073988
v -0.773512 0.248869 -0.100893
v -0.773512 0.248869 -0.087441
v -0.773512 0.262321 -0.100893
v -0.773512 0.262321 -0.087441
v -0.773512 0.248869 -0.073988
v -0.773512 0.262321 -0.073988
v -0.773512 0.262321 -0.060536
v -0.760059 0.248869 -0.073988
v -0.760059 0.262321 -0.073988
v -0.760059 0.262321 -0.060536
v -0.773512 0.275774 -0.100893
v -0.773512 0.275774 -0.087441
v -0.773512 0.289226 -0.100893
v -0.773512 0.289226 -0.087441
v -0.773512 0.275774 -0.073988
v -0.773512 0.275774 -0.060536
v -0.773512 0.289226 -0.073988
v -0.773512 0.289226 -0.060536
v -0.760059 0.275774 -0.060536
v -0.760059 0.289226 -0.060536
v -0.773512 0.302679 -0.100893
v -0.773512 0.302679 -0.087441
v -0.773512 0.316131 -0.100893
v -0.773512 0.316131 -0.087441
v -0.773512 0.302679 -0.073988
v -0.773512 0.302679 -0.060536
v -0.773512 0.316131 -0.073988
v -0.773512 0.316131 -0.060536
v -0.773512 0.289226 -0.047083
v -0.760059 0.289226 -0.047083
v -0.773512 0.302679 -0.047083
v -0.773512 0.302679 -0.033631
v -0.773512 0.316131 -0.047083
v -0.773512 0.316131 -0.033631
v -0.760059 0.302679 -0.047083
v -0.760059 0.302679 -0.033631
v -0.773512 0.302679 -0.020179
v -0.773512 0.302679 -0.006726
v -0.773512 0.316131 -0.020179
v -0.773512 0.316131 -0.006726
v -0.760059 0.302679 -0.020179
v -0.760059 0.302679 -0.006726
v -0.760059 0.316131 -0.006726
v -0.773512 0.329583 -0.114345
v -0.773512 0.343036 -0.114345
v -0.760059 0.329583 -0.114345
v -0.760059 0.343036 -0.114345
v -0.773512 0.329583 -0.100893
v -0.773512 0.329583 -0.087441
v -0.773512 0.343036 -0.100893
v -0.773512 0.343036 -0.087441
v -0.760059 0.343036 -0.100893
v -0.773512 0.329583 -0.073988
v -0.773512 0.329583 -0.060536
v -0.773512 0.343036 -0.073988
v -0.773512 0.343036 -0.060536
v -0.773512 0.356488 -0.100893
v -0.773512 0.356488 -0.087441
v -0.760059 0.356488 -0.100893
v -0.760059 0.356488 -0.087441
v -0.773512 0.356488 -0.073988
v -0.773512 0.356488 -0.060536
v -0.773512 0.369940 -0.060536
v -0.760059 0.356488 -0.073988
v -0.760059 0.356488 -0.060536
v -0.760059 0.369940 -0.060536
v -0.773512 0.329583 -0.047083
v -0.773512 0.329583 -0.033631
v -0.773512 0.343036 -0.047083
v -0.773512 0.343036 -0.033631
v -0.773512 0.329583 -0.020179
v -0.773512 0.329583 -0.006726
v -0.773512 0.343036 -0.020179
v -0.773512 0.343036 -0.006726
v -0.773512 0.356488 -0.047083
v -0.773512 0.356488 -0.033631
v -0.773512 0.369940 -0.047083
v -0.773512 0.369940 -0.033631
v -0.760059 0.369940 -0.047083
v -0.760059 0.369940 -0.033631
v -0.773512 0.356488 -0.020179
v -0.773512 0.356488 -0.006726
v -0.773512 0.369940 -0.020179
v -0.773512 0.369940 -0.006726
v -0.773512 0.383393 -0.033631
v -0.760059 0.383393 -0.033631
v -0.773512 0.383393 -0.020179
v -0.773512 0.383393 -0.006726
v -0.760059 0.383393 -0.020179
v -0.760059 0.383393 -0.006726
v -0.746607 0.221964 -0.154702
v -0.746607 0.221964 -0.141250
v -0.746607 0.235417 -0.154702
v -0.733155 0.221964 -0.154702
v -0.733155 0.221964 -0.141250
v -0.733155 0.235417 -0.154702
v -0.746607 0.248869 -0.154702
v -0.746607 0.248869 -0.141250
v -0.746607 0.262321 -0.141250
v -0.733155 0.248869 -0.154702
v -0.733155 0.248869 -0.141250
v -0.733155 0.262321 -0.141250
v -0.719702 0.221964 -0.154702
v -0.719702 0.221964 -0.141250
v -0.719702 0.235417 -0.154702
v -0.706250 0.221964 -0.154702
v -0.706250 0.221964 -0.141250
v -0.706250 0.235417 -0.154702
v -0.706250 0.235417 -0.141250
v -0.706250 0.221964 -0.127798
v -0.706250 0.221964 -0.114345
v -0.706250 0.235417 -0.127798
v -0.706250 0.235417 -0.114345
v -0.719702 0.248869 -0.154702
v -0.719702 0.248869 -0.141250
v -0.719702 0.262321 -0.141250
v -0.706250 0.248869 -0.154702
v -0.706250 0.248869 -0.141250
v -0.706250 0.262321 -0.141250
v -0.706250 0.248869 -0.127798
v -0.706250 0.248869 -0.114345
v -0.706250 0.262321 -0.127798
v -0.706250 0.262321 -0.114345
v -0.746607 0.275774 -0.141250
v -0.733155 0.275774 -0.141250
v -0.746607 0.275774 -0.127798
v -0.746607 0.289226 -0.127798
v -0.733155 0.275774 -0.127798
v -0.733155 0.289226 -0.127798
v -0.746607 0.302679 -0.127798
v -0.746607 0.316131 -0.127798
v -0.746607 0.316131 -0.114345
v -0.733155 0.302679 -0.127798
v -0.733155 0.316131 -0.127798
v -0.733155 0.316131 -0.114345
v -0.719702 0.275774 -0.141250
v -0.706250 0.275774 -0.141250
v -0.719702 0.275774 -0.127798
v -0.719702 0.289226 -0.127798
v -0.706250 0.275774 -0.127798
v -0.706250 0.275774 -0.114345
v -0.706250 0.289226 -0.127798
v -0.706250 0.289226 -0.114345
v -0.719702 0.302679 -0.127798
v -0.719702 0.316131 -0.127798
v -0.719702 0.316131 -0.114345
v -0.706250 0.302679 -0.127798
v -0.706250 0.302679 -0.114345
v -0.706250 0.316131 -0.127798
v -0.706250 0.316131 -0.114345
v -0.746607 0.221964 -0.073988
v -0.746607 0.221964 -0.060536
v -0.746607 0.235417 -0.073988
v -0.746607 0.235417 -0.060536
v -0.746607 0.248869 -0.073988
v -0.746607 0.248869 -0.060536
v -0.746607 0.262321 -0.073988
v -0.746607 0.262321 -0.060536
v -0.706250 0.221964 -0.100893
v -0.706250 0.221964 -0.087441
v -0.706250 0.235417 -0.100893
v -0.706250 0.235417 -0.087441
v -0.706250 0.221964 -0.073988
v -0.706250 0.221964 -0.060536
v -0.706250 0.235417 -0.073988
v -0.706250 0.235417 -0.060536
v -0.706250 0.248869 -0.100893
v -0.706250 0.248869 -0.087441
v -0.706250 0.262321 -0.100893
v -0.706250 0.262321 -0.087441
v -0.706250 0.248869 -0.073988
v -0.706250 0.248869 -0.060536
v -0.706250 0.262321 -0.073988
v -0.706250 0.262321 -0.060536
v -0.746607 0.221964 -0.047083
v -0.746607 0.221964 -0.033631
v -0.746607 0.235417 -0.047083
v -0.746607 0.235417 -0.033631
v -0.746607 0.221964 -0.020179
v -0.746607 0.221964 -0.006726
v -0.746607 0.235417 -0.020179
v -0.746607 0.235417 -0.006726
v -0.746607 0.248869 -0.047083
v -0.746607 0.248869 -0.033631
v -0.746607 0.262321 -0.047083
v -0.746607 0.262321 -0.033631
v -0.746607 0.248869 -0.020179
v -0.746607 0.248869 -0.006726
v -0.746607 0.262321 -0.020179
v -0.746607 0.262321 -0.006726
v -0.706250 0.221964 -0.047083
v -0.706250 0.221964 -0.033631
v -0.706250 0.235417 -0.047083
v -0.706250 0.235417 -0.033631
v -0.706250 0.221964 -0.020179
v -0.706250 0.221964 -0.006726
v -0.706250 0.235417 -0.020179
v -0.706250 0.235417 -0.006726
v -0.706250 0.248869 -0.047083
v -0.706250 0.248869 -0.033631
v -0.706250 0.262321 -0.047083
v -0.706250 0.262321 -0.033631
v -0.706250 0.248869 -0.020179
v -0.706250 0.248869 -0.006726
v -0.706250 0.262321 -0.020179
v -0.706250 0.262321 -0.006726
v -0.746607 0.275774 -0.060536
v -0.746607 0.289226 -0.060536
v -0.706250 0.275774 -0.100893
v -0.706250 0.275774 -0.087441
v -0.706250 0.289226 -0.100893
v -0.706250 0.289226 -0.087441
v -0.706250 0.275774 -0.073988
v -0.706250 0.275774 -0.060536
v -0.706250 0.289226 -0.073988
v -0.706250 0.289226 -0.060536
v -0.706250 0.302679 -0.100893
v -0.706250 0.302679 -0.087441
v -0.706250 0.316131 -0.100893
v -0.706250 0.316131 -0.087441
v -0.706250 0.302679 -0.073988
v -0.706250 0.302679 -0.060536
v -0.706250 0.316131 -0.073988
v -0.706250 0.316131 -0.060536
v -0.746607 0.275774 -0.047083
v -0.746607 0.275774 -0.033631
v -0.746607 0.289226 -0.047083
v -0.746607 0.289226 -0.033631
v -0.746607 0.275774 -0.020179
v -0.746607 0.275774 -0.006726
v -0.746607 0.289226 -0.020179
v -0.746607 0.289226 -0.006726
v -0.746607 0.302679 -0.047083
v -0.746607 0.302679 -0.033631
v -0.746607 0.302679 -0.020179
v -0.746607 0.302679 -0.006726
v -0.746607 0.316131 -0.006726
v -0.706250 0.275774 -0.047083
v -0.706250 0.275774 -0.033631
v -0.706250 0.289226 -0.047083
v -0.706250 0.289226 -0.033631
v -0.706250 0.275774 -0.020179
v -0.706250 0.275774 -0.006726
v -0.706250 0.289226 -0.020179
v -0.706250 0.289226 -0.006726
v -0.706250 0.302679 -0.047083
v -0.706250 0.302679 -0.033631
v -0.706250 0.316131 -0.047083
v -0.706250 0.316131 -0.033631
v -0.706250 0.302679 -0.020179
v -0.706250 0.302679 -0.006726
v -0.706250 0.316131 -0.020179
v -0.706250 0.316131 -0.006726
v -0.746607 0.329583 -0.114345
v -0.746607 0.343036 -0.114345
v -0.733155 0.329583 -0.114345
v -0.733155 0.343036 -0.114345
v -0.719702 0.329583 -0.114345
v -0.719702 0.343036 -0.114345
v -0.706250 0.329583 -0.114345
v -0.706250 0.343036 -0.114345
v -0.746607 0.343036 -0.100893
v -0.733155 0.343036 -0.100893
v -0.746607 0.356488 -0.100893
v -0.746607 0.356488 -0.087441
v -0.733155 0.356488 -0.100893
v -0.733155 0.356488 -0.087441
v -0.746607 0.356488 -0.073988
v -0.746607 0.356488 -0.060536
v -0.746607 0.369940 -0.060536
v -0.733155 0.356488 -0.073988
v -0.733155 0.356488 -0.060536
v -0.733155 0.369940 -0.060536
v -0.719702 0.343036 -0.100893
v -0.706250 0.329583 -0.100893
v -0.706250 0.329583 -0.087441
v -0.706250 0.343036 -0.100893
v -0.706250 0.343036 -0.087441
v -0.706250 0.329583 -0.073988
v -0.706250 0.329583 -0.060536
v -0.706250 0.343036 -0.073988
v -0.706250 0.343036 -0.060536
v -0.719702 0.356488 -0.100893
v -0.719702 0.356488 -0.087441
v -0.706250 0.356488 -0.100893
v -0.706250 0.356488 -0.087441
v -0.719702 0.356488 -0.073988
v -0.719702 0.356488 -0.060536
v -0.719702 0.369940 -0.060536
v -0.706250 0.356488 -0.073988
v -0.706250 0.356488 -0.060536
v -0.706250 0.369940 -0.060536
v -0.746607 0.369940 -0.047083
v -0.746607 0.369940 -0.033631
v -0.733155 0.369940 -0.047083
v -0.733155 0.369940 -0.033631
v -0.706250 0.329583 -0.047083
v -0.706250 0.329583 -0.033631
v -0.706250 0.343036 -0.047083
v -0.706250 0.343036 -0.033631
v -0.706250 0.329583 -0.020179
v -0.706250 0.329583 -0.006726
v -0.706250 0.343036 -0.020179
v -0.706250 0.343036 -0.006726
v -0.719702 0.369940 -0.047083
v -0.719702 0.369940 -0.033631
v -0.706250 0.356488 -0.047083
v -0.706250 0.356488 -0.033631
v -0.706250 0.369940 -0.047083
v -0.706250 0.369940 -0.033631
v -0.706250 0.356488 -0.020179
v -0.706250 0.356488 -0.006726
v -0.706250 0.369940 -0.020179
v -0.706250 0.369940 -0.006726
v -0.746607 0.383393 -0.033631
v -0.733155 0.383393 -0.033631
v -0.746607 0.383393 -0.020179
v -0.746607 0.383393 -0.006726
v -0.733155 0.383393 -0.020179
v -0.733155 0.383393 -0.006726
v -0.719702 0.383393 -0.033631
v -0.706250 0.383393 -0.033631
v -0.719702 0.383393 -0.020179
v -0.719702 0.383393 -0.006726
v -0.706250 0.383393 -0.020179
v -0.706250 0.383393 -0.006726
v -0.127798 0.154702 -0.087441
v -0.114345 0.154702 -0.087441
v -0.127798 0.141250 -0.060536
v -0.127798 0.154702 -0.073988
v -0.127798 0.154702 -0.060536
v -0.114345 0.141250 -0.060536
v -0.114345 0.154702 -0.073988
v -0.114345 0.154702 -0.060536
v -0.127798 0.127798 -0.020179
v -0.127798 0.127798 -0.006726
v -0.114345 0.127798 -0.020179
v -0.114345 0.127798 -0.006726
v -0.127798 0.141250 -0.047083
v -0.127798 0.141250 -0.033631
v -0.127798 0.154702 -0.047083
v -0.127798 0.154702 -0.033631
v -0.114345 0.141250 -0.047083
v -0.114345 0.141250 -0.033631
v -0.127798 0.141250 -0.020179
v -0.127798 0.141250 -0.006726
v -0.127798 0.154702 -0.020179
v -0.127798 0.154702 -0.006726
v -0.114345 0.141250 -0.020179
v -0.127798 0.168155 -0.087441
v -0.127798 0.181607 -0.087441
v -0.114345 0.168155 -0.087441
v -0.114345 0.181607 -0.087441
v -0.127798 0.168155 -0.073988
v -0.127798 0.168155 -0.060536
v -0.127798 0.181607 -0.073988
v -0.127798 0.181607 -0.060536
v -0.127798 0.195060 -0.100893
v -0.127798 0.195060 -0.087441
v -0.127798 0.208512 -0.100893
v -0.127798 0.208512 -0.087441
v -0.114345 0.195060 -0.100893
v -0.114345 0.195060 -0.087441
v -0.114345 0.208512 -0.100893
v -0.127798 0.195060 -0.073988
v -0.127798 0.195060 -0.060536
v -0.127798 0.208512 -0.073988
v -0.127798 0.208512 -0.060536
v -0.127798 0.168155 -0.047083
v -0.127798 0.168155 -0.033631
v -0.127798 0.181607 -0.047083
v -0.127798 0.181607 -0.033631
v -0.127798 0.168155 -0.020179
v -0.127798 0.168155 -0.006726
v -0.127798 0.181607 -0.020179
v -0.127798 0.181607 -0.006726
v -0.127798 0.195060 -0.047083
v -0.127798 0.195060 -0.033631
v -0.127798 0.208512 -0.047083
v -0.127798 0.208512 -0.033631
v -0.127798 0.195060 -0.020179
v -0.127798 0.195060 -0.006726
v -0.127798 0.208512 -0.020179
v -0.127798 0.208512 -0.006726
v -0.100893 0.154702 -0.087441
v -0.087440 0.154702 -0.087441
v -0.100893 0.141250 -0.060536
v -0.100893 0.154702 -0.073988
v -0.100893 0.154702 -0.060536
v -0.087440 0.141250 -0.060536
v -0.087440 0.154702 -0.073988
v -0.087440 0.154702 -0.060536
v -0.073988 0.154702 -0.087441
v -0.073988 0.141250 -0.060536
v -0.073988 0.154702 -0.073988
v -0.073988 0.154702 -0.060536
v -0.100893 0.127798 -0.020179
v -0.100893 0.127798 -0.006726
v -0.087440 0.127798 -0.020179
v -0.087440 0.127798 -0.006726
v -0.100893 0.141250 -0.047083
v -0.100893 0.141250 -0.033631
v -0.087440 0.141250 -0.047083
v -0.087440 0.141250 -0.033631
v -0.100893 0.141250 -0.020179
v -0.087440 0.141250 -0.020179
v -0.073988 0.127798 -0.020179
v -0.073988 0.127798 -0.006726
v -0.073988 0.141250 -0.047083
v -0.073988 0.141250 -0.033631
v -0.073988 0.154702 -0.047083
v -0.073988 0.154702 -0.033631
v -0.073988 0.141250 -0.020179
v -0.073988 0.141250 -0.006726
v -0.073988 0.154702 -0.020179
v -0.073988 0.154702 -0.006726
v -0.100893 0.168155 -0.087441
v -0.100893 0.181607 -0.087441
v -0.087440 0.168155 -0.087441
v -0.087440 0.181607 -0.087441
v -0.100893 0.195060 -0.100893
v -0.100893 0.195060 -0.087441
v -0.100893 0.208512 -0.100893
v -0.087440 0.195060 -0.100893
v -0.087440 0.195060 -0.087441
v -0.087440 0.208512 -0.100893
v -0.073988 0.168155 -0.087441
v -0.073988 0.181607 -0.087441
v -0.073988 0.168155 -0.073988
v -0.073988 0.168155 -0.060536
v -0.073988 0.181607 -0.073988
v -0.073988 0.181607 -0.060536
v -0.073988 0.195060 -0.100893
v -0.073988 0.195060 -0.087441
v -0.073988 0.208512 -0.100893
v -0.073988 0.208512 -0.087441
v -0.073988 0.195060 -0.073988
v -0.073988 0.195060 -0.060536
v -0.073988 0.208512 -0.073988
v -0.073988 0.208512 -0.060536
v -0.073988 0.168155 -0.047083
v -0.073988 0.168155 -0.033631
v -0.073988 0.181607 -0.047083
v -0.073988 0.181607 -0.033631
v -0.073988 0.168155 -0.020179
v -0.073988 0.168155 -0.006726
v -0.073988 0.181607 -0.020179
v -0.073988 0.181607 -0.006726
v -0.073988 0.195060 -0.047083
v -0.073988 0.195060 -0.033631
v -0.073988 0.208512 -0.047083
v -0.073988 0.208512 -0.033631
v -0.073988 0.195060 -0.020179
v -0.073988 0.195060 -0.006726
v -0.073988 0.208512 -0.020179
v -0.073988 0.208512 -0.006726
v -0.006726 0.154702 -0.087441
v -0.006726 0.141250 -0.060536
v -0.006726 0.154702 -0.073988
v -0.006726 0.154702 -0.060536
v -0.006726 0.127798 -0.020179
v -0.006726 0.127798 -0.006726
v -0.006726 0.141250 -0.047083
v -0.006726 0.141250 -0.033631
v -0.006726 0.154702 -0.047083
v -0.006726 0.154702 -0.033631
v -0.006726 0.141250 -0.020179
v -0.006726 0.141250 -0.006726
v -0.006726 0.154702 -0.020179
v -0.006726 0.154702 -0.006726
v -0.006726 0.168155 -0.087441
v -0.006726 0.181607 -0.087441
v -0.006726 0.168155 -0.073988
v -0.006726 0.168155 -0.060536
v -0.006726 0.181607 -0.073988
v -0.006726 0.181607 -0.060536
v -0.006726 0.195060 -0.100893
v -0.006726 0.195060 -0.087441
v -0.006726 0.208512 -0.100893
v -0.006726 0.208512 -0.087441
v -0.006726 0.195060 -0.073988
v -0.006726 0.195060 -0.060536
v -0.006726 0.208512 -0.073988
v -0.006726 0.208512 -0.060536
v -0.006726 0.168155 -0.047083
v -0.006726 0.168155 -0.033631
v -0.006726 0.181607 -0.047083
v -0.006726 0.181607 -0.033631
v -0.006726 0.168155 -0.020179
v -0.006726 0.168155 -0.006726
v -0.006726 0.181607 -0.020179
v -0.006726 0.181607 -0.006726
v -0.006726 0.195060 -0.047083
v -0.006726 0.195060 -0.033631
v -0.006726 0.208512 -0.047083
v -0.006726 0.208512 -0.033631
v -0.006726 0.195060 -0.020179
v -0.006726 0.195060 -0.006726
v -0.006726 0.208512 -0.020179
v -0.006726 0.208512 -0.006726
v -0.127798 0.221964 -0.114345
v -0.127798 0.235417 -0.114345
v -0.114345 0.221964 -0.114345
v -0.114345 0.235417 -0.114345
v -0.127798 0.248869 -0.114345
v -0.114345 0.248869 -0.114345
v -0.127798 0.221964 -0.100893
v -0.127798 0.221964 -0.087441
v -0.127798 0.235417 -0.100893
v -0.127798 0.235417 -0.087441
v -0.114345 0.221964 -0.100893
v -0.127798 0.221964 -0.073988
v -0.127798 0.221964 -0.060536
v -0.127798 0.235417 -0.073988
v -0.127798 0.235417 -0.060536
v -0.127798 0.248869 -0.100893
v -0.127798 0.248869 -0.087441
v -0.127798 0.262321 -0.100893
v -0.127798 0.262321 -0.087441
v -0.114345 0.248869 -0.100893
v -0.114345 0.262321 -0.100893
v -0.127798 0.248869 -0.073988
v -0.127798 0.248869 -0.060536
v -0.127798 0.262321 -0.073988
v -0.127798 0.262321 -0.060536
v -0.127798 0.221964 -0.047083
v -0.127798 0.221964 -0.033631
v -0.127798 0.235417 -0.047083
v -0.127798 0.235417 -0.033631
v -0.127798 0.221964 -0.020179
v -0.127798 0.221964 -0.006726
v -0.127798 0.235417 -0.020179
v -0.127798 0.235417 -0.006726
v -0.127798 0.248869 -0.047083
v -0.127798 0.248869 -0.033631
v -0.127798 0.262321 -0.047083
v -0.127798 0.262321 -0.033631
v -0.127798 0.248869 -0.020179
v -0.127798 0.248869 -0.006726
v -0.127798 0.262321 -0.020179
v -0.127798 0.262321 -0.006726
v -0.127798 0.275774 -0.100893
v -0.127798 0.275774 -0.087441
v -0.127798 0.289226 -0.100893
v -0.127798 0.289226 -0.087441
v -0.114345 0.275774 -0.100893
v -0.114345 0.289226 -0.100893
v -0.114345 0.289226 -0.087441
v -0.127798 0.275774 -0.073988
v -0.127798 0.275774 -0.060536
v -0.127798 0.289226 -0.073988
v -0.127798 0.289226 -0.060536
v -0.127798 0.302679 -0.087441
v -0.127798 0.316131 -0.087441
v -0.114345 0.302679 -0.087441
v -0.114345 0.316131 -0.087441
v -0.127798 0.302679 -0.073988
v -0.127798 0.302679 -0.060536
v -0.127798 0.316131 -0.073988
v -0.127798 0.316131 -0.060536
v -0.114345 0.316131 -0.073988
v -0.114345 0.316131 -0.060536
v -0.127798 0.275774 -0.047083
v -0.127798 0.275774 -0.033631
v -0.127798 0.289226 -0.047083
v -0.127798 0.289226 -0.033631
v -0.127798 0.275774 -0.020179
v -0.127798 0.275774 -0.006726
v -0.127798 0.289226 -0.020179
v -0.127798 0.289226 -0.006726
v -0.127798 0.302679 -0.047083
v -0.127798 0.302679 -0.033631
v -0.127798 0.316131 -0.047083
v -0.127798 0.316131 -0.033631
v -0.127798 0.302679 -0.020179
v -0.127798 0.302679 -0.006726
v -0.127798 0.316131 -0.020179
v -0.127798 0.316131 -0.006726
v -0.127798 0.329583 -0.060536
v -0.114345 0.329583 -0.060536
v -0.127798 0.329583 -0.047083
v -0.127798 0.329583 -0.033631
v -0.127798 0.343036 -0.033631
v -0.114345 0.329583 -0.047083
v -0.114345 0.329583 -0.033631
v -0.114345 0.343036 -0.033631
v -0.127798 0.329583 -0.020179
v -0.127798 0.329583 -0.006726
v -0.127798 0.343036 -0.020179
v -0.127798 0.343036 -0.006726
v -0.114345 0.343036 -0.020179
v -0.114345 0.343036 -0.006726
v -0.127798 0.356488 -0.006726
v -0.114345 0.356488 -0.006726
v -0.100893 0.221964 -0.114345
v -0.100893 0.235417 -0.114345
v -0.087440 0.221964 -0.114345
v -0.087440 0.235417 -0.114345
v -0.100893 0.248869 -0.114345
v -0.087440 0.248869 -0.114345
v -0.073988 0.221964 -0.114345
v -0.073988 0.235417 -0.114345
v -0.073988 0.248869 -0.114345
v -0.006726 0.221964 -0.114345
v -0.006726 0.235417 -0.114345
v -0.006726 0.248869 -0.114345
v -0.100893 0.221964 -0.100893
v -0.087440 0.221964 -0.100893
v -0.100893 0.248869 -0.100893
v -0.100893 0.262321 -0.100893
v -0.087440 0.248869 -0.100893
v -0.087440 0.262321 -0.100893
v -0.073988 0.221964 -0.100893
v -0.073988 0.221964 -0.087441
v -0.073988 0.235417 -0.100893
v -0.073988 0.235417 -0.087441
v -0.073988 0.221964 -0.073988
v -0.073988 0.221964 -0.060536
v -0.073988 0.235417 -0.073988
v -0.073988 0.235417 -0.060536
v -0.073988 0.248869 -0.100893
v -0.073988 0.248869 -0.087441
v -0.073988 0.262321 -0.100893
v -0.073988 0.262321 -0.087441
v -0.073988 0.248869 -0.073988
v -0.073988 0.248869 -0.060536
v -0.073988 0.262321 -0.073988
v -0.073988 0.262321 -0.060536
v -0.073988 0.221964 -0.047083
v -0.073988 0.221964 -0.033631
v -0.073988 0.235417 -0.047083
v -0.073988 0.235417 -0.033631
v -0.073988 0.221964 -0.020179
v -0.073988 0.221964 -0.006726
v -0.073988 0.235417 -0.020179
v -0.073988 0.235417 -0.006726
v -0.073988 0.248869 -0.047083
v -0.073988 0.248869 -0.033631
v -0.073988 0.262321 -0.047083
v -0.073988 0.262321 -0.033631
v -0.073988 0.248869 -0.020179
v -0.073988 0.248869 -0.006726
v -0.073988 0.262321 -0.020179
v -0.073988 0.262321 -0.006726
v -0.100893 0.275774 -0.100893
v -0.100893 0.289226 -0.100893
v -0.100893 0.289226 -0.087441
v -0.087440 0.275774 -0.100893
v -0.087440 0.289226 -0.100893
v -0.087440 0.289226 -0.087441
v -0.100893 0.302679 -0.087441
v -0.100893 0.316131 -0.087441
v -0.087440 0.302679 -0.087441
v -0.087440 0.316131 -0.087441
v -0.100893 0.316131 -0.073988
v -0.100893 0.316131 -0.060536
v -0.087440 0.316131 -0.073988
v -0.087440 0.316131 -0.060536
v -0.073988 0.275774 -0.100893
v -0.073988 0.275774 -0.087441
v -0.073988 0.289226 -0.100893
v -0.073988 0.289226 -0.087441
v -0.073988 0.275774 -0.073988
v -0.073988 0.275774 -0.060536
v -0.073988 0.289226 -0.073988
v -0.073988 0.289226 -0.060536
v -0.073988 0.302679 -0.087441
v -0.073988 0.316131 -0.087441
v -0.073988 0.302679 -0.073988
v -0.073988 0.302679 -0.060536
v -0.073988 0.316131 -0.073988
v -0.073988 0.316131 -0.060536
v -0.073988 0.275774 -0.047083
v -0.073988 0.275774 -0.033631
v -0.073988 0.289226 -0.047083
v -0.073988 0.289226 -0.033631
v -0.073988 0.275774 -0.020179
v -0.073988 0.275774 -0.006726
v -0.073988 0.289226 -0.020179
v -0.073988 0.289226 -0.006726
v -0.073988 0.302679 -0.047083
v -0.073988 0.302679 -0.033631
v -0.073988 0.316131 -0.047083
v -0.073988 0.316131 -0.033631
v -0.073988 0.302679 -0.020179
v -0.073988 0.302679 -0.006726
v -0.073988 0.316131 -0.020179
v -0.073988 0.316131 -0.006726
v -0.006726 0.221964 -0.100893
v -0.006726 0.221964 -0.087441
v -0.006726 0.235417 -0.100893
v -0.006726 0.235417 -0.087441
v -0.006726 0.221964 -0.073988
v -0.006726 0.221964 -0.060536
v -0.006726 0.235417 -0.073988
v -0.006726 0.235417 -0.060536
v -0.006726 0.248869 -0.100893
v -0.006726 0.248869 -0.087441
v -0.006726 0.262321 -0.100893
v -0.006726 0.262321 -0.087441
v -0.006726 0.248869 -0.073988
v -0.006726 0.248869 -0.060536
v -0.006726 0.262321 -0.073988
v -0.006726 0.262321 -0.060536
v -0.006726 0.221964 -0.047083
v -0.006726 0.221964 -0.033631
v -0.006726 0.235417 -0.047083
v -0.006726 0.235417 -0.033631
v -0.006726 0.221964 -0.020179
v -0.006726 0.221964 -0.006726
v -0.006726 0.235417 -0.020179
v -0.006726 0.235417 -0.006726
v -0.006726 0.248869 -0.047083
v -0.006726 0.248869 -0.033631
v -0.006726 0.262321 -0.047083
v -0.006726 0.262321 -0.033631
v -0.006726 0.248869 -0.020179
v -0.006726 0.248869 -0.006726
v -0.006726 0.262321 -0.020179
v -0.006726 0.262321 -0.006726
v -0.006726 0.275774 -0.100893
v -0.006726 0.275774 -0.087441
v -0.006726 0.289226 -0.100893
v -0.006726 0.289226 -0.087441
v -0.006726 0.275774 -0.073988
v -0.006726 0.275774 -0.060536
v -0.006726 0.289226 -0.073988
v -0.006726 0.289226 -0.060536
v -0.006726 0.302679 -0.087441
v -0.006726 0.316131 -0.087441
v -0.006726 0.302679 -0.073988
v -0.006726 0.302679 -0.060536
v -0.006726 0.316131 -0.073988
v -0.006726 0.316131 -0.060536
v -0.006726 0.275774 -0.047083
v -0.006726 0.275774 -0.033631
v -0.006726 0.289226 -0.047083
v -0.006726 0.289226 -0.033631
v -0.006726 0.275774 -0.020179
v -0.006726 0.275774 -0.006726
v -0.006726 0.289226 -0.020179
v -0.006726 0.289226 -0.006726
v -0.006726 0.302679 -0.047083
v -0.006726 0.302679 -0.033631
v -0.006726 0.316131 -0.047083
v -0.006726 0.316131 -0.033631
v -0.006726 0.302679 -0.020179
v -0.006726 0.302679 -0.006726
v -0.006726 0.316131 -0.020179
v -0.006726 0.316131 -0.006726
v -0.100893 0.329583 -0.060536
v -0.087440 0.329583 -0.060536
v -0.073988 0.329583 -0.060536
v -0.100893 0.329583 -0.047083
v -0.100893 0.329583 -0.033631
v -0.100893 0.343036 -0.033631
v -0.087440 0.329583 -0.047083
v -0.087440 0.329583 -0.033631
v -0.087440 0.343036 -0.033631
v -0.100893 0.343036 -0.020179
v -0.100893 0.343036 -0.006726
v -0.087440 0.343036 -0.020179
v -0.087440 0.343036 -0.006726
v -0.100893 0.356488 -0.006726
v -0.087440 0.356488 -0.006726
v -0.073988 0.329583 -0.047083
v -0.073988 0.329583 -0.033631
v -0.073988 0.343036 -0.033631
v -0.073988 0.329583 -0.020179
v -0.073988 0.329583 -0.006726
v -0.073988 0.343036 -0.020179
v -0.073988 0.343036 -0.006726
v -0.073988 0.356488 -0.006726
v -0.006726 0.329583 -0.060536
v -0.006726 0.329583 -0.047083
v -0.006726 0.329583 -0.033631
v -0.006726 0.343036 -0.033631
v -0.006726 0.329583 -0.020179
v -0.006726 0.329583 -0.006726
v -0.006726 0.343036 -0.020179
v -0.006726 0.343036 -0.006726
v -0.006726 0.356488 -0.006726
v -0.773512 0.087440 0.006726
v -0.773512 0.087440 0.020179
v -0.773512 0.100893 0.006726
v -0.773512 0.100893 0.020179
v -0.760059 0.087440 0.006726
v -0.760059 0.087440 0.020179
v -0.760059 0.100893 0.020179
v -0.773512 0.100893 0.033631
v -0.773512 0.100893 0.047083
v -0.760059 0.100893 0.033631
v -0.760059 0.100893 0.047083
v -0.773512 0.100893 0.060536
v -0.760059 0.100893 0.060536
v -0.773512 0.114345 0.006726
v -0.773512 0.114345 0.020179
v -0.773512 0.127798 0.006726
v -0.773512 0.127798 0.020179
v -0.773512 0.114345 0.033631
v -0.773512 0.114345 0.047083
v -0.773512 0.127798 0.033631
v -0.773512 0.127798 0.047083
v -0.773512 0.141250 0.006726
v -0.773512 0.141250 0.020179
v -0.773512 0.154702 0.006726
v -0.773512 0.154702 0.020179
v -0.760059 0.154702 0.006726
v -0.773512 0.141250 0.033631
v -0.773512 0.141250 0.047083
v -0.773512 0.154702 0.033631
v -0.773512 0.154702 0.047083
v -0.773512 0.114345 0.060536
v -0.773512 0.114345 0.073988
v -0.773512 0.127798 0.060536
v -0.773512 0.127798 0.073988
v -0.760059 0.114345 0.060536
v -0.760059 0.114345 0.073988
v -0.773512 0.114345 0.087440
v -0.773512 0.127798 0.087440
v -0.773512 0.127798 0.100893
v -0.760059 0.114345 0.087440
v -0.760059 0.127798 0.087440
v -0.760059 0.127798 0.100893
v -0.773512 0.141250 0.060536
v -0.773512 0.141250 0.073988
v -0.773512 0.154702 0.060536
v -0.773512 0.154702 0.073988
v -0.773512 0.141250 0.087440
v -0.773512 0.141250 0.100893
v -0.773512 0.154702 0.087440
v -0.773512 0.154702 0.100893
v -0.773512 0.168155 0.006726
v -0.773512 0.168155 0.020179
v -0.760059 0.168155 0.006726
v -0.760059 0.168155 0.020179
v -0.773512 0.168155 0.033631
v -0.773512 0.168155 0.047083
v -0.773512 0.181607 0.033631
v -0.773512 0.181607 0.047083
v -0.760059 0.168155 0.033631
v -0.760059 0.181607 0.033631
v -0.760059 0.181607 0.047083
v -0.773512 0.168155 0.060536
v -0.773512 0.168155 0.073988
v -0.773512 0.181607 0.060536
v -0.773512 0.181607 0.073988
v -0.760059 0.181607 0.060536
v -0.773512 0.168155 0.087440
v -0.773512 0.168155 0.100893
v -0.773512 0.181607 0.087440
v -0.773512 0.181607 0.100893
v -0.773512 0.195060 0.060536
v -0.773512 0.195060 0.073988
v -0.773512 0.208512 0.060536
v -0.773512 0.208512 0.073988
v -0.760059 0.195060 0.060536
v -0.760059 0.208512 0.060536
v -0.773512 0.195060 0.087440
v -0.773512 0.195060 0.100893
v -0.773512 0.208512 0.087440
v -0.773512 0.208512 0.100893
v -0.773512 0.127798 0.114345
v -0.760059 0.127798 0.114345
v -0.773512 0.141250 0.114345
v -0.773512 0.154702 0.114345
v -0.760059 0.141250 0.114345
v -0.760059 0.154702 0.114345
v -0.773512 0.168155 0.114345
v -0.773512 0.168155 0.127798
v -0.773512 0.181607 0.114345
v -0.773512 0.181607 0.127798
v -0.760059 0.168155 0.114345
v -0.760059 0.168155 0.127798
v -0.760059 0.181607 0.127798
v -0.773512 0.195060 0.114345
v -0.773512 0.195060 0.127798
v -0.773512 0.208512 0.114345
v -0.773512 0.208512 0.127798
v -0.760059 0.195060 0.127798
v -0.773512 0.195060 0.141250
v -0.773512 0.208512 0.141250
v -0.760059 0.195060 0.141250
v -0.760059 0.208512 0.141250
v -0.746607 0.087440 0.006726
v -0.746607 0.087440 0.020179
v -0.746607 0.100893 0.020179
v -0.733155 0.087440 0.006726
v -0.733155 0.087440 0.020179
v -0.733155 0.100893 0.020179
v -0.746607 0.100893 0.033631
v -0.746607 0.100893 0.047083
v -0.733155 0.100893 0.033631
v -0.733155 0.100893 0.047083
v -0.719702 0.087440 0.006726
v -0.719702 0.087440 0.020179
v -0.719702 0.100893 0.020179
v -0.706250 0.087440 0.006726
v -0.706250 0.087440 0.020179
v -0.706250 0.100893 0.006726
v -0.706250 0.100893 0.020179
v -0.719702 0.100893 0.033631
v -0.719702 0.100893 0.047083
v -0.706250 0.100893 0.033631
v -0.706250 0.100893 0.047083
v -0.746607 0.100893 0.060536
v -0.733155 0.100893 0.060536
v -0.719702 0.100893 0.060536
v -0.706250 0.100893 0.060536
v -0.746607 0.154702 0.006726
v -0.706250 0.114345 0.006726
v -0.706250 0.114345 0.020179
v -0.706250 0.127798 0.006726
v -0.706250 0.127798 0.020179
v -0.706250 0.114345 0.033631
v -0.706250 0.114345 0.047083
v -0.706250 0.127798 0.033631
v -0.706250 0.127798 0.047083
v -0.706250 0.141250 0.006726
v -0.706250 0.141250 0.020179
v -0.706250 0.154702 0.006726
v -0.706250 0.154702 0.020179
v -0.706250 0.141250 0.033631
v -0.706250 0.141250 0.047083
v -0.706250 0.154702 0.033631
v -0.706250 0.154702 0.047083
v -0.746607 0.114345 0.060536
v -0.746607 0.114345 0.073988
v -0.733155 0.114345 0.060536
v -0.733155 0.114345 0.073988
v -0.746607 0.114345 0.087440
v -0.746607 0.127798 0.087440
v -0.746607 0.127798 0.100893
v -0.733155 0.114345 0.087440
v -0.733155 0.127798 0.087440
v -0.733155 0.127798 0.100893
v -0.719702 0.114345 0.060536
v -0.719702 0.114345 0.073988
v -0.706250 0.114345 0.060536
v -0.706250 0.114345 0.073988
v -0.706250 0.127798 0.060536
v -0.706250 0.127798 0.073988
v -0.719702 0.114345 0.087440
v -0.719702 0.127798 0.087440
v -0.719702 0.127798 0.100893
v -0.706250 0.114345 0.087440
v -0.706250 0.127798 0.087440
v -0.706250 0.127798 0.100893
v -0.706250 0.141250 0.060536
v -0.706250 0.141250 0.073988
v -0.706250 0.154702 0.060536
v -0.706250 0.154702 0.073988
v -0.706250 0.141250 0.087440
v -0.706250 0.141250 0.100893
v -0.706250 0.154702 0.087440
v -0.706250 0.154702 0.100893
v -0.746607 0.168155 0.006726
v -0.746607 0.168155 0.020179
v -0.746607 0.181607 0.006726
v -0.746607 0.181607 0.020179
v -0.746607 0.168155 0.033631
v -0.746607 0.181607 0.033631
v -0.746607 0.181607 0.047083
v -0.746607 0.195060 0.006726
v -0.746607 0.195060 0.020179
v -0.746607 0.208512 0.006726
v -0.746607 0.208512 0.020179
v -0.746607 0.195060 0.033631
v -0.746607 0.195060 0.047083
v -0.746607 0.208512 0.033631
v -0.746607 0.208512 0.047083
v -0.706250 0.168155 0.006726
v -0.706250 0.168155 0.020179
v -0.706250 0.181607 0.006726
v -0.706250 0.181607 0.020179
v -0.706250 0.168155 0.033631
v -0.706250 0.168155 0.047083
v -0.706250 0.181607 0.033631
v -0.706250 0.181607 0.047083
v -0.706250 0.195060 0.006726
v -0.706250 0.195060 0.020179
v -0.706250 0.208512 0.006726
v -0.706250 0.208512 0.020179
v -0.706250 0.195060 0.033631
v -0.706250 0.195060 0.047083
v -0.706250 0.208512 0.033631
v -0.706250 0.208512 0.047083
v -0.746607 0.181607 0.060536
v -0.746607 0.195060 0.060536
v -0.746607 0.208512 0.060536
v -0.706250 0.168155 0.060536
v -0.706250 0.168155 0.073988
v -0.706250 0.181607 0.060536
v -0.706250 0.181607 0.073988
v -0.706250 0.168155 0.087440
v -0.706250 0.168155 0.100893
v -0.706250 0.181607 0.087440
v -0.706250 0.181607 0.100893
v -0.706250 0.195060 0.060536
v -0.706250 0.195060 0.073988
v -0.706250 0.208512 0.060536
v -0.706250 0.208512 0.073988
v -0.706250 0.195060 0.087440
v -0.706250 0.195060 0.100893
v -0.706250 0.208512 0.087440
v -0.706250 0.208512 0.100893
v -0.746607 0.127798 0.114345
v -0.733155 0.127798 0.114345
v -0.746607 0.141250 0.114345
v -0.746607 0.154702 0.114345
v -0.733155 0.141250 0.114345
v -0.733155 0.154702 0.114345
v -0.719702 0.127798 0.114345
v -0.706250 0.127798 0.114345
v -0.719702 0.141250 0.114345
v -0.719702 0.154702 0.114345
v -0.706250 0.141250 0.114345
v -0.706250 0.154702 0.114345
v -0.746607 0.168155 0.114345
v -0.746607 0.168155 0.127798
v -0.746607 0.181607 0.127798
v -0.733155 0.168155 0.114345
v -0.733155 0.168155 0.127798
v -0.733155 0.181607 0.127798
v -0.746607 0.195060 0.127798
v -0.733155 0.195060 0.127798
v -0.746607 0.195060 0.141250
v -0.746607 0.208512 0.141250
v -0.733155 0.195060 0.141250
v -0.733155 0.208512 0.141250
v -0.719702 0.168155 0.114345
v -0.719702 0.168155 0.127798
v -0.719702 0.181607 0.127798
v -0.706250 0.168155 0.114345
v -0.706250 0.168155 0.127798
v -0.706250 0.181607 0.114345
v -0.706250 0.181607 0.127798
v -0.719702 0.195060 0.127798
v -0.706250 0.195060 0.114345
v -0.706250 0.195060 0.127798
v -0.706250 0.208512 0.114345
v -0.706250 0.208512 0.127798
v -0.719702 0.195060 0.141250
v -0.719702 0.208512 0.141250
v -0.706250 0.195060 0.141250
v -0.706250 0.208512 0.141250
v -0.773512 0.221964 0.060536
v -0.773512 0.221964 0.073988
v -0.773512 0.235417 0.073988
v -0.760059 0.221964 0.060536
v -0.760059 0.221964 0.073988
v -0.760059 0.235417 0.073988
v -0.773512 0.221964 0.087440
v -0.773512 0.221964 0.100893
v -0.773512 0.235417 0.087440
v -0.773512 0.235417 0.100893
v -0.773512 0.248869 0.073988
v -0.773512 0.262321 0.060536
v -0.773512 0.262321 0.073988
v -0.760059 0.248869 0.073988
v -0.760059 0.262321 0.060536
v -0.760059 0.262321 0.073988
v -0.773512 0.248869 0.087440
v -0.773512 0.248869 0.100893
v -0.773512 0.262321 0.087440
v -0.773512 0.262321 0.100893
v -0.773512 0.289226 0.047083
v -0.760059 0.289226 0.047083
v -0.773512 0.302679 0.006726
v -0.773512 0.302679 0.020179
v -0.773512 0.316131 0.006726
v -0.773512 0.316131 0.020179
v -0.760059 0.302679 0.006726
v -0.760059 0.302679 0.020179
v -0.760059 0.316131 0.006726
v -0.773512 0.302679 0.033631
v -0.773512 0.302679 0.047083
v -0.773512 0.316131 0.033631
v -0.773512 0.316131 0.047083
v -0.760059 0.302679 0.033631
v -0.760059 0.302679 0.047083
v -0.773512 0.275774 0.060536
v -0.773512 0.275774 0.073988
v -0.773512 0.289226 0.060536
v -0.773512 0.289226 0.073988
v -0.760059 0.275774 0.060536
v -0.760059 0.289226 0.060536
v -0.773512 0.275774 0.087440
v -0.773512 0.275774 0.100893
v -0.773512 0.289226 0.087440
v -0.773512 0.289226 0.100893
v -0.773512 0.302679 0.060536
v -0.773512 0.302679 0.073988
v -0.773512 0.316131 0.060536
v -0.773512 0.316131 0.073988
v -0.773512 0.302679 0.087440
v -0.773512 0.302679 0.100893
v -0.773512 0.316131 0.087440
v -0.773512 0.316131 0.100893
v -0.773512 0.221964 0.114345
v -0.773512 0.221964 0.127798
v -0.773512 0.235417 0.114345
v -0.773512 0.235417 0.127798
v -0.773512 0.221964 0.141250
v -0.773512 0.221964 0.154702
v -0.773512 0.235417 0.141250
v -0.773512 0.235417 0.154702
v -0.760059 0.221964 0.141250
v -0.760059 0.221964 0.154702
v -0.760059 0.235417 0.154702
v -0.773512 0.248869 0.114345
v -0.773512 0.248869 0.127798
v -0.773512 0.262321 0.114345
v -0.773512 0.262321 0.127798
v -0.773512 0.248869 0.141250
v -0.773512 0.248869 0.154702
v -0.773512 0.262321 0.141250
v -0.760059 0.248869 0.141250
v -0.760059 0.248869 0.154702
v -0.760059 0.262321 0.141250
v -0.773512 0.275774 0.114345
v -0.773512 0.275774 0.127798
v -0.773512 0.289226 0.114345
v -0.773512 0.289226 0.127798
v -0.760059 0.275774 0.127798
v -0.760059 0.289226 0.127798
v -0.773512 0.275774 0.141250
v -0.760059 0.275774 0.141250
v -0.773512 0.302679 0.114345
v -0.773512 0.302679 0.127798
v -0.773512 0.316131 0.114345
v -0.773512 0.316131 0.127798
v -0.760059 0.302679 0.127798
v -0.760059 0.316131 0.114345
v -0.760059 0.316131 0.127798
v -0.773512 0.329583 0.006726
v -0.773512 0.329583 0.020179
v -0.773512 0.343036 0.006726
v -0.773512 0.343036 0.020179
v -0.773512 0.329583 0.033631
v -0.773512 0.329583 0.047083
v -0.773512 0.343036 0.033631
v -0.773512 0.343036 0.047083
v -0.773512 0.356488 0.006726
v -0.773512 0.356488 0.020179
v -0.773512 0.369940 0.006726
v -0.773512 0.369940 0.020179
v -0.773512 0.356488 0.033631
v -0.773512 0.356488 0.047083
v -0.773512 0.369940 0.033631
v -0.773512 0.369940 0.047083
v -0.760059 0.369940 0.033631
v -0.760059 0.369940 0.047083
v -0.773512 0.329583 0.060536
v -0.773512 0.329583 0.073988
v -0.773512 0.343036 0.060536
v -0.773512 0.343036 0.073988
v -0.773512 0.329583 0.087440
v -0.773512 0.329583 0.100893
v -0.773512 0.343036 0.087440
v -0.773512 0.343036 0.100893
v -0.760059 0.343036 0.100893
v -0.773512 0.356488 0.060536
v -0.773512 0.356488 0.073988
v -0.773512 0.369940 0.060536
v -0.760059 0.356488 0.060536
v -0.760059 0.356488 0.073988
v -0.760059 0.369940 0.060536
v -0.773512 0.356488 0.087440
v -0.773512 0.356488 0.100893
v -0.760059 0.356488 0.087440
v -0.760059 0.356488 0.100893
v -0.773512 0.383393 0.006726
v -0.773512 0.383393 0.020179
v -0.760059 0.383393 0.006726
v -0.760059 0.383393 0.020179
v -0.773512 0.383393 0.033631
v -0.760059 0.383393 0.033631
v -0.773512 0.329583 0.114345
v -0.773512 0.343036 0.114345
v -0.760059 0.329583 0.114345
v -0.760059 0.343036 0.114345
v -0.746607 0.221964 0.006726
v -0.746607 0.221964 0.020179
v -0.746607 0.235417 0.006726
v -0.746607 0.235417 0.020179
v -0.746607 0.221964 0.033631
v -0.746607 0.221964 0.047083
v -0.746607 0.235417 0.033631
v -0.746607 0.235417 0.047083
v -0.746607 0.248869 0.006726
v -0.746607 0.248869 0.020179
v -0.746607 0.262321 0.006726
v -0.746607 0.262321 0.020179
v -0.746607 0.248869 0.033631
v -0.746607 0.248869 0.047083
v -0.746607 0.262321 0.033631
v -0.746607 0.262321 0.047083
v -0.706250 0.221964 0.006726
v -0.706250 0.221964 0.020179
v -0.706250 0.235417 0.006726
v -0.706250 0.235417 0.020179
v -0.706250 0.221964 0.033631
v -0.706250 0.221964 0.047083
v -0.706250 0.235417 0.033631
v -0.706250 0.235417 0.047083
v -0.706250 0.248869 0.006726
v -0.706250 0.248869 0.020179
v -0.706250 0.262321 0.006726
v -0.706250 0.262321 0.020179
v -0.706250 0.248869 0.033631
v -0.706250 0.248869 0.047083
v -0.706250 0.262321 0.033631
v -0.706250 0.262321 0.047083
v -0.746607 0.221964 0.060536
v -0.746607 0.221964 0.073988
v -0.746607 0.235417 0.060536
v -0.746607 0.235417 0.073988
v -0.746607 0.248869 0.060536
v -0.746607 0.248869 0.073988
v -0.746607 0.262321 0.060536
v -0.746607 0.262321 0.073988
v -0.706250 0.221964 0.060536
v -0.706250 0.221964 0.073988
v -0.706250 0.235417 0.060536
v -0.706250 0.235417 0.073988
v -0.706250 0.221964 0.087440
v -0.706250 0.221964 0.100893
v -0.706250 0.235417 0.087440
v -0.706250 0.235417 0.100893
v -0.706250 0.248869 0.060536
v -0.706250 0.248869 0.073988
v -0.706250 0.262321 0.060536
v -0.706250 0.262321 0.073988
v -0.706250 0.248869 0.087440
v -0.706250 0.248869 0.100893
v -0.706250 0.262321 0.087440
v -0.706250 0.262321 0.100893
v -0.746607 0.275774 0.006726
v -0.746607 0.275774 0.020179
v -0.746607 0.289226 0.006726
v -0.746607 0.289226 0.020179
v -0.746607 0.275774 0.033631
v -0.746607 0.275774 0.047083
v -0.746607 0.289226 0.033631
v -0.746607 0.289226 0.047083
v -0.746607 0.302679 0.006726
v -0.746607 0.302679 0.020179
v -0.746607 0.316131 0.006726
v -0.746607 0.302679 0.033631
v -0.746607 0.302679 0.047083
v -0.706250 0.275774 0.006726
v -0.706250 0.275774 0.020179
v -0.706250 0.289226 0.006726
v -0.706250 0.289226 0.020179
v -0.706250 0.275774 0.033631
v -0.706250 0.275774 0.047083
v -0.706250 0.289226 0.033631
v -0.706250 0.289226 0.047083
v -0.706250 0.302679 0.006726
v -0.706250 0.302679 0.020179
v -0.706250 0.316131 0.006726
v -0.706250 0.316131 0.020179
v -0.706250 0.302679 0.033631
v -0.706250 0.302679 0.047083
v -0.706250 0.316131 0.033631
v -0.706250 0.316131 0.047083
v -0.746607 0.275774 0.060536
v -0.746607 0.289226 0.060536
v -0.706250 0.275774 0.060536
v -0.706250 0.275774 0.073988
v -0.706250 0.289226 0.060536
v -0.706250 0.289226 0.073988
v -0.706250 0.275774 0.087440
v -0.706250 0.275774 0.100893
v -0.706250 0.289226 0.087440
v -0.706250 0.289226 0.100893
v -0.706250 0.302679 0.060536
v -0.706250 0.302679 0.073988
v -0.706250 0.316131 0.060536
v -0.706250 0.316131 0.073988
v -0.706250 0.302679 0.087440
v -0.706250 0.302679 0.100893
v -0.706250 0.316131 0.087440
v -0.706250 0.316131 0.100893
v -0.746607 0.221964 0.141250
v -0.746607 0.221964 0.154702
v -0.746607 0.235417 0.154702
v -0.733155 0.221964 0.141250
v -0.733155 0.221964 0.154702
v -0.733155 0.235417 0.154702
v -0.746607 0.248869 0.141250
v -0.746607 0.248869 0.154702
v -0.746607 0.262321 0.141250
v -0.733155 0.248869 0.141250
v -0.733155 0.248869 0.154702
v -0.733155 0.262321 0.141250
v -0.706250 0.221964 0.114345
v -0.706250 0.221964 0.127798
v -0.706250 0.235417 0.114345
v -0.706250 0.235417 0.127798
v -0.719702 0.221964 0.141250
v -0.719702 0.221964 0.154702
v -0.719702 0.235417 0.154702
v -0.706250 0.221964 0.141250
v -0.706250 0.221964 0.154702
v -0.706250 0.235417 0.141250
v -0.706250 0.235417 0.154702
v -0.706250 0.248869 0.114345
v -0.706250 0.248869 0.127798
v -0.706250 0.262321 0.114345
v -0.706250 0.262321 0.127798
v -0.719702 0.248869 0.141250
v -0.719702 0.248869 0.154702
v -0.719702 0.262321 0.141250
v -0.706250 0.248869 0.141250
v -0.706250 0.248869 0.154702
v -0.706250 0.262321 0.141250
v -0.746607 0.275774 0.127798
v -0.746607 0.289226 0.127798
v -0.733155 0.275774 0.127798
v -0.733155 0.289226 0.127798
v -0.746607 0.275774 0.141250
v -0.733155 0.275774 0.141250
v -0.746607 0.302679 0.127798
v -0.746607 0.316131 0.114345
v -0.746607 0.316131 0.127798
v -0.733155 0.302679 0.127798
v -0.733155 0.316131 0.114345
v -0.733155 0.316131 0.127798
v -0.719702 0.275774 0.127798
v -0.719702 0.289226 0.127798
v -0.706250 0.275774 0.114345
v -0.706250 0.275774 0.127798
v -0.706250 0.289226 0.114345
v -0.706250 0.289226 0.127798
v -0.719702 0.275774 0.141250
v -0.706250 0.275774 0.141250
v -0.719702 0.302679 0.127798
v -0.719702 0.316131 0.114345
v -0.719702 0.316131 0.127798
v -0.706250 0.302679 0.114345
v -0.706250 0.302679 0.127798
v -0.706250 0.316131 0.114345
v -0.706250 0.316131 0.127798
v -0.746607 0.369940 0.033631
v -0.746607 0.369940 0.047083
v -0.733155 0.369940 0.033631
v -0.733155 0.369940 0.047083
v -0.706250 0.329583 0.006726
v -0.706250 0.329583 0.020179
v -0.706250 0.343036 0.006726
v -0.706250 0.343036 0.020179
v -0.706250 0.329583 0.033631
v -0.706250 0.329583 0.047083
v -0.706250 0.343036 0.033631
v -0.706250 0.343036 0.047083
v -0.706250 0.356488 0.006726
v -0.706250 0.356488 0.020179
v -0.706250 0.369940 0.006726
v -0.706250 0.369940 0.020179
v -0.719702 0.369940 0.033631
v -0.719702 0.369940 0.047083
v -0.706250 0.356488 0.033631
v -0.706250 0.356488 0.047083
v -0.706250 0.369940 0.033631
v -0.706250 0.369940 0.047083
v -0.746607 0.343036 0.100893
v -0.733155 0.343036 0.100893
v -0.746607 0.356488 0.060536
v -0.746607 0.356488 0.073988
v -0.746607 0.369940 0.060536
v -0.733155 0.356488 0.060536
v -0.733155 0.356488 0.073988
v -0.733155 0.369940 0.060536
v -0.746607 0.356488 0.087440
v -0.746607 0.356488 0.100893
v -0.733155 0.356488 0.087440
v -0.733155 0.356488 0.100893
v -0.706250 0.329583 0.060536
v -0.706250 0.329583 0.073988
v -0.706250 0.343036 0.060536
v -0.706250 0.343036 0.073988
v -0.719702 0.343036 0.100893
v -0.706250 0.329583 0.087440
v -0.706250 0.329583 0.100893
v -0.706250 0.343036 0.087440
v -0.706250 0.343036 0.100893
v -0.719702 0.356488 0.060536
v -0.719702 0.356488 0.073988
v -0.719702 0.369940 0.060536
v -0.706250 0.356488 0.060536
v -0.706250 0.356488 0.073988
v -0.706250 0.369940 0.060536
v -0.719702 0.356488 0.087440
v -0.719702 0.356488 0.100893
v -0.706250 0.356488 0.087440
v -0.706250 0.356488 0.100893
v -0.746607 0.383393 0.006726
v -0.746607 0.383393 0.020179
v -0.733155 0.383393 0.006726
v -0.733155 0.383393 0.020179
v -0.746607 0.383393 0.033631
v -0.733155 0.383393 0.033631
v -0.719702 0.383393 0.006726
v -0.719702 0.383393 0.020179
v -0.706250 0.383393 0.006726
v -0.706250 0.383393 0.020179
v -0.719702 0.383393 0.033631
v -0.706250 0.383393 0.033631
v -0.746607 0.329583 0.114345
v -0.746607 0.343036 0.114345
v -0.733155 0.329583 0.114345
v -0.733155 0.343036 0.114345
v -0.719702 0.329583 0.114345
v -0.719702 0.343036 0.114345
v -0.706250 0.329583 0.114345
v -0.706250 0.343036 0.114345
v -0.127798 0.127798 0.006726
v -0.127798 0.127798 0.020179
v -0.114345 0.127798 0.006726
v -0.114345 0.127798 0.020179
v -0.127798 0.141250 0.006726
v -0.127798 0.141250 0.020179
v -0.127798 0.154702 0.006726
v -0.127798 0.154702 0.020179
v -0.114345 0.141250 0.020179
v -0.127798 0.141250 0.033631
v -0.127798 0.141250 0.047083
v -0.127798 0.154702 0.033631
v -0.127798 0.154702 0.047083
v -0.114345 0.141250 0.033631
v -0.114345 0.141250 0.047083
v -0.127798 0.141250 0.060536
v -0.127798 0.154702 0.060536
v -0.127798 0.154702 0.073988
v -0.114345 0.141250 0.060536
v -0.114345 0.154702 0.060536
v -0.114345 0.154702 0.073988
v -0.127798 0.154702 0.087440
v -0.114345 0.154702 0.087440
v -0.127798 0.168155 0.006726
v -0.127798 0.168155 0.020179
v -0.127798 0.181607 0.006726
v -0.127798 0.181607 0.020179
v -0.127798 0.168155 0.033631
v -0.127798 0.168155 0.047083
v -0.127798 0.181607 0.033631
v -0.127798 0.181607 0.047083
v -0.127798 0.195060 0.006726
v -0.127798 0.195060 0.020179
v -0.127798 0.208512 0.006726
v -0.127798 0.208512 0.020179
v -0.127798 0.195060 0.033631
v -0.127798 0.195060 0.047083
v -0.127798 0.208512 0.033631
v -0.127798 0.208512 0.047083
v -0.127798 0.168155 0.060536
v -0.127798 0.168155 0.073988
v -0.127798 0.181607 0.060536
v -0.127798 0.181607 0.073988
v -0.127798 0.168155 0.087440
v -0.127798 0.181607 0.087440
v -0.114345 0.168155 0.087440
v -0.114345 0.181607 0.087440
v -0.127798 0.195060 0.060536
v -0.127798 0.195060 0.073988
v -0.127798 0.208512 0.060536
v -0.127798 0.208512 0.073988
v -0.127798 0.195060 0.087440
v -0.127798 0.195060 0.100893
v -0.127798 0.208512 0.087440
v -0.127798 0.208512 0.100893
v -0.114345 0.195060 0.087440
v -0.114345 0.195060 0.100893
v -0.114345 0.208512 0.100893
v -0.100893 0.127798 0.006726
v -0.100893 0.127798 0.020179
v -0.087440 0.127798 0.006726
v -0.087440 0.127798 0.020179
v -0.100893 0.141250 0.020179
v -0.087440 0.141250 0.020179
v -0.100893 0.141250 0.033631
v -0.100893 0.141250 0.047083
v -0.087440 0.141250 0.033631
v -0.087440 0.141250 0.047083
v -0.073988 0.127798 0.006726
v -0.073988 0.127798 0.020179
v -0.073988 0.141250 0.006726
v -0.073988 0.141250 0.020179
v -0.073988 0.154702 0.006726
v -0.073988 0.154702 0.020179
v -0.073988 0.141250 0.033631
v -0.073988 0.141250 0.047083
v -0.073988 0.154702 0.033631
v -0.073988 0.154702 0.047083
v -0.100893 0.141250 0.060536
v -0.100893 0.154702 0.060536
v -0.100893 0.154702 0.073988
v -0.087440 0.141250 0.060536
v -0.087440 0.154702 0.060536
v -0.087440 0.154702 0.073988
v -0.100893 0.154702 0.087440
v -0.087440 0.154702 0.087440
v -0.073988 0.141250 0.060536
v -0.073988 0.154702 0.060536
v -0.073988 0.154702 0.073988
v -0.073988 0.154702 0.087440
v -0.073988 0.168155 0.006726
v -0.073988 0.168155 0.020179
v -0.073988 0.181607 0.006726
v -0.073988 0.181607 0.020179
v -0.073988 0.168155 0.033631
v -0.073988 0.168155 0.047083
v -0.073988 0.181607 0.033631
v -0.073988 0.181607 0.047083
v -0.073988 0.195060 0.006726
v -0.073988 0.195060 0.020179
v -0.073988 0.208512 0.006726
v -0.073988 0.208512 0.020179
v -0.073988 0.195060 0.033631
v -0.073988 0.195060 0.047083
v -0.073988 0.208512 0.033631
v -0.073988 0.208512 0.047083
v -0.100893 0.168155 0.087440
v -0.100893 0.181607 0.087440
v -0.087440 0.168155 0.087440
v -0.087440 0.181607 0.087440
v -0.100893 0.195060 0.087440
v -0.100893 0.195060 0.100893
v -0.100893 0.208512 0.100893
v -0.087440 0.195060 0.087440
v -0.087440 0.195060 0.100893
v -0.087440 0.208512 0.100893
v -0.073988 0.168155 0.060536
v -0.073988 0.168155 0.073988
v -0.073988 0.181607 0.060536
v -0.073988 0.181607 0.073988
v -0.073988 0.168155 0.087440
v -0.073988 0.181607 0.087440
v -0.073988 0.195060 0.060536
v -0.073988 0.195060 0.073988
v -0.073988 0.208512 0.060536
v -0.073988 0.208512 0.073988
v -0.073988 0.195060 0.087440
v -0.073988 0.195060 0.100893
v -0.073988 0.208512 0.087440
v -0.073988 0.208512 0.100893
v -0.006726 0.127798 0.006726
v -0.006726 0.127798 0.020179
v -0.006726 0.141250 0.006726
v -0.006726 0.141250 0.020179
v -0.006726 0.154702 0.006726
v -0.006726 0.154702 0.020179
v -0.006726 0.141250 0.033631
v -0.006726 0.141250 0.047083
v -0.006726 0.154702 0.033631
v -0.006726 0.154702 0.047083
v -0.006726 0.141250 0.060536
v -0.006726 0.154702 0.060536
v -0.006726 0.154702 0.073988
v -0.006726 0.154702 0.087440
v -0.006726 0.168155 0.006726
v -0.006726 0.168155 0.020179
v -0.006726 0.181607 0.006726
v -0.006726 0.181607 0.020179
v -0.006726 0.168155 0.033631
v -0.006726 0.168155 0.047083
v -0.006726 0.181607 0.033631
v -0.006726 0.181607 0.047083
v -0.006726 0.195060 0.006726
v -0.006726 0.195060 0.020179
v -0.006726 0.208512 0.006726
v -0.006726 0.208512 0.020179
v -0.006726 0.195060 0.033631
v -0.006726 0.195060 0.047083
v -0.006726 0.208512 0.033631
v -0.006726 0.208512 0.047083
v -0.006726 0.168155 0.060536
v -0.006726 0.168155 0.073988
v -0.006726 0.181607 0.060536
v -0.006726 0.181607 0.073988
v -0.006726 0.168155 0.087440
v -0.006726 0.181607 0.087440
v -0.006726 0.195060 0.060536
v -0.006726 0.195060 0.073988
v -0.006726 0.208512 0.060536
v -0.006726 0.208512 0.073988
v -0.006726 0.195060 0.087440
v -0.006726 0.195060 0.100893
v -0.006726 0.208512 0.087440
v -0.006726 0.208512 0.100893
v -0.127798 0.221964 0.006726
v -0.127798 0.221964 0.020179
v -0.127798 0.235417 0.006726
v -0.127798 0.235417 0.020179
v -0.127798 0.221964 0.033631
v -0.127798 0.221964 0.047083
v -0.127798 0.235417 0.033631
v -0.127798 0.235417 0.047083
v -0.127798 0.248869 0.006726
v -0.127798 0.248869 0.020179
v -0.127798 0.262321 0.006726
v -0.127798 0.262321 0.020179
v -0.127798 0.248869 0.033631
v -0.127798 0.248869 0.047083
v -0.127798 0.262321 0.033631
v -0.127798 0.262321 0.047083
v -0.127798 0.221964 0.060536
v -0.127798 0.221964 0.073988
v -0.127798 0.235417 0.060536
v -0.127798 0.235417 0.073988
v -0.127798 0.221964 0.087440
v -0.127798 0.221964 0.100893
v -0.127798 0.235417 0.087440
v -0.127798 0.235417 0.100893
v -0.114345 0.221964 0.100893
v -0.127798 0.248869 0.060536
v -0.127798 0.248869 0.073988
v -0.127798 0.262321 0.060536
v -0.127798 0.262321 0.073988
v -0.127798 0.248869 0.087440
v -0.127798 0.248869 0.100893
v -0.127798 0.262321 0.087440
v -0.127798 0.262321 0.100893
v -0.114345 0.248869 0.100893
v -0.114345 0.262321 0.100893
v -0.127798 0.275774 0.006726
v -0.127798 0.275774 0.020179
v -0.127798 0.289226 0.006726
v -0.127798 0.289226 0.020179
v -0.127798 0.275774 0.033631
v -0.127798 0.275774 0.047083
v -0.127798 0.289226 0.033631
v -0.127798 0.289226 0.047083
v -0.127798 0.302679 0.006726
v -0.127798 0.302679 0.020179
v -0.127798 0.316131 0.006726
v -0.127798 0.316131 0.020179
v -0.127798 0.302679 0.033631
v -0.127798 0.302679 0.047083
v -0.127798 0.316131 0.033631
v -0.127798 0.316131 0.047083
v -0.127798 0.275774 0.060536
v -0.127798 0.275774 0.073988
v -0.127798 0.289226 0.060536
v -0.127798 0.289226 0.073988
v -0.127798 0.275774 0.087440
v -0.127798 0.275774 0.100893
v -0.127798 0.289226 0.087440
v -0.127798 0.289226 0.100893
v -0.114345 0.275774 0.100893
v -0.114345 0.289226 0.087440
v -0.114345 0.289226 0.100893
v -0.127798 0.302679 0.060536
v -0.127798 0.302679 0.073988
v -0.127798 0.316131 0.060536
v -0.127798 0.316131 0.073988
v -0.114345 0.316131 0.060536
v -0.114345 0.316131 0.073988
v -0.127798 0.302679 0.087440
v -0.127798 0.316131 0.087440
v -0.114345 0.302679 0.087440
v -0.114345 0.316131 0.087440
v -0.127798 0.221964 0.114345
v -0.127798 0.235417 0.114345
v -0.114345 0.221964 0.114345
v -0.114345 0.235417 0.114345
v -0.127798 0.248869 0.114345
v -0.114345 0.248869 0.114345
v -0.127798 0.329583 0.006726
v -0.127798 0.329583 0.020179
v -0.127798 0.343036 0.006726
v -0.127798 0.343036 0.020179
v -0.114345 0.343036 0.006726
v -0.114345 0.343036 0.020179
v -0.127798 0.329583 0.033631
v -0.127798 0.329583 0.047083
v -0.127798 0.343036 0.033631
v -0.114345 0.329583 0.033631
v -0.114345 0.329583 0.047083
v -0.114345 0.343036 0.033631
v -0.127798 0.356488 0.006726
v -0.114345 0.356488 0.006726
v -0.127798 0.329583 0.060536
v -0.114345 0.329583 0.060536
v -0.073988 0.221964 0.006726
v -0.073988 0.221964 0.020179
v -0.073988 0.235417 0.006726
v -0.073988 0.235417 0.020179
v -0.073988 0.221964 0.033631
v -0.073988 0.221964 0.047083
v -0.073988 0.235417 0.033631
v -0.073988 0.235417 0.047083
v -0.073988 0.248869 0.006726
v -0.073988 0.248869 0.020179
v -0.073988 0.262321 0.006726
v -0.073988 0.262321 0.020179
v -0.073988 0.248869 0.033631
v -0.073988 0.248869 0.047083
v -0.073988 0.262321 0.033631
v -0.073988 0.262321 0.047083
v -0.100893 0.221964 0.100893
v -0.087440 0.221964 0.100893
v -0.100893 0.248869 0.100893
v -0.100893 0.262321 0.100893
v -0.087440 0.248869 0.100893
v -0.087440 0.262321 0.100893
v -0.073988 0.221964 0.060536
v -0.073988 0.221964 0.073988
v -0.073988 0.235417 0.060536
v -0.073988 0.235417 0.073988
v -0.073988 0.221964 0.087440
v -0.073988 0.221964 0.100893
v -0.073988 0.235417 0.087440
v -0.073988 0.235417 0.100893
v -0.073988 0.248869 0.060536
v -0.073988 0.248869 0.073988
v -0.073988 0.262321 0.060536
v -0.073988 0.262321 0.073988
v -0.073988 0.248869 0.087440
v -0.073988 0.248869 0.100893
v -0.073988 0.262321 0.087440
v -0.073988 0.262321 0.100893
v -0.073988 0.275774 0.006726
v -0.073988 0.275774 0.020179
v -0.073988 0.289226 0.006726
v -0.073988 0.289226 0.020179
v -0.073988 0.275774 0.033631
v -0.073988 0.275774 0.047083
v -0.073988 0.289226 0.033631
v -0.073988 0.289226 0.047083
v -0.073988 0.302679 0.006726
v -0.073988 0.302679 0.020179
v -0.073988 0.316131 0.006726
v -0.073988 0.316131 0.020179
v -0.073988 0.302679 0.033631
v -0.073988 0.302679 0.047083
v -0.073988 0.316131 0.033631
v -0.073988 0.316131 0.047083
v -0.100893 0.275774 0.100893
v -0.100893 0.289226 0.087440
v -0.100893 0.289226 0.100893
v -0.087440 0.275774 0.100893
v -0.087440 0.289226 0.087440
v -0.087440 0.289226 0.100893
v -0.100893 0.316131 0.060536
v -0.100893 0.316131 0.073988
v -0.087440 0.316131 0.060536
v -0.087440 0.316131 0.073988
v -0.100893 0.302679 0.087440
v -0.100893 0.316131 0.087440
v -0.087440 0.302679 0.087440
v -0.087440 0.316131 0.087440
v -0.073988 0.275774 0.060536
v -0.073988 0.275774 0.073988
v -0.073988 0.289226 0.060536
v -0.073988 0.289226 0.073988
v -0.073988 0.275774 0.087440
v -0.073988 0.275774 0.100893
v -0.073988 0.289226 0.087440
v -0.073988 0.289226 0.100893
v -0.073988 0.302679 0.060536
v -0.073988 0.302679 0.073988
v -0.073988 0.316131 0.060536
v -0.073988 0.316131 0.073988
v -0.073988 0.302679 0.087440
v -0.073988 0.316131 0.087440
v -0.006726 0.221964 0.006726
v -0.006726 0.221964 0.020179
v -0.006726 0.235417 0.006726
v -0.006726 0.235417 0.020179
v -0.006726 0.221964 0.033631
v -0.006726 0.221964 0.047083
v -0.006726 0.235417 0.033631
v -0.006726 0.235417 0.047083
v -0.006726 0.248869 0.006726
v -0.006726 0.248869 0.020179
v -0.006726 0.262321 0.006726
v -0.006726 0.262321 0.020179
v -0.006726 0.248869 0.033631
v -0.006726 0.248869 0.047083
v -0.006726 0.262321 0.033631
v -0.006726 0.262321 0.047083
v -0.006726 0.221964 0.060536
v -0.006726 0.221964 0.073988
v -0.006726 0.235417 0.060536
v -0.006726 0.235417 0.073988
v -0.006726 0.221964 0.087440
v -0.006726 0.221964 0.100893
v -0.006726 0.235417 0.087440
v -0.006726 0.235417 0.100893
v -0.006726 0.248869 0.060536
v -0.006726 0.248869 0.073988
v -0.006726 0.262321 0.060536
v -0.006726 0.262321 0.073988
v -0.006726 0.248869 0.087440
v -0.006726 0.248869 0.100893
v -0.006726 0.262321 0.087440
v -0.006726 0.262321 0.100893
v -0.006726 0.275774 0.006726
v -0.006726 0.275774 0.020179
v -0.006726 0.289226 0.006726
v -0.006726 0.289226 0.020179
v -0.006726 0.275774 0.033631
v -0.006726 0.275774 0.047083
v -0.006726 0.289226 0.033631
v -0.006726 0.289226 0.047083
v -0.006726 0.302679 0.006726
v -0.006726 0.302679 0.020179
v -0.006726 0.316131 0.006726
v -0.006726 0.316131 0.020179
v -0.006726 0.302679 0.033631
v -0.006726 0.302679 0.047083
v -0.006726 0.316131 0.033631
v -0.006726 0.316131 0.047083
v -0.006726 0.275774 0.060536
v -0.006726 0.275774 0.073988
v -0.006726 0.289226 0.060536
v -0.006726 0.289226 0.073988
v -0.006726 0.275774 0.087440
v -0.006726 0.275774 0.100893
v -0.006726 0.289226 0.087440
v -0.006726 0.289226 0.100893
v -0.006726 0.302679 0.060536
v -0.006726 0.302679 0.073988
v -0.006726 0.316131 0.060536
v -0.006726 0.316131 0.073988
v -0.006726 0.302679 0.087440
v -0.006726 0.316131 0.087440
v -0.100893 0.221964 0.114345
v -0.100893 0.235417 0.114345
v -0.087440 0.221964 0.114345
v -0.087440 0.235417 0.114345
v -0.100893 0.248869 0.114345
v -0.087440 0.248869 0.114345
v -0.073988 0.221964 0.114345
v -0.073988 0.235417 0.114345
v -0.073988 0.248869 0.114345
v -0.006726 0.221964 0.114345
v -0.006726 0.235417 0.114345
v -0.006726 0.248869 0.114345
v -0.100893 0.343036 0.006726
v -0.100893 0.343036 0.020179
v -0.087440 0.343036 0.006726
v -0.087440 0.343036 0.020179
v -0.100893 0.329583 0.033631
v -0.100893 0.329583 0.047083
v -0.100893 0.343036 0.033631
v -0.087440 0.329583 0.033631
v -0.087440 0.329583 0.047083
v -0.087440 0.343036 0.033631
v -0.100893 0.356488 0.006726
v -0.087440 0.356488 0.006726
v -0.073988 0.329583 0.006726
v -0.073988 0.329583 0.020179
v -0.073988 0.343036 0.006726
v -0.073988 0.343036 0.020179
v -0.073988 0.329583 0.033631
v -0.073988 0.329583 0.047083
v -0.073988 0.343036 0.033631
v -0.073988 0.356488 0.006726
v -0.100893 0.329583 0.060536
v -0.087440 0.329583 0.060536
v -0.073988 0.329583 0.060536
v -0.006726 0.329583 0.006726
v -0.006726 0.329583 0.020179
v -0.006726 0.343036 0.006726
v -0.006726 0.343036 0.020179
v -0.006726 0.329583 0.033631
v -0.006726 0.329583 0.047083
v -0.006726 0.343036 0.033631
v -0.006726 0.356488 0.006726
v -0.006726 0.329583 0.060536
v 0.006726 -0.302679 -0.020179
v 0.006726 -0.302679 -0.006726
v 0.020179 -0.302679 -0.006726
v 0.006726 -0.289226 -0.020179
v 0.006726 -0.289226 -0.006726
v 0.006726 -0.275774 -0.020179
v 0.020179 -0.289226 -0.020179
v 0.020179 -0.289226 -0.006726
v 0.020179 -0.275774 -0.020179
v 0.020179 -0.275774 -0.006726
v 0.033631 -0.289226 -0.006726
v 0.033631 -0.275774 -0.020179
v 0.033631 -0.275774 -0.006726
v 0.047083 -0.275774 -0.006726
v 0.006726 -0.262321 -0.020179
v 0.006726 -0.262321 -0.006726
v 0.006726 -0.248869 -0.006726
v 0.020179 -0.262321 -0.020179
v 0.020179 -0.262321 -0.006726
v 0.020179 -0.248869 -0.020179
v 0.020179 -0.248869 -0.006726
v 0.020179 -0.235417 -0.006726
v 0.020179 -0.221964 -0.006726
v 0.033631 -0.262321 -0.020179
v 0.033631 -0.262321 -0.006726
v 0.033631 -0.248869 -0.020179
v 0.033631 -0.248869 -0.006726
v 0.047083 -0.262321 -0.020179
v 0.047083 -0.262321 -0.006726
v 0.047083 -0.248869 -0.020179
v 0.047083 -0.248869 -0.006726
v 0.033631 -0.235417 -0.020179
v 0.033631 -0.235417 -0.006726
v 0.033631 -0.221964 -0.020179
v 0.033631 -0.221964 -0.006726
v 0.047083 -0.235417 -0.020179
v 0.047083 -0.221964 -0.020179
v 0.060536 -0.262321 -0.006726
v 0.060536 -0.248869 -0.020179
v 0.060536 -0.248869 -0.006726
v 0.060536 -0.235417 -0.020179
v 0.060536 -0.235417 -0.006726
v 0.060536 -0.221964 -0.020179
v 0.060536 -0.221964 -0.006726
v 0.073988 -0.221964 -0.006726
v 0.033631 -0.208512 -0.020179
v 0.033631 -0.208512 -0.006726
v 0.033631 -0.195059 -0.006726
v 0.047083 -0.208512 -0.020179
v 0.047083 -0.208512 -0.006726
v 0.047083 -0.195059 -0.020179
v 0.047083 -0.195059 -0.006726
v 0.047083 -0.181607 -0.020179
v 0.047083 -0.181607 -0.006726
v 0.047083 -0.168155 -0.020179
v 0.047083 -0.168155 -0.006726
v 0.047083 -0.154702 -0.006726
v 0.060536 -0.208512 -0.020179
v 0.060536 -0.208512 -0.006726
v 0.060536 -0.195059 -0.020179
v 0.073988 -0.208512 -0.020179
v 0.073988 -0.208512 -0.006726
v 0.073988 -0.195059 -0.020179
v 0.073988 -0.195059 -0.006726
v 0.060536 -0.181607 -0.020179
v 0.060536 -0.168155 -0.020179
v 0.060536 -0.168155 -0.006726
v 0.073988 -0.181607 -0.020179
v 0.073988 -0.181607 -0.006726
v 0.073988 -0.168155 -0.020179
v 0.073988 -0.168155 -0.006726
v 0.087440 -0.181607 -0.006726
v 0.087440 -0.168155 -0.020179
v 0.087440 -0.168155 -0.006726
v 0.060536 -0.154702 -0.020179
v 0.060536 -0.154702 -0.006726
v 0.060536 -0.141250 -0.020179
v 0.060536 -0.141250 -0.006726
v 0.073988 -0.154702 -0.020179
v 0.073988 -0.141250 -0.020179
v 0.073988 -0.141250 -0.006726
v 0.060536 -0.127798 -0.006726
v 0.060536 -0.114345 -0.006726
v 0.073988 -0.127798 -0.020179
v 0.073988 -0.127798 -0.006726
v 0.073988 -0.114345 -0.020179
v 0.073988 -0.114345 -0.006726
v 0.087440 -0.154702 -0.020179
v 0.087440 -0.154702 -0.006726
v 0.087440 -0.141250 -0.020179
v 0.087440 -0.141250 -0.006726
v 0.100893 -0.154702 -0.006726
v 0.100893 -0.141250 -0.006726
v 0.087440 -0.127798 -0.020179
v 0.087440 -0.127798 -0.006726
v 0.087440 -0.114345 -0.020179
v 0.100893 -0.127798 -0.020179
v 0.100893 -0.127798 -0.006726
v 0.100893 -0.114345 -0.020179
v 0.100893 -0.114345 -0.006726
v 0.073988 -0.100893 -0.020179
v 0.073988 -0.100893 -0.006726
v 0.073988 -0.087440 -0.020179
v 0.073988 -0.087440 -0.006726
v 0.073988 -0.073988 -0.006726
v 0.073988 -0.060536 -0.006726
v 0.087440 -0.100893 -0.020179
v 0.087440 -0.087440 -0.020179
v 0.087440 -0.087440 -0.006726
v 0.100893 -0.100893 -0.020179
v 0.100893 -0.100893 -0.006726
v 0.100893 -0.087440 -0.020179
v 0.100893 -0.087440 -0.006726
v 0.087440 -0.073988 -0.020179
v 0.087440 -0.073988 -0.006726
v 0.087440 -0.060536 -0.020179
v 0.087440 -0.060536 -0.006726
v 0.100893 -0.073988 -0.020179
v 0.100893 -0.073988 -0.006726
v 0.100893 -0.060536 -0.020179
v 0.073988 -0.047083 -0.006726
v 0.073988 -0.033631 -0.006726
v 0.087440 -0.047083 -0.020179
v 0.087440 -0.047083 -0.006726
v 0.087440 -0.033631 -0.020179
v 0.087440 -0.033631 -0.006726
v 0.100893 -0.047083 -0.020179
v 0.100893 -0.033631 -0.020179
v 0.087440 -0.020179 -0.020179
v 0.087440 -0.020179 -0.006726
v 0.087440 -0.006726 -0.020179
v 0.087440 -0.006726 -0.006726
v 0.100893 -0.020179 -0.020179
v 0.100893 -0.006726 -0.020179
v 0.114345 -0.114345 -0.006726
v 0.114345 -0.100893 -0.006726
v 0.114345 -0.087440 -0.006726
v 0.114345 -0.073988 -0.020179
v 0.114345 -0.073988 -0.006726
v 0.114345 -0.060536 -0.020179
v 0.114345 -0.060536 -0.006726
v 0.114345 -0.047083 -0.020179
v 0.114345 -0.047083 -0.006726
v 0.114345 -0.033631 -0.020179
v 0.114345 -0.033631 -0.006726
v 0.114345 -0.020179 -0.020179
v 0.114345 -0.020179 -0.006726
v 0.114345 -0.006726 -0.020179
v 0.114345 -0.006726 -0.006726
v 0.006726 -0.302679 0.006726
v 0.006726 -0.302679 0.020179
v 0.020179 -0.302679 0.006726
v 0.006726 -0.289226 0.006726
v 0.006726 -0.289226 0.020179
v 0.006726 -0.275774 0.020179
v 0.020179 -0.289226 0.006726
v 0.020179 -0.289226 0.020179
v 0.020179 -0.275774 0.006726
v 0.020179 -0.275774 0.020179
v 0.033631 -0.289226 0.006726
v 0.033631 -0.275774 0.006726
v 0.033631 -0.275774 0.020179
v 0.047083 -0.275774 0.006726
v 0.006726 -0.262321 0.006726
v 0.006726 -0.262321 0.020179
v 0.006726 -0.248869 0.006726
v 0.020179 -0.262321 0.006726
v 0.020179 -0.262321 0.020179
v 0.020179 -0.248869 0.006726
v 0.020179 -0.248869 0.020179
v 0.020179 -0.235417 0.006726
v 0.020179 -0.221964 0.006726
v 0.033631 -0.262321 0.006726
v 0.033631 -0.262321 0.020179
v 0.033631 -0.248869 0.006726
v 0.033631 -0.248869 0.020179
v 0.047083 -0.262321 0.006726
v 0.047083 -0.262321 0.020179
v 0.047083 -0.248869 0.006726
v 0.047083 -0.248869 0.020179
v 0.033631 -0.235417 0.006726
v 0.033631 -0.235417 0.020179
v 0.033631 -0.221964 0.006726
v 0.033631 -0.221964 0.020179
v 0.047083 -0.235417 0.020179
v 0.047083 -0.221964 0.020179
v 0.060536 -0.262321 0.006726
v 0.060536 -0.248869 0.006726
v 0.060536 -0.248869 0.020179
v 0.060536 -0.235417 0.006726
v 0.060536 -0.235417 0.020179
v 0.060536 -0.221964 0.006726
v 0.060536 -0.221964 0.020179
v 0.073988 -0.221964 0.006726
v 0.033631 -0.208512 0.006726
v 0.033631 -0.208512 0.020179
v 0.033631 -0.195059 0.006726
v 0.047083 -0.208512 0.006726
v 0.047083 -0.208512 0.020179
v 0.047083 -0.195059 0.006726
v 0.047083 -0.195059 0.020179
v 0.047083 -0.181607 0.006726
v 0.047083 -0.181607 0.020179
v 0.047083 -0.168155 0.006726
v 0.047083 -0.168155 0.020179
v 0.047083 -0.154702 0.006726
v 0.060536 -0.208512 0.006726
v 0.060536 -0.208512 0.020179
v 0.060536 -0.195059 0.020179
v 0.073988 -0.208512 0.006726
v 0.073988 -0.208512 0.020179
v 0.073988 -0.195059 0.006726
v 0.073988 -0.195059 0.020179
v 0.060536 -0.181607 0.020179
v 0.060536 -0.168155 0.006726
v 0.060536 -0.168155 0.020179
v 0.073988 -0.181607 0.006726
v 0.073988 -0.181607 0.020179
v 0.073988 -0.168155 0.006726
v 0.073988 -0.168155 0.020179
v 0.087440 -0.181607 0.006726
v 0.087440 -0.168155 0.006726
v 0.087440 -0.168155 0.020179
v 0.060536 -0.154702 0.006726
v 0.060536 -0.154702 0.020179
v 0.060536 -0.141250 0.006726
v 0.060536 -0.141250 0.020179
v 0.073988 -0.154702 0.020179
v 0.073988 -0.141250 0.006726
v 0.073988 -0.141250 0.020179
v 0.060536 -0.127798 0.006726
v 0.060536 -0.114345 0.006726
v 0.073988 -0.127798 0.006726
v 0.073988 -0.127798 0.020179
v 0.073988 -0.114345 0.006726
v 0.073988 -0.114345 0.020179
v 0.087440 -0.154702 0.006726
v 0.087440 -0.154702 0.020179
v 0.087440 -0.141250 0.006726
v 0.087440 -0.141250 0.020179
v 0.100893 -0.154702 0.006726
v 0.100893 -0.141250 0.006726
v 0.087440 -0.127798 0.006726
v 0.087440 -0.127798 0.020179
v 0.087440 -0.114345 0.020179
v 0.100893 -0.127798 0.006726
v 0.100893 -0.127798 0.020179
v 0.100893 -0.114345 0.006726
v 0.100893 -0.114345 0.020179
v 0.073988 -0.100893 0.006726
v 0.073988 -0.100893 0.020179
v 0.073988 -0.087440 0.006726
v 0.073988 -0.087440 0.020179
v 0.073988 -0.073988 0.006726
v 0.073988 -0.060536 0.006726
v 0.087440 -0.100893 0.020179
v 0.087440 -0.087440 0.006726
v 0.087440 -0.087440 0.020179
v 0.100893 -0.100893 0.006726
v 0.100893 -0.100893 0.020179
v 0.100893 -0.087440 0.006726
v 0.100893 -0.087440 0.020179
v 0.087440 -0.073988 0.006726
v 0.087440 -0.073988 0.020179
v 0.087440 -0.060536 0.006726
v 0.087440 -0.060536 0.020179
v 0.100893 -0.073988 0.006726
v 0.100893 -0.073988 0.020179
v 0.100893 -0.060536 0.020179
v 0.073988 -0.047083 0.006726
v 0.073988 -0.033631 0.006726
v 0.087440 -0.047083 0.006726
v 0.087440 -0.047083 0.020179
v 0.087440 -0.033631 0.006726
v 0.087440 -0.033631 0.020179
v 0.100893 -0.047083 0.020179
v 0.100893 -0.033631 0.020179
v 0.087440 -0.020179 0.006726
v 0.087440 -0.020179 0.020179
v 0.087440 -0.006726 0.006726
v 0.087440 -0.006726 0.020179
v 0.100893 -0.020179 0.020179
v 0.100893 -0.006726 0.020179
v 0.114345 -0.114345 0.006726
v 0.114345 -0.100893 0.006726
v 0.114345 -0.087440 0.006726
v 0.114345 -0.073988 0.006726
v 0.114345 -0.073988 0.020179
v 0.114345 -0.060536 0.006726
v 0.114345 -0.060536 0.020179
v 0.114345 -0.047083 0.006726
v 0.114345 -0.047083 0.020179
v 0.114345 -0.033631 0.006726
v 0.114345 -0.033631 0.020179
v 0.114345 -0.020179 0.006726
v 0.114345 -0.020179 0.020179
v 0.114345 -0.006726 0.006726
v 0.114345 -0.006726 0.020179
v 0.087440 0.006726 -0.020179
v 0.087440 0.006726 -0.006726
v 0.087440 0.020179 -0.020179
v 0.087440 0.020179 -0.006726
v 0.100893 0.006726 -0.020179
v 0.100893 0.020179 -0.020179
v 0.087440 0.033631 -0.020179
v 0.087440 0.033631 -0.006726
v 0.087440 0.047083 -0.020179
v 0.087440 0.047083 -0.006726
v 0.100893 0.033631 -0.020179
v 0.100893 0.047083 -0.020179
v 0.100893 0.047083 -0.006726
v 0.006726 0.154702 -0.087441
v 0.020179 0.154702 -0.087441
v 0.006726 0.141250 -0.060536
v 0.006726 0.154702 -0.073988
v 0.006726 0.154702 -0.060536
v 0.020179 0.141250 -0.060536
v 0.020179 0.154702 -0.073988
v 0.020179 0.154702 -0.060536
v 0.033631 0.154702 -0.087441
v 0.047083 0.154702 -0.087441
v 0.033631 0.141250 -0.060536
v 0.033631 0.154702 -0.073988
v 0.033631 0.154702 -0.060536
v 0.047083 0.141250 -0.060536
v 0.047083 0.154702 -0.073988
v 0.047083 0.154702 -0.060536
v 0.006726 0.127798 -0.020179
v 0.006726 0.127798 -0.006726
v 0.020179 0.127798 -0.020179
v 0.020179 0.127798 -0.006726
v 0.006726 0.141250 -0.047083
v 0.006726 0.141250 -0.033631
v 0.020179 0.141250 -0.047083
v 0.020179 0.141250 -0.033631
v 0.006726 0.141250 -0.020179
v 0.020179 0.141250 -0.020179
v 0.033631 0.127798 -0.020179
v 0.033631 0.127798 -0.006726
v 0.047083 0.127798 -0.020179
v 0.047083 0.127798 -0.006726
v 0.033631 0.141250 -0.047083
v 0.033631 0.141250 -0.033631
v 0.047083 0.141250 -0.047083
v 0.047083 0.141250 -0.033631
v 0.047083 0.154702 -0.047083
v 0.047083 0.154702 -0.033631
v 0.033631 0.141250 -0.020179
v 0.047083 0.141250 -0.020179
v 0.047083 0.141250 -0.006726
v 0.047083 0.154702 -0.020179
v 0.047083 0.154702 -0.006726
v 0.006726 0.168155 -0.087441
v 0.006726 0.181607 -0.087441
v 0.020179 0.168155 -0.087441
v 0.020179 0.181607 -0.087441
v 0.006726 0.195060 -0.100893
v 0.006726 0.195060 -0.087441
v 0.006726 0.208512 -0.100893
v 0.020179 0.195060 -0.100893
v 0.020179 0.195060 -0.087441
v 0.020179 0.208512 -0.100893
v 0.033631 0.168155 -0.087441
v 0.033631 0.181607 -0.087441
v 0.047083 0.168155 -0.087441
v 0.047083 0.181607 -0.087441
v 0.047083 0.168155 -0.073988
v 0.047083 0.168155 -0.060536
v 0.047083 0.181607 -0.073988
v 0.047083 0.181607 -0.060536
v 0.033631 0.195060 -0.100893
v 0.033631 0.195060 -0.087441
v 0.033631 0.208512 -0.100893
v 0.047083 0.195060 -0.100893
v 0.047083 0.195060 -0.087441
v 0.047083 0.208512 -0.100893
v 0.047083 0.208512 -0.087441
v 0.047083 0.195060 -0.073988
v 0.047083 0.195060 -0.060536
v 0.047083 0.208512 -0.073988
v 0.047083 0.208512 -0.060536
v 0.047083 0.168155 -0.047083
v 0.047083 0.168155 -0.033631
v 0.047083 0.181607 -0.047083
v 0.047083 0.181607 -0.033631
v 0.047083 0.168155 -0.020179
v 0.047083 0.168155 -0.006726
v 0.047083 0.181607 -0.020179
v 0.047083 0.181607 -0.006726
v 0.047083 0.195060 -0.047083
v 0.047083 0.195060 -0.033631
v 0.047083 0.208512 -0.047083
v 0.047083 0.208512 -0.033631
v 0.047083 0.195060 -0.020179
v 0.047083 0.195060 -0.006726
v 0.047083 0.208512 -0.020179
v 0.047083 0.208512 -0.006726
v 0.114345 0.006726 -0.020179
v 0.114345 0.006726 -0.006726
v 0.114345 0.020179 -0.020179
v 0.114345 0.020179 -0.006726
v 0.127798 0.006726 -0.006726
v 0.127798 0.020179 -0.006726
v 0.114345 0.033631 -0.020179
v 0.114345 0.033631 -0.006726
v 0.114345 0.047083 -0.020179
v 0.114345 0.047083 -0.006726
v 0.127798 0.033631 -0.006726
v 0.127798 0.047083 -0.006726
v 0.127798 0.154702 -0.087441
v 0.127798 0.141250 -0.060536
v 0.127798 0.154702 -0.073988
v 0.127798 0.154702 -0.060536
v 0.141250 0.154702 -0.087441
v 0.154702 0.154702 -0.087441
v 0.141250 0.141250 -0.060536
v 0.141250 0.154702 -0.073988
v 0.141250 0.154702 -0.060536
v 0.154702 0.141250 -0.060536
v 0.154702 0.154702 -0.073988
v 0.154702 0.154702 -0.060536
v 0.127798 0.127798 -0.020179
v 0.127798 0.127798 -0.006726
v 0.127798 0.141250 -0.047083
v 0.127798 0.141250 -0.033631
v 0.127798 0.154702 -0.047083
v 0.127798 0.154702 -0.033631
v 0.127798 0.141250 -0.020179
v 0.127798 0.141250 -0.006726
v 0.127798 0.154702 -0.020179
v 0.127798 0.154702 -0.006726
v 0.141250 0.127798 -0.020179
v 0.141250 0.127798 -0.006726
v 0.154702 0.127798 -0.020179
v 0.154702 0.127798 -0.006726
v 0.141250 0.141250 -0.047083
v 0.141250 0.141250 -0.033631
v 0.154702 0.141250 -0.047083
v 0.154702 0.141250 -0.033631
v 0.141250 0.141250 -0.020179
v 0.154702 0.141250 -0.020179
v 0.127798 0.168155 -0.087441
v 0.127798 0.181607 -0.087441
v 0.127798 0.168155 -0.073988
v 0.127798 0.168155 -0.060536
v 0.127798 0.181607 -0.073988
v 0.127798 0.181607 -0.060536
v 0.127798 0.195060 -0.100893
v 0.127798 0.195060 -0.087441
v 0.127798 0.208512 -0.100893
v 0.127798 0.208512 -0.087441
v 0.127798 0.195060 -0.073988
v 0.127798 0.195060 -0.060536
v 0.127798 0.208512 -0.073988
v 0.127798 0.208512 -0.060536
v 0.141250 0.168155 -0.087441
v 0.141250 0.181607 -0.087441
v 0.154702 0.168155 -0.087441
v 0.154702 0.181607 -0.087441
v 0.141250 0.195060 -0.100893
v 0.141250 0.195060 -0.087441
v 0.141250 0.208512 -0.100893
v 0.154702 0.195060 -0.100893
v 0.154702 0.195060 -0.087441
v 0.154702 0.208512 -0.100893
v 0.127798 0.168155 -0.047083
v 0.127798 0.168155 -0.033631
v 0.127798 0.181607 -0.047083
v 0.127798 0.181607 -0.033631
v 0.127798 0.168155 -0.020179
v 0.127798 0.168155 -0.006726
v 0.127798 0.181607 -0.020179
v 0.127798 0.181607 -0.006726
v 0.127798 0.195060 -0.047083
v 0.127798 0.195060 -0.033631
v 0.127798 0.208512 -0.047083
v 0.127798 0.208512 -0.033631
v 0.127798 0.195060 -0.020179
v 0.127798 0.195060 -0.006726
v 0.127798 0.208512 -0.020179
v 0.127798 0.208512 -0.006726
v 0.168155 0.154702 -0.087441
v 0.168155 0.141250 -0.060536
v 0.168155 0.154702 -0.073988
v 0.168155 0.154702 -0.060536
v 0.168155 0.127798 -0.020179
v 0.168155 0.127798 -0.006726
v 0.168155 0.141250 -0.047083
v 0.168155 0.141250 -0.033631
v 0.168155 0.154702 -0.047083
v 0.168155 0.154702 -0.033631
v 0.168155 0.141250 -0.020179
v 0.168155 0.141250 -0.006726
v 0.168155 0.154702 -0.020179
v 0.168155 0.154702 -0.006726
v 0.168155 0.168155 -0.087441
v 0.168155 0.181607 -0.087441
v 0.168155 0.168155 -0.073988
v 0.168155 0.168155 -0.060536
v 0.168155 0.181607 -0.073988
v 0.168155 0.181607 -0.060536
v 0.168155 0.195060 -0.100893
v 0.168155 0.195060 -0.087441
v 0.168155 0.208512 -0.100893
v 0.168155 0.208512 -0.087441
v 0.168155 0.195060 -0.073988
v 0.168155 0.195060 -0.060536
v 0.168155 0.208512 -0.073988
v 0.168155 0.208512 -0.060536
v 0.168155 0.168155 -0.047083
v 0.168155 0.168155 -0.033631
v 0.168155 0.181607 -0.047083
v 0.168155 0.181607 -0.033631
v 0.168155 0.168155 -0.020179
v 0.168155 0.168155 -0.006726
v 0.168155 0.181607 -0.020179
v 0.168155 0.181607 -0.006726
v 0.168155 0.195060 -0.047083
v 0.168155 0.195060 -0.033631
v 0.168155 0.208512 -0.047083
v 0.168155 0.208512 -0.033631
v 0.168155 0.195060 -0.020179
v 0.168155 0.195060 -0.006726
v 0.168155 0.208512 -0.020179
v 0.168155 0.208512 -0.006726
v 0.006726 0.221964 -0.114345
v 0.006726 0.235417 -0.114345
v 0.020179 0.221964 -0.114345
v 0.020179 0.235417 -0.114345
v 0.006726 0.248869 -0.114345
v 0.020179 0.248869 -0.114345
v 0.033631 0.221964 -0.114345
v 0.033631 0.235417 -0.114345
v 0.047083 0.221964 -0.114345
v 0.047083 0.235417 -0.114345
v 0.033631 0.248869 -0.114345
v 0.047083 0.248869 -0.114345
v 0.006726 0.221964 -0.100893
v 0.020179 0.221964 -0.100893
v 0.006726 0.248869 -0.100893
v 0.006726 0.262321 -0.100893
v 0.020179 0.248869 -0.100893
v 0.020179 0.262321 -0.100893
v 0.033631 0.221964 -0.100893
v 0.047083 0.221964 -0.100893
v 0.047083 0.221964 -0.087441
v 0.047083 0.235417 -0.100893
v 0.047083 0.235417 -0.087441
v 0.047083 0.221964 -0.073988
v 0.047083 0.221964 -0.060536
v 0.047083 0.235417 -0.073988
v 0.047083 0.235417 -0.060536
v 0.033631 0.248869 -0.100893
v 0.033631 0.262321 -0.100893
v 0.047083 0.248869 -0.100893
v 0.047083 0.248869 -0.087441
v 0.047083 0.262321 -0.100893
v 0.047083 0.262321 -0.087441
v 0.047083 0.248869 -0.073988
v 0.047083 0.248869 -0.060536
v 0.047083 0.262321 -0.073988
v 0.047083 0.262321 -0.060536
v 0.047083 0.221964 -0.047083
v 0.047083 0.221964 -0.033631
v 0.047083 0.235417 -0.047083
v 0.047083 0.235417 -0.033631
v 0.047083 0.221964 -0.020179
v 0.047083 0.221964 -0.006726
v 0.047083 0.235417 -0.020179
v 0.047083 0.235417 -0.006726
v 0.047083 0.248869 -0.047083
v 0.047083 0.248869 -0.033631
v 0.047083 0.262321 -0.047083
v 0.047083 0.262321 -0.033631
v 0.047083 0.248869 -0.020179
v 0.047083 0.248869 -0.006726
v 0.047083 0.262321 -0.020179
v 0.047083 0.262321 -0.006726
v 0.006726 0.275774 -0.100893
v 0.006726 0.289226 -0.100893
v 0.006726 0.289226 -0.087441
v 0.020179 0.275774 -0.100893
v 0.020179 0.289226 -0.100893
v 0.020179 0.289226 -0.087441
v 0.006726 0.302679 -0.087441
v 0.006726 0.316131 -0.087441
v 0.020179 0.302679 -0.087441
v 0.020179 0.316131 -0.087441
v 0.006726 0.316131 -0.073988
v 0.006726 0.316131 -0.060536
v 0.020179 0.316131 -0.073988
v 0.020179 0.316131 -0.060536
v 0.033631 0.275774 -0.100893
v 0.033631 0.289226 -0.100893
v 0.033631 0.289226 -0.087441
v 0.047083 0.275774 -0.100893
v 0.047083 0.275774 -0.087441
v 0.047083 0.289226 -0.100893
v 0.047083 0.289226 -0.087441
v 0.047083 0.275774 -0.073988
v 0.047083 0.275774 -0.060536
v 0.047083 0.289226 -0.073988
v 0.047083 0.289226 -0.060536
v 0.033631 0.302679 -0.087441
v 0.033631 0.316131 -0.087441
v 0.047083 0.302679 -0.087441
v 0.047083 0.316131 -0.087441
v 0.033631 0.316131 -0.073988
v 0.033631 0.316131 -0.060536
v 0.047083 0.302679 -0.073988
v 0.047083 0.302679 -0.060536
v 0.047083 0.316131 -0.073988
v 0.047083 0.316131 -0.060536
v 0.047083 0.275774 -0.047083
v 0.047083 0.275774 -0.033631
v 0.047083 0.289226 -0.047083
v 0.047083 0.289226 -0.033631
v 0.047083 0.275774 -0.020179
v 0.047083 0.275774 -0.006726
v 0.047083 0.289226 -0.020179
v 0.047083 0.289226 -0.006726
v 0.047083 0.302679 -0.047083
v 0.047083 0.302679 -0.033631
v 0.047083 0.316131 -0.047083
v 0.047083 0.316131 -0.033631
v 0.047083 0.302679 -0.020179
v 0.047083 0.302679 -0.006726
v 0.047083 0.316131 -0.020179
v 0.047083 0.316131 -0.006726
v 0.006726 0.329583 -0.060536
v 0.020179 0.329583 -0.060536
v 0.033631 0.329583 -0.060536
v 0.047083 0.329583 -0.060536
v 0.006726 0.329583 -0.047083
v 0.006726 0.329583 -0.033631
v 0.006726 0.343036 -0.033631
v 0.020179 0.329583 -0.047083
v 0.020179 0.329583 -0.033631
v 0.020179 0.343036 -0.033631
v 0.006726 0.343036 -0.020179
v 0.006726 0.343036 -0.006726
v 0.020179 0.343036 -0.020179
v 0.020179 0.343036 -0.006726
v 0.006726 0.356488 -0.006726
v 0.020179 0.356488 -0.006726
v 0.033631 0.329583 -0.047083
v 0.033631 0.329583 -0.033631
v 0.033631 0.343036 -0.033631
v 0.047083 0.329583 -0.047083
v 0.047083 0.329583 -0.033631
v 0.047083 0.343036 -0.033631
v 0.033631 0.343036 -0.020179
v 0.033631 0.343036 -0.006726
v 0.047083 0.329583 -0.020179
v 0.047083 0.329583 -0.006726
v 0.047083 0.343036 -0.020179
v 0.047083 0.343036 -0.006726
v 0.033631 0.356488 -0.006726
v 0.047083 0.356488 -0.006726
v 0.127798 0.221964 -0.114345
v 0.127798 0.235417 -0.114345
v 0.127798 0.248869 -0.114345
v 0.141250 0.221964 -0.114345
v 0.141250 0.235417 -0.114345
v 0.154702 0.221964 -0.114345
v 0.154702 0.235417 -0.114345
v 0.141250 0.248869 -0.114345
v 0.154702 0.248869 -0.114345
v 0.168155 0.221964 -0.114345
v 0.168155 0.235417 -0.114345
v 0.168155 0.248869 -0.114345
v 0.127798 0.221964 -0.100893
v 0.127798 0.221964 -0.087441
v 0.127798 0.235417 -0.100893
v 0.127798 0.235417 -0.087441
v 0.127798 0.221964 -0.073988
v 0.127798 0.221964 -0.060536
v 0.127798 0.235417 -0.073988
v 0.127798 0.235417 -0.060536
v 0.127798 0.248869 -0.100893
v 0.127798 0.248869 -0.087441
v 0.127798 0.262321 -0.100893
v 0.127798 0.262321 -0.087441
v 0.127798 0.248869 -0.073988
v 0.127798 0.248869 -0.060536
v 0.127798 0.262321 -0.073988
v 0.127798 0.262321 -0.060536
v 0.141250 0.221964 -0.100893
v 0.154702 0.221964 -0.100893
v 0.141250 0.248869 -0.100893
v 0.141250 0.262321 -0.100893
v 0.154702 0.248869 -0.100893
v 0.154702 0.262321 -0.100893
v 0.127798 0.221964 -0.047083
v 0.127798 0.221964 -0.033631
v 0.127798 0.235417 -0.047083
v 0.127798 0.235417 -0.033631
v 0.127798 0.221964 -0.020179
v 0.127798 0.221964 -0.006726
v 0.127798 0.235417 -0.020179
v 0.127798 0.235417 -0.006726
v 0.127798 0.248869 -0.047083
v 0.127798 0.248869 -0.033631
v 0.127798 0.262321 -0.047083
v 0.127798 0.262321 -0.033631
v 0.127798 0.248869 -0.020179
v 0.127798 0.248869 -0.006726
v 0.127798 0.262321 -0.020179
v 0.127798 0.262321 -0.006726
v 0.127798 0.275774 -0.100893
v 0.127798 0.275774 -0.087441
v 0.127798 0.289226 -0.100893
v 0.127798 0.289226 -0.087441
v 0.127798 0.275774 -0.073988
v 0.127798 0.275774 -0.060536
v 0.127798 0.289226 -0.073988
v 0.127798 0.289226 -0.060536
v 0.127798 0.302679 -0.087441
v 0.127798 0.316131 -0.087441
v 0.127798 0.302679 -0.073988
v 0.127798 0.302679 -0.060536
v 0.127798 0.316131 -0.073988
v 0.127798 0.316131 -0.060536
v 0.141250 0.275774 -0.100893
v 0.141250 0.289226 -0.100893
v 0.141250 0.289226 -0.087441
v 0.154702 0.275774 -0.100893
v 0.154702 0.289226 -0.100893
v 0.154702 0.289226 -0.087441
v 0.141250 0.302679 -0.087441
v 0.141250 0.316131 -0.087441
v 0.154702 0.302679 -0.087441
v 0.154702 0.316131 -0.087441
v 0.141250 0.316131 -0.073988
v 0.141250 0.316131 -0.060536
v 0.154702 0.316131 -0.073988
v 0.154702 0.316131 -0.060536
v 0.127798 0.275774 -0.047083
v 0.127798 0.275774 -0.033631
v 0.127798 0.289226 -0.047083
v 0.127798 0.289226 -0.033631
v 0.127798 0.275774 -0.020179
v 0.127798 0.275774 -0.006726
v 0.127798 0.289226 -0.020179
v 0.127798 0.289226 -0.006726
v 0.127798 0.302679 -0.047083
v 0.127798 0.302679 -0.033631
v 0.127798 0.316131 -0.047083
v 0.127798 0.316131 -0.033631
v 0.127798 0.302679 -0.020179
v 0.127798 0.302679 -0.006726
v 0.127798 0.316131 -0.020179
v 0.127798 0.316131 -0.006726
v 0.168155 0.221964 -0.100893
v 0.168155 0.221964 -0.087441
v 0.168155 0.235417 -0.100893
v 0.168155 0.235417 -0.087441
v 0.168155 0.221964 -0.073988
v 0.168155 0.221964 -0.060536
v 0.168155 0.235417 -0.073988
v 0.168155 0.235417 -0.060536
v 0.168155 0.248869 -0.100893
v 0.168155 0.248869 -0.087441
v 0.168155 0.262321 -0.100893
v 0.168155 0.262321 -0.087441
v 0.168155 0.248869 -0.073988
v 0.168155 0.248869 -0.060536
v 0.168155 0.262321 -0.073988
v 0.168155 0.262321 -0.060536
v 0.168155 0.221964 -0.047083
v 0.168155 0.221964 -0.033631
v 0.168155 0.235417 -0.047083
v 0.168155 0.235417 -0.033631
v 0.168155 0.221964 -0.020179
v 0.168155 0.221964 -0.006726
v 0.168155 0.235417 -0.020179
v 0.168155 0.235417 -0.006726
v 0.168155 0.248869 -0.047083
v 0.168155 0.248869 -0.033631
v 0.168155 0.262321 -0.047083
v 0.168155 0.262321 -0.033631
v 0.168155 0.248869 -0.020179
v 0.168155 0.248869 -0.006726
v 0.168155 0.262321 -0.020179
v 0.168155 0.262321 -0.006726
v 0.168155 0.275774 -0.100893
v 0.168155 0.275774 -0.087441
v 0.168155 0.289226 -0.100893
v 0.168155 0.289226 -0.087441
v 0.168155 0.275774 -0.073988
v 0.168155 0.275774 -0.060536
v 0.168155 0.289226 -0.073988
v 0.168155 0.289226 -0.060536
v 0.168155 0.302679 -0.087441
v 0.168155 0.316131 -0.087441
v 0.168155 0.302679 -0.073988
v 0.168155 0.302679 -0.060536
v 0.168155 0.316131 -0.073988
v 0.168155 0.316131 -0.060536
v 0.168155 0.275774 -0.047083
v 0.168155 0.275774 -0.033631
v 0.168155 0.289226 -0.047083
v 0.168155 0.289226 -0.033631
v 0.168155 0.275774 -0.020179
v 0.168155 0.275774 -0.006726
v 0.168155 0.289226 -0.020179
v 0.168155 0.289226 -0.006726
v 0.168155 0.302679 -0.047083
v 0.168155 0.302679 -0.033631
v 0.168155 0.316131 -0.047083
v 0.168155 0.316131 -0.033631
v 0.168155 0.302679 -0.020179
v 0.168155 0.302679 -0.006726
v 0.168155 0.316131 -0.020179
v 0.168155 0.316131 -0.006726
v 0.127798 0.329583 -0.060536
v 0.141250 0.329583 -0.060536
v 0.154702 0.329583 -0.060536
v 0.127798 0.329583 -0.047083
v 0.127798 0.329583 -0.033631
v 0.127798 0.343036 -0.033631
v 0.127798 0.329583 -0.020179
v 0.127798 0.329583 -0.006726
v 0.127798 0.343036 -0.020179
v 0.127798 0.343036 -0.006726
v 0.127798 0.356488 -0.006726
v 0.141250 0.329583 -0.047083
v 0.141250 0.329583 -0.033631
v 0.141250 0.343036 -0.033631
v 0.154702 0.329583 -0.047083
v 0.154702 0.329583 -0.033631
v 0.154702 0.343036 -0.033631
v 0.141250 0.343036 -0.020179
v 0.141250 0.343036 -0.006726
v 0.154702 0.343036 -0.020179
v 0.154702 0.343036 -0.006726
v 0.141250 0.356488 -0.006726
v 0.154702 0.356488 -0.006726
v 0.168155 0.329583 -0.060536
v 0.168155 0.329583 -0.047083
v 0.168155 0.329583 -0.033631
v 0.168155 0.343036 -0.033631
v 0.168155 0.329583 -0.020179
v 0.168155 0.329583 -0.006726
v 0.168155 0.343036 -0.020179
v 0.168155 0.343036 -0.006726
v 0.168155 0.356488 -0.006726
v 0.248869 0.208512 -0.033631
v 0.262321 0.208512 -0.033631
v 0.248869 0.195060 -0.020179
v 0.248869 0.195060 -0.006726
v 0.248869 0.208512 -0.020179
v 0.248869 0.208512 -0.006726
v 0.262321 0.195060 -0.020179
v 0.262321 0.195060 -0.006726
v 0.262321 0.208512 -0.020179
v 0.275774 0.208512 -0.033631
v 0.289226 0.208512 -0.033631
v 0.275774 0.195060 -0.020179
v 0.275774 0.195060 -0.006726
v 0.275774 0.208512 -0.020179
v 0.289226 0.195060 -0.020179
v 0.289226 0.195060 -0.006726
v 0.289226 0.208512 -0.020179
v 0.302679 0.208512 -0.033631
v 0.316131 0.208512 -0.033631
v 0.302679 0.195060 -0.020179
v 0.302679 0.195060 -0.006726
v 0.302679 0.208512 -0.020179
v 0.316131 0.195060 -0.020179
v 0.316131 0.195060 -0.006726
v 0.316131 0.208512 -0.020179
v 0.329583 0.208512 -0.033631
v 0.343036 0.208512 -0.033631
v 0.329583 0.195060 -0.020179
v 0.329583 0.195060 -0.006726
v 0.329583 0.208512 -0.020179
v 0.343036 0.195060 -0.020179
v 0.343036 0.195060 -0.006726
v 0.343036 0.208512 -0.020179
v 0.356488 0.208512 -0.033631
v 0.369940 0.208512 -0.033631
v 0.356488 0.195060 -0.020179
v 0.356488 0.195060 -0.006726
v 0.356488 0.208512 -0.020179
v 0.369940 0.195060 -0.020179
v 0.369940 0.195060 -0.006726
v 0.369940 0.208512 -0.020179
v 0.383393 0.208512 -0.033631
v 0.396845 0.208512 -0.033631
v 0.383393 0.195060 -0.020179
v 0.383393 0.195060 -0.006726
v 0.383393 0.208512 -0.020179
v 0.396845 0.195060 -0.020179
v 0.396845 0.195060 -0.006726
v 0.396845 0.208512 -0.020179
v 0.410298 0.208512 -0.033631
v 0.423750 0.208512 -0.033631
v 0.410298 0.195060 -0.020179
v 0.410298 0.195060 -0.006726
v 0.410298 0.208512 -0.020179
v 0.423750 0.195060 -0.020179
v 0.423750 0.195060 -0.006726
v 0.423750 0.208512 -0.020179
v 0.248869 0.221964 -0.047083
v 0.248869 0.221964 -0.033631
v 0.248869 0.235417 -0.047083
v 0.248869 0.235417 -0.033631
v 0.262321 0.221964 -0.047083
v 0.262321 0.221964 -0.033631
v 0.262321 0.235417 -0.047083
v 0.248869 0.221964 -0.020179
v 0.248869 0.221964 -0.006726
v 0.248869 0.235417 -0.020179
v 0.248869 0.235417 -0.006726
v 0.248869 0.248869 -0.047083
v 0.248869 0.248869 -0.033631
v 0.248869 0.262321 -0.033631
v 0.262321 0.248869 -0.047083
v 0.262321 0.248869 -0.033631
v 0.262321 0.262321 -0.033631
v 0.248869 0.248869 -0.020179
v 0.248869 0.248869 -0.006726
v 0.248869 0.262321 -0.020179
v 0.248869 0.262321 -0.006726
v 0.248869 0.275774 -0.033631
v 0.262321 0.275774 -0.033631
v 0.248869 0.275774 -0.020179
v 0.248869 0.275774 -0.006726
v 0.248869 0.289226 -0.006726
v 0.262321 0.275774 -0.020179
v 0.262321 0.275774 -0.006726
v 0.262321 0.289226 -0.006726
v 0.275774 0.221964 -0.047083
v 0.275774 0.221964 -0.033631
v 0.275774 0.235417 -0.047083
v 0.289226 0.221964 -0.047083
v 0.289226 0.221964 -0.033631
v 0.289226 0.235417 -0.047083
v 0.275774 0.248869 -0.047083
v 0.275774 0.248869 -0.033631
v 0.275774 0.262321 -0.033631
v 0.289226 0.248869 -0.047083
v 0.289226 0.248869 -0.033631
v 0.289226 0.262321 -0.033631
v 0.302679 0.221964 -0.047083
v 0.302679 0.221964 -0.033631
v 0.302679 0.235417 -0.047083
v 0.316131 0.221964 -0.047083
v 0.316131 0.221964 -0.033631
v 0.316131 0.235417 -0.047083
v 0.302679 0.248869 -0.047083
v 0.302679 0.248869 -0.033631
v 0.302679 0.262321 -0.033631
v 0.316131 0.248869 -0.047083
v 0.316131 0.248869 -0.033631
v 0.316131 0.262321 -0.033631
v 0.275774 0.275774 -0.033631
v 0.289226 0.275774 -0.033631
v 0.275774 0.275774 -0.020179
v 0.275774 0.275774 -0.006726
v 0.275774 0.289226 -0.006726
v 0.289226 0.275774 -0.020179
v 0.289226 0.275774 -0.006726
v 0.289226 0.289226 -0.006726
v 0.302679 0.275774 -0.033631
v 0.316131 0.275774 -0.033631
v 0.302679 0.275774 -0.020179
v 0.302679 0.275774 -0.006726
v 0.302679 0.289226 -0.006726
v 0.316131 0.275774 -0.020179
v 0.316131 0.275774 -0.006726
v 0.316131 0.289226 -0.006726
v 0.329583 0.221964 -0.047083
v 0.329583 0.221964 -0.033631
v 0.329583 0.235417 -0.047083
v 0.343036 0.221964 -0.047083
v 0.343036 0.221964 -0.033631
v 0.343036 0.235417 -0.047083
v 0.329583 0.248869 -0.047083
v 0.329583 0.248869 -0.033631
v 0.329583 0.262321 -0.033631
v 0.343036 0.248869 -0.047083
v 0.343036 0.248869 -0.033631
v 0.343036 0.262321 -0.033631
v 0.356488 0.221964 -0.047083
v 0.356488 0.221964 -0.033631
v 0.356488 0.235417 -0.047083
v 0.369940 0.221964 -0.047083
v 0.369940 0.221964 -0.033631
v 0.369940 0.235417 -0.047083
v 0.356488 0.248869 -0.047083
v 0.356488 0.248869 -0.033631
v 0.356488 0.262321 -0.033631
v 0.369940 0.248869 -0.047083
v 0.369940 0.248869 -0.033631
v 0.369940 0.262321 -0.033631
v 0.329583 0.275774 -0.033631
v 0.343036 0.275774 -0.033631
v 0.329583 0.275774 -0.020179
v 0.329583 0.275774 -0.006726
v 0.329583 0.289226 -0.006726
v 0.343036 0.275774 -0.020179
v 0.343036 0.275774 -0.006726
v 0.343036 0.289226 -0.006726
v 0.356488 0.275774 -0.033631
v 0.369940 0.275774 -0.033631
v 0.356488 0.275774 -0.020179
v 0.356488 0.275774 -0.006726
v 0.356488 0.289226 -0.006726
v 0.369940 0.275774 -0.020179
v 0.369940 0.275774 -0.006726
v 0.369940 0.289226 -0.006726
v 0.383393 0.221964 -0.047083
v 0.383393 0.221964 -0.033631
v 0.383393 0.235417 -0.047083
v 0.396845 0.221964 -0.047083
v 0.396845 0.221964 -0.033631
v 0.396845 0.235417 -0.047083
v 0.383393 0.248869 -0.047083
v 0.383393 0.248869 -0.033631
v 0.383393 0.262321 -0.033631
v 0.396845 0.248869 -0.047083
v 0.396845 0.248869 -0.033631
v 0.396845 0.262321 -0.033631
v 0.410298 0.221964 -0.047083
v 0.410298 0.221964 -0.033631
v 0.410298 0.235417 -0.047083
v 0.423750 0.221964 -0.047083
v 0.423750 0.221964 -0.033631
v 0.423750 0.235417 -0.047083
v 0.410298 0.248869 -0.047083
v 0.410298 0.248869 -0.033631
v 0.410298 0.262321 -0.033631
v 0.423750 0.248869 -0.047083
v 0.423750 0.248869 -0.033631
v 0.423750 0.262321 -0.033631
v 0.383393 0.275774 -0.033631
v 0.396845 0.275774 -0.033631
v 0.383393 0.275774 -0.020179
v 0.383393 0.275774 -0.006726
v 0.383393 0.289226 -0.006726
v 0.396845 0.275774 -0.020179
v 0.396845 0.275774 -0.006726
v 0.396845 0.289226 -0.006726
v 0.410298 0.275774 -0.033631
v 0.423750 0.275774 -0.033631
v 0.410298 0.275774 -0.020179
v 0.410298 0.275774 -0.006726
v 0.410298 0.289226 -0.006726
v 0.423750 0.275774 -0.020179
v 0.423750 0.275774 -0.006726
v 0.423750 0.289226 -0.006726
v 0.437202 0.208512 -0.033631
v 0.450655 0.208512 -0.033631
v 0.437202 0.195060 -0.020179
v 0.437202 0.195060 -0.006726
v 0.437202 0.208512 -0.020179
v 0.450655 0.195060 -0.020179
v 0.450655 0.195060 -0.006726
v 0.450655 0.208512 -0.020179
v 0.464107 0.208512 -0.033631
v 0.477559 0.208512 -0.033631
v 0.464107 0.195060 -0.020179
v 0.464107 0.195060 -0.006726
v 0.464107 0.208512 -0.020179
v 0.477559 0.195060 -0.020179
v 0.477559 0.195060 -0.006726
v 0.477559 0.208512 -0.020179
v 0.491012 0.208512 -0.033631
v 0.504464 0.208512 -0.033631
v 0.491012 0.195060 -0.020179
v 0.491012 0.195060 -0.006726
v 0.491012 0.208512 -0.020179
v 0.504464 0.195060 -0.020179
v 0.504464 0.195060 -0.006726
v 0.504464 0.208512 -0.020179
v 0.517917 0.208512 -0.033631
v 0.531369 0.208512 -0.033631
v 0.517917 0.195060 -0.020179
v 0.517917 0.195060 -0.006726
v 0.517917 0.208512 -0.020179
v 0.531369 0.195060 -0.020179
v 0.531369 0.195060 -0.006726
v 0.531369 0.208512 -0.020179
v 0.531369 0.208512 -0.006726
v 0.437202 0.221964 -0.047083
v 0.437202 0.221964 -0.033631
v 0.437202 0.235417 -0.047083
v 0.450655 0.221964 -0.047083
v 0.450655 0.221964 -0.033631
v 0.450655 0.235417 -0.047083
v 0.437202 0.248869 -0.047083
v 0.437202 0.248869 -0.033631
v 0.437202 0.262321 -0.033631
v 0.450655 0.248869 -0.047083
v 0.450655 0.248869 -0.033631
v 0.450655 0.262321 -0.033631
v 0.464107 0.221964 -0.047083
v 0.464107 0.221964 -0.033631
v 0.464107 0.235417 -0.047083
v 0.477559 0.221964 -0.047083
v 0.477559 0.221964 -0.033631
v 0.477559 0.235417 -0.047083
v 0.464107 0.248869 -0.047083
v 0.464107 0.248869 -0.033631
v 0.464107 0.262321 -0.033631
v 0.477559 0.248869 -0.047083
v 0.477559 0.248869 -0.033631
v 0.477559 0.262321 -0.033631
v 0.437202 0.275774 -0.033631
v 0.450655 0.275774 -0.033631
v 0.437202 0.275774 -0.020179
v 0.437202 0.275774 -0.006726
v 0.437202 0.289226 -0.006726
v 0.450655 0.275774 -0.020179
v 0.450655 0.275774 -0.006726
v 0.450655 0.289226 -0.006726
v 0.464107 0.275774 -0.033631
v 0.477559 0.275774 -0.033631
v 0.464107 0.275774 -0.020179
v 0.464107 0.275774 -0.006726
v 0.464107 0.289226 -0.006726
v 0.477559 0.275774 -0.020179
v 0.477559 0.275774 -0.006726
v 0.477559 0.289226 -0.006726
v 0.491012 0.221964 -0.047083
v 0.491012 0.221964 -0.033631
v 0.491012 0.235417 -0.047083
v 0.504464 0.221964 -0.047083
v 0.504464 0.221964 -0.033631
v 0.504464 0.235417 -0.047083
v 0.491012 0.248869 -0.047083
v 0.491012 0.248869 -0.033631
v 0.491012 0.262321 -0.033631
v 0.504464 0.248869 -0.047083
v 0.504464 0.248869 -0.033631
v 0.504464 0.262321 -0.033631
v 0.517917 0.221964 -0.047083
v 0.517917 0.221964 -0.033631
v 0.517917 0.235417 -0.047083
v 0.531369 0.221964 -0.047083
v 0.531369 0.221964 -0.033631
v 0.531369 0.235417 -0.047083
v 0.531369 0.235417 -0.033631
v 0.531369 0.221964 -0.020179
v 0.531369 0.221964 -0.006726
v 0.531369 0.235417 -0.020179
v 0.531369 0.235417 -0.006726
v 0.517917 0.248869 -0.047083
v 0.517917 0.248869 -0.033631
v 0.517917 0.262321 -0.033631
v 0.531369 0.248869 -0.047083
v 0.531369 0.248869 -0.033631
v 0.531369 0.262321 -0.033631
v 0.531369 0.248869 -0.020179
v 0.531369 0.248869 -0.006726
v 0.531369 0.262321 -0.020179
v 0.531369 0.262321 -0.006726
v 0.491012 0.275774 -0.033631
v 0.504464 0.275774 -0.033631
v 0.491012 0.275774 -0.020179
v 0.491012 0.275774 -0.006726
v 0.491012 0.289226 -0.006726
v 0.504464 0.275774 -0.020179
v 0.504464 0.275774 -0.006726
v 0.504464 0.289226 -0.006726
v 0.517917 0.275774 -0.033631
v 0.531369 0.275774 -0.033631
v 0.517917 0.275774 -0.020179
v 0.517917 0.275774 -0.006726
v 0.517917 0.289226 -0.006726
v 0.531369 0.275774 -0.020179
v 0.531369 0.275774 -0.006726
v 0.531369 0.289226 -0.006726
v 0.638988 0.221964 -0.006726
v 0.638988 0.235417 -0.006726
v 0.638988 0.248869 -0.006726
v 0.652440 0.221964 -0.006726
v 0.652440 0.235417 -0.006726
v 0.665893 0.221964 -0.006726
v 0.665893 0.235417 -0.006726
v 0.652440 0.248869 -0.006726
v 0.665893 0.248869 -0.006726
v 0.679345 0.221964 -0.006726
v 0.679345 0.235417 -0.006726
v 0.692798 0.221964 -0.006726
v 0.692798 0.235417 -0.006726
v 0.679345 0.248869 -0.006726
v 0.692798 0.248869 -0.006726
v 0.706250 0.221964 -0.006726
v 0.706250 0.235417 -0.006726
v 0.719702 0.221964 -0.006726
v 0.719702 0.235417 -0.006726
v 0.706250 0.248869 -0.006726
v 0.719702 0.248869 -0.006726
v 0.733155 0.221964 -0.006726
v 0.733155 0.235417 -0.006726
v 0.746607 0.221964 -0.006726
v 0.746607 0.235417 -0.006726
v 0.733155 0.248869 -0.006726
v 0.746607 0.248869 -0.006726
v 0.760059 0.221964 -0.006726
v 0.760059 0.235417 -0.006726
v 0.773512 0.221964 -0.006726
v 0.773512 0.235417 -0.006726
v 0.760059 0.248869 -0.006726
v 0.773512 0.248869 -0.006726
v 0.087440 0.006726 0.006726
v 0.087440 0.006726 0.020179
v 0.087440 0.020179 0.006726
v 0.087440 0.020179 0.020179
v 0.100893 0.006726 0.020179
v 0.100893 0.020179 0.020179
v 0.087440 0.033631 0.006726
v 0.087440 0.033631 0.020179
v 0.087440 0.047083 0.006726
v 0.087440 0.047083 0.020179
v 0.100893 0.033631 0.020179
v 0.100893 0.047083 0.006726
v 0.100893 0.047083 0.020179
v 0.006726 0.127798 0.006726
v 0.006726 0.127798 0.020179
v 0.020179 0.127798 0.006726
v 0.020179 0.127798 0.020179
v 0.006726 0.141250 0.020179
v 0.020179 0.141250 0.020179
v 0.006726 0.141250 0.033631
v 0.006726 0.141250 0.047083
v 0.020179 0.141250 0.033631
v 0.020179 0.141250 0.047083
v 0.033631 0.127798 0.006726
v 0.033631 0.127798 0.020179
v 0.047083 0.127798 0.006726
v 0.047083 0.127798 0.020179
v 0.033631 0.141250 0.020179
v 0.047083 0.141250 0.006726
v 0.047083 0.141250 0.020179
v 0.047083 0.154702 0.006726
v 0.047083 0.154702 0.020179
v 0.033631 0.141250 0.033631
v 0.033631 0.141250 0.047083
v 0.047083 0.141250 0.033631
v 0.047083 0.141250 0.047083
v 0.047083 0.154702 0.033631
v 0.047083 0.154702 0.047083
v 0.006726 0.141250 0.060536
v 0.006726 0.154702 0.060536
v 0.006726 0.154702 0.073988
v 0.020179 0.141250 0.060536
v 0.020179 0.154702 0.060536
v 0.020179 0.154702 0.073988
v 0.006726 0.154702 0.087440
v 0.020179 0.154702 0.087440
v 0.033631 0.141250 0.060536
v 0.033631 0.154702 0.060536
v 0.033631 0.154702 0.073988
v 0.047083 0.141250 0.060536
v 0.047083 0.154702 0.060536
v 0.047083 0.154702 0.073988
v 0.033631 0.154702 0.087440
v 0.047083 0.154702 0.087440
v 0.047083 0.168155 0.006726
v 0.047083 0.168155 0.020179
v 0.047083 0.181607 0.006726
v 0.047083 0.181607 0.020179
v 0.047083 0.168155 0.033631
v 0.047083 0.168155 0.047083
v 0.047083 0.181607 0.033631
v 0.047083 0.181607 0.047083
v 0.047083 0.195060 0.006726
v 0.047083 0.195060 0.020179
v 0.047083 0.208512 0.006726
v 0.047083 0.208512 0.020179
v 0.047083 0.195060 0.033631
v 0.047083 0.195060 0.047083
v 0.047083 0.208512 0.033631
v 0.047083 0.208512 0.047083
v 0.006726 0.168155 0.087440
v 0.006726 0.181607 0.087440
v 0.020179 0.168155 0.087440
v 0.020179 0.181607 0.087440
v 0.006726 0.195060 0.087440
v 0.006726 0.195060 0.100893
v 0.006726 0.208512 0.100893
v 0.020179 0.195060 0.087440
v 0.020179 0.195060 0.100893
v 0.020179 0.208512 0.100893
v 0.047083 0.168155 0.060536
v 0.047083 0.168155 0.073988
v 0.047083 0.181607 0.060536
v 0.047083 0.181607 0.073988
v 0.033631 0.168155 0.087440
v 0.033631 0.181607 0.087440
v 0.047083 0.168155 0.087440
v 0.047083 0.181607 0.087440
v 0.047083 0.195060 0.060536
v 0.047083 0.195060 0.073988
v 0.047083 0.208512 0.060536
v 0.047083 0.208512 0.073988
v 0.033631 0.195060 0.087440
v 0.033631 0.195060 0.100893
v 0.033631 0.208512 0.100893
v 0.047083 0.195060 0.087440
v 0.047083 0.195060 0.100893
v 0.047083 0.208512 0.087440
v 0.047083 0.208512 0.100893
v 0.114345 0.006726 0.006726
v 0.114345 0.006726 0.020179
v 0.114345 0.020179 0.006726
v 0.114345 0.020179 0.020179
v 0.127798 0.006726 0.006726
v 0.127798 0.020179 0.006726
v 0.114345 0.033631 0.006726
v 0.114345 0.033631 0.020179
v 0.114345 0.047083 0.006726
v 0.114345 0.047083 0.020179
v 0.127798 0.033631 0.006726
v 0.127798 0.047083 0.006726
v 0.127798 0.127798 0.006726
v 0.127798 0.127798 0.020179
v 0.127798 0.141250 0.006726
v 0.127798 0.141250 0.020179
v 0.127798 0.154702 0.006726
v 0.127798 0.154702 0.020179
v 0.127798 0.141250 0.033631
v 0.127798 0.141250 0.047083
v 0.127798 0.154702 0.033631
v 0.127798 0.154702 0.047083
v 0.141250 0.127798 0.006726
v 0.141250 0.127798 0.020179
v 0.154702 0.127798 0.006726
v 0.154702 0.127798 0.020179
v 0.141250 0.141250 0.020179
v 0.154702 0.141250 0.020179
v 0.141250 0.141250 0.033631
v 0.141250 0.141250 0.047083
v 0.154702 0.141250 0.033631
v 0.154702 0.141250 0.047083
v 0.127798 0.141250 0.060536
v 0.127798 0.154702 0.060536
v 0.127798 0.154702 0.073988
v 0.127798 0.154702 0.087440
v 0.141250 0.141250 0.060536
v 0.141250 0.154702 0.060536
v 0.141250 0.154702 0.073988
v 0.154702 0.141250 0.060536
v 0.154702 0.154702 0.060536
v 0.154702 0.154702 0.073988
v 0.141250 0.154702 0.087440
v 0.154702 0.154702 0.087440
v 0.127798 0.168155 0.006726
v 0.127798 0.168155 0.020179
v 0.127798 0.181607 0.006726
v 0.127798 0.181607 0.020179
v 0.127798 0.168155 0.033631
v 0.127798 0.168155 0.047083
v 0.127798 0.181607 0.033631
v 0.127798 0.181607 0.047083
v 0.127798 0.195060 0.006726
v 0.127798 0.195060 0.020179
v 0.127798 0.208512 0.006726
v 0.127798 0.208512 0.020179
v 0.127798 0.195060 0.033631
v 0.127798 0.195060 0.047083
v 0.127798 0.208512 0.033631
v 0.127798 0.208512 0.047083
v 0.127798 0.168155 0.060536
v 0.127798 0.168155 0.073988
v 0.127798 0.181607 0.060536
v 0.127798 0.181607 0.073988
v 0.127798 0.168155 0.087440
v 0.127798 0.181607 0.087440
v 0.127798 0.195060 0.060536
v 0.127798 0.195060 0.073988
v 0.127798 0.208512 0.060536
v 0.127798 0.208512 0.073988
v 0.127798 0.195060 0.087440
v 0.127798 0.195060 0.100893
v 0.127798 0.208512 0.087440
v 0.127798 0.208512 0.100893
v 0.141250 0.168155 0.087440
v 0.141250 0.181607 0.087440
v 0.154702 0.168155 0.087440
v 0.154702 0.181607 0.087440
v 0.141250 0.195060 0.087440
v 0.141250 0.195060 0.100893
v 0.141250 0.208512 0.100893
v 0.154702 0.195060 0.087440
v 0.154702 0.195060 0.100893
v 0.154702 0.208512 0.100893
v 0.168155 0.127798 0.006726
v 0.168155 0.127798 0.020179
v 0.168155 0.141250 0.006726
v 0.168155 0.141250 0.020179
v 0.168155 0.154702 0.006726
v 0.168155 0.154702 0.020179
v 0.168155 0.141250 0.033631
v 0.168155 0.141250 0.047083
v 0.168155 0.154702 0.033631
v 0.168155 0.154702 0.047083
v 0.168155 0.141250 0.060536
v 0.168155 0.154702 0.060536
v 0.168155 0.154702 0.073988
v 0.168155 0.154702 0.087440
v 0.168155 0.168155 0.006726
v 0.168155 0.168155 0.020179
v 0.168155 0.181607 0.006726
v 0.168155 0.181607 0.020179
v 0.168155 0.168155 0.033631
v 0.168155 0.168155 0.047083
v 0.168155 0.181607 0.033631
v 0.168155 0.181607 0.047083
v 0.168155 0.195060 0.006726
v 0.168155 0.195060 0.020179
v 0.168155 0.208512 0.006726
v 0.168155 0.208512 0.020179
v 0.168155 0.195060 0.033631
v 0.168155 0.195060 0.047083
v 0.168155 0.208512 0.033631
v 0.168155 0.208512 0.047083
v 0.168155 0.168155 0.060536
v 0.168155 0.168155 0.073988
v 0.168155 0.181607 0.060536
v 0.168155 0.181607 0.073988
v 0.168155 0.168155 0.087440
v 0.168155 0.181607 0.087440
v 0.168155 0.195060 0.060536
v 0.168155 0.195060 0.073988
v 0.168155 0.208512 0.060536
v 0.168155 0.208512 0.073988
v 0.168155 0.195060 0.087440
v 0.168155 0.195060 0.100893
v 0.168155 0.208512 0.087440
v 0.168155 0.208512 0.100893
v 0.047083 0.221964 0.006726
v 0.047083 0.221964 0.020179
v 0.047083 0.235417 0.006726
v 0.047083 0.235417 0.020179
v 0.047083 0.221964 0.033631
v 0.047083 0.221964 0.047083
v 0.047083 0.235417 0.033631
v 0.047083 0.235417 0.047083
v 0.047083 0.248869 0.006726
v 0.047083 0.248869 0.020179
v 0.047083 0.262321 0.006726
v 0.047083 0.262321 0.020179
v 0.047083 0.248869 0.033631
v 0.047083 0.248869 0.047083
v 0.047083 0.262321 0.033631
v 0.047083 0.262321 0.047083
v 0.006726 0.221964 0.100893
v 0.020179 0.221964 0.100893
v 0.006726 0.248869 0.100893
v 0.006726 0.262321 0.100893
v 0.020179 0.248869 0.100893
v 0.020179 0.262321 0.100893
v 0.047083 0.221964 0.060536
v 0.047083 0.221964 0.073988
v 0.047083 0.235417 0.060536
v 0.047083 0.235417 0.073988
v 0.033631 0.221964 0.100893
v 0.047083 0.221964 0.087440
v 0.047083 0.221964 0.100893
v 0.047083 0.235417 0.087440
v 0.047083 0.235417 0.100893
v 0.047083 0.248869 0.060536
v 0.047083 0.248869 0.073988
v 0.047083 0.262321 0.060536
v 0.047083 0.262321 0.073988
v 0.033631 0.248869 0.100893
v 0.033631 0.262321 0.100893
v 0.047083 0.248869 0.087440
v 0.047083 0.248869 0.100893
v 0.047083 0.262321 0.087440
v 0.047083 0.262321 0.100893
v 0.047083 0.275774 0.006726
v 0.047083 0.275774 0.020179
v 0.047083 0.289226 0.006726
v 0.047083 0.289226 0.020179
v 0.047083 0.275774 0.033631
v 0.047083 0.275774 0.047083
v 0.047083 0.289226 0.033631
v 0.047083 0.289226 0.047083
v 0.047083 0.302679 0.006726
v 0.047083 0.302679 0.020179
v 0.047083 0.316131 0.006726
v 0.047083 0.316131 0.020179
v 0.047083 0.302679 0.033631
v 0.047083 0.302679 0.047083
v 0.047083 0.316131 0.033631
v 0.047083 0.316131 0.047083
v 0.006726 0.275774 0.100893
v 0.006726 0.289226 0.087440
v 0.006726 0.289226 0.100893
v 0.020179 0.275774 0.100893
v 0.020179 0.289226 0.087440
v 0.020179 0.289226 0.100893
v 0.006726 0.316131 0.060536
v 0.006726 0.316131 0.073988
v 0.020179 0.316131 0.060536
v 0.020179 0.316131 0.073988
v 0.006726 0.302679 0.087440
v 0.006726 0.316131 0.087440
v 0.020179 0.302679 0.087440
v 0.020179 0.316131 0.087440
v 0.047083 0.275774 0.060536
v 0.047083 0.275774 0.073988
v 0.047083 0.289226 0.060536
v 0.047083 0.289226 0.073988
v 0.033631 0.275774 0.100893
v 0.033631 0.289226 0.087440
v 0.033631 0.289226 0.100893
v 0.047083 0.275774 0.087440
v 0.047083 0.275774 0.100893
v 0.047083 0.289226 0.087440
v 0.047083 0.289226 0.100893
v 0.033631 0.316131 0.060536
v 0.033631 0.316131 0.073988
v 0.047083 0.302679 0.060536
v 0.047083 0.302679 0.073988
v 0.047083 0.316131 0.060536
v 0.047083 0.316131 0.073988
v 0.033631 0.302679 0.087440
v 0.033631 0.316131 0.087440
v 0.047083 0.302679 0.087440
v 0.047083 0.316131 0.087440
v 0.006726 0.221964 0.114345
v 0.006726 0.235417 0.114345
v 0.020179 0.221964 0.114345
v 0.020179 0.235417 0.114345
v 0.006726 0.248869 0.114345
v 0.020179 0.248869 0.114345
v 0.033631 0.221964 0.114345
v 0.033631 0.235417 0.114345
v 0.047083 0.221964 0.114345
v 0.047083 0.235417 0.114345
v 0.033631 0.248869 0.114345
v 0.047083 0.248869 0.114345
v 0.006726 0.343036 0.006726
v 0.006726 0.343036 0.020179
v 0.020179 0.343036 0.006726
v 0.020179 0.343036 0.020179
v 0.006726 0.329583 0.033631
v 0.006726 0.329583 0.047083
v 0.006726 0.343036 0.033631
v 0.020179 0.329583 0.033631
v 0.020179 0.329583 0.047083
v 0.020179 0.343036 0.033631
v 0.006726 0.356488 0.006726
v 0.020179 0.356488 0.006726
v 0.033631 0.343036 0.006726
v 0.033631 0.343036 0.020179
v 0.047083 0.329583 0.006726
v 0.047083 0.329583 0.020179
v 0.047083 0.343036 0.006726
v 0.047083 0.343036 0.020179
v 0.033631 0.329583 0.033631
v 0.033631 0.329583 0.047083
v 0.033631 0.343036 0.033631
v 0.047083 0.329583 0.033631
v 0.047083 0.329583 0.047083
v 0.047083 0.343036 0.033631
v 0.033631 0.356488 0.006726
v 0.047083 0.356488 0.006726
v 0.006726 0.329583 0.060536
v 0.020179 0.329583 0.060536
v 0.033631 0.329583 0.060536
v 0.047083 0.329583 0.060536
v 0.127798 0.221964 0.006726
v 0.127798 0.221964 0.020179
v 0.127798 0.235417 0.006726
v 0.127798 0.235417 0.020179
v 0.127798 0.221964 0.033631
v 0.127798 0.221964 0.047083
v 0.127798 0.235417 0.033631
v 0.127798 0.235417 0.047083
v 0.127798 0.248869 0.006726
v 0.127798 0.248869 0.020179
v 0.127798 0.262321 0.006726
v 0.127798 0.262321 0.020179
v 0.127798 0.248869 0.033631
v 0.127798 0.248869 0.047083
v 0.127798 0.262321 0.033631
v 0.127798 0.262321 0.047083
v 0.127798 0.221964 0.060536
v 0.127798 0.221964 0.073988
v 0.127798 0.235417 0.060536
v 0.127798 0.235417 0.073988
v 0.127798 0.221964 0.087440
v 0.127798 0.221964 0.100893
v 0.127798 0.235417 0.087440
v 0.127798 0.235417 0.100893
v 0.127798 0.248869 0.060536
v 0.127798 0.248869 0.073988
v 0.127798 0.262321 0.060536
v 0.127798 0.262321 0.073988
v 0.127798 0.248869 0.087440
v 0.127798 0.248869 0.100893
v 0.127798 0.262321 0.087440
v 0.127798 0.262321 0.100893
v 0.141250 0.221964 0.100893
v 0.154702 0.221964 0.100893
v 0.141250 0.248869 0.100893
v 0.141250 0.262321 0.100893
v 0.154702 0.248869 0.100893
v 0.154702 0.262321 0.100893
v 0.127798 0.275774 0.006726
v 0.127798 0.275774 0.020179
v 0.127798 0.289226 0.006726
v 0.127798 0.289226 0.020179
v 0.127798 0.275774 0.033631
v 0.127798 0.275774 0.047083
v 0.127798 0.289226 0.033631
v 0.127798 0.289226 0.047083
v 0.127798 0.302679 0.006726
v 0.127798 0.302679 0.020179
v 0.127798 0.316131 0.006726
v 0.127798 0.316131 0.020179
v 0.127798 0.302679 0.033631
v 0.127798 0.302679 0.047083
v 0.127798 0.316131 0.033631
v 0.127798 0.316131 0.047083
v 0.127798 0.275774 0.060536
v 0.127798 0.275774 0.073988
v 0.127798 0.289226 0.060536
v 0.127798 0.289226 0.073988
v 0.127798 0.275774 0.087440
v 0.127798 0.275774 0.100893
v 0.127798 0.289226 0.087440
v 0.127798 0.289226 0.100893
v 0.127798 0.302679 0.060536
v 0.127798 0.302679 0.073988
v 0.127798 0.316131 0.060536
v 0.127798 0.316131 0.073988
v 0.127798 0.302679 0.087440
v 0.127798 0.316131 0.087440
v 0.141250 0.275774 0.100893
v 0.141250 0.289226 0.087440
v 0.141250 0.289226 0.100893
v 0.154702 0.275774 0.100893
v 0.154702 0.289226 0.087440
v 0.154702 0.289226 0.100893
v 0.141250 0.316131 0.060536
v 0.141250 0.316131 0.073988
v 0.154702 0.316131 0.060536
v 0.154702 0.316131 0.073988
v 0.141250 0.302679 0.087440
v 0.141250 0.316131 0.087440
v 0.154702 0.302679 0.087440
v 0.154702 0.316131 0.087440
v 0.168155 0.221964 0.006726
v 0.168155 0.221964 0.020179
v 0.168155 0.235417 0.006726
v 0.168155 0.235417 0.020179
v 0.168155 0.221964 0.033631
v 0.168155 0.221964 0.047083
v 0.168155 0.235417 0.033631
v 0.168155 0.235417 0.047083
v 0.168155 0.248869 0.006726
v 0.168155 0.248869 0.020179
v 0.168155 0.262321 0.006726
v 0.168155 0.262321 0.020179
v 0.168155 0.248869 0.033631
v 0.168155 0.248869 0.047083
v 0.168155 0.262321 0.033631
v 0.168155 0.262321 0.047083
v 0.168155 0.221964 0.060536
v 0.168155 0.221964 0.073988
v 0.168155 0.235417 0.060536
v 0.168155 0.235417 0.073988
v 0.168155 0.221964 0.087440
v 0.168155 0.221964 0.100893
v 0.168155 0.235417 0.087440
v 0.168155 0.235417 0.100893
v 0.168155 0.248869 0.060536
v 0.168155 0.248869 0.073988
v 0.168155 0.262321 0.060536
v 0.168155 0.262321 0.073988
v 0.168155 0.248869 0.087440
v 0.168155 0.248869 0.100893
v 0.168155 0.262321 0.087440
v 0.168155 0.262321 0.100893
v 0.168155 0.275774 0.006726
v 0.168155 0.275774 0.020179
v 0.168155 0.289226 0.006726
v 0.168155 0.289226 0.020179
v 0.168155 0.275774 0.033631
v 0.168155 0.275774 0.047083
v 0.168155 0.289226 0.033631
v 0.168155 0.289226 0.047083
v 0.168155 0.302679 0.006726
v 0.168155 0.302679 0.020179
v 0.168155 0.316131 0.006726
v 0.168155 0.316131 0.020179
v 0.168155 0.302679 0.033631
v 0.168155 0.302679 0.047083
v 0.168155 0.316131 0.033631
v 0.168155 0.316131 0.047083
v 0.168155 0.275774 0.060536
v 0.168155 0.275774 0.073988
v 0.168155 0.289226 0.060536
v 0.168155 0.289226 0.073988
v 0.168155 0.275774 0.087440
v 0.168155 0.275774 0.100893
v 0.168155 0.289226 0.087440
v 0.168155 0.289226 0.100893
v 0.168155 0.302679 0.060536
v 0.168155 0.302679 0.073988
v 0.168155 0.316131 0.060536
v 0.168155 0.316131 0.073988
v 0.168155 0.302679 0.087440
v 0.168155 0.316131 0.087440
v 0.127798 0.221964 0.114345
v 0.127798 0.235417 0.114345
v 0.127798 0.248869 0.114345
v 0.141250 0.221964 0.114345
v 0.141250 0.235417 0.114345
v 0.154702 0.221964 0.114345
v 0.154702 0.235417 0.114345
v 0.141250 0.248869 0.114345
v 0.154702 0.248869 0.114345
v 0.168155 0.221964 0.114345
v 0.168155 0.235417 0.114345
v 0.168155 0.248869 0.114345
v 0.127798 0.329583 0.006726
v 0.127798 0.329583 0.020179
v 0.127798 0.343036 0.006726
v 0.127798 0.343036 0.020179
v 0.127798 0.329583 0.033631
v 0.127798 0.329583 0.047083
v 0.127798 0.343036 0.033631
v 0.127798 0.356488 0.006726
v 0.141250 0.343036 0.006726
v 0.141250 0.343036 0.020179
v 0.154702 0.343036 0.006726
v 0.154702 0.343036 0.020179
v 0.141250 0.329583 0.033631
v 0.141250 0.329583 0.047083
v 0.141250 0.343036 0.033631
v 0.154702 0.329583 0.033631
v 0.154702 0.329583 0.047083
v 0.154702 0.343036 0.033631
v 0.141250 0.356488 0.006726
v 0.154702 0.356488 0.006726
v 0.127798 0.329583 0.060536
v 0.141250 0.329583 0.060536
v 0.154702 0.329583 0.060536
v 0.168155 0.329583 0.006726
v 0.168155 0.329583 0.020179
v 0.168155 0.343036 0.006726
v 0.168155 0.343036 0.020179
v 0.168155 0.329583 0.033631
v 0.168155 0.329583 0.047083
v 0.168155 0.343036 0.033631
v 0.168155 0.356488 0.006726
v 0.168155 0.329583 0.060536
v 0.248869 0.195060 0.006726
v 0.248869 0.195060 0.020179
v 0.248869 0.208512 0.006726
v 0.248869 0.208512 0.020179
v 0.262321 0.195060 0.006726
v 0.262321 0.195060 0.020179
v 0.262321 0.208512 0.020179
v 0.248869 0.208512 0.033631
v 0.262321 0.208512 0.033631
v 0.275774 0.195060 0.006726
v 0.275774 0.195060 0.020179
v 0.275774 0.208512 0.020179
v 0.289226 0.195060 0.006726
v 0.289226 0.195060 0.020179
v 0.289226 0.208512 0.020179
v 0.275774 0.208512 0.033631
v 0.289226 0.208512 0.033631
v 0.302679 0.195060 0.006726
v 0.302679 0.195060 0.020179
v 0.302679 0.208512 0.020179
v 0.316131 0.195060 0.006726
v 0.316131 0.195060 0.020179
v 0.316131 0.208512 0.020179
v 0.302679 0.208512 0.033631
v 0.316131 0.208512 0.033631
v 0.329583 0.195060 0.006726
v 0.329583 0.195060 0.020179
v 0.329583 0.208512 0.020179
v 0.343036 0.195060 0.006726
v 0.343036 0.195060 0.020179
v 0.343036 0.208512 0.020179
v 0.329583 0.208512 0.033631
v 0.343036 0.208512 0.033631
v 0.356488 0.195060 0.006726
v 0.356488 0.195060 0.020179
v 0.356488 0.208512 0.020179
v 0.369940 0.195060 0.006726
v 0.369940 0.195060 0.020179
v 0.369940 0.208512 0.020179
v 0.356488 0.208512 0.033631
v 0.369940 0.208512 0.033631
v 0.383393 0.195060 0.006726
v 0.383393 0.195060 0.020179
v 0.383393 0.208512 0.020179
v 0.396845 0.195060 0.006726
v 0.396845 0.195060 0.020179
v 0.396845 0.208512 0.020179
v 0.383393 0.208512 0.033631
v 0.396845 0.208512 0.033631
v 0.410298 0.195060 0.006726
v 0.410298 0.195060 0.020179
v 0.410298 0.208512 0.020179
v 0.423750 0.195060 0.006726
v 0.423750 0.195060 0.020179
v 0.423750 0.208512 0.020179
v 0.410298 0.208512 0.033631
v 0.423750 0.208512 0.033631
v 0.248869 0.221964 0.006726
v 0.248869 0.221964 0.020179
v 0.248869 0.235417 0.006726
v 0.248869 0.235417 0.020179
v 0.248869 0.221964 0.033631
v 0.248869 0.221964 0.047083
v 0.248869 0.235417 0.033631
v 0.248869 0.235417 0.047083
v 0.262321 0.221964 0.033631
v 0.262321 0.221964 0.047083
v 0.262321 0.235417 0.047083
v 0.248869 0.248869 0.006726
v 0.248869 0.248869 0.020179
v 0.248869 0.262321 0.006726
v 0.248869 0.262321 0.020179
v 0.248869 0.248869 0.033631
v 0.248869 0.248869 0.047083
v 0.248869 0.262321 0.033631
v 0.262321 0.248869 0.033631
v 0.262321 0.248869 0.047083
v 0.262321 0.262321 0.033631
v 0.248869 0.275774 0.006726
v 0.248869 0.275774 0.020179
v 0.248869 0.289226 0.006726
v 0.262321 0.275774 0.006726
v 0.262321 0.275774 0.020179
v 0.262321 0.289226 0.006726
v 0.248869 0.275774 0.033631
v 0.262321 0.275774 0.033631
v 0.275774 0.221964 0.033631
v 0.275774 0.221964 0.047083
v 0.275774 0.235417 0.047083
v 0.289226 0.221964 0.033631
v 0.289226 0.221964 0.047083
v 0.289226 0.235417 0.047083
v 0.275774 0.248869 0.033631
v 0.275774 0.248869 0.047083
v 0.275774 0.262321 0.033631
v 0.289226 0.248869 0.033631
v 0.289226 0.248869 0.047083
v 0.289226 0.262321 0.033631
v 0.302679 0.221964 0.033631
v 0.302679 0.221964 0.047083
v 0.302679 0.235417 0.047083
v 0.316131 0.221964 0.033631
v 0.316131 0.221964 0.047083
v 0.316131 0.235417 0.047083
v 0.302679 0.248869 0.033631
v 0.302679 0.248869 0.047083
v 0.302679 0.262321 0.033631
v 0.316131 0.248869 0.033631
v 0.316131 0.248869 0.047083
v 0.316131 0.262321 0.033631
v 0.275774 0.275774 0.006726
v 0.275774 0.275774 0.020179
v 0.275774 0.289226 0.006726
v 0.289226 0.275774 0.006726
v 0.289226 0.275774 0.020179
v 0.289226 0.289226 0.006726
v 0.275774 0.275774 0.033631
v 0.289226 0.275774 0.033631
v 0.302679 0.275774 0.006726
v 0.302679 0.275774 0.020179
v 0.302679 0.289226 0.006726
v 0.316131 0.275774 0.006726
v 0.316131 0.275774 0.020179
v 0.316131 0.289226 0.006726
v 0.302679 0.275774 0.033631
v 0.316131 0.275774 0.033631
v 0.329583 0.221964 0.033631
v 0.329583 0.221964 0.047083
v 0.329583 0.235417 0.047083
v 0.343036 0.221964 0.033631
v 0.343036 0.221964 0.047083
v 0.343036 0.235417 0.047083
v 0.329583 0.248869 0.033631
v 0.329583 0.248869 0.047083
v 0.329583 0.262321 0.033631
v 0.343036 0.248869 0.033631
v 0.343036 0.248869 0.047083
v 0.343036 0.262321 0.033631
v 0.356488 0.221964 0.033631
v 0.356488 0.221964 0.047083
v 0.356488 0.235417 0.047083
v 0.369940 0.221964 0.033631
v 0.369940 0.221964 0.047083
v 0.369940 0.235417 0.047083
v 0.356488 0.248869 0.033631
v 0.356488 0.248869 0.047083
v 0.356488 0.262321 0.033631
v 0.369940 0.248869 0.033631
v 0.369940 0.248869 0.047083
v 0.369940 0.262321 0.033631
v 0.329583 0.275774 0.006726
v 0.329583 0.275774 0.020179
v 0.329583 0.289226 0.006726
v 0.343036 0.275774 0.006726
v 0.343036 0.275774 0.020179
v 0.343036 0.289226 0.006726
v 0.329583 0.275774 0.033631
v 0.343036 0.275774 0.033631
v 0.356488 0.275774 0.006726
v 0.356488 0.275774 0.020179
v 0.356488 0.289226 0.006726
v 0.369940 0.275774 0.006726
v 0.369940 0.275774 0.020179
v 0.369940 0.289226 0.006726
v 0.356488 0.275774 0.033631
v 0.369940 0.275774 0.033631
v 0.383393 0.221964 0.033631
v 0.383393 0.221964 0.047083
v 0.383393 0.235417 0.047083
v 0.396845 0.221964 0.033631
v 0.396845 0.221964 0.047083
v 0.396845 0.235417 0.047083
v 0.383393 0.248869 0.033631
v 0.383393 0.248869 0.047083
v 0.383393 0.262321 0.033631
v 0.396845 0.248869 0.033631
v 0.396845 0.248869 0.047083
v 0.396845 0.262321 0.033631
v 0.410298 0.221964 0.033631
v 0.410298 0.221964 0.047083
v 0.410298 0.235417 0.047083
v 0.423750 0.221964 0.033631
v 0.423750 0.221964 0.047083
v 0.423750 0.235417 0.047083
v 0.410298 0.248869 0.033631
v 0.410298 0.248869 0.047083
v 0.410298 0.262321 0.033631
v 0.423750 0.248869 0.033631
v 0.423750 0.248869 0.047083
v 0.423750 0.262321 0.033631
v 0.383393 0.275774 0.006726
v 0.383393 0.275774 0.020179
v 0.383393 0.289226 0.006726
v 0.396845 0.275774 0.006726
v 0.396845 0.275774 0.020179
v 0.396845 0.289226 0.006726
v 0.383393 0.275774 0.033631
v 0.396845 0.275774 0.033631
v 0.410298 0.275774 0.006726
v 0.410298 0.275774 0.020179
v 0.410298 0.289226 0.006726
v 0.423750 0.275774 0.006726
v 0.423750 0.275774 0.020179
v 0.423750 0.289226 0.006726
v 0.410298 0.275774 0.033631
v 0.423750 0.275774 0.033631
v 0.437202 0.195060 0.006726
v 0.437202 0.195060 0.020179
v 0.437202 0.208512 0.020179
v 0.450655 0.195060 0.006726
v 0.450655 0.195060 0.020179
v 0.450655 0.208512 0.020179
v 0.437202 0.208512 0.033631
v 0.450655 0.208512 0.033631
v 0.464107 0.195060 0.006726
v 0.464107 0.195060 0.020179
v 0.464107 0.208512 0.020179
v 0.477559 0.195060 0.006726
v 0.477559 0.195060 0.020179
v 0.477559 0.208512 0.020179
v 0.464107 0.208512 0.033631
v 0.477559 0.208512 0.033631
v 0.491012 0.195060 0.006726
v 0.491012 0.195060 0.020179
v 0.491012 0.208512 0.020179
v 0.504464 0.195060 0.006726
v 0.504464 0.195060 0.020179
v 0.504464 0.208512 0.020179
v 0.491012 0.208512 0.033631
v 0.504464 0.208512 0.033631
v 0.517917 0.195060 0.006726
v 0.517917 0.195060 0.020179
v 0.517917 0.208512 0.020179
v 0.531369 0.195060 0.006726
v 0.531369 0.195060 0.020179
v 0.531369 0.208512 0.006726
v 0.531369 0.208512 0.020179
v 0.517917 0.208512 0.033631
v 0.531369 0.208512 0.033631
v 0.437202 0.221964 0.033631
v 0.437202 0.221964 0.047083
v 0.437202 0.235417 0.047083
v 0.450655 0.221964 0.033631
v 0.450655 0.221964 0.047083
v 0.450655 0.235417 0.047083
v 0.437202 0.248869 0.033631
v 0.437202 0.248869 0.047083
v 0.437202 0.262321 0.033631
v 0.450655 0.248869 0.033631
v 0.450655 0.248869 0.047083
v 0.450655 0.262321 0.033631
v 0.464107 0.221964 0.033631
v 0.464107 0.221964 0.047083
v 0.464107 0.235417 0.047083
v 0.477559 0.221964 0.033631
v 0.477559 0.221964 0.047083
v 0.477559 0.235417 0.047083
v 0.464107 0.248869 0.033631
v 0.464107 0.248869 0.047083
v 0.464107 0.262321 0.033631
v 0.477559 0.248869 0.033631
v 0.477559 0.248869 0.047083
v 0.477559 0.262321 0.033631
v 0.437202 0.275774 0.006726
v 0.437202 0.275774 0.020179
v 0.437202 0.289226 0.006726
v 0.450655 0.275774 0.006726
v 0.450655 0.275774 0.020179
v 0.450655 0.289226 0.006726
v 0.437202 0.275774 0.033631
v 0.450655 0.275774 0.033631
v 0.464107 0.275774 0.006726
v 0.464107 0.275774 0.020179
v 0.464107 0.289226 0.006726
v 0.477559 0.275774 0.006726
v 0.477559 0.275774 0.020179
v 0.477559 0.289226 0.006726
v 0.464107 0.275774 0.033631
v 0.477559 0.275774 0.033631
v 0.491012 0.221964 0.033631
v 0.491012 0.221964 0.047083
v 0.491012 0.235417 0.047083
v 0.504464 0.221964 0.033631
v 0.504464 0.221964 0.047083
v 0.504464 0.235417 0.047083
v 0.491012 0.248869 0.033631
v 0.491012 0.248869 0.047083
v 0.491012 0.262321 0.033631
v 0.504464 0.248869 0.033631
v 0.504464 0.248869 0.047083
v 0.504464 0.262321 0.033631
v 0.531369 0.221964 0.006726
v 0.531369 0.221964 0.020179
v 0.531369 0.235417 0.006726
v 0.531369 0.235417 0.020179
v 0.517917 0.221964 0.033631
v 0.517917 0.221964 0.047083
v 0.517917 0.235417 0.047083
v 0.531369 0.221964 0.033631
v 0.531369 0.221964 0.047083
v 0.531369 0.235417 0.033631
v 0.531369 0.235417 0.047083
v 0.531369 0.248869 0.006726
v 0.531369 0.248869 0.020179
v 0.531369 0.262321 0.006726
v 0.531369 0.262321 0.020179
v 0.517917 0.248869 0.033631
v 0.517917 0.248869 0.047083
v 0.517917 0.262321 0.033631
v 0.531369 0.248869 0.033631
v 0.531369 0.248869 0.047083
v 0.531369 0.262321 0.033631
v 0.491012 0.275774 0.006726
v 0.491012 0.275774 0.020179
v 0.491012 0.289226 0.006726
v 0.504464 0.275774 0.006726
v 0.504464 0.275774 0.020179
v 0.504464 0.289226 0.006726
v 0.491012 0.275774 0.033631
v 0.504464 0.275774 0.033631
v 0.517917 0.275774 0.006726
v 0.517917 0.275774 0.020179
v 0.517917 0.289226 0.006726
v 0.531369 0.275774 0.006726
v 0.531369 0.275774 0.020179
v 0.531369 0.289226 0.006726
v 0.517917 0.275774 0.033631
v 0.531369 0.275774 0.033631
v 0.638988 0.221964 0.006726
v 0.638988 0.235417 0.006726
v 0.638988 0.248869 0.006726
v 0.652440 0.221964 0.006726
v 0.652440 0.235417 0.006726
v 0.665893 0.221964 0.006726
v 0.665893 0.235417 0.006726
v 0.652440 0.248869 0.006726
v 0.665893 0.248869 0.006726
v 0.679345 0.221964 0.006726
v 0.679345 0.235417 0.006726
v 0.692798 0.221964 0.006726
v 0.692798 0.235417 0.006726
v 0.679345 0.248869 0.006726
v 0.692798 0.248869 0.006726
v 0.706250 0.221964 0.006726
v 0.706250 0.235417 0.006726
v 0.719702 0.221964 0.006726
v 0.719702 0.235417 0.006726
v 0.706250 0.248869 0.006726
v 0.719702 0.248869 0.006726
v 0.733155 0.221964 0.006726
v 0.733155 0.235417 0.006726
v 0.746607 0.221964 0.006726
v 0.746607 0.235417 0.006726
v 0.733155 0.248869 0.006726
v 0.746607 0.248869 0.006726
v 0.760059 0.221964 0.006726
v 0.760059 0.235417 0.006726
v 0.773512 0.221964 0.006726
v 0.773512 0.235417 0.006726
v 0.760059 0.248869 0.006726
v 0.773512 0.248869 0.006726
vn -1.0000 -0.0000 -0.0000
vn -0.0000 -1.0000 -0.0000
vn -0.0000 1.0000 -0.0000
vn -0.0000 -0.0000 -1.0000
vn 1.0000 -0.0000 -0.0000
vn -0.0000 -0.0000 1.0000
s 0
f 3//1 4//1 6//1 5//1
f 7//2 9//2 10//2 8//2
f 11//2 13//2 14//2 12//2
f 9//2 11//2 12//2 10//2
f 17//3 20//3 19//3 16//3
f 15//4 16//4 19//4 18//4
f 23//3 26//3 25//3 22//3
f 21//4 22//4 25//4 24//4
f 20//3 23//3 22//3 19//3
f 18//4 19//4 22//4 21//4
f 23//4 27//4 28//4 26//4
f 1//2 7//2 8//2 2//2
f 6//3 17//3 16//3 5//3
f 3//4 5//4 16//4 15//4
f 1//1 2//1 4//1 3//1
f 7//4 15//4 18//4 9//4
f 11//4 21//4 24//4 13//4
f 9//4 18//4 21//4 11//4
f 1//4 3//4 15//4 7//4
f 34//2 38//2 39//2 35//2
f 37//3 41//3 40//3 36//3
f 34//4 36//4 40//4 38//4
f 45//2 48//2 49//2 46//2
f 45//4 47//4 50//4 48//4
f 52//3 54//3 53//3 51//3
f 38//2 45//2 46//2 39//2
f 38//4 40//4 47//4 45//4
f 44//3 52//3 51//3 43//3
f 40//1 41//1 44//1 43//1
f 37//4 42//4 44//4 41//4
f 47//4 51//4 53//4 50//4
f 40//4 43//4 51//4 47//4
f 55//2 58//2 59//2 56//2
f 55//4 57//4 60//4 58//4
f 62//3 64//3 63//3 61//3
f 71//5 72//5 70//5 69//5
f 66//2 69//2 70//2 67//2
f 66//4 68//4 71//4 69//4
f 74//3 77//3 76//3 73//3
f 74//4 75//4 78//4 77//4
f 58//2 66//2 67//2 59//2
f 58//4 60//4 68//4 66//4
f 64//3 74//3 73//3 63//3
f 64//4 65//4 75//4 74//4
f 57//4 61//4 63//4 60//4
f 68//4 73//4 76//4 71//4
f 60//4 63//4 73//4 68//4
f 48//2 55//2 56//2 49//2
f 48//4 50//4 57//4 55//4
f 54//3 62//3 61//3 53//3
f 50//4 53//4 61//4 57//4
f 34//5 35//5 30//5 29//5
f 30//4 35//4 39//4 31//4
f 32//4 46//4 49//4 33//4
f 31//4 39//4 46//4 32//4
f 80//2 83//2 84//2 81//2
f 79//4 81//4 84//4 82//4
f 85//1 86//1 88//1 87//1
f 88//3 91//3 90//3 87//3
f 85//4 87//4 90//4 89//4
f 93//2 95//2 96//2 94//2
f 99//3 103//3 102//3 98//3
f 97//4 98//4 102//4 100//4
f 83//2 93//2 94//2 84//2
f 82//4 84//4 94//4 92//4
f 91//3 99//3 98//3 90//3
f 89//4 90//4 98//4 97//4
f 80//4 85//4 89//4 83//4
f 100//5 101//5 96//5 95//5
f 93//4 97//4 100//4 95//4
f 83//4 89//4 97//4 93//4
f 107//5 108//5 106//5 105//5
f 107//2 110//2 111//2 108//2
f 106//4 108//4 111//4 109//4
f 110//2 112//2 113//2 111//2
f 100//2 105//2 106//2 101//2
f 100//4 102//4 107//4 105//4
f 96//4 101//4 106//4 104//4
f 118//1 119//1 121//1 120//1
f 121//3 124//3 123//3 120//3
f 118//4 120//4 123//4 122//4
f 133//5 134//5 132//5 131//5
f 128//2 131//2 132//2 129//2
f 128//4 130//4 133//4 131//4
f 135//1 136//1 138//1 137//1
f 138//3 141//3 140//3 137//3
f 135//4 137//4 140//4 139//4
f 122//4 123//4 130//4 128//4
f 127//3 136//3 135//3 126//3
f 123//1 124//1 127//1 126//1
f 121//4 125//4 127//4 124//4
f 130//4 135//4 139//4 133//4
f 123//4 126//4 135//4 130//4
f 116//3 119//3 118//3 115//3
f 116//4 117//4 121//4 119//4
f 140//1 141//1 143//1 142//1
f 71//2 80//2 81//2 72//2
f 70//4 72//4 81//4 79//4
f 77//3 86//3 85//3 76//3
f 77//4 78//4 88//4 86//4
f 71//4 76//4 85//4 80//4
f 102//1 103//1 116//1 115//1
f 99//4 114//4 116//4 103//4
f 107//4 118//4 122//4 110//4
f 128//5 129//5 113//5 112//5
f 110//4 122//4 128//4 112//4
f 102//4 115//4 118//4 107//4
f 13//2 29//2 30//2 14//2
f 26//3 37//3 36//3 25//3
f 24//4 25//4 36//4 34//4
f 26//4 28//4 42//4 37//4
f 13//4 24//4 34//4 29//4
f 146//1 147//1 149//1 148//1
f 150//2 152//2 153//2 151//2
f 154//2 156//2 157//2 155//2
f 152//2 154//2 155//2 153//2
f 160//3 163//3 162//3 159//3
f 161//6 163//6 160//6 158//6
f 166//3 169//3 168//3 165//3
f 167//6 169//6 166//6 164//6
f 163//3 166//3 165//3 162//3
f 164//6 166//6 163//6 161//6
f 168//6 171//6 170//6 165//6
f 144//2 150//2 151//2 145//2
f 149//3 160//3 159//3 148//3
f 158//6 160//6 149//6 147//6
f 144//1 145//1 147//1 146//1
f 153//6 161//6 158//6 151//6
f 157//6 167//6 164//6 155//6
f 155//6 164//6 161//6 153//6
f 151//6 158//6 147//6 145//6
f 177//2 181//2 182//2 178//2
f 180//3 184//3 183//3 179//3
f 182//6 184//6 180//6 178//6
f 188//2 191//2 192//2 189//2
f 192//6 193//6 190//6 189//6
f 195//3 197//3 196//3 194//3
f 181//2 188//2 189//2 182//2
f 189//6 190//6 184//6 182//6
f 187//3 195//3 194//3 186//3
f 183//1 184//1 187//1 186//1
f 183//6 186//6 185//6 179//6
f 193//6 197//6 195//6 190//6
f 190//6 195//6 187//6 184//6
f 198//2 201//2 202//2 199//2
f 202//6 203//6 200//6 199//6
f 205//3 207//3 206//3 204//3
f 214//5 215//5 213//5 212//5
f 209//2 212//2 213//2 210//2
f 213//6 215//6 211//6 210//6
f 217//3 220//3 219//3 216//3
f 219//6 221//6 218//6 216//6
f 201//2 209//2 210//2 202//2
f 210//6 211//6 203//6 202//6
f 207//3 217//3 216//3 206//3
f 216//6 218//6 208//6 206//6
f 203//6 207//6 205//6 200//6
f 215//6 220//6 217//6 211//6
f 211//6 217//6 207//6 203//6
f 191//2 198//2 199//2 192//2
f 199//6 200//6 193//6 192//6
f 197//3 205//3 204//3 196//3
f 200//6 205//6 197//6 193//6
f 177//5 178//5 173//5 172//5
f 174//6 181//6 177//6 172//6
f 176//6 191//6 188//6 175//6
f 175//6 188//6 181//6 174//6
f 223//2 226//2 227//2 224//2
f 225//6 226//6 223//6 222//6
f 228//1 229//1 231//1 230//1
f 231//3 234//3 233//3 230//3
f 232//6 234//6 231//6 229//6
f 236//2 238//2 239//2 237//2
f 242//3 246//3 245//3 241//3
f 244//6 246//6 242//6 240//6
f 226//2 236//2 237//2 227//2
f 235//6 236//6 226//6 225//6
f 234//3 242//3 241//3 233//3
f 240//6 242//6 234//6 232//6
f 227//6 232//6 229//6 224//6
f 243//5 244//5 239//5 238//5
f 239//6 244//6 240//6 237//6
f 237//6 240//6 232//6 227//6
f 250//5 251//5 249//5 248//5
f 250//2 253//2 254//2 251//2
f 252//6 253//6 250//6 248//6
f 253//2 255//2 256//2 254//2
f 243//2 248//2 249//2 244//2
f 249//6 251//6 246//6 244//6
f 247//6 248//6 243//6 238//6
f 261//1 262//1 264//1 263//1
f 264//3 267//3 266//3 263//3
f 265//6 267//6 264//6 262//6
f 276//5 277//5 275//5 274//5
f 271//2 274//2 275//2 272//2
f 275//6 277//6 273//6 272//6
f 278//1 279//1 281//1 280//1
f 281//3 284//3 283//3 280//3
f 282//6 284//6 281//6 279//6
f 272//6 273//6 267//6 265//6
f 270//3 279//3 278//3 269//3
f 266//1 267//1 270//1 269//1
f 266//6 269//6 268//6 263//6
f 277//6 282//6 279//6 273//6
f 273//6 279//6 270//6 267//6
f 259//3 262//3 261//3 258//3
f 261//6 263//6 260//6 258//6
f 283//1 284//1 286//1 285//1
f 214//2 223//2 224//2 215//2
f 222//6 223//6 214//6 212//6
f 220//3 229//3 228//3 219//3
f 228//6 230//6 221//6 219//6
f 224//6 229//6 220//6 215//6
f 245//1 246//1 259//1 258//1
f 245//6 258//6 257//6 241//6
f 254//6 265//6 262//6 251//6
f 271//5 272//5 256//5 255//5
f 256//6 272//6 265//6 254//6
f 251//6 262//6 259//6 246//6
f 156//2 172//2 173//2 157//2
f 169//3 180//3 179//3 168//3
f 178//6 180//6 169//6 167//6
f 179//6 185//6 171//6 168//6
f 173//6 178//6 167//6 157//6
f 289//2 291//2 292//2 290//2
f 293//1 294//1 296//1 295//1
f 293//2 297//2 298//2 294//2
f 293//4 295//4 299//4 297//4
f 290//2 292//2 299//2 295//2
f 287//2 288//2 291//2 289//2
f 302//4 303//4 305//4 304//4
f 300//4 302//4 304//4 301//4
f 306//1 307//1 309//1 308//1
f 306//2 310//2 311//2 307//2
f 306//4 308//4 312//4 310//4
f 313//4 314//4 316//4 315//4
f 317//1 318//1 320//1 319//1
f 308//1 309//1 318//1 317//1
f 308//4 317//4 321//4 312//4
f 313//1 317//1 319//1 314//1
f 313//2 315//2 321//2 317//2
f 303//4 307//4 311//4 305//4
f 323//2 326//2 327//2 324//2
f 322//4 324//4 327//4 325//4
f 328//1 329//1 331//1 330//1
f 328//2 332//2 333//2 329//2
f 334//1 335//1 337//1 336//1
f 338//1 339//1 341//1 340//1
f 323//1 324//1 335//1 334//1
f 330//1 331//1 339//1 338//1
f 322//1 328//1 330//1 324//1
f 322//2 325//2 332//2 328//2
f 335//1 338//1 340//1 337//1
f 324//1 330//1 338//1 335//1
f 342//1 343//1 345//1 344//1
f 346//1 347//1 349//1 348//1
f 350//1 351//1 353//1 352//1
f 354//1 355//1 357//1 356//1
f 344//1 345//1 351//1 350//1
f 348//1 349//1 355//1 354//1
f 343//1 346//1 348//1 345//1
f 351//1 354//1 356//1 353//1
f 345//1 348//1 354//1 351//1
f 359//1 360//1 362//1 361//1
f 363//1 364//1 366//1 365//1
f 368//1 369//1 371//1 370//1
f 372//1 373//1 375//1 374//1
f 376//6 377//6 375//6 373//6
f 361//1 362//1 369//1 368//1
f 365//1 366//1 373//1 372//1
f 367//6 376//6 373//6 366//6
f 360//1 363//1 365//1 362//1
f 369//1 372//1 374//1 371//1
f 362//1 365//1 372//1 369//1
f 378//1 379//1 381//1 380//1
f 381//3 384//3 383//3 380//3
f 382//6 384//6 381//6 379//6
f 386//3 388//3 387//3 385//3
f 385//3 387//3 382//3 379//3
f 336//1 337//1 360//1 359//1
f 340//1 341//1 364//1 363//1
f 337//1 340//1 363//1 360//1
f 352//1 353//1 379//1 378//1
f 356//1 357//1 386//1 385//1
f 358//6 388//6 386//6 357//6
f 353//1 356//1 385//1 379//1
f 329//1 342//1 344//1 331//1
f 339//1 350//1 352//1 341//1
f 331//1 344//1 350//1 339//1
f 364//1 378//1 380//1 366//1
f 380//3 383//3 367//3 366//3
f 341//1 352//1 378//1 364//1
f 393//2 395//2 396//2 394//2
f 397//2 400//2 401//2 398//2
f 397//4 399//4 402//4 400//4
f 403//2 405//2 406//2 404//2
f 412//5 413//5 411//5 410//5
f 407//2 410//2 411//2 408//2
f 407//4 409//4 412//4 410//4
f 395//2 403//2 404//2 396//2
f 400//2 407//2 408//2 401//2
f 400//4 402//4 409//4 407//4
f 394//2 396//2 402//2 399//2
f 404//2 406//2 412//2 409//2
f 396//2 404//2 409//2 402//2
f 389//2 390//2 395//2 393//2
f 391//2 392//2 405//2 403//2
f 390//2 391//2 403//2 395//2
f 416//4 417//4 419//4 418//4
f 422//4 423//4 425//4 424//4
f 418//4 419//4 423//4 422//4
f 414//4 416//4 418//4 415//4
f 420//4 422//4 424//4 421//4
f 415//4 418//4 422//4 420//4
f 426//2 429//2 430//2 427//2
f 426//4 428//4 431//4 429//4
f 432//4 433//4 435//4 434//4
f 443//5 444//5 442//5 441//5
f 438//2 441//2 442//2 439//2
f 438//4 440//4 443//4 441//4
f 445//4 446//4 448//4 447//4
f 452//5 453//5 451//5 450//5
f 429//2 438//2 439//2 430//2
f 429//4 431//4 440//4 438//4
f 434//4 435//4 446//4 445//4
f 428//4 436//4 437//4 431//4
f 450//5 451//5 444//5 443//5
f 440//4 449//4 450//4 443//4
f 432//2 434//2 437//2 436//2
f 448//5 452//5 450//5 447//5
f 445//2 447//2 450//2 449//2
f 434//2 445//2 449//2 437//2
f 431//4 437//4 449//4 440//4
f 417//4 427//4 430//4 419//4
f 423//4 439//4 442//4 425//4
f 419//4 430//4 439//4 423//4
f 455//2 458//2 459//2 456//2
f 454//4 456//4 459//4 457//4
f 460//2 462//2 463//2 461//2
f 465//2 468//2 469//2 466//2
f 464//4 466//4 469//4 467//4
f 474//5 475//5 473//5 472//5
f 470//2 472//2 473//2 471//2
f 478//5 479//5 477//5 476//5
f 482//5 483//5 481//5 480//5
f 458//2 465//2 466//2 459//2
f 457//4 459//4 466//4 464//4
f 462//2 470//2 471//2 463//2
f 476//5 477//5 469//5 468//5
f 480//5 481//5 475//5 474//5
f 454//2 457//2 462//2 460//2
f 469//5 474//5 472//5 467//5
f 464//2 467//2 472//2 470//2
f 479//5 482//5 480//5 477//5
f 477//5 480//5 474//5 469//5
f 457//2 464//2 470//2 462//2
f 487//5 488//5 486//5 485//5
f 491//5 492//5 490//5 489//5
f 495//5 496//5 494//5 493//5
f 499//5 500//5 498//5 497//5
f 493//5 494//5 488//5 487//5
f 497//5 498//5 492//5 491//5
f 488//5 491//5 489//5 486//5
f 496//5 499//5 497//5 494//5
f 494//5 497//5 491//5 488//5
f 506//5 507//5 505//5 504//5
f 510//5 511//5 509//5 508//5
f 514//5 515//5 513//5 512//5
f 518//5 519//5 517//5 516//5
f 512//5 513//5 507//5 506//5
f 516//5 517//5 511//5 510//5
f 507//5 510//5 508//5 505//5
f 515//5 518//5 516//5 513//5
f 513//5 516//5 510//5 507//5
f 523//1 524//1 526//1 525//1
f 527//1 528//1 530//1 529//1
f 531//1 532//1 534//1 533//1
f 537//5 538//5 536//5 535//5
f 541//5 542//5 540//5 539//5
f 545//5 546//5 544//5 543//5
f 549//5 550//5 548//5 547//5
f 521//1 522//1 528//1 527//1
f 543//5 544//5 538//5 537//5
f 525//1 526//1 532//1 531//1
f 547//5 548//5 542//5 541//5
f 520//1 523//1 525//1 522//1
f 528//1 531//1 533//1 530//1
f 538//5 541//5 539//5 536//5
f 546//5 549//5 547//5 544//5
f 522//1 525//1 531//1 528//1
f 544//5 547//5 541//5 538//5
f 504//5 505//5 479//5 478//5
f 508//5 509//5 483//5 482//5
f 505//5 508//5 482//5 479//5
f 535//5 536//5 496//5 495//5
f 539//5 540//5 500//5 499//5
f 536//5 539//5 499//5 496//5
f 475//5 487//5 485//5 473//5
f 483//5 495//5 493//5 481//5
f 481//5 493//5 487//5 475//5
f 502//1 527//1 529//1 503//1
f 511//5 537//5 535//5 509//5
f 519//5 545//5 543//5 517//5
f 501//1 521//1 527//1 502//1
f 517//5 543//5 537//5 511//5
f 509//5 535//5 495//5 483//5
f 291//2 393//2 394//2 292//2
f 297//2 397//2 398//2 298//2
f 297//4 299//4 399//4 397//4
f 292//2 394//2 399//2 299//2
f 288//2 389//2 393//2 291//2
f 304//4 305//4 417//4 416//4
f 301//4 304//4 416//4 414//4
f 310//2 426//2 427//2 311//2
f 310//4 312//4 428//4 426//4
f 315//4 316//4 433//4 432//4
f 315//2 432//2 436//2 321//2
f 312//4 321//4 436//4 428//4
f 305//4 311//4 427//4 417//4
f 326//2 455//2 456//2 327//2
f 325//4 327//4 456//4 454//4
f 332//2 460//2 461//2 333//2
f 325//2 454//2 460//2 332//2
f 502//6 503//6 377//6 376//6
f 501//6 502//6 376//6 367//6
f 384//3 522//3 521//3 383//3
f 520//6 522//6 384//6 382//6
f 388//3 524//3 523//3 387//3
f 387//3 523//3 520//3 382//3
f 383//3 521//3 501//3 367//3
f 484//6 524//6 388//6 358//6
f 287//4 329//4 333//4 288//4
f 289//1 290//1 343//1 342//1
f 295//1 296//1 347//1 346//1
f 290//1 295//1 346//1 343//1
f 287//1 289//1 342//1 329//1
f 389//4 461//4 463//4 390//4
f 391//4 471//4 473//4 392//4
f 390//4 463//4 471//4 391//4
f 485//5 486//5 406//5 405//5
f 489//5 490//5 413//5 412//5
f 486//5 489//5 412//5 406//5
f 473//5 485//5 405//5 392//5
f 300//2 301//2 326//2 323//2
f 302//1 334//1 336//1 303//1
f 300//1 323//1 334//1 302//1
f 307//1 359//1 361//1 309//1
f 318//1 368//1 370//1 320//1
f 309//1 361//1 368//1 318//1
f 303//1 336//1 359//1 307//1
f 414//2 415//2 458//2 455//2
f 420//2 421//2 468//2 465//2
f 425//5 478//5 476//5 424//5
f 424//5 476//5 468//5 421//5
f 415//2 420//2 465//2 458//2
f 444//5 506//5 504//5 442//5
f 453//5 514//5 512//5 451//5
f 451//5 512//5 506//5 444//5
f 442//5 504//5 478//5 425//5
f 301//2 414//2 455//2 326//2
f 288//4 333//4 461//4 389//4
f 551//1 552//1 554//1 553//1
f 551//2 555//2 556//2 552//2
f 551//4 553//4 557//4 555//4
f 558//1 559//1 561//1 560//1
f 563//3 566//3 565//3 562//3
f 563//4 564//4 567//4 566//4
f 568//1 569//1 571//1 570//1
f 553//1 554//1 563//1 562//1
f 553//4 562//4 565//4 557//4
f 560//1 561//1 569//1 568//1
f 552//1 558//1 560//1 554//1
f 563//1 568//1 570//1 564//1
f 554//1 560//1 568//1 563//1
f 574//1 575//1 577//1 576//1
f 574//4 576//4 579//4 578//4
f 580//1 581//1 583//1 582//1
f 583//3 586//3 585//3 582//3
f 580//4 582//4 585//4 584//4
f 576//1 577//1 581//1 580//1
f 576//4 580//4 584//4 579//4
f 574//3 578//3 573//3 572//3
f 564//4 572//4 573//4 567//4
f 570//1 571//1 575//1 574//1
f 564//1 570//1 574//1 572//1
f 587//1 588//1 590//1 589//1
f 592//3 595//3 594//3 591//3
f 594//6 596//6 593//6 591//6
f 597//1 598//1 600//1 599//1
f 602//2 605//2 606//2 603//2
f 604//6 605//6 602//6 601//6
f 589//1 590//1 598//1 597//1
f 596//6 604//6 601//6 593//6
f 588//1 591//1 593//1 590//1
f 598//1 601//1 602//1 600//1
f 590//1 593//1 601//1 598//1
f 607//1 608//1 610//1 609//1
f 611//1 612//1 614//1 613//1
f 615//6 616//6 614//6 612//6
f 617//1 618//1 620//1 619//1
f 621//1 622//1 624//1 623//1
f 609//1 610//1 618//1 617//1
f 613//1 614//1 622//1 621//1
f 608//1 611//1 613//1 610//1
f 618//1 621//1 623//1 620//1
f 610//1 613//1 621//1 618//1
f 627//1 628//1 630//1 629//1
f 627//2 631//2 632//2 628//2
f 633//1 634//1 636//1 635//1
f 633//2 637//2 638//2 634//2
f 638//6 639//6 636//6 634//6
f 626//6 631//6 627//6 625//6
f 628//1 633//1 635//1 630//1
f 628//2 632//2 637//2 633//2
f 599//1 600//1 608//1 607//1
f 602//1 603//1 612//1 611//1
f 606//6 615//6 612//6 603//6
f 600//1 602//1 611//1 608//1
f 614//2 616//2 626//2 625//2
f 622//1 627//1 629//1 624//1
f 614//1 625//1 627//1 622//1
f 640//4 641//4 643//4 642//4
f 644//1 645//1 647//1 646//1
f 649//1 650//1 652//1 651//1
f 654//3 656//3 655//3 653//3
f 658//3 661//3 660//3 657//3
f 658//4 659//4 662//4 661//4
f 646//1 647//1 654//1 653//1
f 646//4 653//4 655//4 648//4
f 651//1 652//1 658//1 657//1
f 645//1 649//1 651//1 647//1
f 657//3 660//3 656//3 654//3
f 647//1 651//1 657//1 654//1
f 663//1 664//1 666//1 665//1
f 667//1 668//1 670//1 669//1
f 671//1 672//1 674//1 673//1
f 674//3 676//3 675//3 673//3
f 677//1 678//1 680//1 679//1
f 665//1 666//1 672//1 671//1
f 669//1 670//1 678//1 677//1
f 664//1 667//1 669//1 666//1
f 672//1 677//1 679//1 674//1
f 666//1 669//1 677//1 672//1
f 684//3 686//3 685//3 683//3
f 683//3 685//3 682//3 681//3
f 674//4 681//4 682//4 676//4
f 679//1 680//1 684//1 683//1
f 674//1 679//1 683//1 681//1
f 650//1 663//1 665//1 652//1
f 658//1 671//1 673//1 659//1
f 673//3 675//3 662//3 659//3
f 652//1 665//1 671//1 658//1
f 687//2 690//2 691//2 688//2
f 687//4 689//4 692//4 690//4
f 694//3 697//3 696//3 693//3
f 694//4 695//4 698//4 697//4
f 704//5 705//5 703//5 702//5
f 699//2 702//2 703//2 700//2
f 699//4 701//4 704//4 702//4
f 708//5 709//5 707//5 706//5
f 711//3 714//3 713//3 710//3
f 711//4 712//4 715//4 714//4
f 718//5 719//5 717//5 716//5
f 690//2 699//2 700//2 691//2
f 690//4 692//4 701//4 699//4
f 697//3 711//3 710//3 696//3
f 697//4 698//4 712//4 711//4
f 689//4 693//4 696//4 692//4
f 713//5 714//5 705//5 704//5
f 701//4 710//4 713//4 704//4
f 716//5 717//5 709//5 708//5
f 705//5 708//5 706//5 703//5
f 715//5 718//5 716//5 714//5
f 714//5 716//5 708//5 705//5
f 692//4 696//4 710//4 701//4
f 722//4 723//4 725//4 724//4
f 728//3 731//3 730//3 727//3
f 726//4 727//4 730//4 729//4
f 738//5 739//5 737//5 736//5
f 734//4 735//4 738//4 736//4
f 745//5 746//5 744//5 743//5
f 742//3 746//3 745//3 741//3
f 740//4 741//4 745//4 743//4
f 724//4 725//4 735//4 734//4
f 731//3 742//3 741//3 730//3
f 729//4 730//4 741//4 740//4
f 723//4 726//4 729//4 725//4
f 743//5 744//5 739//5 738//5
f 735//4 740//4 743//4 738//4
f 722//3 724//3 721//3 720//3
f 734//3 736//3 733//3 732//3
f 724//3 734//3 732//3 721//3
f 725//4 729//4 740//4 735//4
f 695//4 720//4 721//4 698//4
f 712//4 732//4 733//4 715//4
f 736//5 737//5 719//5 718//5
f 733//5 736//5 718//5 715//5
f 698//4 721//4 732//4 712//4
f 747//1 748//1 750//1 749//1
f 751//1 752//1 754//1 753//1
f 757//5 758//5 756//5 755//5
f 761//5 762//5 760//5 759//5
f 765//5 766//5 764//5 763//5
f 769//5 770//5 768//5 767//5
f 763//5 764//5 758//5 757//5
f 749//1 750//1 752//1 751//1
f 767//5 768//5 762//5 761//5
f 758//5 761//5 759//5 756//5
f 766//5 769//5 767//5 764//5
f 764//5 767//5 761//5 758//5
f 771//1 772//1 774//1 773//1
f 775//1 776//1 778//1 777//1
f 779//1 780//1 782//1 781//1
f 783//1 784//1 786//1 785//1
f 789//5 790//5 788//5 787//5
f 793//5 794//5 792//5 791//5
f 797//5 798//5 796//5 795//5
f 801//5 802//5 800//5 799//5
f 773//1 774//1 780//1 779//1
f 795//5 796//5 790//5 789//5
f 777//1 778//1 784//1 783//1
f 799//5 800//5 794//5 793//5
f 772//1 775//1 777//1 774//1
f 780//1 783//1 785//1 782//1
f 790//5 793//5 791//5 788//5
f 798//5 801//5 799//5 796//5
f 774//1 777//1 783//1 780//1
f 796//5 799//5 793//5 790//5
f 807//5 808//5 806//5 805//5
f 811//5 812//5 810//5 809//5
f 815//5 816//5 814//5 813//5
f 819//5 820//5 818//5 817//5
f 813//5 814//5 808//5 807//5
f 817//5 818//5 812//5 811//5
f 808//5 811//5 809//5 806//5
f 816//5 819//5 817//5 814//5
f 814//5 817//5 811//5 808//5
f 821//1 822//1 824//1 823//1
f 825//1 826//1 828//1 827//1
f 836//5 837//5 835//5 834//5
f 840//5 841//5 839//5 838//5
f 844//5 845//5 843//5 842//5
f 848//5 849//5 847//5 846//5
f 823//1 824//1 830//1 829//1
f 842//5 843//5 837//5 836//5
f 827//1 828//1 832//1 831//1
f 846//5 847//5 841//5 840//5
f 822//1 825//1 827//1 824//1
f 837//5 840//5 838//5 835//5
f 845//5 848//5 846//5 843//5
f 824//1 827//1 831//1 830//1
f 843//5 846//5 840//5 837//5
f 805//5 806//5 766//5 765//5
f 809//5 810//5 770//5 769//5
f 806//5 809//5 769//5 766//5
f 781//1 782//1 822//1 821//1
f 834//5 835//5 798//5 797//5
f 785//1 786//1 826//1 825//1
f 838//5 839//5 802//5 801//5
f 782//1 785//1 825//1 822//1
f 835//5 838//5 801//5 798//5
f 748//1 771//1 773//1 750//1
f 752//1 779//1 781//1 754//1
f 762//5 789//5 787//5 760//5
f 770//5 797//5 795//5 768//5
f 750//1 773//1 779//1 752//1
f 768//5 795//5 789//5 762//5
f 803//1 821//1 823//1 804//1
f 812//5 836//5 834//5 810//5
f 820//5 844//5 842//5 818//5
f 818//5 842//5 836//5 812//5
f 754//1 781//1 821//1 803//1
f 810//5 834//5 797//5 770//5
f 850//4 851//4 853//4 852//4
f 854//4 855//4 857//4 856//4
f 852//4 853//4 855//4 854//4
f 861//3 863//3 862//3 860//3
f 865//3 868//3 867//3 864//3
f 865//4 866//4 869//4 868//4
f 873//5 874//5 872//5 871//5
f 877//5 878//5 876//5 875//5
f 880//3 882//3 881//3 879//3
f 884//3 887//3 886//3 883//3
f 884//4 885//4 888//4 887//4
f 863//3 880//3 879//3 862//3
f 868//3 884//3 883//3 867//3
f 868//4 869//4 885//4 884//4
f 858//4 860//4 862//4 859//4
f 881//5 882//5 874//5 873//5
f 870//4 879//4 881//4 873//4
f 886//5 887//5 878//5 877//5
f 864//3 867//3 863//3 861//3
f 874//5 877//5 875//5 872//5
f 883//3 886//3 882//3 880//3
f 882//5 886//5 877//5 874//5
f 867//3 883//3 880//3 863//3
f 859//4 862//4 879//4 870//4
f 890//3 892//3 891//3 889//3
f 895//5 896//5 894//5 893//5
f 899//5 900//5 898//5 897//5
f 905//5 906//5 904//5 903//5
f 902//3 906//3 905//3 901//3
f 909//5 910//5 908//5 907//5
f 892//3 902//3 901//3 891//3
f 903//5 904//5 896//5 895//5
f 907//5 908//5 900//5 899//5
f 896//5 899//5 897//5 894//5
f 906//5 909//5 907//5 904//5
f 904//5 907//5 899//5 896//5
f 914//3 916//3 915//3 913//3
f 920//3 922//3 921//3 919//3
f 916//3 920//3 919//3 915//3
f 913//3 915//3 912//3 911//3
f 919//3 921//3 918//3 917//3
f 915//3 919//3 917//3 912//3
f 890//4 911//4 912//4 892//4
f 902//4 917//4 918//4 906//4
f 921//5 922//5 910//5 909//5
f 918//5 921//5 909//5 906//5
f 892//4 912//4 917//4 902//4
f 889//3 891//3 869//3 866//3
f 878//5 895//5 893//5 876//5
f 888//5 905//5 903//5 887//5
f 901//3 905//3 888//3 885//3
f 887//5 903//5 895//5 878//5
f 891//3 901//3 885//3 869//3
f 555//2 687//2 688//2 556//2
f 555//4 557//4 689//4 687//4
f 566//3 694//3 693//3 565//3
f 566//4 567//4 695//4 694//4
f 557//4 565//4 693//4 689//4
f 578//4 579//4 723//4 722//4
f 586//3 728//3 727//3 585//3
f 584//4 585//4 727//4 726//4
f 578//3 722//3 720//3 573//3
f 579//4 584//4 726//4 723//4
f 567//4 573//4 720//4 695//4
f 595//3 748//3 747//3 594//3
f 747//6 749//6 596//6 594//6
f 605//2 753//2 754//2 606//2
f 751//6 753//6 605//6 604//6
f 749//6 751//6 604//6 596//6
f 803//6 804//6 616//6 615//6
f 631//2 829//2 830//2 632//2
f 637//2 831//2 832//2 638//2
f 832//6 833//6 639//6 638//6
f 632//2 830//2 831//2 637//2
f 823//6 829//6 631//6 626//6
f 616//2 804//2 823//2 626//2
f 754//6 803//6 615//6 606//6
f 642//4 643//4 851//4 850//4
f 656//3 861//3 860//3 655//3
f 661//3 865//3 864//3 660//3
f 661//4 662//4 866//4 865//4
f 660//3 864//3 861//3 656//3
f 648//4 655//4 860//4 858//4
f 676//3 890//3 889//3 675//3
f 686//3 914//3 913//3 685//3
f 685//3 913//3 911//3 682//3
f 675//3 889//3 866//3 662//3
f 676//4 682//4 911//4 890//4
f 583//4 640//4 642//4 586//4
f 728//4 850//4 852//4 731//4
f 742//4 854//4 856//4 746//4
f 731//4 852//4 854//4 742//4
f 619//1 620//1 645//1 644//1
f 623//1 624//1 650//1 649//1
f 620//1 623//1 649//1 645//1
f 629//1 630//1 664//1 663//1
f 635//1 636//1 668//1 667//1
f 630//1 635//1 667//1 664//1
f 624//1 629//1 663//1 650//1
f 871//5 872//5 816//5 815//5
f 875//5 876//5 820//5 819//5
f 872//5 875//5 819//5 816//5
f 893//5 894//5 845//5 844//5
f 897//5 898//5 849//5 848//5
f 894//5 897//5 848//5 845//5
f 876//5 893//5 844//5 820//5
f 559//1 587//1 589//1 561//1
f 569//1 597//1 599//1 571//1
f 561//1 589//1 597//1 569//1
f 575//1 607//1 609//1 577//1
f 581//1 617//1 619//1 583//1
f 577//1 609//1 617//1 581//1
f 571//1 599//1 607//1 575//1
f 640//1 644//1 646//1 641//1
f 646//3 648//3 643//3 641//3
f 709//5 757//5 755//5 707//5
f 719//5 765//5 763//5 717//5
f 717//5 763//5 757//5 709//5
f 739//5 807//5 805//5 737//5
f 746//5 815//5 813//5 744//5
f 744//5 813//5 807//5 739//5
f 737//5 805//5 765//5 719//5
f 858//3 859//3 853//3 851//3
f 857//5 873//5 871//5 856//5
f 870//3 873//3 857//3 855//3
f 859//3 870//3 855//3 853//3
f 583//1 619//1 644//1 640//1
f 856//5 871//5 815//5 746//5
f 648//3 858//3 851//3 643//3
f 586//4 642//4 850//4 728//4
f 314//4 552//4 556//4 316//4
f 319//1 320//1 559//1 558//1
f 314//1 319//1 558//1 552//1
f 433//4 688//4 691//4 435//4
f 446//4 700//4 703//4 448//4
f 706//5 707//5 453//5 452//5
f 703//5 706//5 452//5 448//5
f 435//4 691//4 700//4 446//4
f 370//1 371//1 588//1 587//1
f 374//1 375//1 592//1 591//1
f 377//6 595//6 592//6 375//6
f 371//1 374//1 591//1 588//1
f 755//5 756//5 515//5 514//5
f 759//5 760//5 519//5 518//5
f 756//5 759//5 518//5 515//5
f 529//1 530//1 772//1 771//1
f 787//5 788//5 546//5 545//5
f 533//1 534//1 776//1 775//1
f 791//5 792//5 550//5 549//5
f 530//1 533//1 775//1 772//1
f 788//5 791//5 549//5 546//5
f 503//1 529//1 771//1 748//1
f 760//5 787//5 545//5 519//5
f 320//1 370//1 587//1 559//1
f 707//5 755//5 514//5 453//5
f 316//4 556//4 688//4 433//4
f 503//6 748//6 595//6 377//6
f 926//2 929//2 930//2 927//2
f 925//4 927//4 930//4 928//4
f 923//2 924//2 929//2 926//2
f 931//2 933//2 934//2 932//2
f 935//1 936//1 938//1 937//1
f 935//2 939//2 940//2 936//2
f 941//1 942//1 944//1 943//1
f 931//1 932//1 942//1 941//1
f 931//4 941//4 945//4 933//4
f 936//1 941//1 943//1 938//1
f 936//2 940//2 945//2 941//2
f 946//4 947//4 949//4 948//4
f 950//1 951//1 953//1 952//1
f 954//1 955//1 957//1 956//1
f 954//2 958//2 959//2 955//2
f 954//4 956//4 960//4 958//4
f 961//1 962//1 964//1 963//1
f 947//4 955//4 959//4 949//4
f 952//1 953//1 962//1 961//1
f 946//1 950//1 952//1 947//1
f 955//1 961//1 963//1 957//1
f 947//1 952//1 961//1 955//1
f 965//1 966//1 968//1 967//1
f 969//1 970//1 972//1 971//1
f 973//1 974//1 976//1 975//1
f 977//1 978//1 980//1 979//1
f 967//1 968//1 974//1 973//1
f 971//1 972//1 978//1 977//1
f 966//1 969//1 971//1 968//1
f 974//1 977//1 979//1 976//1
f 968//1 971//1 977//1 974//1
f 923//4 946//4 948//4 924//4
f 926//1 927//1 951//1 950//1
f 923//1 926//1 950//1 946//1
f 937//1 938//1 966//1 965//1
f 943//1 944//1 970//1 969//1
f 938//1 943//1 969//1 966//1
f 925//1 935//1 937//1 927//1
f 925//2 928//2 939//2 935//2
f 951//1 965//1 967//1 953//1
f 962//1 973//1 975//1 964//1
f 953//1 967//1 973//1 962//1
f 927//1 937//1 965//1 951//1
f 984//2 987//2 988//2 985//2
f 983//4 985//4 988//4 986//4
f 987//2 991//2 992//2 988//2
f 986//4 988//4 992//4 990//4
f 981//2 982//2 987//2 984//2
f 982//2 989//2 991//2 987//2
f 993//2 995//2 996//2 994//2
f 997//2 999//2 1000//2 998//2
f 1007//5 1008//5 1006//5 1005//5
f 1011//5 1012//5 1010//5 1009//5
f 995//2 1003//2 1004//2 996//2
f 999//2 1005//2 1006//2 1000//2
f 993//4 1001//4 1002//4 995//4
f 1009//5 1010//5 1004//5 1003//5
f 998//2 1000//2 1002//2 1001//2
f 1008//5 1011//5 1009//5 1006//5
f 1000//2 1006//2 1009//2 1002//2
f 995//4 1002//4 1009//4 1003//4
f 1013//4 1014//4 1016//4 1015//4
f 1017//2 1020//2 1021//2 1018//2
f 1017//4 1019//4 1022//4 1020//4
f 1027//5 1028//5 1026//5 1025//5
f 1031//5 1032//5 1030//5 1029//5
f 1035//5 1036//5 1034//5 1033//5
f 1015//4 1016//4 1024//4 1023//4
f 1020//2 1029//2 1030//2 1021//2
f 1020//4 1022//4 1031//4 1029//4
f 1014//4 1018//4 1021//4 1016//4
f 1033//5 1034//5 1028//5 1027//5
f 1024//5 1027//5 1025//5 1023//5
f 1032//5 1035//5 1033//5 1030//5
f 1030//5 1033//5 1027//5 1024//5
f 1016//4 1021//4 1030//4 1024//4
f 1039//5 1040//5 1038//5 1037//5
f 1043//5 1044//5 1042//5 1041//5
f 1047//5 1048//5 1046//5 1045//5
f 1051//5 1052//5 1050//5 1049//5
f 1045//5 1046//5 1040//5 1039//5
f 1049//5 1050//5 1044//5 1043//5
f 1040//5 1043//5 1041//5 1038//5
f 1048//5 1051//5 1049//5 1046//5
f 1046//5 1049//5 1043//5 1040//5
f 1059//1 1060//1 1062//1 1061//1
f 1063//1 1064//1 1066//1 1065//1
f 1057//1 1058//1 1064//1 1063//1
f 1060//1 1063//1 1065//1 1062//1
f 1069//1 1070//1 1072//1 1071//1
f 1073//1 1074//1 1076//1 1075//1
f 1077//1 1078//1 1080//1 1079//1
f 1071//1 1072//1 1078//1 1077//1
f 1067//1 1069//1 1071//1 1068//1
f 1074//1 1077//1 1079//1 1076//1
f 1068//1 1071//1 1077//1 1074//1
f 1081//1 1082//1 1084//1 1083//1
f 1085//1 1086//1 1088//1 1087//1
f 1089//1 1090//1 1092//1 1091//1
f 1093//1 1094//1 1096//1 1095//1
f 1083//1 1084//1 1090//1 1089//1
f 1087//1 1088//1 1094//1 1093//1
f 1082//1 1085//1 1087//1 1084//1
f 1090//1 1093//1 1095//1 1092//1
f 1084//1 1087//1 1093//1 1090//1
f 981//4 1013//4 1015//4 982//4
f 1025//5 1026//5 992//5 991//5
f 1023//5 1025//5 991//5 989//5
f 982//4 1015//4 1023//4 989//4
f 1055//1 1056//1 1070//1 1069//1
f 1053//1 1055//1 1069//1 1067//1
f 1037//5 1038//5 1008//5 1007//5
f 1041//5 1042//5 1012//5 1011//5
f 1038//5 1041//5 1011//5 1008//5
f 1061//1 1062//1 1082//1 1081//1
f 1065//1 1066//1 1086//1 1085//1
f 1062//1 1065//1 1085//1 1082//1
f 983//2 986//2 999//2 997//2
f 992//5 1007//5 1005//5 990//5
f 986//2 990//2 1005//2 999//2
f 1028//5 1039//5 1037//5 1026//5
f 1036//5 1047//5 1045//5 1034//5
f 1034//5 1045//5 1039//5 1028//5
f 1054//1 1059//1 1061//1 1056//1
f 1070//1 1081//1 1083//1 1072//1
f 1078//1 1089//1 1091//1 1080//1
f 1072//1 1083//1 1089//1 1078//1
f 1026//5 1037//5 1007//5 992//5
f 1056//1 1061//1 1081//1 1070//1
f 929//2 984//2 985//2 930//2
f 928//4 930//4 985//4 983//4
f 924//2 981//2 984//2 929//2
f 933//2 993//2 994//2 934//2
f 939//2 997//2 998//2 940//2
f 940//2 998//2 1001//2 945//2
f 933//4 945//4 1001//4 993//4
f 948//4 949//4 1014//4 1013//4
f 958//2 1017//2 1018//2 959//2
f 958//4 960//4 1019//4 1017//4
f 949//4 959//4 1018//4 1014//4
f 928//2 983//2 997//2 939//2
f 924//4 948//4 1013//4 981//4
f 1097//4 1098//4 1100//4 1099//4
f 1098//4 1101//4 1102//4 1100//4
f 1103//1 1104//1 1106//1 1105//1
f 1108//1 1109//1 1111//1 1110//1
f 1112//1 1113//1 1115//1 1114//1
f 1112//4 1114//4 1117//4 1116//4
f 1118//1 1119//1 1121//1 1120//1
f 1105//1 1106//1 1113//1 1112//1
f 1110//1 1111//1 1119//1 1118//1
f 1104//1 1108//1 1110//1 1106//1
f 1113//1 1118//1 1120//1 1115//1
f 1106//1 1110//1 1118//1 1113//1
f 1122//1 1123//1 1125//1 1124//1
f 1126//1 1127//1 1129//1 1128//1
f 1130//1 1131//1 1133//1 1132//1
f 1134//1 1135//1 1137//1 1136//1
f 1124//1 1125//1 1131//1 1130//1
f 1128//1 1129//1 1135//1 1134//1
f 1123//1 1126//1 1128//1 1125//1
f 1131//1 1134//1 1136//1 1133//1
f 1125//1 1128//1 1134//1 1131//1
f 1138//1 1139//1 1141//1 1140//1
f 1141//3 1144//3 1143//3 1140//3
f 1138//4 1140//4 1143//4 1142//4
f 1145//1 1146//1 1148//1 1147//1
f 1149//4 1150//4 1152//4 1151//4
f 1153//1 1154//1 1156//1 1155//1
f 1156//3 1158//3 1157//3 1155//3
f 1141//4 1149//4 1151//4 1144//4
f 1147//1 1148//1 1154//1 1153//1
f 1139//1 1145//1 1147//1 1141//1
f 1149//1 1153//1 1155//1 1150//1
f 1155//3 1157//3 1152//3 1150//3
f 1141//1 1147//1 1153//1 1149//1
f 1159//1 1160//1 1162//1 1161//1
f 1163//1 1164//1 1166//1 1165//1
f 1167//1 1168//1 1170//1 1169//1
f 1171//1 1172//1 1174//1 1173//1
f 1161//1 1162//1 1168//1 1167//1
f 1165//1 1166//1 1172//1 1171//1
f 1160//1 1163//1 1165//1 1162//1
f 1168//1 1171//1 1173//1 1170//1
f 1162//1 1165//1 1171//1 1168//1
f 1114//1 1115//1 1139//1 1138//1
f 1114//4 1138//4 1142//4 1117//4
f 1120//1 1121//1 1146//1 1145//1
f 1115//1 1120//1 1145//1 1139//1
f 1132//1 1133//1 1160//1 1159//1
f 1136//1 1137//1 1164//1 1163//1
f 1133//1 1136//1 1163//1 1160//1
f 1109//1 1122//1 1124//1 1111//1
f 1119//1 1130//1 1132//1 1121//1
f 1111//1 1124//1 1130//1 1119//1
f 1146//1 1159//1 1161//1 1148//1
f 1154//1 1167//1 1169//1 1156//1
f 1148//1 1161//1 1167//1 1154//1
f 1121//1 1132//1 1159//1 1146//1
f 1178//3 1181//3 1180//3 1177//3
f 1178//4 1179//4 1182//4 1181//4
f 1183//1 1184//1 1186//1 1185//1
f 1186//3 1188//3 1187//3 1185//3
f 1186//4 1189//4 1190//4 1188//4
f 1178//1 1183//1 1185//1 1179//1
f 1185//3 1187//3 1182//3 1179//3
f 1177//3 1180//3 1176//3 1175//3
f 1191//4 1192//4 1194//4 1193//4
f 1193//4 1194//4 1198//4 1197//4
f 1192//4 1195//4 1196//4 1194//4
f 1194//4 1196//4 1199//4 1198//4
f 1205//4 1206//4 1208//4 1207//4
f 1211//5 1212//5 1210//5 1209//5
f 1215//5 1216//5 1214//5 1213//5
f 1219//5 1220//5 1218//5 1217//5
f 1223//5 1224//5 1222//5 1221//5
f 1207//4 1208//4 1219//4 1217//4
f 1217//5 1218//5 1212//5 1211//5
f 1221//5 1222//5 1216//5 1215//5
f 1212//5 1215//5 1213//5 1210//5
f 1220//5 1223//5 1221//5 1218//5
f 1218//5 1221//5 1215//5 1212//5
f 1227//5 1228//5 1226//5 1225//5
f 1231//5 1232//5 1230//5 1229//5
f 1235//5 1236//5 1234//5 1233//5
f 1239//5 1240//5 1238//5 1237//5
f 1233//5 1234//5 1228//5 1227//5
f 1237//5 1238//5 1232//5 1231//5
f 1228//5 1231//5 1229//5 1226//5
f 1236//5 1239//5 1237//5 1234//5
f 1234//5 1237//5 1231//5 1228//5
f 1243//3 1246//3 1245//3 1242//3
f 1241//4 1242//4 1245//4 1244//4
f 1247//4 1248//4 1250//4 1249//4
f 1252//3 1254//3 1253//3 1251//3
f 1257//5 1258//5 1256//5 1255//5
f 1261//5 1262//5 1260//5 1259//5
f 1267//5 1268//5 1266//5 1265//5
f 1246//3 1258//3 1257//3 1245//3
f 1244//4 1245//4 1257//4 1255//4
f 1249//4 1250//4 1264//4 1263//4
f 1254//3 1268//3 1267//3 1253//3
f 1243//4 1247//4 1249//4 1246//4
f 1265//5 1266//5 1262//5 1261//5
f 1251//3 1253//3 1250//3 1248//3
f 1258//5 1261//5 1259//5 1256//5
f 1264//5 1267//5 1265//5 1263//5
f 1263//5 1265//5 1261//5 1258//5
f 1253//3 1267//3 1264//3 1250//3
f 1246//4 1249//4 1263//4 1258//4
f 1271//5 1272//5 1270//5 1269//5
f 1275//5 1276//5 1274//5 1273//5
f 1279//5 1280//5 1278//5 1277//5
f 1283//5 1284//5 1282//5 1281//5
f 1277//5 1278//5 1272//5 1271//5
f 1281//5 1282//5 1276//5 1275//5
f 1272//5 1275//5 1273//5 1270//5
f 1280//5 1283//5 1281//5 1278//5
f 1278//5 1281//5 1275//5 1272//5
f 1285//1 1286//1 1288//1 1287//1
f 1289//1 1290//1 1292//1 1291//1
f 1293//1 1294//1 1296//1 1295//1
f 1297//1 1298//1 1300//1 1299//1
f 1287//1 1288//1 1294//1 1293//1
f 1291//1 1292//1 1298//1 1297//1
f 1286//1 1289//1 1291//1 1288//1
f 1294//1 1297//1 1299//1 1296//1
f 1288//1 1291//1 1297//1 1294//1
f 1301//1 1302//1 1304//1 1303//1
f 1305//1 1306//1 1308//1 1307//1
f 1309//1 1310//1 1312//1 1311//1
f 1313//1 1314//1 1316//1 1315//1
f 1303//1 1304//1 1310//1 1309//1
f 1307//1 1308//1 1314//1 1313//1
f 1302//1 1305//1 1307//1 1304//1
f 1310//1 1313//1 1315//1 1312//1
f 1304//1 1307//1 1313//1 1310//1
f 1317//1 1318//1 1320//1 1319//1
f 1321//1 1322//1 1324//1 1323//1
f 1327//1 1328//1 1330//1 1329//1
f 1323//1 1324//1 1328//1 1327//1
f 1318//1 1321//1 1323//1 1320//1
f 1325//1 1327//1 1329//1 1326//1
f 1320//1 1323//1 1327//1 1325//1
f 1331//1 1332//1 1334//1 1333//1
f 1335//1 1336//1 1338//1 1337//1
f 1339//1 1340//1 1342//1 1341//1
f 1343//1 1344//1 1346//1 1345//1
f 1333//1 1334//1 1340//1 1339//1
f 1337//1 1338//1 1344//1 1343//1
f 1332//1 1335//1 1337//1 1334//1
f 1340//1 1343//1 1345//1 1342//1
f 1334//1 1337//1 1343//1 1340//1
f 1206//4 1241//4 1244//4 1208//4
f 1255//5 1256//5 1220//5 1219//5
f 1259//5 1260//5 1224//5 1223//5
f 1256//5 1259//5 1223//5 1220//5
f 1208//4 1244//4 1255//4 1219//4
f 1295//1 1296//1 1318//1 1317//1
f 1299//1 1300//1 1322//1 1321//1
f 1296//1 1299//1 1321//1 1318//1
f 1269//5 1270//5 1236//5 1235//5
f 1273//5 1274//5 1240//5 1239//5
f 1270//5 1273//5 1239//5 1236//5
f 1311//1 1312//1 1332//1 1331//1
f 1315//1 1316//1 1336//1 1335//1
f 1312//1 1315//1 1335//1 1332//1
f 1216//5 1227//5 1225//5 1214//5
f 1224//5 1235//5 1233//5 1222//5
f 1222//5 1233//5 1227//5 1216//5
f 1262//5 1271//5 1269//5 1260//5
f 1268//5 1279//5 1277//5 1266//5
f 1266//5 1277//5 1271//5 1262//5
f 1290//1 1301//1 1303//1 1292//1
f 1298//1 1309//1 1311//1 1300//1
f 1292//1 1303//1 1309//1 1298//1
f 1322//1 1331//1 1333//1 1324//1
f 1328//1 1339//1 1341//1 1330//1
f 1324//1 1333//1 1339//1 1328//1
f 1260//5 1269//5 1235//5 1224//5
f 1300//1 1311//1 1331//1 1322//1
f 1351//3 1354//3 1353//3 1350//3
f 1351//4 1352//4 1355//4 1354//4
f 1357//3 1359//3 1358//3 1356//3
f 1367//5 1368//5 1366//5 1365//5
f 1354//3 1363//3 1362//3 1353//3
f 1354//4 1355//4 1364//4 1363//4
f 1359//3 1368//3 1367//3 1358//3
f 1357//4 1360//4 1361//4 1359//4
f 1356//3 1358//3 1355//3 1352//3
f 1364//5 1367//5 1365//5 1363//5
f 1358//3 1367//3 1364//3 1355//3
f 1359//4 1361//4 1369//4 1368//4
f 1374//1 1375//1 1377//1 1376//1
f 1372//1 1374//1 1376//1 1373//1
f 1350//3 1353//3 1348//3 1347//3
f 1353//3 1362//3 1349//3 1348//3
f 1099//4 1100//4 1192//4 1191//4
f 1100//4 1102//4 1195//4 1192//4
f 1116//4 1117//4 1206//4 1205//4
f 1144//3 1243//3 1242//3 1143//3
f 1142//4 1143//4 1242//4 1241//4
f 1151//4 1152//4 1248//4 1247//4
f 1158//3 1252//3 1251//3 1157//3
f 1157//3 1251//3 1248//3 1152//3
f 1144//4 1151//4 1247//4 1243//4
f 1117//4 1142//4 1241//4 1206//4
f 1181//3 1351//3 1350//3 1180//3
f 1181//4 1182//4 1352//4 1351//4
f 1188//3 1357//3 1356//3 1187//3
f 1187//3 1356//3 1352//3 1182//3
f 1188//4 1190//4 1360//4 1357//4
f 1180//3 1350//3 1347//3 1176//3
f 1156//4 1175//4 1176//4 1158//4
f 1169//1 1170//1 1178//1 1177//1
f 1173//1 1174//1 1184//1 1183//1
f 1170//1 1173//1 1183//1 1178//1
f 1156//1 1169//1 1177//1 1175//1
f 1252//4 1347//4 1348//4 1254//4
f 1254//4 1348//4 1349//4 1268//4
f 1362//5 1363//5 1280//5 1279//5
f 1365//5 1366//5 1284//5 1283//5
f 1363//5 1365//5 1283//5 1280//5
f 1341//1 1342//1 1372//1 1371//1
f 1345//1 1346//1 1375//1 1374//1
f 1342//1 1345//1 1374//1 1372//1
f 1349//5 1362//5 1279//5 1268//5
f 1330//1 1341//1 1371//1 1370//1
f 1097//1 1103//1 1105//1 1098//1
f 1097//2 1099//2 1107//2 1103//2
f 1112//3 1116//3 1102//3 1101//3
f 1098//1 1105//1 1112//1 1101//1
f 1191//2 1193//2 1204//2 1203//2
f 1205//3 1207//3 1196//3 1195//3
f 1198//5 1211//5 1209//5 1197//5
f 1199//5 1217//5 1211//5 1198//5
f 1193//2 1197//2 1209//2 1204//2
f 1207//3 1217//3 1199//3 1196//3
f 1200//1 1285//1 1287//1 1201//1
f 1201//1 1287//1 1293//1 1202//1
f 1099//2 1191//2 1203//2 1107//2
f 1116//3 1205//3 1195//3 1102//3
f 1158//4 1176//4 1347//4 1252//4
f 956//1 957//1 1104//1 1103//1
f 956//4 1103//4 1107//4 960//4
f 963//1 964//1 1109//1 1108//1
f 957//1 963//1 1108//1 1104//1
f 975//1 976//1 1123//1 1122//1
f 979//1 980//1 1127//1 1126//1
f 976//1 979//1 1126//1 1123//1
f 964//1 975//1 1122//1 1109//1
f 1019//4 1203//4 1204//4 1022//4
f 1209//5 1210//5 1032//5 1031//5
f 1213//5 1214//5 1036//5 1035//5
f 1210//5 1213//5 1035//5 1032//5
f 1022//4 1204//4 1209//4 1031//4
f 1075//1 1076//1 1286//1 1285//1
f 1079//1 1080//1 1290//1 1289//1
f 1076//1 1079//1 1289//1 1286//1
f 1225//5 1226//5 1048//5 1047//5
f 1229//5 1230//5 1052//5 1051//5
f 1226//5 1229//5 1051//5 1048//5
f 1091//1 1092//1 1302//1 1301//1
f 1095//1 1096//1 1306//1 1305//1
f 1092//1 1095//1 1305//1 1302//1
f 1214//5 1225//5 1047//5 1036//5
f 1080//1 1091//1 1301//1 1290//1
f 960//4 1107//4 1203//4 1019//4
f 1379//1 1380//1 1382//1 1381//1
f 1379//2 1383//2 1384//2 1380//2
f 1384//6 1385//6 1382//6 1380//6
f 1386//2 1388//2 1389//2 1387//2
f 1382//2 1385//2 1388//2 1386//2
f 1387//2 1389//2 1391//2 1390//2
f 1392//1 1393//1 1395//1 1394//1
f 1396//1 1397//1 1399//1 1398//1
f 1400//1 1401//1 1403//1 1402//1
f 1405//1 1406//1 1408//1 1407//1
f 1394//1 1395//1 1401//1 1400//1
f 1398//1 1399//1 1406//1 1405//1
f 1393//1 1396//1 1398//1 1395//1
f 1401//1 1405//1 1407//1 1403//1
f 1395//1 1398//1 1405//1 1401//1
f 1409//1 1410//1 1412//1 1411//1
f 1409//2 1413//2 1414//2 1410//2
f 1416//2 1419//2 1420//2 1417//2
f 1418//6 1419//6 1416//6 1415//6
f 1421//1 1422//1 1424//1 1423//1
f 1425//1 1426//1 1428//1 1427//1
f 1411//1 1412//1 1422//1 1421//1
f 1416//1 1417//1 1426//1 1425//1
f 1410//1 1415//1 1416//1 1412//1
f 1410//2 1414//2 1418//2 1415//2
f 1422//1 1425//1 1427//1 1424//1
f 1412//1 1416//1 1425//1 1422//1
f 1430//3 1432//3 1431//3 1429//3
f 1433//1 1434//1 1436//1 1435//1
f 1436//3 1439//3 1438//3 1435//3
f 1433//4 1435//4 1438//4 1437//4
f 1433//3 1437//3 1432//3 1430//3
f 1440//1 1441//1 1443//1 1442//1
f 1445//1 1446//1 1448//1 1447//1
f 1449//1 1450//1 1452//1 1451//1
f 1449//4 1451//4 1454//4 1453//4
f 1455//1 1456//1 1458//1 1457//1
f 1442//1 1443//1 1450//1 1449//1
f 1442//4 1449//4 1453//4 1444//4
f 1447//1 1448//1 1456//1 1455//1
f 1441//1 1445//1 1447//1 1443//1
f 1450//1 1455//1 1457//1 1452//1
f 1443//1 1447//1 1455//1 1450//1
f 1402//1 1403//1 1430//1 1429//1
f 1402//4 1429//4 1431//4 1404//4
f 1407//1 1408//1 1434//1 1433//1
f 1403//1 1407//1 1433//1 1430//1
f 1423//1 1424//1 1441//1 1440//1
f 1427//1 1428//1 1446//1 1445//1
f 1424//1 1427//1 1445//1 1441//1
f 1397//1 1409//1 1411//1 1399//1
f 1406//1 1421//1 1423//1 1408//1
f 1399//1 1411//1 1421//1 1406//1
f 1434//1 1440//1 1442//1 1436//1
f 1442//3 1444//3 1439//3 1436//3
f 1408//1 1423//1 1440//1 1434//1
f 1463//6 1464//6 1462//6 1461//6
f 1460//6 1463//6 1461//6 1459//6
f 1465//1 1466//1 1468//1 1467//1
f 1465//2 1469//2 1470//2 1466//2
f 1470//6 1471//6 1468//6 1466//6
f 1472//1 1473//1 1475//1 1474//1
f 1479//6 1480//6 1478//6 1477//6
f 1467//1 1468//1 1473//1 1472//1
f 1471//6 1476//6 1473//6 1468//6
f 1473//1 1477//1 1478//1 1475//1
f 1473//2 1476//2 1479//2 1477//2
f 1464//6 1469//6 1465//6 1462//6
f 1481//2 1484//2 1485//2 1482//2
f 1485//6 1486//6 1483//6 1482//6
f 1487//2 1489//2 1490//2 1488//2
f 1496//5 1497//5 1495//5 1494//5
f 1491//2 1494//2 1495//2 1492//2
f 1495//6 1497//6 1493//6 1492//6
f 1498//2 1500//2 1501//2 1499//2
f 1484//2 1491//2 1492//2 1485//2
f 1492//6 1493//6 1486//6 1485//6
f 1489//2 1498//2 1499//2 1490//2
f 1483//2 1486//2 1489//2 1487//2
f 1493//2 1497//2 1500//2 1498//2
f 1486//2 1493//2 1498//2 1489//2
f 1488//2 1490//2 1503//2 1502//2
f 1499//2 1501//2 1505//2 1504//2
f 1490//2 1499//2 1504//2 1503//2
f 1509//5 1510//5 1508//5 1507//5
f 1513//5 1514//5 1512//5 1511//5
f 1517//5 1518//5 1516//5 1515//5
f 1521//5 1522//5 1520//5 1519//5
f 1515//5 1516//5 1510//5 1509//5
f 1519//5 1520//5 1514//5 1513//5
f 1510//5 1513//5 1511//5 1508//5
f 1518//5 1521//5 1519//5 1516//5
f 1516//5 1519//5 1513//5 1510//5
f 1523//2 1525//2 1526//2 1524//2
f 1528//2 1531//2 1532//2 1529//2
f 1530//6 1531//6 1528//6 1527//6
f 1537//5 1538//5 1536//5 1535//5
f 1533//2 1535//2 1536//2 1534//2
f 1540//2 1543//2 1544//2 1541//2
f 1542//6 1543//6 1540//6 1539//6
f 1547//5 1548//5 1546//5 1545//5
f 1551//5 1552//5 1550//5 1549//5
f 1525//2 1533//2 1534//2 1526//2
f 1531//2 1540//2 1541//2 1532//2
f 1539//6 1540//6 1531//6 1530//6
f 1545//5 1546//5 1538//5 1537//5
f 1549//5 1550//5 1544//5 1543//5
f 1524//2 1526//2 1530//2 1527//2
f 1538//5 1543//5 1542//5 1536//5
f 1534//2 1536//2 1542//2 1539//2
f 1548//5 1551//5 1549//5 1546//5
f 1546//5 1549//5 1543//5 1538//5
f 1526//2 1534//2 1539//2 1530//2
f 1553//1 1554//1 1556//1 1555//1
f 1560//1 1561//1 1563//1 1562//1
f 1564//1 1565//1 1567//1 1566//1
f 1570//5 1571//5 1569//5 1568//5
f 1574//5 1575//5 1573//5 1572//5
f 1578//5 1579//5 1577//5 1576//5
f 1582//5 1583//5 1581//5 1580//5
f 1555//1 1556//1 1561//1 1560//1
f 1576//5 1577//5 1571//5 1570//5
f 1558//1 1559//1 1565//1 1564//1
f 1580//5 1581//5 1575//5 1574//5
f 1554//1 1557//1 1558//1 1556//1
f 1561//1 1564//1 1566//1 1563//1
f 1571//5 1574//5 1572//5 1569//5
f 1579//5 1582//5 1580//5 1577//5
f 1556//1 1558//1 1564//1 1561//1
f 1577//5 1580//5 1574//5 1571//5
f 1589//5 1590//5 1588//5 1587//5
f 1593//5 1594//5 1592//5 1591//5
f 1597//5 1598//5 1596//5 1595//5
f 1601//5 1602//5 1600//5 1599//5
f 1595//5 1596//5 1590//5 1589//5
f 1599//5 1600//5 1594//5 1593//5
f 1590//5 1593//5 1591//5 1588//5
f 1598//5 1601//5 1599//5 1596//5
f 1596//5 1599//5 1593//5 1590//5
f 1568//5 1569//5 1518//5 1517//5
f 1572//5 1573//5 1522//5 1521//5
f 1569//5 1572//5 1521//5 1518//5
f 1587//5 1588//5 1548//5 1547//5
f 1591//5 1592//5 1552//5 1551//5
f 1588//5 1591//5 1551//5 1548//5
f 1514//5 1537//5 1535//5 1512//5
f 1522//5 1547//5 1545//5 1520//5
f 1520//5 1545//5 1537//5 1514//5
f 1565//1 1585//1 1586//1 1567//1
f 1575//5 1589//5 1587//5 1573//5
f 1583//5 1597//5 1595//5 1581//5
f 1559//1 1584//1 1585//1 1565//1
f 1581//5 1595//5 1589//5 1575//5
f 1573//5 1587//5 1547//5 1522//5
f 1607//6 1608//6 1606//6 1605//6
f 1613//6 1614//6 1612//6 1611//6
f 1611//6 1612//6 1608//6 1607//6
f 1604//6 1607//6 1605//6 1603//6
f 1610//6 1613//6 1611//6 1609//6
f 1609//6 1611//6 1607//6 1604//6
f 1615//2 1618//2 1619//2 1616//2
f 1619//6 1620//6 1617//6 1616//6
f 1625//6 1626//6 1624//6 1623//6
f 1632//5 1633//5 1631//5 1630//5
f 1627//2 1630//2 1631//2 1628//2
f 1631//6 1633//6 1629//6 1628//6
f 1637//5 1638//5 1636//5 1635//5
f 1641//6 1642//6 1640//6 1639//6
f 1618//2 1627//2 1628//2 1619//2
f 1628//6 1629//6 1620//6 1619//6
f 1639//6 1640//6 1626//6 1625//6
f 1620//6 1622//6 1621//6 1617//6
f 1635//5 1636//5 1633//5 1632//5
f 1633//6 1636//6 1634//6 1629//6
f 1621//2 1622//2 1625//2 1623//2
f 1638//5 1642//5 1641//5 1636//5
f 1634//2 1636//2 1641//2 1639//2
f 1622//2 1634//2 1639//2 1625//2
f 1629//6 1634//6 1622//6 1620//6
f 1608//6 1618//6 1615//6 1606//6
f 1614//6 1630//6 1627//6 1612//6
f 1612//6 1627//6 1618//6 1608//6
f 1383//2 1481//2 1482//2 1384//2
f 1482//6 1483//6 1385//6 1384//6
f 1388//2 1487//2 1488//2 1389//2
f 1385//2 1483//2 1487//2 1388//2
f 1389//2 1488//2 1502//2 1391//2
f 1413//2 1523//2 1524//2 1414//2
f 1419//2 1528//2 1529//2 1420//2
f 1527//6 1528//6 1419//6 1418//6
f 1414//2 1524//2 1527//2 1418//2
f 1432//3 1554//3 1553//3 1431//3
f 1439//3 1559//3 1558//3 1438//3
f 1437//4 1438//4 1558//4 1557//4
f 1437//3 1557//3 1554//3 1432//3
f 1453//4 1454//4 1586//4 1585//4
f 1444//4 1453//4 1585//4 1584//4
f 1444//3 1584//3 1559//3 1439//3
f 1404//4 1431//4 1553//4 1506//4
f 1605//6 1606//6 1464//6 1463//6
f 1603//6 1605//6 1463//6 1460//6
f 1469//2 1615//2 1616//2 1470//2
f 1616//6 1617//6 1471//6 1470//6
f 1623//6 1624//6 1480//6 1479//6
f 1476//2 1621//2 1623//2 1479//2
f 1617//6 1621//6 1476//6 1471//6
f 1606//6 1615//6 1469//6 1464//6
f 1381//1 1382//1 1393//1 1392//1
f 1386//1 1387//1 1397//1 1396//1
f 1382//1 1386//1 1396//1 1393//1
f 1391//6 1413//6 1409//6 1390//6
f 1387//1 1390//1 1409//1 1397//1
f 1507//5 1508//5 1497//5 1496//5
f 1511//5 1512//5 1501//5 1500//5
f 1508//5 1511//5 1500//5 1497//5
f 1503//6 1525//6 1523//6 1502//6
f 1505//6 1535//6 1533//6 1504//6
f 1504//6 1533//6 1525//6 1503//6
f 1512//5 1535//5 1505//5 1501//5
f 1417//2 1420//2 1460//2 1459//2
f 1426//1 1461//1 1462//1 1428//1
f 1417//1 1459//1 1461//1 1426//1
f 1446//1 1465//1 1467//1 1448//1
f 1456//1 1472//1 1474//1 1458//1
f 1448//1 1467//1 1472//1 1456//1
f 1428//1 1462//1 1465//1 1446//1
f 1529//2 1532//2 1604//2 1603//2
f 1541//2 1544//2 1610//2 1609//2
f 1552//5 1614//5 1613//5 1550//5
f 1550//5 1613//5 1610//5 1544//5
f 1532//2 1541//2 1609//2 1604//2
f 1594//5 1632//5 1630//5 1592//5
f 1602//5 1637//5 1635//5 1600//5
f 1600//5 1635//5 1632//5 1594//5
f 1592//5 1630//5 1614//5 1552//5
f 1420//2 1529//2 1603//2 1460//2
f 1502//6 1523//6 1413//6 1391//6
f 1644//3 1647//3 1646//3 1643//3
f 1644//4 1645//4 1648//4 1647//4
f 1649//1 1650//1 1652//1 1651//1
f 1654//2 1657//2 1658//2 1655//2
f 1653//4 1655//4 1658//4 1656//4
f 1659//1 1660//1 1662//1 1661//1
f 1645//4 1653//4 1656//4 1648//4
f 1651//1 1652//1 1660//1 1659//1
f 1644//1 1649//1 1651//1 1645//1
f 1653//1 1659//1 1661//1 1655//1
f 1645//1 1651//1 1659//1 1653//1
f 1665//1 1666//1 1668//1 1667//1
f 1665//2 1669//2 1670//2 1666//2
f 1665//4 1667//4 1671//4 1669//4
f 1672//1 1673//1 1675//1 1674//1
f 1672//2 1676//2 1677//2 1673//2
f 1663//4 1673//4 1677//4 1664//4
f 1666//1 1672//1 1674//1 1668//1
f 1666//2 1670//2 1676//2 1672//2
f 1678//1 1679//1 1681//1 1680//1
f 1678//4 1680//4 1683//4 1682//4
f 1684//1 1685//1 1687//1 1686//1
f 1688//1 1689//1 1691//1 1690//1
f 1692//1 1693//1 1695//1 1694//1
f 1680//1 1681//1 1689//1 1688//1
f 1686//1 1687//1 1693//1 1692//1
f 1679//1 1684//1 1686//1 1681//1
f 1689//1 1692//1 1694//1 1691//1
f 1681//1 1686//1 1692//1 1689//1
f 1654//1 1655//1 1679//1 1678//1
f 1654//4 1678//4 1682//4 1657//4
f 1661//1 1662//1 1685//1 1684//1
f 1655//1 1661//1 1684//1 1679//1
f 1663//2 1664//2 1683//2 1680//2
f 1673//1 1688//1 1690//1 1675//1
f 1663//1 1680//1 1688//1 1673//1
f 1696//1 1697//1 1699//1 1698//1
f 1700//1 1701//1 1703//1 1702//1
f 1700//2 1704//2 1705//2 1701//2
f 1705//6 1706//6 1703//6 1701//6
f 1707//1 1708//1 1710//1 1709//1
f 1712//3 1715//3 1714//3 1711//3
f 1714//6 1716//6 1713//6 1711//6
f 1698//1 1699//1 1708//1 1707//1
f 1702//1 1703//1 1712//1 1711//1
f 1706//6 1715//6 1712//6 1703//6
f 1697//1 1700//1 1702//1 1699//1
f 1708//1 1711//1 1713//1 1710//1
f 1699//1 1702//1 1711//1 1708//1
f 1717//1 1718//1 1720//1 1719//1
f 1721//6 1722//6 1720//6 1718//6
f 1725//1 1726//1 1728//1 1727//1
f 1728//3 1731//3 1730//3 1727//3
f 1729//6 1731//6 1728//6 1726//6
f 1719//1 1720//1 1726//1 1725//1
f 1722//6 1729//6 1726//6 1720//6
f 1723//3 1724//3 1721//3 1718//3
f 1709//1 1710//1 1718//1 1717//1
f 1716//6 1724//6 1723//6 1713//6
f 1710//1 1713//1 1723//1 1718//1
f 1732//1 1733//1 1735//1 1734//1
f 1736//1 1737//1 1739//1 1738//1
f 1740//1 1741//1 1743//1 1742//1
f 1744//1 1745//1 1747//1 1746//1
f 1747//3 1749//3 1748//3 1746//3
f 1734//1 1735//1 1741//1 1740//1
f 1738//1 1739//1 1745//1 1744//1
f 1733//1 1736//1 1738//1 1735//1
f 1741//1 1744//1 1746//1 1743//1
f 1735//1 1738//1 1744//1 1741//1
f 1750//1 1751//1 1753//1 1752//1
f 1754//1 1755//1 1757//1 1756//1
f 1760//3 1763//3 1762//3 1759//3
f 1762//6 1764//6 1761//6 1759//6
f 1766//3 1768//3 1767//3 1765//3
f 1752//1 1753//1 1760//1 1759//1
f 1756//1 1757//1 1766//1 1765//1
f 1758//6 1768//6 1766//6 1757//6
f 1751//1 1754//1 1756//1 1753//1
f 1765//3 1767//3 1763//3 1760//3
f 1753//1 1756//1 1765//1 1760//1
f 1770//3 1772//3 1771//3 1769//3
f 1773//3 1774//3 1772//3 1770//3
f 1742//1 1743//1 1770//1 1769//1
f 1748//6 1774//6 1773//6 1746//6
f 1743//1 1746//1 1773//1 1770//1
f 1737//1 1750//1 1752//1 1739//1
f 1745//1 1759//1 1761//1 1747//1
f 1761//3 1764//3 1749//3 1747//3
f 1739//1 1752//1 1759//1 1745//1
f 1777//6 1778//6 1776//6 1775//6
f 1779//1 1780//1 1782//1 1781//1
f 1783//1 1784//1 1786//1 1785//1
f 1787//1 1788//1 1790//1 1789//1
f 1791//1 1792//1 1794//1 1793//1
f 1797//5 1798//5 1796//5 1795//5
f 1801//5 1802//5 1800//5 1799//5
f 1805//5 1806//5 1804//5 1803//5
f 1809//5 1810//5 1808//5 1807//5
f 1781//1 1782//1 1788//1 1787//1
f 1803//5 1804//5 1798//5 1797//5
f 1785//1 1786//1 1792//1 1791//1
f 1807//5 1808//5 1802//5 1801//5
f 1780//1 1783//1 1785//1 1782//1
f 1788//1 1791//1 1793//1 1790//1
f 1798//5 1801//5 1799//5 1796//5
f 1806//5 1809//5 1807//5 1804//5
f 1782//1 1785//1 1791//1 1788//1
f 1804//5 1807//5 1801//5 1798//5
f 1811//1 1812//1 1814//1 1813//1
f 1815//1 1816//1 1818//1 1817//1
f 1821//5 1822//5 1820//5 1819//5
f 1825//5 1826//5 1824//5 1823//5
f 1829//5 1830//5 1828//5 1827//5
f 1833//5 1834//5 1832//5 1831//5
f 1813//1 1814//1 1816//1 1815//1
f 1827//5 1828//5 1822//5 1821//5
f 1831//5 1832//5 1826//5 1825//5
f 1822//5 1825//5 1823//5 1820//5
f 1830//5 1833//5 1831//5 1828//5
f 1828//5 1831//5 1825//5 1822//5
f 1835//1 1836//1 1838//1 1837//1
f 1839//1 1840//1 1842//1 1841//1
f 1850//5 1851//5 1849//5 1848//5
f 1854//5 1855//5 1853//5 1852//5
f 1858//5 1859//5 1857//5 1856//5
f 1862//5 1863//5 1861//5 1860//5
f 1837//1 1838//1 1844//1 1843//1
f 1856//5 1857//5 1851//5 1850//5
f 1841//1 1842//1 1847//1 1846//1
f 1860//5 1861//5 1855//5 1854//5
f 1836//1 1839//1 1841//1 1838//1
f 1851//5 1854//5 1852//5 1849//5
f 1859//5 1862//5 1860//5 1857//5
f 1838//1 1841//1 1846//1 1844//1
f 1857//5 1860//5 1854//5 1851//5
f 1868//5 1869//5 1867//5 1866//5
f 1872//5 1873//5 1871//5 1870//5
f 1876//5 1877//5 1875//5 1874//5
f 1880//5 1881//5 1879//5 1878//5
f 1874//5 1875//5 1869//5 1868//5
f 1878//5 1879//5 1873//5 1872//5
f 1869//5 1872//5 1870//5 1867//5
f 1877//5 1880//5 1878//5 1875//5
f 1875//5 1878//5 1872//5 1869//5
f 1789//1 1790//1 1836//1 1835//1
f 1848//5 1849//5 1806//5 1805//5
f 1793//1 1794//1 1840//1 1839//1
f 1852//5 1853//5 1810//5 1809//5
f 1790//1 1793//1 1839//1 1836//1
f 1849//5 1852//5 1809//5 1806//5
f 1866//5 1867//5 1830//5 1829//5
f 1870//5 1871//5 1834//5 1833//5
f 1867//5 1870//5 1833//5 1830//5
f 1784//1 1811//1 1813//1 1786//1
f 1792//1 1815//1 1817//1 1794//1
f 1802//5 1821//5 1819//5 1800//5
f 1810//5 1829//5 1827//5 1808//5
f 1786//1 1813//1 1815//1 1792//1
f 1808//5 1827//5 1821//5 1802//5
f 1840//1 1864//1 1865//1 1842//1
f 1855//5 1868//5 1866//5 1853//5
f 1863//5 1876//5 1874//5 1861//5
f 1861//5 1874//5 1868//5 1855//5
f 1794//1 1817//1 1864//1 1840//1
f 1853//5 1866//5 1829//5 1810//5
f 1882//2 1885//2 1886//2 1883//2
f 1886//6 1887//6 1884//6 1883//6
f 1889//3 1892//3 1891//3 1888//3
f 1891//6 1893//6 1890//6 1888//6
f 1896//5 1897//5 1895//5 1894//5
f 1903//5 1904//5 1902//5 1901//5
f 1898//2 1901//2 1902//2 1899//2
f 1902//6 1904//6 1900//6 1899//6
f 1907//5 1908//5 1906//5 1905//5
f 1910//3 1913//3 1912//3 1909//3
f 1912//6 1914//6 1911//6 1909//6
f 1885//2 1898//2 1899//2 1886//2
f 1899//6 1900//6 1887//6 1886//6
f 1892//3 1910//3 1909//3 1891//3
f 1909//6 1911//6 1893//6 1891//6
f 1905//5 1906//5 1897//5 1896//5
f 1887//6 1892//6 1889//6 1884//6
f 1912//5 1913//5 1904//5 1903//5
f 1904//6 1913//6 1910//6 1900//6
f 1897//5 1903//5 1901//5 1895//5
f 1908//5 1914//5 1912//5 1906//5
f 1906//5 1912//5 1903//5 1897//5
f 1900//6 1910//6 1892//6 1887//6
f 1917//6 1918//6 1916//6 1915//6
f 1923//3 1926//3 1925//3 1922//3
f 1924//6 1926//6 1923//6 1921//6
f 1931//5 1932//5 1930//5 1929//5
f 1930//6 1932//6 1928//6 1927//6
f 1940//5 1941//5 1939//5 1938//5
f 1937//3 1941//3 1940//3 1936//3
f 1939//6 1941//6 1937//6 1935//6
f 1927//6 1928//6 1918//6 1917//6
f 1926//3 1937//3 1936//3 1925//3
f 1935//6 1937//6 1926//6 1924//6
f 1918//6 1924//6 1921//6 1916//6
f 1938//5 1939//5 1932//5 1931//5
f 1932//6 1939//6 1935//6 1928//6
f 1919//3 1920//3 1917//3 1915//3
f 1933//3 1934//3 1930//3 1927//3
f 1920//3 1933//3 1927//3 1917//3
f 1928//6 1935//6 1924//6 1918//6
f 1929//5 1930//5 1908//5 1907//5
f 1893//6 1920//6 1919//6 1890//6
f 1914//6 1934//6 1933//6 1911//6
f 1930//5 1934//5 1914//5 1908//5
f 1911//6 1933//6 1920//6 1893//6
f 1943//3 1945//3 1944//3 1942//3
f 1948//5 1949//5 1947//5 1946//5
f 1952//5 1953//5 1951//5 1950//5
f 1956//5 1957//5 1955//5 1954//5
f 1962//5 1963//5 1961//5 1960//5
f 1959//3 1963//3 1962//3 1958//3
f 1945//3 1959//3 1958//3 1944//3
f 1954//5 1955//5 1949//5 1948//5
f 1960//5 1961//5 1953//5 1952//5
f 1949//5 1952//5 1950//5 1947//5
f 1957//5 1962//5 1960//5 1955//5
f 1955//5 1960//5 1952//5 1949//5
f 1967//3 1970//3 1969//3 1966//3
f 1969//6 1971//6 1968//6 1966//6
f 1973//3 1975//3 1974//3 1972//3
f 1978//5 1979//5 1977//5 1976//5
f 1983//5 1984//5 1982//5 1981//5
f 1986//3 1989//3 1988//3 1985//3
f 1988//6 1990//6 1987//6 1985//6
f 1992//3 1994//3 1993//3 1991//3
f 1970//3 1986//3 1985//3 1969//3
f 1985//6 1987//6 1971//6 1969//6
f 1975//3 1992//3 1991//3 1974//3
f 1988//5 1989//5 1979//5 1978//5
f 1965//6 1975//6 1973//6 1964//6
f 1993//5 1994//5 1984//5 1983//5
f 1984//6 1994//6 1992//6 1980//6
f 1972//3 1974//3 1970//3 1967//3
f 1979//5 1983//5 1981//5 1977//5
f 1991//3 1993//3 1989//3 1986//3
f 1989//5 1993//5 1983//5 1979//5
f 1974//3 1991//3 1986//3 1970//3
f 1980//6 1992//6 1975//6 1965//6
f 1996//3 1998//3 1997//3 1995//3
f 2002//3 2004//3 2003//3 2001//3
f 1998//3 2002//3 2001//3 1997//3
f 1999//3 2000//3 1998//3 1996//3
f 2005//3 2006//3 2004//3 2002//3
f 2000//3 2005//3 2002//3 1998//3
f 2003//5 2004//5 1957//5 1956//5
f 1944//6 2000//6 1999//6 1942//6
f 1962//6 2006//6 2005//6 1958//6
f 2004//5 2006//5 1962//5 1957//5
f 1958//6 2005//6 2000//6 1944//6
f 1968//3 1971//3 1945//3 1943//3
f 1953//5 1978//5 1976//5 1951//5
f 1963//5 1990//5 1988//5 1961//5
f 1987//3 1990//3 1963//3 1959//3
f 1961//5 1988//5 1978//5 1953//5
f 1971//3 1987//3 1959//3 1945//3
f 2009//6 2010//6 2008//6 2007//6
f 2013//6 2014//6 2012//6 2011//6
f 2011//6 2012//6 2010//6 2009//6
f 1647//3 1812//3 1811//3 1646//3
f 1647//4 1648//4 1814//4 1812//4
f 1657//2 1817//2 1818//2 1658//2
f 1656//4 1658//4 1818//4 1816//4
f 1648//4 1656//4 1816//4 1814//4
f 1669//2 1843//2 1844//2 1670//2
f 1669//4 1671//4 1845//4 1843//4
f 1676//2 1846//2 1847//2 1677//2
f 1670//2 1844//2 1846//2 1676//2
f 1664//4 1677//4 1847//4 1842//4
f 1682//4 1683//4 1865//4 1864//4
f 1664//2 1842//2 1865//2 1683//2
f 1657//4 1682//4 1864//4 1817//4
f 1704//2 1882//2 1883//2 1705//2
f 1883//6 1884//6 1706//6 1705//6
f 1715//3 1889//3 1888//3 1714//3
f 1888//6 1890//6 1716//6 1714//6
f 1884//6 1889//6 1715//6 1706//6
f 1915//6 1916//6 1722//6 1721//6
f 1731//3 1923//3 1922//3 1730//3
f 1921//6 1923//6 1731//6 1729//6
f 1724//3 1919//3 1915//3 1721//3
f 1916//6 1921//6 1729//6 1722//6
f 1890//6 1919//6 1724//6 1716//6
f 1749//3 1943//3 1942//3 1748//3
f 1763//3 1967//3 1966//3 1762//3
f 1966//6 1968//6 1764//6 1762//6
f 1768//3 1973//3 1972//3 1767//3
f 1767//3 1972//3 1967//3 1763//3
f 1964//6 1973//6 1768//6 1758//6
f 1772//3 1996//3 1995//3 1771//3
f 1774//3 1999//3 1996//3 1772//3
f 1764//3 1968//3 1943//3 1749//3
f 1942//6 1999//6 1774//6 1748//6
f 2007//6 2008//6 1778//6 1777//6
f 1667//1 1668//1 1733//1 1732//1
f 1674//1 1675//1 1737//1 1736//1
f 1668//1 1674//1 1736//1 1733//1
f 1690//1 1691//1 1751//1 1750//1
f 1694//1 1695//1 1755//1 1754//1
f 1691//1 1694//1 1754//1 1751//1
f 1675//1 1690//1 1750//1 1737//1
f 1946//5 1947//5 1859//5 1858//5
f 1950//5 1951//5 1863//5 1862//5
f 1947//5 1950//5 1862//5 1859//5
f 1976//5 1977//5 1877//5 1876//5
f 1981//5 1982//5 1881//5 1880//5
f 1977//5 1981//5 1880//5 1877//5
f 1951//5 1976//5 1876//5 1863//5
f 1730//6 1777//6 1775//6 1727//6
f 1925//6 2009//6 2007//6 1922//6
f 1940//6 2013//6 2011//6 1936//6
f 1936//6 2011//6 2009//6 1925//6
f 1650//1 1696//1 1698//1 1652//1
f 1660//1 1707//1 1709//1 1662//1
f 1652//1 1698//1 1707//1 1660//1
f 1685//1 1717//1 1719//1 1687//1
f 1693//1 1725//1 1727//1 1695//1
f 1687//1 1719//1 1725//1 1693//1
f 1662//1 1709//1 1717//1 1685//1
f 1755//1 1775//1 1776//1 1757//1
f 1776//3 1778//3 1758//3 1757//3
f 1826//5 1896//5 1894//5 1824//5
f 1834//5 1907//5 1905//5 1832//5
f 1832//5 1905//5 1896//5 1826//5
f 1873//5 1931//5 1929//5 1871//5
f 1881//5 1940//5 1938//5 1879//5
f 1879//5 1938//5 1931//5 1873//5
f 1871//5 1929//5 1907//5 1834//5
f 2008//3 2010//3 1965//3 1964//3
f 1984//5 2014//5 2013//5 1982//5
f 2012//3 2014//3 1984//3 1980//3
f 2010//3 2012//3 1980//3 1965//3
f 1695//1 1727//1 1775//1 1755//1
f 1982//5 2013//5 1940//5 1881//5
f 1778//3 2008//3 1964//3 1758//3
f 1922//6 2007//6 1777//6 1730//6
f 1451//1 1452//1 1644//1 1643//1
f 1451//4 1643//4 1646//4 1454//4
f 1457//1 1458//1 1650//1 1649//1
f 1452//1 1457//1 1649//1 1644//1
f 1562//1 1563//1 1780//1 1779//1
f 1795//5 1796//5 1579//5 1578//5
f 1566//1 1567//1 1784//1 1783//1
f 1799//5 1800//5 1583//5 1582//5
f 1563//1 1566//1 1783//1 1780//1
f 1796//5 1799//5 1582//5 1579//5
f 1819//5 1820//5 1598//5 1597//5
f 1823//5 1824//5 1602//5 1601//5
f 1820//5 1823//5 1601//5 1598//5
f 1567//1 1586//1 1811//1 1784//1
f 1800//5 1819//5 1597//5 1583//5
f 1474//1 1475//1 1697//1 1696//1
f 1480//6 1704//6 1700//6 1478//6
f 1475//1 1478//1 1700//1 1697//1
f 1894//5 1895//5 1638//5 1637//5
f 1626//6 1885//6 1882//6 1624//6
f 1642//6 1901//6 1898//6 1640//6
f 1895//5 1901//5 1642//5 1638//5
f 1640//6 1898//6 1885//6 1626//6
f 1458//1 1474//1 1696//1 1650//1
f 1824//5 1894//5 1637//5 1602//5
f 1454//4 1646//4 1811//4 1586//4
f 1624//6 1882//6 1704//6 1480//6
f 2015//2 2017//2 2018//2 2016//2
f 2019//1 2020//1 2022//1 2021//1
f 2024//1 2025//1 2027//1 2026//1
f 2024//2 2028//2 2029//2 2025//2
f 2015//1 2016//1 2020//1 2019//1
f 2018//6 2023//6 2020//6 2016//6
f 2020//1 2024//1 2026//1 2022//1
f 2020//2 2023//2 2028//2 2024//2
f 2031//2 2034//2 2035//2 2032//2
f 2033//6 2034//6 2031//6 2030//6
f 2032//2 2035//2 2037//2 2036//2
f 2038//1 2039//1 2041//1 2040//1
f 2042//1 2043//1 2045//1 2044//1
f 2046//1 2047//1 2049//1 2048//1
f 2050//1 2051//1 2053//1 2052//1
f 2040//1 2041//1 2047//1 2046//1
f 2044//1 2045//1 2051//1 2050//1
f 2039//1 2042//1 2044//1 2041//1
f 2047//1 2050//1 2052//1 2049//1
f 2041//1 2044//1 2050//1 2047//1
f 2054//1 2055//1 2057//1 2056//1
f 2060//6 2061//6 2059//6 2058//6
f 2062//1 2063//1 2065//1 2064//1
f 2066//1 2067//1 2069//1 2068//1
f 2066//2 2070//2 2071//2 2067//2
f 2071//6 2072//6 2069//6 2067//6
f 2056//1 2057//1 2063//1 2062//1
f 2061//6 2070//6 2066//6 2059//6
f 2055//1 2058//1 2059//1 2057//1
f 2063//1 2066//1 2068//1 2065//1
f 2057//1 2059//1 2066//1 2063//1
f 2021//1 2022//1 2039//1 2038//1
f 2026//1 2027//1 2043//1 2042//1
f 2022//1 2026//1 2042//1 2039//1
f 2031//1 2032//1 2055//1 2054//1
f 2037//6 2060//6 2058//6 2036//6
f 2032//1 2036//1 2058//1 2055//1
f 2025//1 2030//1 2031//1 2027//1
f 2025//2 2029//2 2033//2 2030//2
f 2043//1 2054//1 2056//1 2045//1
f 2051//1 2062//1 2064//1 2053//1
f 2045//1 2056//1 2062//1 2051//1
f 2027//1 2031//1 2054//1 2043//1
f 2073//2 2075//2 2076//2 2074//2
f 2079//2 2081//2 2082//2 2080//2
f 2087//5 2088//5 2086//5 2085//5
f 2091//5 2092//5 2090//5 2089//5
f 2075//2 2083//2 2084//2 2076//2
f 2081//2 2089//2 2090//2 2082//2
f 2076//6 2078//6 2077//6 2074//6
f 2085//5 2086//5 2084//5 2083//5
f 2077//2 2078//2 2081//2 2079//2
f 2088//5 2091//5 2089//5 2086//5
f 2078//2 2086//2 2089//2 2081//2
f 2084//6 2086//6 2078//6 2076//6
f 2094//2 2097//2 2098//2 2095//2
f 2096//6 2097//6 2094//6 2093//6
f 2097//2 2102//2 2103//2 2098//2
f 2101//6 2102//6 2097//6 2096//6
f 2095//2 2098//2 2100//2 2099//2
f 2098//2 2103//2 2104//2 2100//2
f 2107//5 2108//5 2106//5 2105//5
f 2111//5 2112//5 2110//5 2109//5
f 2115//5 2116//5 2114//5 2113//5
f 2119//5 2120//5 2118//5 2117//5
f 2113//5 2114//5 2108//5 2107//5
f 2117//5 2118//5 2112//5 2111//5
f 2108//5 2111//5 2109//5 2106//5
f 2116//5 2119//5 2117//5 2114//5
f 2114//5 2117//5 2111//5 2108//5
f 2123//6 2124//6 2122//6 2121//6
f 2125//2 2128//2 2129//2 2126//2
f 2129//6 2130//6 2127//6 2126//6
f 2133//5 2134//5 2132//5 2131//5
f 2139//5 2140//5 2138//5 2137//5
f 2143//5 2144//5 2142//5 2141//5
f 2135//6 2136//6 2124//6 2123//6
f 2128//2 2141//2 2142//2 2129//2
f 2142//6 2144//6 2130//6 2129//6
f 2137//5 2138//5 2134//5 2133//5
f 2124//6 2128//6 2125//6 2122//6
f 2134//5 2136//5 2135//5 2132//5
f 2140//5 2143//5 2141//5 2138//5
f 2138//5 2141//5 2136//5 2134//5
f 2136//6 2141//6 2128//6 2124//6
f 2147//1 2148//1 2150//1 2149//1
f 2151//1 2152//1 2154//1 2153//1
f 2145//1 2146//1 2148//1 2147//1
f 2148//1 2151//1 2153//1 2150//1
f 2159//1 2160//1 2162//1 2161//1
f 2163//1 2164//1 2166//1 2165//1
f 2167//1 2168//1 2170//1 2169//1
f 2171//1 2172//1 2174//1 2173//1
f 2161//1 2162//1 2168//1 2167//1
f 2165//1 2166//1 2172//1 2171//1
f 2160//1 2163//1 2165//1 2162//1
f 2168//1 2171//1 2173//1 2170//1
f 2162//1 2165//1 2171//1 2168//1
f 2175//1 2176//1 2178//1 2177//1
f 2181//1 2182//1 2184//1 2183//1
f 2185//1 2186//1 2188//1 2187//1
f 2177//1 2178//1 2182//1 2181//1
f 2176//1 2179//1 2180//1 2178//1
f 2182//1 2185//1 2187//1 2184//1
f 2178//1 2180//1 2185//1 2182//1
f 2105//5 2106//5 2088//5 2087//5
f 2109//5 2110//5 2092//5 2091//5
f 2106//5 2109//5 2091//5 2088//5
f 2149//1 2150//1 2160//1 2159//1
f 2153//1 2154//1 2164//1 2163//1
f 2150//1 2153//1 2163//1 2160//1
f 2131//5 2132//5 2103//5 2102//5
f 2100//6 2123//6 2121//6 2099//6
f 2132//5 2135//5 2104//5 2103//5
f 2104//6 2135//6 2123//6 2100//6
f 2156//1 2157//1 2176//1 2175//1
f 2157//1 2158//1 2179//1 2176//1
f 2080//2 2082//2 2096//2 2093//2
f 2092//5 2102//5 2101//5 2090//5
f 2082//2 2090//2 2101//2 2096//2
f 2112//5 2133//5 2131//5 2110//5
f 2120//5 2139//5 2137//5 2118//5
f 2118//5 2137//5 2133//5 2112//5
f 2152//1 2155//1 2156//1 2154//1
f 2164//1 2175//1 2177//1 2166//1
f 2172//1 2181//1 2183//1 2174//1
f 2166//1 2177//1 2181//1 2172//1
f 2110//5 2131//5 2102//5 2092//5
f 2154//1 2156//1 2175//1 2164//1
f 2017//2 2073//2 2074//2 2018//2
f 2028//2 2079//2 2080//2 2029//2
f 2023//2 2077//2 2079//2 2028//2
f 2074//6 2077//6 2023//6 2018//6
f 2034//2 2094//2 2095//2 2035//2
f 2093//6 2094//6 2034//6 2033//6
f 2035//2 2095//2 2099//2 2037//2
f 2121//6 2122//6 2061//6 2060//6
f 2070//2 2125//2 2126//2 2071//2
f 2126//6 2127//6 2072//6 2071//6
f 2122//6 2125//6 2070//6 2061//6
f 2029//2 2080//2 2093//2 2033//2
f 2099//6 2121//6 2060//6 2037//6
f 2189//1 2190//1 2192//1 2191//1
f 2193//1 2194//1 2196//1 2195//1
f 2197//1 2198//1 2200//1 2199//1
f 2201//1 2202//1 2204//1 2203//1
f 2191//1 2192//1 2198//1 2197//1
f 2195//1 2196//1 2202//1 2201//1
f 2190//1 2193//1 2195//1 2192//1
f 2198//1 2201//1 2203//1 2200//1
f 2192//1 2195//1 2201//1 2198//1
f 2205//1 2206//1 2208//1 2207//1
f 2209//1 2210//1 2212//1 2211//1
f 2214//1 2215//1 2217//1 2216//1
f 2218//1 2219//1 2221//1 2220//1
f 2222//6 2223//6 2221//6 2219//6
f 2207//1 2208//1 2215//1 2214//1
f 2211//1 2212//1 2219//1 2218//1
f 2206//1 2209//1 2211//1 2208//1
f 2215//1 2218//1 2220//1 2217//1
f 2208//1 2211//1 2218//1 2215//1
f 2224//1 2225//1 2227//1 2226//1
f 2228//1 2229//1 2231//1 2230//1
f 2232//1 2233//1 2235//1 2234//1
f 2236//1 2237//1 2239//1 2238//1
f 2226//1 2227//1 2233//1 2232//1
f 2230//1 2231//1 2237//1 2236//1
f 2225//1 2228//1 2230//1 2227//1
f 2233//1 2236//1 2238//1 2235//1
f 2227//1 2230//1 2236//1 2233//1
f 2240//1 2241//1 2243//1 2242//1
f 2244//1 2245//1 2247//1 2246//1
f 2247//3 2250//3 2249//3 2246//3
f 2248//6 2250//6 2247//6 2245//6
f 2251//1 2252//1 2254//1 2253//1
f 2254//3 2256//3 2255//3 2253//3
f 2259//6 2260//6 2258//6 2257//6
f 2242//1 2243//1 2252//1 2251//1
f 2249//6 2259//6 2257//6 2246//6
f 2241//1 2244//1 2246//1 2243//1
f 2252//1 2257//1 2258//1 2254//1
f 2258//3 2260//3 2256//3 2254//3
f 2243//1 2246//1 2257//1 2252//1
f 2199//1 2200//1 2225//1 2224//1
f 2203//1 2204//1 2229//1 2228//1
f 2200//1 2203//1 2228//1 2225//1
f 2216//1 2217//1 2241//1 2240//1
f 2220//1 2221//1 2245//1 2244//1
f 2223//6 2248//6 2245//6 2221//6
f 2217//1 2220//1 2244//1 2241//1
f 2194//1 2205//1 2207//1 2196//1
f 2202//1 2214//1 2216//1 2204//1
f 2196//1 2207//1 2214//1 2202//1
f 2229//1 2240//1 2242//1 2231//1
f 2237//1 2251//1 2253//1 2239//1
f 2231//1 2242//1 2251//1 2237//1
f 2204//1 2216//1 2240//1 2229//1
f 2263//6 2264//6 2262//6 2261//6
f 2264//6 2266//6 2265//6 2262//6
f 2267//1 2268//1 2270//1 2269//1
f 2270//3 2272//3 2271//3 2269//3
f 2274//3 2277//3 2276//3 2273//3
f 2276//6 2278//6 2275//6 2273//6
f 2271//6 2280//6 2279//6 2269//6
f 2268//1 2273//1 2275//1 2270//1
f 2275//3 2278//3 2272//3 2270//3
f 2281//3 2282//3 2277//3 2274//3
f 2285//5 2286//5 2284//5 2283//5
f 2289//5 2290//5 2288//5 2287//5
f 2293//5 2294//5 2292//5 2291//5
f 2297//5 2298//5 2296//5 2295//5
f 2291//5 2292//5 2286//5 2285//5
f 2295//5 2296//5 2290//5 2289//5
f 2286//5 2289//5 2287//5 2284//5
f 2294//5 2297//5 2295//5 2292//5
f 2292//5 2295//5 2289//5 2286//5
f 2303//6 2304//6 2302//6 2301//6
f 2307//5 2308//5 2306//5 2305//5
f 2311//5 2312//5 2310//5 2309//5
f 2315//5 2316//5 2314//5 2313//5
f 2319//5 2320//5 2318//5 2317//5
f 2318//6 2320//6 2304//6 2303//6
f 2313//5 2314//5 2308//5 2307//5
f 2317//5 2318//5 2312//5 2311//5
f 2308//5 2311//5 2309//5 2306//5
f 2316//5 2319//5 2317//5 2314//5
f 2314//5 2317//5 2311//5 2308//5
f 2323//5 2324//5 2322//5 2321//5
f 2327//5 2328//5 2326//5 2325//5
f 2331//5 2332//5 2330//5 2329//5
f 2335//5 2336//5 2334//5 2333//5
f 2329//5 2330//5 2324//5 2323//5
f 2333//5 2334//5 2328//5 2327//5
f 2324//5 2327//5 2325//5 2322//5
f 2332//5 2335//5 2333//5 2330//5
f 2330//5 2333//5 2327//5 2324//5
f 2339//3 2342//3 2341//3 2338//3
f 2340//6 2342//6 2339//6 2337//6
f 2344//3 2346//3 2345//3 2343//3
f 2349//6 2350//6 2348//6 2347//6
f 2353//5 2354//5 2352//5 2351//5
f 2357//5 2358//5 2356//5 2355//5
f 2361//5 2362//5 2360//5 2359//5
f 2342//3 2358//3 2357//3 2341//3
f 2356//6 2358//6 2342//6 2340//6
f 2346//3 2362//3 2361//3 2345//3
f 2363//6 2364//6 2350//6 2349//6
f 2359//5 2360//5 2354//5 2353//5
f 2341//6 2349//6 2347//6 2338//6
f 2348//3 2350//3 2346//3 2344//3
f 2354//5 2357//5 2355//5 2352//5
f 2362//5 2364//5 2363//5 2360//5
f 2360//5 2363//5 2357//5 2354//5
f 2350//3 2364//3 2362//3 2346//3
f 2357//6 2363//6 2349//6 2341//6
f 2365//1 2366//1 2368//1 2367//1
f 2369//1 2370//1 2372//1 2371//1
f 2373//1 2374//1 2376//1 2375//1
f 2377//1 2378//1 2380//1 2379//1
f 2367//1 2368//1 2374//1 2373//1
f 2371//1 2372//1 2378//1 2377//1
f 2366//1 2369//1 2371//1 2368//1
f 2374//1 2377//1 2379//1 2376//1
f 2368//1 2371//1 2377//1 2374//1
f 2381//1 2382//1 2384//1 2383//1
f 2385//1 2386//1 2388//1 2387//1
f 2389//1 2390//1 2392//1 2391//1
f 2393//1 2394//1 2396//1 2395//1
f 2383//1 2384//1 2390//1 2389//1
f 2387//1 2388//1 2394//1 2393//1
f 2382//1 2385//1 2387//1 2384//1
f 2390//1 2393//1 2395//1 2392//1
f 2384//1 2387//1 2393//1 2390//1
f 2397//1 2398//1 2400//1 2399//1
f 2401//1 2402//1 2404//1 2403//1
f 2405//1 2406//1 2408//1 2407//1
f 2409//1 2410//1 2412//1 2411//1
f 2399//1 2400//1 2406//1 2405//1
f 2403//1 2404//1 2410//1 2409//1
f 2398//1 2401//1 2403//1 2400//1
f 2406//1 2409//1 2411//1 2408//1
f 2400//1 2403//1 2409//1 2406//1
f 2413//1 2414//1 2416//1 2415//1
f 2417//1 2418//1 2420//1 2419//1
f 2421//1 2422//1 2424//1 2423//1
f 2415//1 2416//1 2422//1 2421//1
f 2414//1 2417//1 2419//1 2416//1
f 2422//1 2425//1 2426//1 2424//1
f 2416//1 2419//1 2425//1 2422//1
f 2321//5 2322//5 2294//5 2293//5
f 2325//5 2326//5 2298//5 2297//5
f 2322//5 2325//5 2297//5 2294//5
f 2375//1 2376//1 2398//1 2397//1
f 2379//1 2380//1 2402//1 2401//1
f 2376//1 2379//1 2401//1 2398//1
f 2351//5 2352//5 2316//5 2315//5
f 2304//6 2340//6 2337//6 2302//6
f 2355//5 2356//5 2320//5 2319//5
f 2352//5 2355//5 2319//5 2316//5
f 2320//6 2356//6 2340//6 2304//6
f 2391//1 2392//1 2414//1 2413//1
f 2395//1 2396//1 2418//1 2417//1
f 2392//1 2395//1 2417//1 2414//1
f 2290//5 2307//5 2305//5 2288//5
f 2298//5 2315//5 2313//5 2296//5
f 2296//5 2313//5 2307//5 2290//5
f 2328//5 2353//5 2351//5 2326//5
f 2336//5 2361//5 2359//5 2334//5
f 2334//5 2359//5 2353//5 2328//5
f 2370//1 2381//1 2383//1 2372//1
f 2378//1 2389//1 2391//1 2380//1
f 2372//1 2383//1 2389//1 2378//1
f 2402//1 2413//1 2415//1 2404//1
f 2410//1 2421//1 2423//1 2412//1
f 2404//1 2415//1 2421//1 2410//1
f 2326//5 2351//5 2315//5 2298//5
f 2380//1 2391//1 2413//1 2402//1
f 2429//6 2430//6 2428//6 2427//6
f 2433//6 2434//6 2430//6 2429//6
f 2430//6 2432//6 2431//6 2428//6
f 2434//6 2435//6 2432//6 2430//6
f 2440//3 2442//3 2441//3 2439//3
f 2444//3 2447//3 2446//3 2443//3
f 2446//6 2448//6 2445//6 2443//6
f 2453//5 2454//5 2452//5 2451//5
f 2442//3 2454//3 2453//3 2441//3
f 2447//3 2456//3 2455//3 2446//3
f 2455//6 2457//6 2448//6 2446//6
f 2441//6 2450//6 2449//6 2439//6
f 2445//3 2448//3 2442//3 2440//3
f 2454//5 2457//5 2455//5 2452//5
f 2448//3 2457//3 2454//3 2442//3
f 2453//6 2458//6 2450//6 2441//6
f 2462//1 2463//1 2465//1 2464//1
f 2463//1 2466//1 2468//1 2465//1
f 2459//3 2460//3 2447//3 2444//3
f 2460//3 2461//3 2456//3 2447//3
f 2301//6 2302//6 2223//6 2222//6
f 2250//3 2339//3 2338//3 2249//3
f 2337//6 2339//6 2250//6 2248//6
f 2256//3 2344//3 2343//3 2255//3
f 2347//6 2348//6 2260//6 2259//6
f 2260//3 2348//3 2344//3 2256//3
f 2338//6 2347//6 2259//6 2249//6
f 2302//6 2337//6 2248//6 2223//6
f 2427//6 2428//6 2264//6 2263//6
f 2428//6 2431//6 2266//6 2264//6
f 2272//3 2440//3 2439//3 2271//3
f 2277//3 2444//3 2443//3 2276//3
f 2443//6 2445//6 2278//6 2276//6
f 2278//3 2445//3 2440//3 2272//3
f 2439//6 2449//6 2280//6 2271//6
f 2282//3 2459//3 2444//3 2277//3
f 2234//1 2235//1 2268//1 2267//1
f 2238//1 2239//1 2274//1 2273//1
f 2235//1 2238//1 2273//1 2268//1
f 2255//6 2282//6 2281//6 2253//6
f 2239//1 2253//1 2281//1 2274//1
f 2451//5 2452//5 2332//5 2331//5
f 2455//5 2456//5 2336//5 2335//5
f 2452//5 2455//5 2335//5 2332//5
f 2407//1 2408//1 2463//1 2462//1
f 2411//1 2412//1 2467//1 2466//1
f 2408//1 2411//1 2466//1 2463//1
f 2345//6 2460//6 2459//6 2343//6
f 2361//6 2461//6 2460//6 2345//6
f 2456//5 2461//5 2361//5 2336//5
f 2412//1 2423//1 2470//1 2467//1
f 2210//1 2261//1 2262//1 2212//1
f 2210//2 2213//2 2263//2 2261//2
f 2265//3 2266//3 2222//3 2219//3
f 2212//1 2262//1 2265//1 2219//1
f 2299//2 2300//2 2429//2 2427//2
f 2431//3 2432//3 2303//3 2301//3
f 2312//5 2434//5 2433//5 2310//5
f 2318//5 2435//5 2434//5 2312//5
f 2300//2 2310//2 2433//2 2429//2
f 2432//3 2435//3 2318//3 2303//3
f 2386//1 2436//1 2437//1 2388//1
f 2388//1 2437//1 2438//1 2394//1
f 2213//2 2299//2 2427//2 2263//2
f 2266//3 2431//3 2301//3 2222//3
f 2343//6 2459//6 2282//6 2255//6
f 2048//1 2049//1 2190//1 2189//1
f 2052//1 2053//1 2194//1 2193//1
f 2049//1 2052//1 2193//1 2190//1
f 2064//1 2065//1 2206//1 2205//1
f 2068//1 2069//1 2210//1 2209//1
f 2072//6 2213//6 2210//6 2069//6
f 2065//1 2068//1 2209//1 2206//1
f 2053//1 2064//1 2205//1 2194//1
f 2283//5 2284//5 2116//5 2115//5
f 2287//5 2288//5 2120//5 2119//5
f 2284//5 2287//5 2119//5 2116//5
f 2169//1 2170//1 2366//1 2365//1
f 2173//1 2174//1 2370//1 2369//1
f 2170//1 2173//1 2369//1 2366//1
f 2305//5 2306//5 2140//5 2139//5
f 2130//6 2300//6 2299//6 2127//6
f 2309//5 2310//5 2144//5 2143//5
f 2306//5 2309//5 2143//5 2140//5
f 2144//6 2310//6 2300//6 2130//6
f 2183//1 2184//1 2382//1 2381//1
f 2187//1 2188//1 2386//1 2385//1
f 2184//1 2187//1 2385//1 2382//1
f 2288//5 2305//5 2139//5 2120//5
f 2174//1 2183//1 2381//1 2370//1
f 2127//6 2299//6 2213//6 2072//6
f 2479//5 2480//5 2478//5 2477//5
f 2474//2 2477//2 2478//2 2475//2
f 2474//4 2476//4 2479//4 2477//4
f 2479//2 2482//2 2483//2 2480//2
f 2478//4 2480//4 2483//4 2481//4
f 2474//5 2475//5 2472//5 2471//5
f 2472//4 2475//4 2478//4 2473//4
f 2488//1 2489//1 2491//1 2490//1
f 2486//3 2489//3 2488//3 2485//3
f 2486//4 2487//4 2491//4 2489//4
f 2500//5 2501//5 2499//5 2498//5
f 2494//2 2498//2 2499//2 2495//2
f 2494//4 2496//4 2500//4 2498//4
f 2502//1 2503//1 2505//1 2504//1
f 2502//4 2504//4 2507//4 2506//4
f 2491//3 2497//3 2496//3 2490//3
f 2488//4 2490//4 2496//4 2494//4
f 2492//4 2493//4 2505//4 2503//4
f 2496//1 2497//1 2503//1 2502//1
f 2496//4 2502//4 2506//4 2500//4
f 2491//4 2492//4 2503//4 2497//4
f 2513//5 2514//5 2512//5 2511//5
f 2511//5 2512//5 2510//5 2509//5
f 2500//2 2509//2 2510//2 2501//2
f 2499//4 2501//4 2510//4 2508//4
f 2506//4 2507//4 2513//4 2511//4
f 2500//4 2506//4 2511//4 2509//4
f 2476//4 2485//4 2488//4 2479//4
f 2494//5 2495//5 2483//5 2482//5
f 2483//4 2495//4 2499//4 2484//4
f 2479//4 2488//4 2494//4 2482//4
f 2519//1 2520//1 2522//1 2521//1
f 2517//3 2520//3 2519//3 2516//3
f 2517//4 2518//4 2522//4 2520//4
f 2523//1 2524//1 2526//1 2525//1
f 2521//1 2522//1 2524//1 2523//1
f 2533//5 2534//5 2532//5 2531//5
f 2528//2 2531//2 2532//2 2529//2
f 2528//4 2530//4 2533//4 2531//4
f 2540//5 2541//5 2539//5 2538//5
f 2535//4 2536//4 2540//4 2538//4
f 2540//2 2543//2 2544//2 2541//2
f 2539//4 2541//4 2544//4 2542//4
f 2538//5 2539//5 2534//5 2533//5
f 2530//4 2535//4 2538//4 2533//4
f 2545//1 2546//1 2548//1 2547//1
f 2548//3 2551//3 2550//3 2547//3
f 2545//4 2547//4 2550//4 2549//4
f 2554//1 2555//1 2557//1 2556//1
f 2552//4 2553//4 2557//4 2555//4
f 2560//5 2561//5 2559//5 2558//5
f 2559//4 2561//4 2563//4 2562//4
f 2569//5 2570//5 2568//5 2567//5
f 2564//2 2567//2 2568//2 2565//2
f 2564//4 2566//4 2569//4 2567//4
f 2549//4 2550//4 2560//4 2558//4
f 2554//4 2556//4 2566//4 2564//4
f 2550//1 2551//1 2555//1 2554//1
f 2548//4 2552//4 2555//4 2551//4
f 2564//5 2565//5 2561//5 2560//5
f 2561//4 2565//4 2568//4 2563//4
f 2550//4 2554//4 2564//4 2560//4
f 2519//4 2521//4 2530//4 2528//4
f 2526//3 2537//3 2536//3 2525//3
f 2523//4 2525//4 2536//4 2535//4
f 2521//4 2523//4 2535//4 2530//4
f 2536//1 2537//1 2546//1 2545//1
f 2536//4 2545//4 2549//4 2540//4
f 2558//5 2559//5 2544//5 2543//5
f 2540//4 2549//4 2558//4 2543//4
f 2526//4 2527//4 2546//4 2537//4
f 2571//1 2572//1 2574//1 2573//1
f 2582//5 2583//5 2581//5 2580//5
f 2577//4 2578//4 2582//4 2580//4
f 2584//1 2585//1 2587//1 2586//1
f 2584//4 2586//4 2590//4 2588//4
f 2574//3 2579//3 2578//3 2573//3
f 2571//4 2573//4 2578//4 2577//4
f 2575//4 2576//4 2587//4 2585//4
f 2578//1 2579//1 2585//1 2584//1
f 2588//5 2589//5 2583//5 2582//5
f 2578//4 2584//4 2588//4 2582//4
f 2574//4 2575//4 2585//4 2579//4
f 2593//1 2594//1 2596//1 2595//1
f 2593//4 2595//4 2598//4 2597//4
f 2599//1 2600//1 2602//1 2601//1
f 2599//4 2601//4 2604//4 2603//4
f 2591//4 2592//4 2596//4 2594//4
f 2595//1 2596//1 2600//1 2599//1
f 2595//4 2599//4 2603//4 2598//4
f 2586//1 2587//1 2594//1 2593//1
f 2586//4 2593//4 2597//4 2590//4
f 2576//4 2591//4 2594//4 2587//4
f 2610//5 2611//5 2609//5 2608//5
f 2614//5 2615//5 2613//5 2612//5
f 2618//5 2619//5 2617//5 2616//5
f 2616//5 2617//5 2615//5 2614//5
f 2612//5 2613//5 2611//5 2610//5
f 2581//4 2583//4 2607//4 2606//4
f 2588//2 2608//2 2609//2 2589//2
f 2588//4 2590//4 2610//4 2608//4
f 2583//4 2589//4 2609//4 2607//4
f 2597//4 2598//4 2614//4 2612//4
f 2603//4 2604//4 2618//4 2616//4
f 2598//4 2603//4 2616//4 2614//4
f 2590//4 2597//4 2612//4 2610//4
f 2556//1 2557//1 2572//1 2571//1
f 2580//5 2581//5 2570//5 2569//5
f 2566//4 2577//4 2580//4 2569//4
f 2556//4 2571//4 2577//4 2566//4
f 2570//4 2581//4 2606//4 2605//4
f 2504//1 2505//1 2517//1 2516//1
f 2504//4 2516//4 2519//4 2507//4
f 2528//5 2529//5 2514//5 2513//5
f 2514//4 2529//4 2532//4 2515//4
f 2507//4 2519//4 2528//4 2513//4
f 2628//5 2629//5 2627//5 2626//5
f 2623//2 2626//2 2627//2 2624//2
f 2627//6 2629//6 2625//6 2624//6
f 2628//2 2631//2 2632//2 2629//2
f 2630//6 2631//6 2628//6 2626//6
f 2623//5 2624//5 2621//5 2620//5
f 2622//6 2626//6 2623//6 2620//6
f 2637//1 2638//1 2640//1 2639//1
f 2635//3 2638//3 2637//3 2634//3
f 2637//6 2639//6 2636//6 2634//6
f 2649//5 2650//5 2648//5 2647//5
f 2643//2 2647//2 2648//2 2644//2
f 2648//6 2650//6 2646//6 2644//6
f 2651//1 2652//1 2654//1 2653//1
f 2655//6 2656//6 2654//6 2652//6
f 2640//3 2646//3 2645//3 2639//3
f 2644//6 2646//6 2640//6 2638//6
f 2651//6 2653//6 2642//6 2641//6
f 2645//1 2646//1 2652//1 2651//1
f 2650//6 2655//6 2652//6 2646//6
f 2645//6 2651//6 2641//6 2639//6
f 2662//5 2663//5 2661//5 2660//5
f 2660//5 2661//5 2659//5 2658//5
f 2649//2 2658//2 2659//2 2650//2
f 2657//6 2658//6 2649//6 2647//6
f 2661//6 2663//6 2656//6 2655//6
f 2659//6 2661//6 2655//6 2650//6
f 2629//6 2638//6 2635//6 2625//6
f 2643//5 2644//5 2632//5 2631//5
f 2633//6 2647//6 2643//6 2631//6
f 2632//6 2644//6 2638//6 2629//6
f 2668//1 2669//1 2671//1 2670//1
f 2666//3 2669//3 2668//3 2665//3
f 2668//6 2670//6 2667//6 2665//6
f 2672//1 2673//1 2675//1 2674//1
f 2670//1 2671//1 2673//1 2672//1
f 2682//5 2683//5 2681//5 2680//5
f 2677//2 2680//2 2681//2 2678//2
f 2681//6 2683//6 2679//6 2678//6
f 2689//5 2690//5 2688//5 2687//5
f 2688//6 2690//6 2686//6 2684//6
f 2689//2 2692//2 2693//2 2690//2
f 2691//6 2692//6 2689//6 2687//6
f 2687//5 2688//5 2683//5 2682//5
f 2683//6 2688//6 2684//6 2679//6
f 2694//1 2695//1 2697//1 2696//1
f 2697//3 2700//3 2699//3 2696//3
f 2698//6 2700//6 2697//6 2695//6
f 2703//1 2704//1 2706//1 2705//1
f 2703//6 2705//6 2702//6 2701//6
f 2709//5 2710//5 2708//5 2707//5
f 2711//6 2712//6 2709//6 2707//6
f 2718//5 2719//5 2717//5 2716//5
f 2713//2 2716//2 2717//2 2714//2
f 2717//6 2719//6 2715//6 2714//6
f 2708//6 2710//6 2700//6 2698//6
f 2714//6 2715//6 2706//6 2704//6
f 2699//1 2700//1 2704//1 2703//1
f 2699//6 2703//6 2701//6 2696//6
f 2713//5 2714//5 2710//5 2709//5
f 2712//6 2716//6 2713//6 2709//6
f 2710//6 2714//6 2704//6 2700//6
f 2678//6 2679//6 2671//6 2669//6
f 2675//3 2686//3 2685//3 2674//3
f 2684//6 2686//6 2675//6 2673//6
f 2679//6 2684//6 2673//6 2671//6
f 2685//1 2686//1 2695//1 2694//1
f 2690//6 2698//6 2695//6 2686//6
f 2707//5 2708//5 2693//5 2692//5
f 2693//6 2708//6 2698//6 2690//6
f 2685//6 2694//6 2676//6 2674//6
f 2720//1 2721//1 2723//1 2722//1
f 2731//5 2732//5 2730//5 2729//5
f 2730//6 2732//6 2728//6 2726//6
f 2733//1 2734//1 2736//1 2735//1
f 2738//6 2739//6 2736//6 2734//6
f 2723//3 2728//3 2727//3 2722//3
f 2726//6 2728//6 2723//6 2721//6
f 2733//6 2735//6 2725//6 2724//6
f 2727//1 2728//1 2734//1 2733//1
f 2737//5 2738//5 2732//5 2731//5
f 2732//6 2738//6 2734//6 2728//6
f 2727//6 2733//6 2724//6 2722//6
f 2742//1 2743//1 2745//1 2744//1
f 2746//6 2747//6 2745//6 2743//6
f 2748//1 2749//1 2751//1 2750//1
f 2752//6 2753//6 2751//6 2749//6
f 2742//6 2744//6 2741//6 2740//6
f 2744//1 2745//1 2749//1 2748//1
f 2747//6 2752//6 2749//6 2745//6
f 2735//1 2736//1 2743//1 2742//1
f 2739//6 2746//6 2743//6 2736//6
f 2735//6 2742//6 2740//6 2725//6
f 2759//5 2760//5 2758//5 2757//5
f 2763//5 2764//5 2762//5 2761//5
f 2767//5 2768//5 2766//5 2765//5
f 2765//5 2766//5 2764//5 2763//5
f 2761//5 2762//5 2760//5 2759//5
f 2755//6 2756//6 2731//6 2729//6
f 2737//2 2757//2 2758//2 2738//2
f 2758//6 2760//6 2739//6 2738//6
f 2756//6 2757//6 2737//6 2731//6
f 2762//6 2764//6 2747//6 2746//6
f 2766//6 2768//6 2753//6 2752//6
f 2764//6 2766//6 2752//6 2747//6
f 2760//6 2762//6 2746//6 2739//6
f 2705//1 2706//1 2721//1 2720//1
f 2729//5 2730//5 2719//5 2718//5
f 2719//6 2730//6 2726//6 2715//6
f 2715//6 2726//6 2721//6 2706//6
f 2754//6 2755//6 2729//6 2718//6
f 2653//1 2654//1 2666//1 2665//1
f 2656//6 2669//6 2666//6 2654//6
f 2677//5 2678//5 2663//5 2662//5
f 2664//6 2680//6 2677//6 2662//6
f 2663//6 2678//6 2669//6 2656//6
f 2769//1 2770//1 2772//1 2771//1
f 2769//4 2771//4 2774//4 2773//4
f 2775//1 2776//1 2778//1 2777//1
f 2778//3 2781//3 2780//3 2777//3
f 2775//4 2777//4 2780//4 2779//4
f 2771//1 2772//1 2776//1 2775//1
f 2771//4 2775//4 2779//4 2774//4
f 2785//2 2788//2 2789//2 2786//2
f 2784//4 2786//4 2789//4 2787//4
f 2793//2 2796//2 2797//2 2794//2
f 2792//4 2794//4 2797//4 2795//4
f 2788//2 2793//2 2794//2 2789//2
f 2787//4 2789//4 2794//4 2792//4
f 2782//2 2783//2 2788//2 2785//2
f 2790//2 2791//2 2796//2 2793//2
f 2783//2 2790//2 2793//2 2788//2
f 2798//2 2800//2 2801//2 2799//2
f 2802//2 2804//2 2805//2 2803//2
f 2808//2 2810//2 2811//2 2809//2
f 2816//5 2817//5 2815//5 2814//5
f 2812//2 2814//2 2815//2 2813//2
f 2821//5 2822//5 2820//5 2819//5
f 2800//2 2808//2 2809//2 2801//2
f 2804//2 2812//2 2813//2 2805//2
f 2798//4 2806//4 2807//4 2800//4
f 2819//5 2820//5 2811//5 2810//5
f 2808//4 2818//4 2819//4 2810//4
f 2803//2 2805//2 2807//2 2806//2
f 2817//5 2821//5 2819//5 2815//5
f 2813//2 2815//2 2819//2 2818//2
f 2805//2 2813//2 2818//2 2807//2
f 2800//4 2807//4 2818//4 2808//4
f 2823//4 2824//4 2826//4 2825//4
f 2827//2 2830//2 2831//2 2828//2
f 2827//4 2829//4 2832//4 2830//4
f 2833//4 2834//4 2836//4 2835//4
f 2839//5 2840//5 2838//5 2837//5
f 2846//5 2847//5 2845//5 2844//5
f 2841//2 2844//2 2845//2 2842//2
f 2841//4 2843//4 2846//4 2844//4
f 2850//5 2851//5 2849//5 2848//5
f 2825//4 2826//4 2834//4 2833//4
f 2830//2 2841//2 2842//2 2831//2
f 2830//4 2832//4 2843//4 2841//4
f 2824//4 2828//4 2831//4 2826//4
f 2834//4 2842//4 2845//4 2836//4
f 2848//5 2849//5 2840//5 2839//5
f 2836//5 2839//5 2837//5 2835//5
f 2847//5 2850//5 2848//5 2845//5
f 2845//5 2848//5 2839//5 2836//5
f 2826//4 2831//4 2842//4 2834//4
f 2854//5 2855//5 2853//5 2852//5
f 2858//5 2859//5 2857//5 2856//5
f 2862//5 2863//5 2861//5 2860//5
f 2866//5 2867//5 2865//5 2864//5
f 2860//5 2861//5 2855//5 2854//5
f 2864//5 2865//5 2859//5 2858//5
f 2855//5 2858//5 2856//5 2853//5
f 2863//5 2866//5 2864//5 2861//5
f 2861//5 2864//5 2858//5 2855//5
f 2782//4 2823//4 2825//4 2783//4
f 2790//4 2833//4 2835//4 2791//4
f 2837//5 2838//5 2797//5 2796//5
f 2835//5 2837//5 2796//5 2791//5
f 2783//4 2825//4 2833//4 2790//4
f 2852//5 2853//5 2817//5 2816//5
f 2856//5 2857//5 2822//5 2821//5
f 2853//5 2856//5 2821//5 2817//5
f 2784//2 2787//2 2804//2 2802//2
f 2797//5 2816//5 2814//5 2795//5
f 2792//2 2795//2 2814//2 2812//2
f 2787//2 2792//2 2812//2 2804//2
f 2840//5 2854//5 2852//5 2838//5
f 2851//5 2862//5 2860//5 2849//5
f 2849//5 2860//5 2854//5 2840//5
f 2838//5 2852//5 2816//5 2797//5
f 2870//5 2871//5 2869//5 2868//5
f 2869//4 2871//4 2873//4 2872//4
f 2876//5 2877//5 2875//5 2874//5
f 2875//4 2877//4 2879//4 2878//4
f 2874//5 2875//5 2871//5 2870//5
f 2871//4 2875//4 2878//4 2873//4
f 2887//2 2890//2 2891//2 2888//2
f 2886//4 2888//4 2891//4 2889//4
f 2882//2 2887//2 2888//2 2883//2
f 2881//4 2883//4 2888//4 2886//4
f 2884//2 2885//2 2890//2 2887//2
f 2880//2 2884//2 2887//2 2882//2
f 2894//1 2895//1 2897//1 2896//1
f 2898//1 2899//1 2901//1 2900//1
f 2902//2 2904//2 2905//2 2903//2
f 2906//2 2908//2 2909//2 2907//2
f 2892//2 2902//2 2903//2 2893//2
f 2894//2 2906//2 2907//2 2895//2
f 2892//1 2893//1 2899//1 2898//1
f 2902//4 2910//4 2911//4 2904//4
f 2895//1 2898//1 2900//1 2897//1
f 2907//2 2909//2 2911//2 2910//2
f 2895//2 2907//2 2910//2 2898//2
f 2892//4 2898//4 2910//4 2902//4
f 2914//1 2915//1 2917//1 2916//1
f 2918//1 2919//1 2921//1 2920//1
f 2922//1 2923//1 2925//1 2924//1
f 2926//4 2927//4 2929//4 2928//4
f 2930//2 2933//2 2934//2 2931//2
f 2930//4 2932//4 2935//4 2933//4
f 2912//4 2913//4 2927//4 2926//4
f 2918//2 2930//2 2931//2 2919//2
f 2918//4 2920//4 2932//4 2930//4
f 2927//4 2931//4 2934//4 2929//4
f 2916//1 2917//1 2923//1 2922//1
f 2912//1 2914//1 2916//1 2913//1
f 2919//1 2922//1 2924//1 2921//1
f 2913//1 2916//1 2922//1 2919//1
f 2913//4 2919//4 2931//4 2927//4
f 2936//1 2937//1 2939//1 2938//1
f 2940//1 2941//1 2943//1 2942//1
f 2944//1 2945//1 2947//1 2946//1
f 2948//1 2949//1 2951//1 2950//1
f 2938//1 2939//1 2945//1 2944//1
f 2942//1 2943//1 2949//1 2948//1
f 2937//1 2940//1 2942//1 2939//1
f 2945//1 2948//1 2950//1 2947//1
f 2939//1 2942//1 2948//1 2945//1
f 2960//5 2961//5 2959//5 2958//5
f 2964//5 2965//5 2963//5 2962//5
f 2962//5 2963//5 2957//5 2956//5
f 2961//5 2964//5 2962//5 2959//5
f 2970//5 2971//5 2969//5 2968//5
f 2974//5 2975//5 2973//5 2972//5
f 2978//5 2979//5 2977//5 2976//5
f 2976//5 2977//5 2971//5 2970//5
f 2967//5 2970//5 2968//5 2966//5
f 2975//5 2978//5 2976//5 2973//5
f 2973//5 2976//5 2970//5 2967//5
f 2982//5 2983//5 2981//5 2980//5
f 2986//5 2987//5 2985//5 2984//5
f 2990//5 2991//5 2989//5 2988//5
f 2994//5 2995//5 2993//5 2992//5
f 2988//5 2989//5 2983//5 2982//5
f 2992//5 2993//5 2987//5 2986//5
f 2983//5 2986//5 2984//5 2981//5
f 2991//5 2994//5 2992//5 2989//5
f 2989//5 2992//5 2986//5 2983//5
f 2890//2 2954//2 2955//2 2891//2
f 2889//4 2891//4 2955//4 2953//4
f 2885//2 2952//2 2954//2 2890//2
f 2904//2 2956//2 2957//2 2905//2
f 2908//2 2958//2 2959//2 2909//2
f 2909//2 2959//2 2962//2 2911//2
f 2904//4 2911//4 2962//4 2956//4
f 2928//4 2929//4 2967//4 2966//4
f 2933//2 2972//2 2973//2 2934//2
f 2933//4 2935//4 2974//4 2972//4
f 2929//4 2934//4 2973//4 2967//4
f 2884//4 2926//4 2928//4 2885//4
f 2882//1 2883//1 2915//1 2914//1
f 2880//1 2882//1 2914//1 2912//1
f 2880//4 2912//4 2926//4 2884//4
f 2968//5 2969//5 2955//5 2954//5
f 2966//5 2968//5 2954//5 2952//5
f 2896//1 2897//1 2937//1 2936//1
f 2900//1 2901//1 2941//1 2940//1
f 2897//1 2900//1 2940//1 2937//1
f 2980//5 2981//5 2961//5 2960//5
f 2984//5 2985//5 2965//5 2964//5
f 2981//5 2984//5 2964//5 2961//5
f 2881//1 2894//1 2896//1 2883//1
f 2886//2 2889//2 2908//2 2906//2
f 2881//2 2886//2 2906//2 2894//2
f 2915//1 2936//1 2938//1 2917//1
f 2923//1 2944//1 2946//1 2925//1
f 2917//1 2938//1 2944//1 2923//1
f 2955//5 2960//5 2958//5 2953//5
f 2971//5 2982//5 2980//5 2969//5
f 2979//5 2990//5 2988//5 2977//5
f 2977//5 2988//5 2982//5 2971//5
f 2883//1 2896//1 2936//1 2915//1
f 2969//5 2980//5 2960//5 2955//5
f 2889//2 2953//2 2958//2 2908//2
f 2885//4 2928//4 2966//4 2952//4
f 2773//4 2774//4 2870//4 2868//4
f 2781//3 2877//3 2876//3 2780//3
f 2779//4 2780//4 2876//4 2874//4
f 2774//4 2779//4 2874//4 2870//4
f 2996//4 2997//4 2999//4 2998//4
f 3002//4 3003//4 3005//4 3004//4
f 2998//4 2999//4 3003//4 3002//4
f 2997//4 3000//4 3001//4 2999//4
f 3003//4 3006//4 3007//4 3005//4
f 2999//4 3001//4 3006//4 3003//4
f 3010//4 3011//4 3013//4 3012//4
f 3017//5 3018//5 3016//5 3015//5
f 3021//5 3022//5 3020//5 3019//5
f 3027//5 3028//5 3026//5 3025//5
f 3023//4 3024//4 3027//4 3025//4
f 3031//5 3032//5 3030//5 3029//5
f 3012//4 3013//4 3024//4 3023//4
f 3025//5 3026//5 3018//5 3017//5
f 3029//5 3030//5 3022//5 3021//5
f 3018//5 3021//5 3019//5 3016//5
f 3028//5 3031//5 3029//5 3026//5
f 3026//5 3029//5 3021//5 3018//5
f 3035//5 3036//5 3034//5 3033//5
f 3039//5 3040//5 3038//5 3037//5
f 3043//5 3044//5 3042//5 3041//5
f 3047//5 3048//5 3046//5 3045//5
f 3041//5 3042//5 3036//5 3035//5
f 3045//5 3046//5 3040//5 3039//5
f 3036//5 3039//5 3037//5 3034//5
f 3044//5 3047//5 3045//5 3042//5
f 3042//5 3045//5 3039//5 3036//5
f 3051//3 3054//3 3053//3 3050//3
f 3049//4 3050//4 3053//4 3052//4
f 3055//4 3056//4 3058//4 3057//4
f 3060//3 3062//3 3061//3 3059//3
f 3068//5 3069//5 3067//5 3066//5
f 3065//3 3069//3 3068//3 3064//3
f 3063//4 3064//4 3068//4 3066//4
f 3072//5 3073//5 3071//5 3070//5
f 3074//4 3075//4 3077//4 3076//4
f 3082//5 3083//5 3081//5 3080//5
f 3079//3 3083//3 3082//3 3078//3
f 3054//3 3065//3 3064//3 3053//3
f 3052//4 3053//4 3064//4 3063//4
f 3057//4 3058//4 3075//4 3074//4
f 3062//3 3079//3 3078//3 3061//3
f 3051//4 3055//4 3057//4 3054//4
f 3065//4 3074//4 3076//4 3069//4
f 3080//5 3081//5 3073//5 3072//5
f 3059//3 3061//3 3058//3 3056//3
f 3069//5 3072//5 3070//5 3067//5
f 3077//5 3082//5 3080//5 3076//5
f 3078//3 3082//3 3077//3 3075//3
f 3076//5 3080//5 3072//5 3069//5
f 3061//3 3078//3 3075//3 3058//3
f 3054//4 3057//4 3074//4 3065//4
f 3086//5 3087//5 3085//5 3084//5
f 3090//5 3091//5 3089//5 3088//5
f 3094//5 3095//5 3093//5 3092//5
f 3098//5 3099//5 3097//5 3096//5
f 3092//5 3093//5 3087//5 3086//5
f 3096//5 3097//5 3091//5 3090//5
f 3087//5 3090//5 3088//5 3085//5
f 3095//5 3098//5 3096//5 3093//5
f 3093//5 3096//5 3090//5 3087//5
f 3011//4 3049//4 3052//4 3013//4
f 3066//5 3067//5 3028//5 3027//5
f 3024//4 3063//4 3066//4 3027//4
f 3070//5 3071//5 3032//5 3031//5
f 3067//5 3070//5 3031//5 3028//5
f 3013//4 3052//4 3063//4 3024//4
f 3084//5 3085//5 3044//5 3043//5
f 3088//5 3089//5 3048//5 3047//5
f 3085//5 3088//5 3047//5 3044//5
f 3022//5 3035//5 3033//5 3020//5
f 3032//5 3043//5 3041//5 3030//5
f 3030//5 3041//5 3035//5 3022//5
f 3073//5 3086//5 3084//5 3071//5
f 3083//5 3094//5 3092//5 3081//5
f 3081//5 3092//5 3086//5 3073//5
f 3071//5 3084//5 3043//5 3032//5
f 3105//3 3108//3 3107//3 3104//3
f 3105//4 3106//4 3109//4 3108//4
f 3111//3 3113//3 3112//3 3110//3
f 3117//3 3120//3 3119//3 3116//3
f 3117//4 3118//4 3121//4 3120//4
f 3126//5 3127//5 3125//5 3124//5
f 3123//3 3127//3 3126//3 3122//3
f 3108//3 3117//3 3116//3 3107//3
f 3108//4 3109//4 3118//4 3117//4
f 3113//3 3123//3 3122//3 3112//3
f 3111//4 3114//4 3115//4 3113//4
f 3123//4 3128//4 3129//4 3127//4
f 3110//3 3112//3 3109//3 3106//3
f 3121//5 3126//5 3124//5 3120//5
f 3122//3 3126//3 3121//3 3118//3
f 3112//3 3122//3 3118//3 3109//3
f 3113//4 3115//4 3128//4 3123//4
f 3104//3 3107//3 3101//3 3100//3
f 3116//3 3119//3 3103//3 3102//3
f 3107//3 3116//3 3102//3 3101//3
f 3133//4 3134//4 3136//4 3135//4
f 3130//4 3131//4 3134//4 3133//4
f 3134//4 3137//4 3138//4 3136//4
f 3131//4 3132//4 3137//4 3134//4
f 3135//4 3136//4 3140//4 3139//4
f 3136//4 3138//4 3141//4 3140//4
f 3142//1 3143//1 3145//1 3144//1
f 3146//1 3147//1 3149//1 3148//1
f 3150//1 3151//1 3153//1 3152//1
f 3154//1 3155//1 3157//1 3156//1
f 3160//4 3161//4 3163//4 3162//4
f 3150//4 3152//4 3161//4 3160//4
f 3144//1 3145//1 3151//1 3150//1
f 3148//1 3149//1 3155//1 3154//1
f 3143//1 3146//1 3148//1 3145//1
f 3151//1 3154//1 3156//1 3153//1
f 3145//1 3148//1 3154//1 3151//1
f 3164//1 3165//1 3167//1 3166//1
f 3168//1 3169//1 3171//1 3170//1
f 3172//1 3173//1 3175//1 3174//1
f 3176//1 3177//1 3179//1 3178//1
f 3166//1 3167//1 3173//1 3172//1
f 3170//1 3171//1 3177//1 3176//1
f 3165//1 3168//1 3170//1 3167//1
f 3173//1 3176//1 3178//1 3175//1
f 3167//1 3170//1 3176//1 3173//1
f 3180//1 3181//1 3183//1 3182//1
f 3184//1 3185//1 3187//1 3186//1
f 3190//1 3191//1 3193//1 3192//1
f 3196//3 3199//3 3198//3 3195//3
f 3194//4 3195//4 3198//4 3197//4
f 3200//4 3201//4 3203//4 3202//4
f 3205//3 3207//3 3206//3 3204//3
f 3183//3 3196//3 3195//3 3182//3
f 3180//4 3182//4 3195//4 3194//4
f 3188//4 3189//4 3201//4 3200//4
f 3193//3 3205//3 3204//3 3192//3
f 3196//4 3200//4 3202//4 3199//4
f 3186//1 3187//1 3191//1 3190//1
f 3181//1 3184//1 3186//1 3183//1
f 3188//1 3190//1 3192//1 3189//1
f 3204//3 3206//3 3203//3 3201//3
f 3183//1 3186//1 3190//1 3188//1
f 3192//3 3204//3 3201//3 3189//3
f 3183//4 3188//4 3200//4 3196//4
f 3208//1 3209//1 3211//1 3210//1
f 3212//1 3213//1 3215//1 3214//1
f 3216//1 3217//1 3219//1 3218//1
f 3220//1 3221//1 3223//1 3222//1
f 3210//1 3211//1 3217//1 3216//1
f 3214//1 3215//1 3221//1 3220//1
f 3209//1 3212//1 3214//1 3211//1
f 3217//1 3220//1 3222//1 3219//1
f 3211//1 3214//1 3220//1 3217//1
f 3226//5 3227//5 3225//5 3224//5
f 3230//5 3231//5 3229//5 3228//5
f 3234//5 3235//5 3233//5 3232//5
f 3238//5 3239//5 3237//5 3236//5
f 3232//5 3233//5 3227//5 3226//5
f 3236//5 3237//5 3231//5 3230//5
f 3227//5 3230//5 3228//5 3225//5
f 3235//5 3238//5 3236//5 3233//5
f 3233//5 3236//5 3230//5 3227//5
f 3242//5 3243//5 3241//5 3240//5
f 3246//5 3247//5 3245//5 3244//5
f 3250//5 3251//5 3249//5 3248//5
f 3254//5 3255//5 3253//5 3252//5
f 3248//5 3249//5 3243//5 3242//5
f 3252//5 3253//5 3247//5 3246//5
f 3243//5 3246//5 3244//5 3241//5
f 3251//5 3254//5 3252//5 3249//5
f 3249//5 3252//5 3246//5 3243//5
f 3258//5 3259//5 3257//5 3256//5
f 3262//5 3263//5 3261//5 3260//5
f 3268//5 3269//5 3267//5 3266//5
f 3266//5 3267//5 3263//5 3262//5
f 3259//5 3262//5 3260//5 3257//5
f 3265//5 3268//5 3266//5 3264//5
f 3264//5 3266//5 3262//5 3259//5
f 3272//5 3273//5 3271//5 3270//5
f 3276//5 3277//5 3275//5 3274//5
f 3280//5 3281//5 3279//5 3278//5
f 3284//5 3285//5 3283//5 3282//5
f 3278//5 3279//5 3273//5 3272//5
f 3282//5 3283//5 3277//5 3276//5
f 3273//5 3276//5 3274//5 3271//5
f 3281//5 3284//5 3282//5 3279//5
f 3279//5 3282//5 3276//5 3273//5
f 3162//4 3163//4 3234//4 3232//4
f 3199//3 3259//3 3258//3 3198//3
f 3197//4 3198//4 3258//4 3256//4
f 3202//4 3203//4 3265//4 3264//4
f 3207//3 3269//3 3268//3 3206//3
f 3206//3 3268//3 3265//3 3203//3
f 3199//4 3202//4 3264//4 3259//4
f 3152//1 3153//1 3181//1 3180//1
f 3161//4 3194//4 3197//4 3163//4
f 3156//1 3157//1 3185//1 3184//1
f 3153//1 3156//1 3184//1 3181//1
f 3152//4 3180//4 3194//4 3161//4
f 3256//5 3257//5 3235//5 3234//5
f 3260//5 3261//5 3239//5 3238//5
f 3257//5 3260//5 3238//5 3235//5
f 3174//1 3175//1 3209//1 3208//1
f 3178//1 3179//1 3213//1 3212//1
f 3175//1 3178//1 3212//1 3209//1
f 3270//5 3271//5 3251//5 3250//5
f 3274//5 3275//5 3255//5 3254//5
f 3271//5 3274//5 3254//5 3251//5
f 3147//1 3164//1 3166//1 3149//1
f 3155//1 3172//1 3174//1 3157//1
f 3149//1 3166//1 3172//1 3155//1
f 3185//1 3208//1 3210//1 3187//1
f 3191//1 3216//1 3218//1 3193//1
f 3187//1 3210//1 3216//1 3191//1
f 3231//5 3242//5 3240//5 3229//5
f 3239//5 3250//5 3248//5 3237//5
f 3237//5 3248//5 3242//5 3231//5
f 3263//5 3272//5 3270//5 3261//5
f 3269//5 3280//5 3278//5 3267//5
f 3267//5 3278//5 3272//5 3263//5
f 3157//1 3174//1 3208//1 3185//1
f 3261//5 3270//5 3250//5 3239//5
f 3163//4 3197//4 3256//4 3234//4
f 3292//1 3293//1 3295//1 3294//1
f 3298//3 3301//3 3300//3 3297//3
f 3298//4 3299//4 3302//4 3301//4
f 3304//3 3306//3 3305//3 3303//3
f 3290//3 3298//3 3297//3 3289//3
f 3290//4 3291//4 3299//4 3298//4
f 3295//3 3304//3 3303//3 3294//3
f 3304//4 3307//4 3308//4 3306//4
f 3290//1 3292//1 3294//1 3291//1
f 3303//3 3305//3 3302//3 3299//3
f 3294//3 3303//3 3299//3 3291//3
f 3295//4 3296//4 3307//4 3304//4
f 3315//5 3316//5 3314//5 3313//5
f 3312//5 3315//5 3313//5 3311//5
f 3301//3 3311//3 3310//3 3300//3
f 3301//4 3302//4 3312//4 3311//4
f 3306//3 3316//3 3315//3 3305//3
f 3305//3 3315//3 3312//3 3302//3
f 3306//4 3308//4 3317//4 3316//4
f 3297//3 3300//3 3288//3 3287//3
f 3289//3 3297//3 3287//3 3286//3
f 3300//3 3310//3 3309//3 3288//3
f 3060//4 3100//4 3101//4 3062//4
f 3079//4 3102//4 3103//4 3083//4
f 3062//4 3101//4 3102//4 3079//4
f 3119//5 3120//5 3095//5 3094//5
f 3124//5 3125//5 3099//5 3098//5
f 3120//5 3124//5 3098//5 3095//5
f 3103//5 3119//5 3094//5 3083//5
f 3205//4 3287//4 3288//4 3207//4
f 3193//4 3286//4 3287//4 3205//4
f 3218//1 3219//1 3290//1 3289//1
f 3222//1 3223//1 3293//1 3292//1
f 3219//1 3222//1 3292//1 3290//1
f 3310//5 3311//5 3281//5 3280//5
f 3313//5 3314//5 3285//5 3284//5
f 3311//5 3313//5 3284//5 3281//5
f 3193//1 3218//1 3289//1 3286//1
f 3309//5 3310//5 3280//5 3269//5
f 3207//4 3288//4 3309//4 3269//4
f 2996//2 2998//2 3009//2 3008//2
f 3010//3 3012//3 3001//3 3000//3
f 3005//5 3017//5 3015//5 3004//5
f 3002//2 3004//2 3015//2 3014//2
f 3023//3 3025//3 3007//3 3006//3
f 3007//5 3025//5 3017//5 3005//5
f 2998//2 3002//2 3014//2 3009//2
f 3012//3 3023//3 3006//3 3001//3
f 3130//1 3142//1 3144//1 3131//1
f 3133//2 3135//2 3159//2 3158//2
f 3160//3 3162//3 3138//3 3137//3
f 3131//1 3144//1 3150//1 3132//1
f 3130//2 3133//2 3158//2 3142//2
f 3150//3 3160//3 3137//3 3132//3
f 3140//5 3226//5 3224//5 3139//5
f 3141//5 3232//5 3226//5 3140//5
f 3135//2 3139//2 3224//2 3159//2
f 3162//3 3232//3 3141//3 3138//3
f 3320//1 3321//1 3323//1 3322//1
f 3320//2 3324//2 3325//2 3321//2
f 3320//4 3322//4 3326//4 3324//4
f 3318//2 3319//2 3326//2 3322//2
f 3329//2 3332//2 3333//2 3330//2
f 3329//4 3331//4 3334//4 3332//4
f 3337//2 3340//2 3341//2 3338//2
f 3337//4 3339//4 3342//4 3340//4
f 3332//2 3337//2 3338//2 3333//2
f 3332//4 3334//4 3339//4 3337//4
f 3327//2 3328//2 3334//2 3331//2
f 3335//2 3336//2 3342//2 3339//2
f 3328//2 3335//2 3339//2 3334//2
f 3324//2 3329//2 3330//2 3325//2
f 3324//4 3326//4 3331//4 3329//4
f 3319//2 3327//2 3331//2 3326//2
f 3345//2 3348//2 3349//2 3346//2
f 3345//4 3347//4 3350//4 3348//4
f 3353//2 3356//2 3357//2 3354//2
f 3353//4 3355//4 3358//4 3356//4
f 3348//2 3353//2 3354//2 3349//2
f 3348//4 3350//4 3355//4 3353//4
f 3343//2 3344//2 3350//2 3347//2
f 3351//2 3352//2 3358//2 3355//2
f 3344//2 3351//2 3355//2 3350//2
f 3361//2 3364//2 3365//2 3362//2
f 3361//4 3363//4 3366//4 3364//4
f 3369//2 3372//2 3373//2 3370//2
f 3369//4 3371//4 3374//4 3372//4
f 3364//2 3369//2 3370//2 3365//2
f 3364//4 3366//4 3371//4 3369//4
f 3359//2 3360//2 3366//2 3363//2
f 3367//2 3368//2 3374//2 3371//2
f 3360//2 3367//2 3371//2 3366//2
f 3356//2 3361//2 3362//2 3357//2
f 3356//4 3358//4 3363//4 3361//4
f 3352//2 3359//2 3363//2 3358//2
f 3340//2 3345//2 3346//2 3341//2
f 3340//4 3342//4 3347//4 3345//4
f 3336//2 3343//2 3347//2 3342//2
f 3375//1 3376//1 3378//1 3377//1
f 3375//2 3379//2 3380//2 3376//2
f 3375//4 3377//4 3381//4 3379//4
f 3382//1 3383//1 3385//1 3384//1
f 3387//3 3390//3 3389//3 3386//3
f 3387//4 3388//4 3391//4 3390//4
f 3392//1 3393//1 3395//1 3394//1
f 3377//1 3378//1 3387//1 3386//1
f 3377//4 3386//4 3389//4 3381//4
f 3384//1 3385//1 3393//1 3392//1
f 3376//1 3382//1 3384//1 3378//1
f 3387//1 3392//1 3394//1 3388//1
f 3378//1 3384//1 3392//1 3387//1
f 3399//3 3402//3 3401//3 3398//3
f 3399//4 3400//4 3403//4 3402//4
f 3398//3 3401//3 3397//3 3396//3
f 3404//2 3407//2 3408//2 3405//2
f 3404//4 3406//4 3409//4 3407//4
f 3411//3 3414//3 3413//3 3410//3
f 3411//4 3412//4 3415//4 3414//4
f 3416//2 3419//2 3420//2 3417//2
f 3416//4 3418//4 3421//4 3419//4
f 3423//3 3426//3 3425//3 3422//3
f 3423//4 3424//4 3427//4 3426//4
f 3407//2 3416//2 3417//2 3408//2
f 3407//4 3409//4 3418//4 3416//4
f 3414//3 3423//3 3422//3 3413//3
f 3414//4 3415//4 3424//4 3423//4
f 3406//4 3410//4 3413//4 3409//4
f 3418//4 3422//4 3425//4 3421//4
f 3409//4 3413//4 3422//4 3418//4
f 3431//3 3434//3 3433//3 3430//3
f 3431//4 3432//4 3435//4 3434//4
f 3439//3 3442//3 3441//3 3438//3
f 3439//4 3440//4 3443//4 3442//4
f 3434//3 3439//3 3438//3 3433//3
f 3434//4 3435//4 3440//4 3439//4
f 3430//3 3433//3 3429//3 3428//3
f 3438//3 3441//3 3437//3 3436//3
f 3433//3 3438//3 3436//3 3429//3
f 3379//2 3404//2 3405//2 3380//2
f 3379//4 3381//4 3406//4 3404//4
f 3390//3 3411//3 3410//3 3389//3
f 3390//4 3391//4 3412//4 3411//4
f 3381//4 3389//4 3410//4 3406//4
f 3402//3 3431//3 3430//3 3401//3
f 3402//4 3403//4 3432//4 3431//4
f 3401//3 3430//3 3428//3 3397//3
f 3388//4 3396//4 3397//4 3391//4
f 3394//1 3395//1 3399//1 3398//1
f 3388//1 3394//1 3398//1 3396//1
f 3412//4 3428//4 3429//4 3415//4
f 3424//4 3436//4 3437//4 3427//4
f 3415//4 3429//4 3436//4 3424//4
f 3391//4 3397//4 3428//4 3412//4
f 3444//2 3447//2 3448//2 3445//2
f 3444//4 3446//4 3449//4 3447//4
f 3451//3 3454//3 3453//3 3450//3
f 3451//4 3452//4 3455//4 3454//4
f 3456//2 3459//2 3460//2 3457//2
f 3456//4 3458//4 3461//4 3459//4
f 3463//3 3466//3 3465//3 3462//3
f 3463//4 3464//4 3467//4 3466//4
f 3447//2 3456//2 3457//2 3448//2
f 3447//4 3449//4 3458//4 3456//4
f 3454//3 3463//3 3462//3 3453//3
f 3454//4 3455//4 3464//4 3463//4
f 3446//4 3450//4 3453//4 3449//4
f 3458//4 3462//4 3465//4 3461//4
f 3449//4 3453//4 3462//4 3458//4
f 3471//3 3474//3 3473//3 3470//3
f 3471//4 3472//4 3475//4 3474//4
f 3479//3 3482//3 3481//3 3478//3
f 3479//4 3480//4 3483//4 3482//4
f 3474//3 3479//3 3478//3 3473//3
f 3474//4 3475//4 3480//4 3479//4
f 3470//3 3473//3 3469//3 3468//3
f 3478//3 3481//3 3477//3 3476//3
f 3473//3 3478//3 3476//3 3469//3
f 3484//2 3487//2 3488//2 3485//2
f 3484//4 3486//4 3489//4 3487//4
f 3491//3 3494//3 3493//3 3490//3
f 3491//4 3492//4 3495//4 3494//4
f 3496//2 3499//2 3500//2 3497//2
f 3496//4 3498//4 3501//4 3499//4
f 3503//3 3506//3 3505//3 3502//3
f 3503//4 3504//4 3507//4 3506//4
f 3487//2 3496//2 3497//2 3488//2
f 3487//4 3489//4 3498//4 3496//4
f 3494//3 3503//3 3502//3 3493//3
f 3494//4 3495//4 3504//4 3503//4
f 3486//4 3490//4 3493//4 3489//4
f 3498//4 3502//4 3505//4 3501//4
f 3489//4 3493//4 3502//4 3498//4
f 3511//3 3514//3 3513//3 3510//3
f 3511//4 3512//4 3515//4 3514//4
f 3519//3 3522//3 3521//3 3518//3
f 3519//4 3520//4 3523//4 3522//4
f 3514//3 3519//3 3518//3 3513//3
f 3514//4 3515//4 3520//4 3519//4
f 3510//3 3513//3 3509//3 3508//3
f 3518//3 3521//3 3517//3 3516//3
f 3513//3 3518//3 3516//3 3509//3
f 3459//2 3484//2 3485//2 3460//2
f 3459//4 3461//4 3486//4 3484//4
f 3466//3 3491//3 3490//3 3465//3
f 3466//4 3467//4 3492//4 3491//4
f 3461//4 3465//4 3490//4 3486//4
f 3482//3 3511//3 3510//3 3481//3
f 3482//4 3483//4 3512//4 3511//4
f 3481//3 3510//3 3508//3 3477//3
f 3452//4 3468//4 3469//4 3455//4
f 3464//4 3476//4 3477//4 3467//4
f 3455//4 3469//4 3476//4 3464//4
f 3492//4 3508//4 3509//4 3495//4
f 3504//4 3516//4 3517//4 3507//4
f 3495//4 3509//4 3516//4 3504//4
f 3467//4 3477//4 3508//4 3492//4
f 3419//2 3444//2 3445//2 3420//2
f 3419//4 3421//4 3446//4 3444//4
f 3426//3 3451//3 3450//3 3425//3
f 3426//4 3427//4 3452//4 3451//4
f 3421//4 3425//4 3450//4 3446//4
f 3442//3 3471//3 3470//3 3441//3
f 3442//4 3443//4 3472//4 3471//4
f 3441//3 3470//3 3468//3 3437//3
f 3427//4 3437//4 3468//4 3452//4
f 2829//4 3008//4 3009//4 2832//4
f 3015//5 3016//5 2847//5 2846//5
f 2843//4 3014//4 3015//4 2846//4
f 3019//5 3020//5 2851//5 2850//5
f 3016//5 3019//5 2850//5 2847//5
f 2832//4 3009//4 3014//4 2843//4
f 3033//5 3034//5 2863//5 2862//5
f 3037//5 3038//5 2867//5 2866//5
f 3034//5 3037//5 2866//5 2863//5
f 3020//5 3033//5 2862//5 2851//5
f 2920//1 2921//1 3143//1 3142//1
f 2932//4 3158//4 3159//4 2935//4
f 2924//1 2925//1 3147//1 3146//1
f 2921//1 2924//1 3146//1 3143//1
f 2920//4 3142//4 3158//4 2932//4
f 3224//5 3225//5 2975//5 2974//5
f 3228//5 3229//5 2979//5 2978//5
f 3225//5 3228//5 2978//5 2975//5
f 2946//1 2947//1 3165//1 3164//1
f 2950//1 2951//1 3169//1 3168//1
f 2947//1 2950//1 3168//1 3165//1
f 3240//5 3241//5 2991//5 2990//5
f 3244//5 3245//5 2995//5 2994//5
f 3241//5 3244//5 2994//5 2991//5
f 2925//1 2946//1 3164//1 3147//1
f 3229//5 3240//5 2990//5 2979//5
f 2935//4 3159//4 3224//4 2974//4
f 3318//4 3376//4 3380//4 3319//4
f 3322//1 3323//1 3383//1 3382//1
f 3318//1 3322//1 3382//1 3376//1
f 3327//4 3405//4 3408//4 3328//4
f 3335//4 3417//4 3420//4 3336//4
f 3328//4 3408//4 3417//4 3335//4
f 3319//4 3380//4 3405//4 3327//4
f 3343//4 3445//4 3448//4 3344//4
f 3351//4 3457//4 3460//4 3352//4
f 3344//4 3448//4 3457//4 3351//4
f 3359//4 3485//4 3488//4 3360//4
f 3367//4 3497//4 3500//4 3368//4
f 3360//4 3488//4 3497//4 3367//4
f 3352//4 3460//4 3485//4 3359//4
f 3336//4 3420//4 3445//4 3343//4
f 3526//2 3529//2 3530//2 3527//2
f 3526//4 3528//4 3531//4 3529//4
f 3534//2 3537//2 3538//2 3535//2
f 3534//4 3536//4 3539//4 3537//4
f 3529//2 3534//2 3535//2 3530//2
f 3529//4 3531//4 3536//4 3534//4
f 3524//2 3525//2 3531//2 3528//2
f 3532//2 3533//2 3539//2 3536//2
f 3525//2 3532//2 3536//2 3531//2
f 3542//2 3545//2 3546//2 3543//2
f 3542//4 3544//4 3547//4 3545//4
f 3555//5 3556//5 3554//5 3553//5
f 3550//2 3553//2 3554//2 3551//2
f 3550//4 3552//4 3555//4 3553//4
f 3545//2 3550//2 3551//2 3546//2
f 3545//4 3547//4 3552//4 3550//4
f 3540//2 3541//2 3547//2 3544//2
f 3548//2 3549//2 3555//2 3552//2
f 3541//2 3548//2 3552//2 3547//2
f 3537//2 3542//2 3543//2 3538//2
f 3537//4 3539//4 3544//4 3542//4
f 3533//2 3540//2 3544//2 3539//2
f 3557//2 3560//2 3561//2 3558//2
f 3557//4 3559//4 3562//4 3560//4
f 3564//3 3567//3 3566//3 3563//3
f 3564//4 3565//4 3568//4 3567//4
f 3569//2 3572//2 3573//2 3570//2
f 3569//4 3571//4 3574//4 3572//4
f 3576//3 3579//3 3578//3 3575//3
f 3576//4 3577//4 3580//4 3579//4
f 3560//2 3569//2 3570//2 3561//2
f 3560//4 3562//4 3571//4 3569//4
f 3567//3 3576//3 3575//3 3566//3
f 3567//4 3568//4 3577//4 3576//4
f 3559//4 3563//4 3566//4 3562//4
f 3571//4 3575//4 3578//4 3574//4
f 3562//4 3566//4 3575//4 3571//4
f 3584//3 3587//3 3586//3 3583//3
f 3584//4 3585//4 3588//4 3587//4
f 3592//3 3595//3 3594//3 3591//3
f 3592//4 3593//4 3596//4 3595//4
f 3587//3 3592//3 3591//3 3586//3
f 3587//4 3588//4 3593//4 3592//4
f 3583//3 3586//3 3582//3 3581//3
f 3591//3 3594//3 3590//3 3589//3
f 3586//3 3591//3 3589//3 3582//3
f 3597//2 3600//2 3601//2 3598//2
f 3597//4 3599//4 3602//4 3600//4
f 3604//3 3607//3 3606//3 3603//3
f 3604//4 3605//4 3608//4 3607//4
f 3614//5 3615//5 3613//5 3612//5
f 3609//2 3612//2 3613//2 3610//2
f 3609//4 3611//4 3614//4 3612//4
f 3618//5 3619//5 3617//5 3616//5
f 3621//3 3624//3 3623//3 3620//3
f 3621//4 3622//4 3625//4 3624//4
f 3628//5 3629//5 3627//5 3626//5
f 3600//2 3609//2 3610//2 3601//2
f 3600//4 3602//4 3611//4 3609//4
f 3607//3 3621//3 3620//3 3606//3
f 3607//4 3608//4 3622//4 3621//4
f 3599//4 3603//4 3606//4 3602//4
f 3623//5 3624//5 3615//5 3614//5
f 3611//4 3620//4 3623//4 3614//4
f 3626//5 3627//5 3619//5 3618//5
f 3615//5 3618//5 3616//5 3613//5
f 3625//5 3628//5 3626//5 3624//5
f 3624//5 3626//5 3618//5 3615//5
f 3602//4 3606//4 3620//4 3611//4
f 3633//3 3636//3 3635//3 3632//3
f 3633//4 3634//4 3637//4 3636//4
f 3641//3 3644//3 3643//3 3640//3
f 3641//4 3642//4 3645//4 3644//4
f 3636//3 3641//3 3640//3 3635//3
f 3636//4 3637//4 3642//4 3641//4
f 3632//3 3635//3 3631//3 3630//3
f 3640//3 3643//3 3639//3 3638//3
f 3635//3 3640//3 3638//3 3631//3
f 3572//2 3597//2 3598//2 3573//2
f 3572//4 3574//4 3599//4 3597//4
f 3579//3 3604//3 3603//3 3578//3
f 3579//4 3580//4 3605//4 3604//4
f 3574//4 3578//4 3603//4 3599//4
f 3595//3 3633//3 3632//3 3594//3
f 3595//4 3596//4 3634//4 3633//4
f 3594//3 3632//3 3630//3 3590//3
f 3565//4 3581//4 3582//4 3568//4
f 3577//4 3589//4 3590//4 3580//4
f 3568//4 3582//4 3589//4 3577//4
f 3605//4 3630//4 3631//4 3608//4
f 3622//4 3638//4 3639//4 3625//4
f 3643//5 3644//5 3629//5 3628//5
f 3639//5 3643//5 3628//5 3625//5
f 3608//4 3631//4 3638//4 3622//4
f 3580//4 3590//4 3630//4 3605//4
f 3649//4 3650//4 3652//4 3651//4
f 3655//4 3656//4 3658//4 3657//4
f 3651//4 3652//4 3656//4 3655//4
f 3650//4 3653//4 3654//4 3652//4
f 3656//4 3659//4 3660//4 3658//4
f 3652//4 3654//4 3659//4 3656//4
f 3661//4 3662//4 3664//4 3663//4
f 3667//4 3668//4 3670//4 3669//4
f 3663//4 3664//4 3668//4 3667//4
f 3662//4 3665//4 3666//4 3664//4
f 3668//4 3671//4 3672//4 3670//4
f 3664//4 3666//4 3671//4 3668//4
f 3657//4 3658//4 3662//4 3661//4
f 3658//4 3660//4 3665//4 3662//4
f 3673//4 3674//4 3676//4 3675//4
f 3674//4 3677//4 3678//4 3676//4
f 3669//4 3670//4 3674//4 3673//4
f 3670//4 3672//4 3677//4 3674//4
f 3646//4 3647//4 3650//4 3649//4
f 3647//4 3648//4 3653//4 3650//4
f 3524//4 3558//4 3561//4 3525//4
f 3532//4 3570//4 3573//4 3533//4
f 3525//4 3561//4 3570//4 3532//4
f 3540//4 3598//4 3601//4 3541//4
f 3548//4 3610//4 3613//4 3549//4
f 3616//5 3617//5 3556//5 3555//5
f 3613//5 3616//5 3555//5 3549//5
f 3541//4 3601//4 3610//4 3548//4
f 3533//4 3573//4 3598//4 3540//4
f 3372//2 3526//2 3527//2 3373//2
f 3372//4 3374//4 3528//4 3526//4
f 3368//2 3524//2 3528//2 3374//2
f 3499//2 3557//2 3558//2 3500//2
f 3499//4 3501//4 3559//4 3557//4
f 3506//3 3564//3 3563//3 3505//3
f 3506//4 3507//4 3565//4 3564//4
f 3501//4 3505//4 3563//4 3559//4
f 3522//3 3584//3 3583//3 3521//3
f 3522//4 3523//4 3585//4 3584//4
f 3521//3 3583//3 3581//3 3517//3
f 3507//4 3517//4 3581//4 3565//4
f 3368//4 3500//4 3558//4 3524//4
f 3679//1 3680//1 3682//1 3681//1
f 3683//6 3684//6 3682//6 3680//6
f 3685//1 3686//1 3688//1 3687//1
f 3688//3 3691//3 3690//3 3687//3
f 3689//6 3691//6 3688//6 3686//6
f 3681//1 3682//1 3686//1 3685//1
f 3684//6 3689//6 3686//6 3682//6
f 3692//2 3694//2 3695//2 3693//2
f 3698//2 3700//2 3701//2 3699//2
f 3702//2 3704//2 3705//2 3703//2
f 3709//5 3710//5 3708//5 3707//5
f 3715//5 3716//5 3714//5 3713//5
f 3711//2 3713//2 3714//2 3712//2
f 3694//2 3702//2 3703//2 3695//2
f 3700//2 3711//2 3712//2 3701//2
f 3695//6 3697//6 3696//6 3693//6
f 3707//5 3708//5 3705//5 3704//5
f 3705//6 3708//6 3706//6 3703//6
f 3696//2 3697//2 3700//2 3698//2
f 3710//5 3715//5 3713//5 3708//5
f 3706//2 3708//2 3713//2 3711//2
f 3697//2 3706//2 3711//2 3700//2
f 3703//6 3706//6 3697//6 3695//6
f 3718//2 3721//2 3722//2 3719//2
f 3720//6 3721//6 3718//6 3717//6
f 3726//2 3729//2 3730//2 3727//2
f 3728//6 3729//6 3726//6 3725//6
f 3721//2 3726//2 3727//2 3722//2
f 3725//6 3726//6 3721//6 3720//6
f 3719//2 3722//2 3724//2 3723//2
f 3727//2 3730//2 3732//2 3731//2
f 3722//2 3727//2 3731//2 3724//2
f 3735//5 3736//5 3734//5 3733//5
f 3739//5 3740//5 3738//5 3737//5
f 3743//5 3744//5 3742//5 3741//5
f 3747//5 3748//5 3746//5 3745//5
f 3741//5 3742//5 3736//5 3735//5
f 3745//5 3746//5 3740//5 3739//5
f 3736//5 3739//5 3737//5 3734//5
f 3744//5 3747//5 3745//5 3742//5
f 3742//5 3745//5 3739//5 3736//5
f 3751//6 3752//6 3750//6 3749//6
f 3753//2 3756//2 3757//2 3754//2
f 3757//6 3758//6 3755//6 3754//6
f 3761//5 3762//5 3760//5 3759//5
f 3765//6 3766//6 3764//6 3763//6
f 3769//5 3770//5 3768//5 3767//5
f 3776//5 3777//5 3775//5 3774//5
f 3771//2 3774//2 3775//2 3772//2
f 3775//6 3777//6 3773//6 3772//6
f 3763//6 3764//6 3752//6 3751//6
f 3756//2 3771//2 3772//2 3757//2
f 3772//6 3773//6 3758//6 3757//6
f 3767//5 3768//5 3762//5 3761//5
f 3752//6 3756//6 3753//6 3750//6
f 3766//6 3774//6 3771//6 3764//6
f 3762//5 3766//5 3765//5 3760//5
f 3770//5 3776//5 3774//5 3768//5
f 3768//5 3774//5 3766//5 3762//5
f 3764//6 3771//6 3756//6 3752//6
f 3733//5 3734//5 3710//5 3709//5
f 3737//5 3738//5 3716//5 3715//5
f 3734//5 3737//5 3715//5 3710//5
f 3759//5 3760//5 3730//5 3729//5
f 3724//6 3751//6 3749//6 3723//6
f 3732//6 3765//6 3763//6 3731//6
f 3760//5 3765//5 3732//5 3730//5
f 3731//6 3763//6 3751//6 3724//6
f 3699//2 3701//2 3720//2 3717//2
f 3716//5 3729//5 3728//5 3714//5
f 3712//2 3714//2 3728//2 3725//2
f 3701//2 3712//2 3725//2 3720//2
f 3740//5 3761//5 3759//5 3738//5
f 3748//5 3769//5 3767//5 3746//5
f 3746//5 3767//5 3761//5 3740//5
f 3738//5 3759//5 3729//5 3716//5
f 3780//5 3781//5 3779//5 3778//5
f 3782//6 3783//6 3780//6 3778//6
f 3786//5 3787//5 3785//5 3784//5
f 3788//6 3789//6 3786//6 3784//6
f 3784//5 3785//5 3781//5 3780//5
f 3783//6 3788//6 3784//6 3780//6
f 3792//1 3793//1 3795//1 3794//1
f 3796//1 3797//1 3799//1 3798//1
f 3800//2 3802//2 3803//2 3801//2
f 3806//2 3808//2 3809//2 3807//2
f 3790//2 3800//2 3801//2 3791//2
f 3796//2 3806//2 3807//2 3797//2
f 3790//1 3791//1 3793//1 3792//1
f 3803//6 3805//6 3804//6 3801//6
f 3793//1 3796//1 3798//1 3795//1
f 3804//2 3805//2 3808//2 3806//2
f 3793//2 3804//2 3806//2 3796//2
f 3801//6 3804//6 3793//6 3791//6
f 3815//2 3818//2 3819//2 3816//2
f 3817//6 3818//6 3815//6 3814//6
f 3811//2 3815//2 3816//2 3812//2
f 3814//6 3815//6 3811//6 3810//6
f 3816//2 3819//2 3821//2 3820//2
f 3812//2 3816//2 3820//2 3813//2
f 3822//1 3823//1 3825//1 3824//1
f 3826//1 3827//1 3829//1 3828//1
f 3830//1 3831//1 3833//1 3832//1
f 3834//1 3835//1 3837//1 3836//1
f 3824//1 3825//1 3831//1 3830//1
f 3828//1 3829//1 3835//1 3834//1
f 3823//1 3826//1 3828//1 3825//1
f 3831//1 3834//1 3836//1 3833//1
f 3825//1 3828//1 3834//1 3831//1
f 3838//1 3839//1 3841//1 3840//1
f 3844//1 3845//1 3847//1 3846//1
f 3848//1 3849//1 3851//1 3850//1
f 3854//6 3855//6 3853//6 3852//6
f 3856//2 3859//2 3860//2 3857//2
f 3860//6 3861//6 3858//6 3857//6
f 3852//6 3853//6 3843//6 3842//6
f 3848//2 3856//2 3857//2 3849//2
f 3857//6 3858//6 3851//6 3849//6
f 3840//1 3841//1 3845//1 3844//1
f 3855//6 3859//6 3856//6 3853//6
f 3839//1 3842//1 3843//1 3841//1
f 3845//1 3848//1 3850//1 3847//1
f 3841//1 3843//1 3848//1 3845//1
f 3853//6 3856//6 3848//6 3843//6
f 3866//5 3867//5 3865//5 3864//5
f 3870//5 3871//5 3869//5 3868//5
f 3864//5 3865//5 3863//5 3862//5
f 3867//5 3870//5 3868//5 3865//5
f 3878//5 3879//5 3877//5 3876//5
f 3882//5 3883//5 3881//5 3880//5
f 3886//5 3887//5 3885//5 3884//5
f 3890//5 3891//5 3889//5 3888//5
f 3884//5 3885//5 3879//5 3878//5
f 3888//5 3889//5 3883//5 3882//5
f 3879//5 3882//5 3880//5 3877//5
f 3887//5 3890//5 3888//5 3885//5
f 3885//5 3888//5 3882//5 3879//5
f 3894//5 3895//5 3893//5 3892//5
f 3900//5 3901//5 3899//5 3898//5
f 3904//5 3905//5 3903//5 3902//5
f 3898//5 3899//5 3895//5 3894//5
f 3895//5 3897//5 3896//5 3893//5
f 3901//5 3904//5 3902//5 3899//5
f 3899//5 3902//5 3897//5 3895//5
f 3802//2 3862//2 3863//2 3803//2
f 3808//2 3868//2 3869//2 3809//2
f 3805//2 3865//2 3868//2 3808//2
f 3863//6 3865//6 3805//6 3803//6
f 3818//2 3873//2 3874//2 3819//2
f 3872//6 3873//6 3818//6 3817//6
f 3819//2 3874//2 3875//2 3821//2
f 3896//6 3897//6 3855//6 3854//6
f 3859//2 3902//2 3903//2 3860//2
f 3903//6 3905//6 3861//6 3860//6
f 3897//6 3902//6 3859//6 3855//6
f 3794//1 3795//1 3823//1 3822//1
f 3798//1 3799//1 3827//1 3826//1
f 3795//1 3798//1 3826//1 3823//1
f 3876//5 3877//5 3867//5 3866//5
f 3880//5 3881//5 3871//5 3870//5
f 3877//5 3880//5 3870//5 3867//5
f 3811//1 3812//1 3839//1 3838//1
f 3821//6 3854//6 3852//6 3820//6
f 3812//1 3813//1 3842//1 3839//1
f 3820//6 3852//6 3842//6 3813//6
f 3892//5 3893//5 3874//5 3873//5
f 3893//5 3896//5 3875//5 3874//5
f 3797//1 3810//1 3811//1 3799//1
f 3807//2 3809//2 3817//2 3814//2
f 3797//2 3807//2 3814//2 3810//2
f 3827//1 3838//1 3840//1 3829//1
f 3835//1 3844//1 3846//1 3837//1
f 3829//1 3840//1 3844//1 3835//1
f 3871//5 3873//5 3872//5 3869//5
f 3883//5 3894//5 3892//5 3881//5
f 3891//5 3900//5 3898//5 3889//5
f 3889//5 3898//5 3894//5 3883//5
f 3799//1 3811//1 3838//1 3827//1
f 3881//5 3892//5 3873//5 3871//5
f 3809//2 3869//2 3872//2 3817//2
f 3875//6 3896//6 3854//6 3821//6
f 3779//6 3781//6 3684//6 3683//6
f 3691//3 3787//3 3786//3 3690//3
f 3785//6 3787//6 3691//6 3689//6
f 3781//6 3785//6 3689//6 3684//6
f 3908//5 3909//5 3907//5 3906//5
f 3912//5 3913//5 3911//5 3910//5
f 3916//5 3917//5 3915//5 3914//5
f 3920//5 3921//5 3919//5 3918//5
f 3914//5 3915//5 3909//5 3908//5
f 3918//5 3919//5 3913//5 3912//5
f 3909//5 3912//5 3910//5 3907//5
f 3917//5 3920//5 3918//5 3915//5
f 3915//5 3918//5 3912//5 3909//5
f 3926//6 3927//6 3925//6 3924//6
f 3930//5 3931//5 3929//5 3928//5
f 3935//5 3936//5 3934//5 3933//5
f 3939//5 3940//5 3938//5 3937//5
f 3945//5 3946//5 3944//5 3943//5
f 3944//6 3946//6 3942//6 3941//6
f 3941//6 3942//6 3927//6 3926//6
f 3937//5 3938//5 3931//5 3930//5
f 3943//5 3944//5 3936//5 3935//5
f 3931//5 3935//5 3933//5 3929//5
f 3940//5 3945//5 3943//5 3938//5
f 3938//5 3943//5 3935//5 3931//5
f 3949//5 3950//5 3948//5 3947//5
f 3953//5 3954//5 3952//5 3951//5
f 3957//5 3958//5 3956//5 3955//5
f 3961//5 3962//5 3960//5 3959//5
f 3955//5 3956//5 3950//5 3949//5
f 3959//5 3960//5 3954//5 3953//5
f 3950//5 3953//5 3951//5 3948//5
f 3958//5 3961//5 3959//5 3956//5
f 3956//5 3959//5 3953//5 3950//5
f 3965//3 3968//3 3967//3 3964//3
f 3966//6 3968//6 3965//6 3963//6
f 3970//3 3972//3 3971//3 3969//3
f 3975//6 3976//6 3974//6 3973//6
f 3979//5 3980//5 3978//5 3977//5
f 3986//5 3987//5 3985//5 3984//5
f 3983//3 3987//3 3986//3 3982//3
f 3985//6 3987//6 3983//6 3981//6
f 3992//5 3993//5 3991//5 3990//5
f 3989//3 3993//3 3992//3 3988//3
f 3996//6 3997//6 3995//6 3994//6
f 3968//3 3983//3 3982//3 3967//3
f 3981//6 3983//6 3968//6 3966//6
f 3972//3 3989//3 3988//3 3971//3
f 3994//6 3995//6 3976//6 3975//6
f 3990//5 3991//5 3980//5 3979//5
f 3967//6 3975//6 3973//6 3964//6
f 3986//6 3996//6 3994//6 3982//6
f 3974//3 3976//3 3972//3 3970//3
f 3980//5 3986//5 3984//5 3978//5
f 3993//5 3997//5 3996//5 3991//5
f 3995//3 3997//3 3993//3 3989//3
f 3991//5 3996//5 3986//5 3980//5
f 3976//3 3995//3 3989//3 3972//3
f 3982//6 3994//6 3975//6 3967//6
f 3947//5 3948//5 3917//5 3916//5
f 3951//5 3952//5 3921//5 3920//5
f 3948//5 3951//5 3920//5 3917//5
f 3977//5 3978//5 3940//5 3939//5
f 3927//6 3966//6 3963//6 3925//6
f 3984//5 3985//5 3946//5 3945//5
f 3946//6 3985//6 3981//6 3942//6
f 3978//5 3984//5 3945//5 3940//5
f 3942//6 3981//6 3966//6 3927//6
f 3913//5 3930//5 3928//5 3911//5
f 3921//5 3939//5 3937//5 3919//5
f 3919//5 3937//5 3930//5 3913//5
f 3954//5 3979//5 3977//5 3952//5
f 3962//5 3992//5 3990//5 3960//5
f 3960//5 3990//5 3979//5 3954//5
f 3952//5 3977//5 3939//5 3921//5
f 4000//6 4001//6 3999//6 3998//6
f 4006//6 4007//6 4005//6 4004//6
f 4004//6 4005//6 4001//6 4000//6
f 4001//6 4003//6 4002//6 3999//6
f 4007//6 4009//6 4008//6 4005//6
f 4005//6 4008//6 4003//6 4001//6
f 4011//3 4013//3 4012//3 4010//3
f 4015//3 4018//3 4017//3 4014//3
f 4017//6 4019//6 4016//6 4014//6
f 4026//5 4027//5 4025//5 4024//5
f 4023//3 4027//3 4026//3 4022//3
f 4029//3 4032//3 4031//3 4028//3
f 4031//6 4033//6 4030//6 4028//6
f 4013//3 4023//3 4022//3 4012//3
f 4018//3 4029//3 4028//3 4017//3
f 4028//6 4030//6 4019//6 4017//6
f 4012//6 4021//6 4020//6 4010//6
f 4026//6 4035//6 4034//6 4022//6
f 4016//3 4019//3 4013//3 4011//3
f 4027//5 4033//5 4031//5 4025//5
f 4030//3 4033//3 4027//3 4023//3
f 4019//3 4030//3 4023//3 4013//3
f 4022//6 4034//6 4021//6 4012//6
f 4036//3 4037//3 4018//3 4015//3
f 4038//3 4039//3 4032//3 4029//3
f 4037//3 4038//3 4029//3 4018//3
f 4040//1 4041//1 4043//1 4042//1
f 4044//1 4045//1 4047//1 4046//1
f 4048//1 4049//1 4051//1 4050//1
f 4052//1 4053//1 4055//1 4054//1
f 4042//1 4043//1 4049//1 4048//1
f 4046//1 4047//1 4053//1 4052//1
f 4041//1 4044//1 4046//1 4043//1
f 4049//1 4052//1 4054//1 4051//1
f 4043//1 4046//1 4052//1 4049//1
f 4056//1 4057//1 4059//1 4058//1
f 4060//1 4061//1 4063//1 4062//1
f 4064//1 4065//1 4067//1 4066//1
f 4068//1 4069//1 4071//1 4070//1
f 4076//6 4077//6 4075//6 4074//6
f 4074//6 4075//6 4071//6 4069//6
f 4058//1 4059//1 4065//1 4064//1
f 4062//1 4063//1 4069//1 4068//1
f 4057//1 4060//1 4062//1 4059//1
f 4065//1 4068//1 4070//1 4067//1
f 4059//1 4062//1 4068//1 4065//1
f 4078//1 4079//1 4081//1 4080//1
f 4082//1 4083//1 4085//1 4084//1
f 4086//1 4087//1 4089//1 4088//1
f 4090//1 4091//1 4093//1 4092//1
f 4080//1 4081//1 4087//1 4086//1
f 4084//1 4085//1 4091//1 4090//1
f 4079//1 4082//1 4084//1 4081//1
f 4087//1 4090//1 4092//1 4089//1
f 4081//1 4084//1 4090//1 4087//1
f 4094//1 4095//1 4097//1 4096//1
f 4098//1 4099//1 4101//1 4100//1
f 4102//1 4103//1 4105//1 4104//1
f 4110//3 4113//3 4112//3 4109//3
f 4111//6 4113//6 4110//6 4108//6
f 4115//3 4117//3 4116//3 4114//3
f 4120//6 4121//6 4119//6 4118//6
f 4101//3 4110//3 4109//3 4100//3
f 4108//6 4110//6 4101//6 4099//6
f 4105//3 4115//3 4114//3 4104//3
f 4118//6 4119//6 4107//6 4106//6
f 4096//1 4097//1 4103//1 4102//1
f 4112//6 4120//6 4118//6 4109//6
f 4095//1 4098//1 4100//1 4097//1
f 4103//1 4106//1 4107//1 4105//1
f 4119//3 4121//3 4117//3 4115//3
f 4097//1 4100//1 4106//1 4103//1
f 4107//3 4119//3 4115//3 4105//3
f 4109//6 4118//6 4106//6 4100//6
f 4124//5 4125//5 4123//5 4122//5
f 4128//5 4129//5 4127//5 4126//5
f 4132//5 4133//5 4131//5 4130//5
f 4136//5 4137//5 4135//5 4134//5
f 4130//5 4131//5 4125//5 4124//5
f 4134//5 4135//5 4129//5 4128//5
f 4125//5 4128//5 4126//5 4123//5
f 4133//5 4136//5 4134//5 4131//5
f 4131//5 4134//5 4128//5 4125//5
f 4140//5 4141//5 4139//5 4138//5
f 4144//5 4145//5 4143//5 4142//5
f 4148//5 4149//5 4147//5 4146//5
f 4152//5 4153//5 4151//5 4150//5
f 4146//5 4147//5 4141//5 4140//5
f 4150//5 4151//5 4145//5 4144//5
f 4141//5 4144//5 4142//5 4139//5
f 4149//5 4152//5 4150//5 4147//5
f 4147//5 4150//5 4144//5 4141//5
f 4156//5 4157//5 4155//5 4154//5
f 4160//5 4161//5 4159//5 4158//5
f 4164//5 4165//5 4163//5 4162//5
f 4168//5 4169//5 4167//5 4166//5
f 4162//5 4163//5 4157//5 4156//5
f 4166//5 4167//5 4161//5 4160//5
f 4157//5 4160//5 4158//5 4155//5
f 4165//5 4168//5 4166//5 4163//5
f 4163//5 4166//5 4160//5 4157//5
f 4172//5 4173//5 4171//5 4170//5
f 4176//5 4177//5 4175//5 4174//5
f 4180//5 4181//5 4179//5 4178//5
f 4178//5 4179//5 4173//5 4172//5
f 4173//5 4176//5 4174//5 4171//5
f 4181//5 4183//5 4182//5 4179//5
f 4179//5 4182//5 4176//5 4173//5
f 4151//6 4153//6 4077//6 4076//6
f 4113//3 4177//3 4176//3 4112//3
f 4175//6 4177//6 4113//6 4111//6
f 4117//3 4181//3 4180//3 4116//3
f 4182//6 4183//6 4121//6 4120//6
f 4121//3 4183//3 4181//3 4117//3
f 4176//6 4182//6 4120//6 4112//6
f 4050//1 4051//1 4079//1 4078//1
f 4054//1 4055//1 4083//1 4082//1
f 4051//1 4054//1 4082//1 4079//1
f 4154//5 4155//5 4133//5 4132//5
f 4158//5 4159//5 4137//5 4136//5
f 4155//5 4158//5 4136//5 4133//5
f 4066//1 4067//1 4095//1 4094//1
f 4070//1 4071//1 4099//1 4098//1
f 4077//6 4111//6 4108//6 4075//6
f 4067//1 4070//1 4098//1 4095//1
f 4075//6 4108//6 4099//6 4071//6
f 4170//5 4171//5 4149//5 4148//5
f 4174//5 4175//5 4153//5 4152//5
f 4171//5 4174//5 4152//5 4149//5
f 4045//1 4056//1 4058//1 4047//1
f 4053//1 4064//1 4066//1 4055//1
f 4047//1 4058//1 4064//1 4053//1
f 4083//1 4094//1 4096//1 4085//1
f 4091//1 4102//1 4104//1 4093//1
f 4085//1 4096//1 4102//1 4091//1
f 4129//5 4140//5 4138//5 4127//5
f 4137//5 4148//5 4146//5 4135//5
f 4135//5 4146//5 4140//5 4129//5
f 4161//5 4172//5 4170//5 4159//5
f 4169//5 4180//5 4178//5 4167//5
f 4167//5 4178//5 4172//5 4161//5
f 4055//1 4066//1 4094//1 4083//1
f 4159//5 4170//5 4148//5 4137//5
f 4153//6 4175//6 4111//6 4077//6
f 4189//6 4190//6 4188//6 4187//6
f 4187//6 4188//6 4185//6 4184//6
f 4190//6 4192//6 4191//6 4188//6
f 4188//6 4191//6 4186//6 4185//6
f 4193//6 4194//6 4190//6 4189//6
f 4194//6 4195//6 4192//6 4190//6
f 4196//1 4197//1 4199//1 4198//1
f 4205//3 4207//3 4206//3 4204//3
f 4209//3 4212//3 4211//3 4208//3
f 4211//6 4213//6 4210//6 4208//6
f 4199//3 4205//3 4204//3 4198//3
f 4201//3 4209//3 4208//3 4200//3
f 4208//6 4210//6 4202//6 4200//6
f 4206//6 4215//6 4214//6 4204//6
f 4197//1 4200//1 4202//1 4199//1
f 4210//3 4213//3 4207//3 4205//3
f 4202//3 4210//3 4205//3 4199//3
f 4204//6 4214//6 4203//6 4198//6
f 4221//5 4222//5 4220//5 4219//5
f 4222//5 4225//5 4223//5 4220//5
f 4207//3 4222//3 4221//3 4206//3
f 4212//3 4224//3 4223//3 4211//3
f 4223//6 4225//6 4213//6 4211//6
f 4213//3 4225//3 4222//3 4207//3
f 4221//6 4226//6 4215//6 4206//6
f 4217//3 4218//3 4212//3 4209//3
f 4216//3 4217//3 4209//3 4201//3
f 4218//3 4227//3 4224//3 4212//3
f 4024//5 4025//5 3958//5 3957//5
f 4031//5 4032//5 3962//5 3961//5
f 4025//5 4031//5 3961//5 3958//5
f 3971//6 4037//6 4036//6 3969//6
f 3992//6 4039//6 4038//6 3988//6
f 3988//6 4038//6 4037//6 3971//6
f 4032//5 4039//5 3992//5 3962//5
f 4088//1 4089//1 4197//1 4196//1
f 4092//1 4093//1 4201//1 4200//1
f 4089//1 4092//1 4200//1 4197//1
f 4219//5 4220//5 4165//5 4164//5
f 4223//5 4224//5 4169//5 4168//5
f 4220//5 4223//5 4168//5 4165//5
f 4116//6 4218//6 4217//6 4114//6
f 4114//6 4217//6 4216//6 4104//6
f 4093//1 4104//1 4216//1 4201//1
f 4224//5 4227//5 4180//5 4169//5
f 4180//6 4227//6 4218//6 4116//6
f 3922//2 3923//2 4000//2 3998//2
f 4002//3 4003//3 3926//3 3924//3
f 3936//5 4007//5 4006//5 3934//5
f 3932//2 3934//2 4006//2 4004//2
f 4008//3 4009//3 3944//3 3941//3
f 3944//5 4009//5 4007//5 3936//5
f 3923//2 3932//2 4004//2 4000//2
f 4003//3 4008//3 3941//3 3926//3
f 4061//1 4184//1 4185//1 4063//1
f 4072//2 4073//2 4189//2 4187//2
f 4191//3 4192//3 4076//3 4074//3
f 4063//1 4185//1 4186//1 4069//1
f 4061//2 4072//2 4187//2 4184//2
f 4186//3 4191//3 4074//3 4069//3
f 4145//5 4194//5 4193//5 4143//5
f 4151//5 4195//5 4194//5 4145//5
f 4073//2 4143//2 4193//2 4189//2
f 4192//3 4195//3 4151//3 4076//3
f 4228//1 4229//1 4231//1 4230//1
f 4228//2 4232//2 4233//2 4229//2
f 4233//6 4234//6 4231//6 4229//6
f 4231//2 4234//2 4236//2 4235//2
f 4237//2 4240//2 4241//2 4238//2
f 4241//6 4242//6 4239//6 4238//6
f 4245//2 4248//2 4249//2 4246//2
f 4249//6 4250//6 4247//6 4246//6
f 4240//2 4245//2 4246//2 4241//2
f 4246//6 4247//6 4242//6 4241//6
f 4239//2 4242//2 4244//2 4243//2
f 4247//2 4250//2 4252//2 4251//2
f 4242//2 4247//2 4251//2 4244//2
f 4232//2 4237//2 4238//2 4233//2
f 4238//6 4239//6 4234//6 4233//6
f 4234//2 4239//2 4243//2 4236//2
f 4253//2 4256//2 4257//2 4254//2
f 4257//6 4258//6 4255//6 4254//6
f 4261//2 4264//2 4265//2 4262//2
f 4265//6 4266//6 4263//6 4262//6
f 4256//2 4261//2 4262//2 4257//2
f 4262//6 4263//6 4258//6 4257//6
f 4255//2 4258//2 4260//2 4259//2
f 4263//2 4266//2 4268//2 4267//2
f 4258//2 4263//2 4267//2 4260//2
f 4269//2 4272//2 4273//2 4270//2
f 4273//6 4274//6 4271//6 4270//6
f 4277//2 4280//2 4281//2 4278//2
f 4281//6 4282//6 4279//6 4278//6
f 4272//2 4277//2 4278//2 4273//2
f 4278//6 4279//6 4274//6 4273//6
f 4271//2 4274//2 4276//2 4275//2
f 4279//2 4282//2 4284//2 4283//2
f 4274//2 4279//2 4283//2 4276//2
f 4264//2 4269//2 4270//2 4265//2
f 4270//6 4271//6 4266//6 4265//6
f 4266//2 4271//2 4275//2 4268//2
f 4248//2 4253//2 4254//2 4249//2
f 4254//6 4255//6 4250//6 4249//6
f 4250//2 4255//2 4259//2 4252//2
f 4285//1 4286//1 4288//1 4287//1
f 4289//1 4290//1 4292//1 4291//1
f 4289//2 4293//2 4294//2 4290//2
f 4294//6 4295//6 4292//6 4290//6
f 4296//1 4297//1 4299//1 4298//1
f 4301//3 4304//3 4303//3 4300//3
f 4303//6 4305//6 4302//6 4300//6
f 4287//1 4288//1 4297//1 4296//1
f 4291//1 4292//1 4301//1 4300//1
f 4295//6 4304//6 4301//6 4292//6
f 4286//1 4289//1 4291//1 4288//1
f 4297//1 4300//1 4302//1 4299//1
f 4288//1 4291//1 4300//1 4297//1
f 4307//3 4310//3 4309//3 4306//3
f 4309//6 4311//6 4308//6 4306//6
f 4312//3 4313//3 4310//3 4307//3
f 4314//2 4317//2 4318//2 4315//2
f 4318//6 4319//6 4316//6 4315//6
f 4321//3 4324//3 4323//3 4320//3
f 4323//6 4325//6 4322//6 4320//6
f 4326//2 4329//2 4330//2 4327//2
f 4330//6 4331//6 4328//6 4327//6
f 4333//3 4336//3 4335//3 4332//3
f 4335//6 4337//6 4334//6 4332//6
f 4317//2 4326//2 4327//2 4318//2
f 4327//6 4328//6 4319//6 4318//6
f 4324//3 4333//3 4332//3 4323//3
f 4332//6 4334//6 4325//6 4323//6
f 4319//6 4324//6 4321//6 4316//6
f 4331//6 4336//6 4333//6 4328//6
f 4328//6 4333//6 4324//6 4319//6
f 4339//3 4342//3 4341//3 4338//3
f 4341//6 4343//6 4340//6 4338//6
f 4347//3 4350//3 4349//3 4346//3
f 4349//6 4351//6 4348//6 4346//6
f 4342//3 4347//3 4346//3 4341//3
f 4346//6 4348//6 4343//6 4341//6
f 4344//3 4345//3 4342//3 4339//3
f 4352//3 4353//3 4350//3 4347//3
f 4345//3 4352//3 4347//3 4342//3
f 4293//2 4314//2 4315//2 4294//2
f 4315//6 4316//6 4295//6 4294//6
f 4304//3 4321//3 4320//3 4303//3
f 4320//6 4322//6 4305//6 4303//6
f 4316//6 4321//6 4304//6 4295//6
f 4310//3 4339//3 4338//3 4309//3
f 4338//6 4340//6 4311//6 4309//6
f 4313//3 4344//3 4339//3 4310//3
f 4298//1 4299//1 4307//1 4306//1
f 4305//6 4313//6 4312//6 4302//6
f 4299//1 4302//1 4312//1 4307//1
f 4325//6 4345//6 4344//6 4322//6
f 4337//6 4353//6 4352//6 4334//6
f 4334//6 4352//6 4345//6 4325//6
f 4322//6 4344//6 4313//6 4305//6
f 4354//2 4357//2 4358//2 4355//2
f 4358//6 4359//6 4356//6 4355//6
f 4361//3 4364//3 4363//3 4360//3
f 4363//6 4365//6 4362//6 4360//6
f 4366//2 4369//2 4370//2 4367//2
f 4370//6 4371//6 4368//6 4367//6
f 4373//3 4376//3 4375//3 4372//3
f 4375//6 4377//6 4374//6 4372//6
f 4357//2 4366//2 4367//2 4358//2
f 4367//6 4368//6 4359//6 4358//6
f 4364//3 4373//3 4372//3 4363//3
f 4372//6 4374//6 4365//6 4363//6
f 4359//6 4364//6 4361//6 4356//6
f 4371//6 4376//6 4373//6 4368//6
f 4368//6 4373//6 4364//6 4359//6
f 4379//3 4382//3 4381//3 4378//3
f 4381//6 4383//6 4380//6 4378//6
f 4387//3 4390//3 4389//3 4386//3
f 4389//6 4391//6 4388//6 4386//6
f 4382//3 4387//3 4386//3 4381//3
f 4386//6 4388//6 4383//6 4381//6
f 4384//3 4385//3 4382//3 4379//3
f 4392//3 4393//3 4390//3 4387//3
f 4385//3 4392//3 4387//3 4382//3
f 4394//2 4397//2 4398//2 4395//2
f 4398//6 4399//6 4396//6 4395//6
f 4401//3 4404//3 4403//3 4400//3
f 4403//6 4405//6 4402//6 4400//6
f 4406//2 4409//2 4410//2 4407//2
f 4410//6 4411//6 4408//6 4407//6
f 4413//3 4416//3 4415//3 4412//3
f 4415//6 4417//6 4414//6 4412//6
f 4397//2 4406//2 4407//2 4398//2
f 4407//6 4408//6 4399//6 4398//6
f 4404//3 4413//3 4412//3 4403//3
f 4412//6 4414//6 4405//6 4403//6
f 4399//6 4404//6 4401//6 4396//6
f 4411//6 4416//6 4413//6 4408//6
f 4408//6 4413//6 4404//6 4399//6
f 4419//3 4422//3 4421//3 4418//3
f 4421//6 4423//6 4420//6 4418//6
f 4427//3 4430//3 4429//3 4426//3
f 4429//6 4431//6 4428//6 4426//6
f 4422//3 4427//3 4426//3 4421//3
f 4426//6 4428//6 4423//6 4421//6
f 4424//3 4425//3 4422//3 4419//3
f 4432//3 4433//3 4430//3 4427//3
f 4425//3 4432//3 4427//3 4422//3
f 4369//2 4394//2 4395//2 4370//2
f 4395//6 4396//6 4371//6 4370//6
f 4376//3 4401//3 4400//3 4375//3
f 4400//6 4402//6 4377//6 4375//6
f 4396//6 4401//6 4376//6 4371//6
f 4390//3 4419//3 4418//3 4389//3
f 4418//6 4420//6 4391//6 4389//6
f 4393//3 4424//3 4419//3 4390//3
f 4365//6 4385//6 4384//6 4362//6
f 4377//6 4393//6 4392//6 4374//6
f 4374//6 4392//6 4385//6 4365//6
f 4405//6 4425//6 4424//6 4402//6
f 4417//6 4433//6 4432//6 4414//6
f 4414//6 4432//6 4425//6 4405//6
f 4402//6 4424//6 4393//6 4377//6
f 4329//2 4354//2 4355//2 4330//2
f 4355//6 4356//6 4331//6 4330//6
f 4336//3 4361//3 4360//3 4335//3
f 4360//6 4362//6 4337//6 4335//6
f 4356//6 4361//6 4336//6 4331//6
f 4350//3 4379//3 4378//3 4349//3
f 4378//6 4380//6 4351//6 4349//6
f 4353//3 4384//3 4379//3 4350//3
f 4362//6 4384//6 4353//6 4337//6
f 3906//5 3907//5 3744//5 3743//5
f 3910//5 3911//5 3748//5 3747//5
f 3907//5 3910//5 3747//5 3744//5
f 3928//5 3929//5 3770//5 3769//5
f 3758//6 3923//6 3922//6 3755//6
f 3933//5 3934//5 3777//5 3776//5
f 3777//6 3934//6 3932//6 3773//6
f 3929//5 3933//5 3776//5 3770//5
f 3773//6 3932//6 3923//6 3758//6
f 3911//5 3928//5 3769//5 3748//5
f 3832//1 3833//1 4041//1 4040//1
f 3836//1 3837//1 4045//1 4044//1
f 3833//1 3836//1 4044//1 4041//1
f 4122//5 4123//5 3887//5 3886//5
f 4126//5 4127//5 3891//5 3890//5
f 4123//5 4126//5 3890//5 3887//5
f 3846//1 3847//1 4057//1 4056//1
f 3850//1 3851//1 4061//1 4060//1
f 3861//6 4073//6 4072//6 3858//6
f 3847//1 3850//1 4060//1 4057//1
f 3858//6 4072//6 4061//6 3851//6
f 4138//5 4139//5 3901//5 3900//5
f 4142//5 4143//5 3905//5 3904//5
f 4139//5 4142//5 3904//5 3901//5
f 3837//1 3846//1 4056//1 4045//1
f 4127//5 4138//5 3900//5 3891//5
f 3905//6 4143//6 4073//6 3861//6
f 4230//1 4231//1 4286//1 4285//1
f 4236//6 4293//6 4289//6 4235//6
f 4231//1 4235//1 4289//1 4286//1
f 4244//6 4317//6 4314//6 4243//6
f 4252//6 4329//6 4326//6 4251//6
f 4251//6 4326//6 4317//6 4244//6
f 4243//6 4314//6 4293//6 4236//6
f 4260//6 4357//6 4354//6 4259//6
f 4268//6 4369//6 4366//6 4267//6
f 4267//6 4366//6 4357//6 4260//6
f 4276//6 4397//6 4394//6 4275//6
f 4284//6 4409//6 4406//6 4283//6
f 4283//6 4406//6 4397//6 4276//6
f 4275//6 4394//6 4369//6 4268//6
f 4259//6 4354//6 4329//6 4252//6
f 4434//2 4437//2 4438//2 4435//2
f 4438//6 4439//6 4436//6 4435//6
f 4442//2 4445//2 4446//2 4443//2
f 4446//6 4447//6 4444//6 4443//6
f 4437//2 4442//2 4443//2 4438//2
f 4443//6 4444//6 4439//6 4438//6
f 4436//2 4439//2 4441//2 4440//2
f 4444//2 4447//2 4449//2 4448//2
f 4439//2 4444//2 4448//2 4441//2
f 4450//2 4453//2 4454//2 4451//2
f 4454//6 4455//6 4452//6 4451//6
f 4463//5 4464//5 4462//5 4461//5
f 4458//2 4461//2 4462//2 4459//2
f 4462//6 4464//6 4460//6 4459//6
f 4453//2 4458//2 4459//2 4454//2
f 4459//6 4460//6 4455//6 4454//6
f 4452//2 4455//2 4457//2 4456//2
f 4460//2 4464//2 4466//2 4465//2
f 4455//2 4460//2 4465//2 4457//2
f 4445//2 4450//2 4451//2 4446//2
f 4451//6 4452//6 4447//6 4446//6
f 4447//2 4452//2 4456//2 4449//2
f 4467//2 4470//2 4471//2 4468//2
f 4471//6 4472//6 4469//6 4468//6
f 4474//3 4477//3 4476//3 4473//3
f 4476//6 4478//6 4475//6 4473//6
f 4479//2 4482//2 4483//2 4480//2
f 4483//6 4484//6 4481//6 4480//6
f 4486//3 4489//3 4488//3 4485//3
f 4488//6 4490//6 4487//6 4485//6
f 4470//2 4479//2 4480//2 4471//2
f 4480//6 4481//6 4472//6 4471//6
f 4477//3 4486//3 4485//3 4476//3
f 4485//6 4487//6 4478//6 4476//6
f 4472//6 4477//6 4474//6 4469//6
f 4484//6 4489//6 4486//6 4481//6
f 4481//6 4486//6 4477//6 4472//6
f 4492//3 4495//3 4494//3 4491//3
f 4494//6 4496//6 4493//6 4491//6
f 4500//3 4503//3 4502//3 4499//3
f 4502//6 4504//6 4501//6 4499//6
f 4495//3 4500//3 4499//3 4494//3
f 4499//6 4501//6 4496//6 4494//6
f 4497//3 4498//3 4495//3 4492//3
f 4505//3 4506//3 4503//3 4500//3
f 4498//3 4505//3 4500//3 4495//3
f 4507//2 4510//2 4511//2 4508//2
f 4511//6 4512//6 4509//6 4508//6
f 4514//3 4517//3 4516//3 4513//3
f 4516//6 4518//6 4515//6 4513//6
f 4521//5 4522//5 4520//5 4519//5
f 4528//5 4529//5 4527//5 4526//5
f 4523//2 4526//2 4527//2 4524//2
f 4527//6 4529//6 4525//6 4524//6
f 4532//5 4533//5 4531//5 4530//5
f 4535//3 4538//3 4537//3 4534//3
f 4537//6 4539//6 4536//6 4534//6
f 4510//2 4523//2 4524//2 4511//2
f 4524//6 4525//6 4512//6 4511//6
f 4517//3 4535//3 4534//3 4516//3
f 4534//6 4536//6 4518//6 4516//6
f 4530//5 4531//5 4522//5 4521//5
f 4512//6 4517//6 4514//6 4509//6
f 4537//5 4538//5 4529//5 4528//5
f 4529//6 4538//6 4535//6 4525//6
f 4522//5 4528//5 4526//5 4520//5
f 4533//5 4539//5 4537//5 4531//5
f 4531//5 4537//5 4528//5 4522//5
f 4525//6 4535//6 4517//6 4512//6
f 4541//3 4544//3 4543//3 4540//3
f 4543//6 4545//6 4542//6 4540//6
f 4549//3 4552//3 4551//3 4548//3
f 4551//6 4553//6 4550//6 4548//6
f 4544//3 4549//3 4548//3 4543//3
f 4548//6 4550//6 4545//6 4543//6
f 4546//3 4547//3 4544//3 4541//3
f 4554//3 4555//3 4552//3 4549//3
f 4547//3 4554//3 4549//3 4544//3
f 4482//2 4507//2 4508//2 4483//2
f 4508//6 4509//6 4484//6 4483//6
f 4489//3 4514//3 4513//3 4488//3
f 4513//6 4515//6 4490//6 4488//6
f 4509//6 4514//6 4489//6 4484//6
f 4503//3 4541//3 4540//3 4502//3
f 4540//6 4542//6 4504//6 4502//6
f 4506//3 4546//3 4541//3 4503//3
f 4478//6 4498//6 4497//6 4475//6
f 4490//6 4506//6 4505//6 4487//6
f 4487//6 4505//6 4498//6 4478//6
f 4551//5 4552//5 4533//5 4532//5
f 4518//6 4547//6 4546//6 4515//6
f 4539//6 4555//6 4554//6 4536//6
f 4552//5 4555//5 4539//5 4533//5
f 4536//6 4554//6 4547//6 4518//6
f 4515//6 4546//6 4506//6 4490//6
f 4561//6 4562//6 4560//6 4559//6
f 4567//6 4568//6 4566//6 4565//6
f 4565//6 4566//6 4562//6 4561//6
f 4562//6 4564//6 4563//6 4560//6
f 4568//6 4570//6 4569//6 4566//6
f 4566//6 4569//6 4564//6 4562//6
f 4573//6 4574//6 4572//6 4571//6
f 4579//6 4580//6 4578//6 4577//6
f 4577//6 4578//6 4574//6 4573//6
f 4574//6 4576//6 4575//6 4572//6
f 4580//6 4582//6 4581//6 4578//6
f 4578//6 4581//6 4576//6 4574//6
f 4571//6 4572//6 4568//6 4567//6
f 4572//6 4575//6 4570//6 4568//6
f 4585//6 4586//6 4584//6 4583//6
f 4586//6 4588//6 4587//6 4584//6
f 4583//6 4584//6 4580//6 4579//6
f 4584//6 4587//6 4582//6 4580//6
f 4559//6 4560//6 4557//6 4556//6
f 4560//6 4563//6 4558//6 4557//6
f 4441//6 4470//6 4467//6 4440//6
f 4449//6 4482//6 4479//6 4448//6
f 4448//6 4479//6 4470//6 4441//6
f 4519//5 4520//5 4464//5 4463//5
f 4457//6 4510//6 4507//6 4456//6
f 4466//6 4526//6 4523//6 4465//6
f 4520//5 4526//5 4466//5 4464//5
f 4465//6 4523//6 4510//6 4457//6
f 4456//6 4507//6 4482//6 4449//6
f 4280//2 4434//2 4435//2 4281//2
f 4435//6 4436//6 4282//6 4281//6
f 4282//2 4436//2 4440//2 4284//2
f 4409//2 4467//2 4468//2 4410//2
f 4468//6 4469//6 4411//6 4410//6
f 4416//3 4474//3 4473//3 4415//3
f 4473//6 4475//6 4417//6 4415//6
f 4469//6 4474//6 4416//6 4411//6
f 4430//3 4492//3 4491//3 4429//3
f 4491//6 4493//6 4431//6 4429//6
f 4433//3 4497//3 4492//3 4430//3
f 4475//6 4497//6 4433//6 4417//6
f 4440//6 4467//6 4409//6 4284//6
f 133//2 2471//2 2472//2 134//2
f 139//4 140//4 2476//4 2474//4
f 133//4 139//4 2474//4 2471//4
f 143//3 2486//3 2485//3 142//3
f 140//4 142//4 2485//4 2476//4
f 276//2 2620//2 2621//2 277//2
f 2624//6 2625//6 284//6 282//6
f 2621//6 2624//6 282//6 277//6
f 286//3 2635//3 2634//3 285//3
f 2625//6 2635//6 286//6 284//6
f 1055//2 2785//2 2786//2 1056//2
f 1054//4 1056//4 2786//4 2784//4
f 1053//2 2782//2 2785//2 1055//2
f 1057//2 2798//2 2799//2 1058//2
f 1059//2 2802//2 2803//2 1060//2
f 1060//2 2803//2 2806//2 1063//2
f 1057//4 1063//4 2806//4 2798//4
f 1067//4 1068//4 2824//4 2823//4
f 1073//2 2827//2 2828//2 1074//2
f 1073//4 1075//4 2829//4 2827//4
f 1068//4 1074//4 2828//4 2824//4
f 1054//2 2784//2 2802//2 1059//2
f 1053//4 1067//4 2823//4 2782//4
f 1200//4 1201//4 2997//4 2996//4
f 1201//4 1202//4 3000//4 2997//4
f 1293//4 1295//4 3011//4 3010//4
f 1320//3 3051//3 3050//3 1319//3
f 1317//4 1319//4 3050//4 3049//4
f 1325//4 1326//4 3056//4 3055//4
f 1330//3 3060//3 3059//3 1329//3
f 1329//3 3059//3 3056//3 1326//3
f 1320//4 1325//4 3055//4 3051//4
f 1295//4 1317//4 3049//4 3011//4
f 1372//3 3105//3 3104//3 1371//3
f 1372//4 1373//4 3106//4 3105//4
f 1377//3 3111//3 3110//3 1376//3
f 1376//3 3110//3 3106//3 1373//3
f 1377//4 1378//4 3114//4 3111//4
f 1371//3 3104//3 3100//3 1370//3
f 1200//2 2996//2 3008//2 1285//2
f 1293//3 3010//3 3000//3 1202//3
f 1330//4 1370//4 3100//4 3060//4
f 1075//4 1285//4 3008//4 2829//4
f 2145//2 3692//2 3693//2 2146//2
f 2151//2 3698//2 3699//2 2152//2
f 2148//2 3696//2 3698//2 2151//2
f 3693//6 3696//6 2148//6 2146//6
f 2156//2 3718//2 3719//2 2157//2
f 3717//6 3718//6 2156//6 2155//6
f 2157//2 3719//2 3723//2 2158//2
f 3749//6 3750//6 2180//6 2179//6
f 2185//2 3753//2 3754//2 2186//2
f 3754//6 3755//6 2188//6 2186//6
f 3750//6 3753//6 2185//6 2180//6
f 2152//2 3699//2 3717//2 2155//2
f 3723//6 3749//6 2179//6 2158//6
f 3924//6 3925//6 2396//6 2394//6
f 2420//3 3965//3 3964//3 2419//3
f 3963//6 3965//6 2420//6 2418//6
f 2424//3 3970//3 3969//3 2423//3
f 3973//6 3974//6 2426//6 2425//6
f 2426//3 3974//3 3970//3 2424//3
f 3964//6 3973//6 2425//6 2419//6
f 3925//6 3963//6 2418//6 2396//6
f 3998//6 3999//6 2437//6 2436//6
f 3999//6 4002//6 2438//6 2437//6
f 2465//3 4011//3 4010//3 2464//3
f 2467//3 4015//3 4014//3 2466//3
f 4014//6 4016//6 2468//6 2466//6
f 2468//3 4016//3 4011//3 2465//3
f 4010//6 4020//6 2469//6 2464//6
f 2470//3 4036//3 4015//3 2467//3
f 2386//2 3922//2 3998//2 2436//2
f 2438//3 4002//3 3924//3 2394//3
f 3969//6 4036//6 2470//6 2423//6
f 3755//6 3922//6 2386//6 2188//6
f 2601//1 2602//1 2770//1 2769//1
f 2601//4 2769//4 2773//4 2604//4
f 2868//5 2869//5 2619//5 2618//5
f 2604//4 2773//4 2868//4 2618//4
f 2750//1 2751//1 3680//1 3679//1
f 2753//6 3683//6 3680//6 2751//6
f 3778//5 3779//5 2768//5 2767//5
f 2768//6 3779//6 3683//6 2753//6
f 4//1 146//1 148//1 6//1
f 8//2 10//2 152//2 150//2
f 12//2 14//2 156//2 154//2
f 10//2 12//2 154//2 152//2
f 159//3 162//3 20//3 17//3
f 170//3 171//3 28//3 27//3
f 23//1 165//1 170//1 27//1
f 162//3 165//3 23//3 20//3
f 2//1 144//1 146//1 4//1
f 2//2 8//2 150//2 144//2
f 148//3 159//3 17//3 6//3
f 30//2 31//2 174//2 172//2
f 32//2 33//2 176//2 175//2
f 31//2 32//2 175//2 174//2
f 185//3 186//3 44//3 42//3
f 194//3 196//3 54//3 52//3
f 186//3 194//3 52//3 44//3
f 56//2 59//2 201//2 198//2
f 64//1 206//1 208//1 65//1
f 204//3 206//3 64//3 62//3
f 67//2 70//2 212//2 209//2
f 218//3 221//3 78//3 75//3
f 59//2 67//2 209//2 201//2
f 208//3 218//3 75//3 65//3
f 49//5 191//5 176//5 33//5
f 49//2 56//2 198//2 191//2
f 196//3 204//3 62//3 54//3
f 79//2 82//2 225//2 222//2
f 230//3 233//3 91//3 88//3
f 94//5 236//5 235//5 92//5
f 94//2 96//2 238//2 236//2
f 82//2 92//2 235//2 225//2
f 233//3 241//3 99//3 91//3
f 111//5 253//5 252//5 109//5
f 106//2 109//2 252//2 248//2
f 106//5 248//5 247//5 104//5
f 111//2 113//2 255//2 253//2
f 96//2 104//2 247//2 238//2
f 116//1 258//1 260//1 117//1
f 257//3 258//3 116//3 114//3
f 268//3 269//3 127//3 125//3
f 134//5 276//5 274//5 132//5
f 129//2 132//2 274//2 271//2
f 136//1 278//1 280//1 138//1
f 280//3 283//3 141//3 138//3
f 121//1 263//1 268//1 125//1
f 269//3 278//3 136//3 127//3
f 141//1 283//1 285//1 143//1
f 260//3 263//3 121//3 117//3
f 99//1 241//1 257//1 114//1
f 129//5 271//5 255//5 113//5
f 70//2 79//2 222//2 212//2
f 221//3 230//3 88//3 78//3
f 14//2 30//2 172//2 156//2
f 171//3 185//3 42//3 28//3
f 294//1 1379//1 1381//1 296//1
f 294//2 298//2 1383//2 1379//2
f 347//1 1392//1 1394//1 349//1
f 355//1 1400//1 1402//1 357//1
f 1402//3 1404//3 358//3 357//3
f 349//1 1394//1 1400//1 355//1
f 398//2 401//2 1484//2 1481//2
f 413//5 1496//5 1494//5 411//5
f 408//2 411//2 1494//2 1491//2
f 401//2 408//2 1491//2 1484//2
f 492//5 1509//5 1507//5 490//5
f 500//5 1517//5 1515//5 498//5
f 498//5 1515//5 1509//5 492//5
f 524//1 1553//1 1555//1 526//1
f 532//1 1560//1 1562//1 534//1
f 542//5 1570//5 1568//5 540//5
f 550//5 1578//5 1576//5 548//5
f 526//1 1555//1 1560//1 532//1
f 548//5 1576//5 1570//5 542//5
f 484//1 1506//1 1553//1 524//1
f 540//5 1568//5 1517//5 500//5
f 296//1 1381//1 1392//1 347//1
f 490//5 1507//5 1496//5 413//5
f 298//2 398//2 1481//2 1383//2
f 1404//3 1506//3 484//3 358//3
f 636//2 639//2 1671//2 1667//2
f 668//1 1732//1 1734//1 670//1
f 678//1 1740//1 1742//1 680//1
f 670//1 1734//1 1740//1 678//1
f 1769//3 1771//3 686//3 684//3
f 680//1 1742//1 1769//1 684//1
f 776//1 1779//1 1781//1 778//1
f 784//1 1787//1 1789//1 786//1
f 794//5 1797//5 1795//5 792//5
f 802//5 1805//5 1803//5 800//5
f 778//1 1781//1 1787//1 784//1
f 800//5 1803//5 1797//5 794//5
f 826//1 1835//1 1837//1 828//1
f 832//1 1843//1 1845//1 833//1
f 841//5 1850//5 1848//5 839//5
f 849//5 1858//5 1856//5 847//5
f 828//1 1837//1 1843//1 832//1
f 847//5 1856//5 1850//5 841//5
f 786//1 1789//1 1835//1 826//1
f 839//5 1848//5 1805//5 802//5
f 900//5 1948//5 1946//5 898//5
f 910//5 1956//5 1954//5 908//5
f 908//5 1954//5 1948//5 900//5
f 1995//3 1997//3 916//3 914//3
f 2001//3 2003//3 922//3 920//3
f 1997//3 2001//3 920//3 916//3
f 922//5 2003//5 1956//5 910//5
f 636//1 1667//1 1732//1 668//1
f 898//5 1946//5 1858//5 849//5
f 639//2 833//2 1845//2 1671//2
f 1771//3 1995//3 914//3 686//3
f 534//1 1562//1 1779//1 776//1
f 792//5 1795//5 1578//5 550//5
f 932//2 934//2 2017//2 2015//2
f 942//1 2019//1 2021//1 944//1
f 932//1 2015//1 2019//1 942//1
f 970//1 2038//1 2040//1 972//1
f 978//1 2046//1 2048//1 980//1
f 972//1 2040//1 2046//1 978//1
f 944//1 2021//1 2038//1 970//1
f 994//2 996//2 2075//2 2073//2
f 1012//5 2087//5 2085//5 1010//5
f 1010//5 2085//5 2083//5 1004//5
f 996//2 1004//2 2083//2 2075//2
f 1044//5 2107//5 2105//5 1042//5
f 1052//5 2115//5 2113//5 1050//5
f 1050//5 2113//5 2107//5 1044//5
f 1064//1 2147//1 2149//1 1066//1
f 1058//1 2145//1 2147//1 1064//1
f 1086//1 2159//1 2161//1 1088//1
f 1094//1 2167//1 2169//1 1096//1
f 1088//1 2161//1 2167//1 1094//1
f 1042//5 2105//5 2087//5 1012//5
f 1066//1 2149//1 2159//1 1086//1
f 934//2 994//2 2073//2 2017//2
f 1127//1 2189//1 2191//1 1129//1
f 1135//1 2197//1 2199//1 1137//1
f 1129//1 2191//1 2197//1 1135//1
f 1164//1 2224//1 2226//1 1166//1
f 1172//1 2232//1 2234//1 1174//1
f 1166//1 2226//1 2232//1 1172//1
f 1137//1 2199//1 2224//1 1164//1
f 1184//1 2267//1 2269//1 1186//1
f 2279//3 2280//3 1190//3 1189//3
f 1186//1 2269//1 2279//1 1189//1
f 1232//5 2285//5 2283//5 1230//5
f 1240//5 2293//5 2291//5 1238//5
f 1238//5 2291//5 2285//5 1232//5
f 1276//5 2323//5 2321//5 1274//5
f 1284//5 2331//5 2329//5 1282//5
f 1282//5 2329//5 2323//5 1276//5
f 1306//1 2365//1 2367//1 1308//1
f 1314//1 2373//1 2375//1 1316//1
f 1308//1 2367//1 2373//1 1314//1
f 1336//1 2397//1 2399//1 1338//1
f 1344//1 2405//1 2407//1 1346//1
f 1338//1 2399//1 2405//1 1344//1
f 1274//5 2321//5 2293//5 1240//5
f 1316//1 2375//1 2397//1 1336//1
f 2449//3 2450//3 1361//3 1360//3
f 1368//5 2453//5 2451//5 1366//5
f 1369//5 2458//5 2453//5 1368//5
f 2450//3 2458//3 1369//3 1361//3
f 1375//1 2462//1 2464//1 1377//1
f 1377//1 2464//1 2469//1 1378//1
f 1174//1 2234//1 2267//1 1184//1
f 1366//5 2451//5 2331//5 1284//5
f 1346//1 2407//1 2462//1 1375//1
f 2280//3 2449//3 1360//3 1190//3
f 980//1 2048//1 2189//1 1127//1
f 1230//5 2283//5 2115//5 1052//5
f 1096//1 2169//1 2365//1 1306//1
f 2472//2 2473//2 2622//2 2620//2
f 2483//5 2631//5 2630//5 2481//5
f 2483//2 2484//2 2633//2 2631//2
f 2478//5 2626//5 2622//5 2473//5
f 2478//2 2481//2 2630//2 2626//2
f 2486//1 2634//1 2636//1 2487//1
f 2636//3 2639//3 2491//3 2487//3
f 2492//1 2641//1 2642//1 2493//1
f 2491//1 2639//1 2641//1 2492//1
f 2642//3 2653//3 2505//3 2493//3
f 2510//5 2658//5 2657//5 2508//5
f 2514//5 2662//5 2660//5 2512//5
f 2514//2 2515//2 2664//2 2662//2
f 2512//5 2660//5 2658//5 2510//5
f 2499//5 2647//5 2633//5 2484//5
f 2499//2 2508//2 2657//2 2647//2
f 2517//1 2665//1 2667//1 2518//1
f 2667//3 2670//3 2522//3 2518//3
f 2524//1 2672//1 2674//1 2526//1
f 2522//1 2670//1 2672//1 2524//1
f 2534//5 2682//5 2680//5 2532//5
f 2544//5 2692//5 2691//5 2542//5
f 2539//5 2687//5 2682//5 2534//5
f 2539//2 2542//2 2691//2 2687//2
f 2546//1 2694//1 2696//1 2548//1
f 2552//1 2701//1 2702//1 2553//1
f 2702//3 2705//3 2557//3 2553//3
f 2563//5 2712//5 2711//5 2562//5
f 2559//2 2562//2 2711//2 2707//2
f 2570//5 2718//5 2716//5 2568//5
f 2548//1 2696//1 2701//1 2552//1
f 2568//5 2716//5 2712//5 2563//5
f 2526//1 2674//1 2676//1 2527//1
f 2559//5 2707//5 2692//5 2544//5
f 2676//3 2694//3 2546//3 2527//3
f 2572//1 2720//1 2722//1 2574//1
f 2575//1 2724//1 2725//1 2576//1
f 2574//1 2722//1 2724//1 2575//1
f 2591//1 2740//1 2741//1 2592//1
f 2600//1 2748//1 2750//1 2602//1
f 2596//1 2744//1 2748//1 2600//1
f 2741//3 2744//3 2596//3 2592//3
f 2576//1 2725//1 2740//1 2591//1
f 2607//5 2756//5 2755//5 2606//5
f 2611//5 2759//5 2757//5 2609//5
f 2609//5 2757//5 2756//5 2607//5
f 2615//5 2763//5 2761//5 2613//5
f 2619//5 2767//5 2765//5 2617//5
f 2617//5 2765//5 2763//5 2615//5
f 2613//5 2761//5 2759//5 2611//5
f 2557//1 2705//1 2720//1 2572//1
f 2606//5 2755//5 2754//5 2605//5
f 2570//2 2605//2 2754//2 2718//2
f 2505//1 2653//1 2665//1 2517//1
f 2532//5 2680//5 2664//5 2515//5
f 2770//1 3679//1 3681//1 2772//1
f 2776//1 3685//1 3687//1 2778//1
f 3687//3 3690//3 2781//3 2778//3
f 2772//1 3681//1 3685//1 2776//1
f 2799//2 2801//2 3694//2 3692//2
f 2809//2 2811//2 3704//2 3702//2
f 2822//5 3709//5 3707//5 2820//5
f 2820//5 3707//5 3704//5 2811//5
f 2801//2 2809//2 3702//2 3694//2
f 2859//5 3735//5 3733//5 2857//5
f 2867//5 3743//5 3741//5 2865//5
f 2865//5 3741//5 3735//5 2859//5
f 2857//5 3733//5 3709//5 2822//5
f 2873//5 3783//5 3782//5 2872//5
f 2869//2 2872//2 3782//2 3778//2
f 2879//5 3789//5 3788//5 2878//5
f 3786//3 3789//3 2879//3 2877//3
f 2878//5 3788//5 3783//5 2873//5
f 2899//1 3792//1 3794//1 2901//1
f 2903//2 2905//2 3802//2 3800//2
f 2893//1 3790//1 3792//1 2899//1
f 2893//2 2903//2 3800//2 3790//2
f 2941//1 3822//1 3824//1 2943//1
f 2949//1 3830//1 3832//1 2951//1
f 2943//1 3824//1 3830//1 2949//1
f 2965//5 3866//5 3864//5 2963//5
f 2963//5 3864//5 3862//5 2957//5
f 2987//5 3878//5 3876//5 2985//5
f 2995//5 3886//5 3884//5 2993//5
f 2993//5 3884//5 3878//5 2987//5
f 2901//1 3794//1 3822//1 2941//1
f 2985//5 3876//5 3866//5 2965//5
f 2905//2 2957//2 3862//2 3802//2
f 3690//3 3786//3 2877//3 2781//3
f 3040//5 3908//5 3906//5 3038//5
f 3048//5 3916//5 3914//5 3046//5
f 3046//5 3914//5 3908//5 3040//5
f 3091//5 3949//5 3947//5 3089//5
f 3099//5 3957//5 3955//5 3097//5
f 3097//5 3955//5 3949//5 3091//5
f 3089//5 3947//5 3916//5 3048//5
f 4020//3 4021//3 3115//3 3114//3
f 3127//5 4026//5 4024//5 3125//5
f 4034//3 4035//3 3129//3 3128//3
f 3129//5 4035//5 4026//5 3127//5
f 4021//3 4034//3 3128//3 3115//3
f 3169//1 4040//1 4042//1 3171//1
f 3177//1 4048//1 4050//1 3179//1
f 3171//1 4042//1 4048//1 3177//1
f 3213//1 4078//1 4080//1 3215//1
f 3221//1 4086//1 4088//1 3223//1
f 3215//1 4080//1 4086//1 3221//1
f 3247//5 4124//5 4122//5 3245//5
f 3255//5 4132//5 4130//5 3253//5
f 3253//5 4130//5 4124//5 3247//5
f 3277//5 4156//5 4154//5 3275//5
f 3285//5 4164//5 4162//5 3283//5
f 3283//5 4162//5 4156//5 3277//5
f 3179//1 4050//1 4078//1 3213//1
f 3275//5 4154//5 4132//5 3255//5
f 3293//1 4196//1 4198//1 3295//1
f 4214//3 4215//3 3308//3 3307//3
f 3295//1 4198//1 4203//1 3296//1
f 4203//3 4214//3 3307//3 3296//3
f 3316//5 4221//5 4219//5 3314//5
f 3317//5 4226//5 4221//5 3316//5
f 4215//3 4226//3 3317//3 3308//3
f 3125//5 4024//5 3957//5 3099//5
f 3223//1 4088//1 4196//1 3293//1
f 3314//5 4219//5 4164//5 3285//5
f 3321//1 4228//1 4230//1 3323//1
f 3321//2 3325//2 4232//2 4228//2
f 3330//2 3333//2 4240//2 4237//2
f 3338//2 3341//2 4248//2 4245//2
f 3333//2 3338//2 4245//2 4240//2
f 3325//2 3330//2 4237//2 4232//2
f 3346//2 3349//2 4256//2 4253//2
f 3354//2 3357//2 4264//2 4261//2
f 3349//2 3354//2 4261//2 4256//2
f 3362//2 3365//2 4272//2 4269//2
f 3370//2 3373//2 4280//2 4277//2
f 3365//2 3370//2 4277//2 4272//2
f 3357//2 3362//2 4269//2 4264//2
f 3341//2 3346//2 4253//2 4248//2
f 3383//1 4285//1 4287//1 3385//1
f 3393//1 4296//1 4298//1 3395//1
f 3385//1 4287//1 4296//1 3393//1
f 3399//1 4306//1 4308//1 3400//1
f 4308//3 4311//3 3403//3 3400//3
f 4340//3 4343//3 3435//3 3432//3
f 4348//3 4351//3 3443//3 3440//3
f 4343//3 4348//3 3440//3 3435//3
f 3395//1 4298//1 4306//1 3399//1
f 4311//3 4340//3 3432//3 3403//3
f 4380//3 4383//3 3475//3 3472//3
f 4388//3 4391//3 3483//3 3480//3
f 4383//3 4388//3 3480//3 3475//3
f 4420//3 4423//3 3515//3 3512//3
f 4428//3 4431//3 3523//3 3520//3
f 4423//3 4428//3 3520//3 3515//3
f 4391//3 4420//3 3512//3 3483//3
f 4351//3 4380//3 3472//3 3443//3
f 3038//5 3906//5 3743//5 2867//5
f 2951//1 3832//1 4040//1 3169//1
f 3245//5 4122//5 3886//5 2995//5
f 3323//1 4230//1 4285//1 3383//1
f 3527//2 3530//2 4437//2 4434//2
f 3535//2 3538//2 4445//2 4442//2
f 3530//2 3535//2 4442//2 4437//2
f 3543//2 3546//2 4453//2 4450//2
f 3556//5 4463//5 4461//5 3554//5
f 3551//2 3554//2 4461//2 4458//2
f 3546//2 3551//2 4458//2 4453//2
f 3538//2 3543//2 4450//2 4445//2
f 4493//3 4496//3 3588//3 3585//3
f 4501//3 4504//3 3596//3 3593//3
f 4496//3 4501//3 3593//3 3588//3
f 3619//5 4521//5 4519//5 3617//5
f 3629//5 4532//5 4530//5 3627//5
f 3627//5 4530//5 4521//5 3619//5
f 4542//3 4545//3 3637//3 3634//3
f 3645//5 4553//5 4551//5 3644//5
f 4550//3 4553//3 3645//3 3642//3
f 4545//3 4550//3 3642//3 3637//3
f 3644//5 4551//5 4532//5 3629//5
f 4504//3 4542//3 3634//3 3596//3
f 3646//1 4556//1 4557//1 3647//1
f 3647//1 4557//1 4558//1 3648//1
f 3649//2 3651//2 4561//2 4559//2
f 4563//3 4564//3 3654//3 3653//3
f 3655//2 3657//2 4567//2 4565//2
f 4569//3 4570//3 3660//3 3659//3
f 3651//2 3655//2 4565//2 4561//2
f 4564//3 4569//3 3659//3 3654//3
f 3661//2 3663//2 4573//2 4571//2
f 4575//3 4576//3 3666//3 3665//3
f 3667//2 3669//2 4579//2 4577//2
f 4581//3 4582//3 3672//3 3671//3
f 3663//2 3667//2 4577//2 4573//2
f 4576//3 4581//3 3671//3 3666//3
f 3657//2 3661//2 4571//2 4567//2
f 4570//3 4575//3 3665//3 3660//3
f 3676//5 4586//5 4585//5 3675//5
f 3673//2 3675//2 4585//2 4583//2
f 4587//3 4588//3 3678//3 3677//3
f 3678//5 4588//5 4586//5 3676//5
f 3669//2 3673//2 4583//2 4579//2
f 4582//3 4587//3 3677//3 3672//3
f 3617//5 4519//5 4463//5 3556//5
f 3646//2 3649//2 4559//2 4556//2
f 4558//3 4563//3 3653//3 3648//3
f 3373//2 3527//2 4434//2 4280//2
f 4431//3 4493//3 3585//3 3523//3
f 2602//1 2750//1 3679//1 2770//1
f 2869//5 3778//5 2767//5 2619//5
f 134//2 2472//2 2620//2 276//2
f 285//3 2634//3 2486//3 143//3
f 1058//2 2799//2 3692//2 2145//2
f 2469//3 4020//3 3114//3 1378//3
