# Blender 5.1.2
# www.blender.org
mtllib exoscope.mtl
o RenderMesh_17249769159
v -0.360734 -0.290347 -0.114379
v -0.360734 -0.290347 -0.096782
v -0.360734 -0.290347 -0.079185
v -0.360734 -0.290347 -0.061589
v -0.360734 -0.290347 -0.043992
v -0.360734 -0.290347 -0.026395
v -0.360734 -0.290347 -0.008798
v -0.343137 -0.290347 -0.114379
v -0.343137 -0.290347 -0.096782
v -0.343137 -0.290347 -0.079185
v -0.343137 -0.290347 -0.061589
v -0.343137 -0.290347 -0.043992
v -0.343137 -0.290347 -0.026395
v -0.343137 -0.290347 -0.008798
v -0.466314 -0.219960 -0.149573
v -0.431121 -0.255153 -0.149573
v -0.448718 -0.237556 -0.167169
v -0.448718 -0.237556 -0.149573
v -0.448718 -0.219960 -0.167169
v -0.448718 -0.219960 -0.149573
v -0.431121 -0.237556 -0.167169
v -0.431121 -0.237556 -0.149573
v -0.431121 -0.219960 -0.167169
v -0.431121 -0.219960 -0.149573
v -0.483911 -0.184766 -0.149573
v -0.466314 -0.202363 -0.167169
v -0.466314 -0.202363 -0.149573
v -0.466314 -0.184766 -0.167169
v -0.466314 -0.184766 -0.149573
v -0.466314 -0.167169 -0.184766
v -0.466314 -0.149573 -0.184766
v -0.483911 -0.167169 -0.167169
v -0.483911 -0.167169 -0.149573
v -0.483911 -0.149573 -0.167169
v -0.483911 -0.149573 -0.149573
v -0.466314 -0.167169 -0.167169
v -0.466314 -0.167169 -0.149573
v -0.466314 -0.149573 -0.167169
v -0.466314 -0.149573 -0.149573
v -0.448718 -0.202363 -0.184766
v -0.448718 -0.184766 -0.184766
v -0.431121 -0.202363 -0.184766
v -0.431121 -0.184766 -0.184766
v -0.448718 -0.202363 -0.167169
v -0.448718 -0.202363 -0.149573
v -0.448718 -0.184766 -0.167169
v -0.448718 -0.184766 -0.149573
v -0.431121 -0.202363 -0.167169
v -0.431121 -0.202363 -0.149573
v -0.431121 -0.184766 -0.167169
v -0.431121 -0.184766 -0.149573
v -0.448718 -0.167169 -0.184766
v -0.448718 -0.149573 -0.184766
v -0.448718 -0.167169 -0.167169
v -0.448718 -0.167169 -0.149573
v -0.448718 -0.149573 -0.167169
v -0.448718 -0.149573 -0.149573
v -0.501508 -0.167169 -0.114379
v -0.501508 -0.149573 -0.131976
v -0.501508 -0.149573 -0.114379
v -0.501508 -0.167169 -0.096782
v -0.501508 -0.167169 -0.079185
v -0.501508 -0.149573 -0.096782
v -0.501508 -0.149573 -0.079185
v -0.501508 -0.167169 -0.061589
v -0.501508 -0.167169 -0.043992
v -0.501508 -0.149573 -0.061589
v -0.501508 -0.149573 -0.043992
v -0.501508 -0.167169 -0.026395
v -0.501508 -0.167169 -0.008798
v -0.501508 -0.149573 -0.026395
v -0.501508 -0.149573 -0.008798
v -0.483911 -0.219960 -0.114379
v -0.466314 -0.237556 -0.131976
v -0.466314 -0.237556 -0.114379
v -0.466314 -0.219960 -0.131976
v -0.466314 -0.219960 -0.114379
v -0.483911 -0.219960 -0.096782
v -0.483911 -0.219960 -0.079185
v -0.466314 -0.237556 -0.096782
v -0.466314 -0.237556 -0.079185
v -0.466314 -0.219960 -0.096782
v -0.466314 -0.219960 -0.079185
v -0.448718 -0.255153 -0.114379
v -0.431121 -0.255153 -0.131976
v -0.431121 -0.255153 -0.114379
v -0.448718 -0.255153 -0.096782
v -0.448718 -0.255153 -0.079185
v -0.431121 -0.255153 -0.096782
v -0.431121 -0.255153 -0.079185
v -0.448718 -0.237556 -0.131976
v -0.448718 -0.237556 -0.114379
v -0.448718 -0.219960 -0.131976
v -0.431121 -0.237556 -0.131976
v -0.431121 -0.237556 -0.114379
v -0.431121 -0.219960 -0.131976
v -0.448718 -0.237556 -0.096782
v -0.448718 -0.237556 -0.079185
v -0.483911 -0.219960 -0.061589
v -0.483911 -0.219960 -0.043992
v -0.466314 -0.237556 -0.061589
v -0.466314 -0.237556 -0.043992
v -0.466314 -0.219960 -0.061589
v -0.466314 -0.219960 -0.043992
v -0.483911 -0.219960 -0.026395
v -0.483911 -0.219960 -0.008798
v -0.466314 -0.237556 -0.026395
v -0.466314 -0.237556 -0.008798
v -0.466314 -0.219960 -0.026395
v -0.466314 -0.219960 -0.008798
v -0.448718 -0.255153 -0.061589
v -0.448718 -0.255153 -0.043992
v -0.431121 -0.255153 -0.061589
v -0.431121 -0.255153 -0.043992
v -0.448718 -0.255153 -0.026395
v -0.448718 -0.255153 -0.008798
v -0.431121 -0.255153 -0.026395
v -0.431121 -0.255153 -0.008798
v -0.448718 -0.237556 -0.061589
v -0.448718 -0.237556 -0.043992
v -0.448718 -0.237556 -0.026395
v -0.448718 -0.237556 -0.008798
v -0.483911 -0.202363 -0.131976
v -0.483911 -0.202363 -0.114379
v -0.483911 -0.184766 -0.131976
v -0.483911 -0.184766 -0.114379
v -0.466314 -0.202363 -0.131976
v -0.466314 -0.202363 -0.114379
v -0.466314 -0.184766 -0.131976
v -0.483911 -0.202363 -0.096782
v -0.483911 -0.202363 -0.079185
v -0.483911 -0.184766 -0.096782
v -0.483911 -0.184766 -0.079185
v -0.483911 -0.167169 -0.131976
v -0.483911 -0.167169 -0.114379
v -0.483911 -0.149573 -0.131976
v -0.483911 -0.149573 -0.114379
v -0.483911 -0.167169 -0.096782
v -0.483911 -0.167169 -0.079185
v -0.448718 -0.184766 -0.131976
v -0.431121 -0.202363 -0.131976
v -0.431121 -0.184766 -0.131976
v -0.448718 -0.167169 -0.131976
v -0.448718 -0.149573 -0.131976
v -0.431121 -0.167169 -0.131976
v -0.431121 -0.149573 -0.131976
v -0.483911 -0.202363 -0.061589
v -0.483911 -0.202363 -0.043992
v -0.483911 -0.184766 -0.061589
v -0.483911 -0.184766 -0.043992
v -0.483911 -0.202363 -0.026395
v -0.483911 -0.202363 -0.008798
v -0.483911 -0.184766 -0.026395
v -0.483911 -0.184766 -0.008798
v -0.483911 -0.167169 -0.061589
v -0.483911 -0.167169 -0.043992
v -0.483911 -0.167169 -0.026395
v -0.483911 -0.167169 -0.008798
v -0.466314 -0.131976 -0.184766
v -0.466314 -0.114379 -0.184766
v -0.483911 -0.131976 -0.167169
v -0.483911 -0.131976 -0.149573
v -0.483911 -0.114379 -0.167169
v -0.483911 -0.114379 -0.149573
v -0.466314 -0.131976 -0.167169
v -0.466314 -0.131976 -0.149573
v -0.466314 -0.114379 -0.167169
v -0.466314 -0.096782 -0.184766
v -0.483911 -0.096782 -0.167169
v -0.483911 -0.096782 -0.149573
v -0.483911 -0.079186 -0.149573
v -0.466314 -0.096782 -0.167169
v -0.466314 -0.096782 -0.149573
v -0.466314 -0.079186 -0.167169
v -0.466314 -0.079186 -0.149573
v -0.448718 -0.131976 -0.184766
v -0.448718 -0.114379 -0.184766
v -0.448718 -0.131976 -0.167169
v -0.448718 -0.131976 -0.149573
v -0.448718 -0.114379 -0.167169
v -0.448718 -0.114379 -0.149573
v -0.448718 -0.096782 -0.184766
v -0.448718 -0.079186 -0.184766
v -0.431121 -0.079186 -0.184766
v -0.448718 -0.096782 -0.167169
v -0.448718 -0.096782 -0.149573
v -0.448718 -0.079186 -0.167169
v -0.448718 -0.079186 -0.149573
v -0.431121 -0.096782 -0.149573
v -0.431121 -0.079186 -0.167169
v -0.431121 -0.079186 -0.149573
v -0.466314 -0.061589 -0.167169
v -0.466314 -0.061589 -0.149573
v -0.466314 -0.043992 -0.149573
v -0.448718 -0.061589 -0.184766
v -0.431121 -0.061589 -0.184766
v -0.431121 -0.043992 -0.184766
v -0.448718 -0.061589 -0.167169
v -0.448718 -0.061589 -0.149573
v -0.448718 -0.043992 -0.167169
v -0.448718 -0.043992 -0.149573
v -0.431121 -0.061589 -0.167169
v -0.431121 -0.061589 -0.149573
v -0.431121 -0.043992 -0.167169
v -0.431121 -0.043992 -0.149573
v -0.448718 -0.026395 -0.149573
v -0.431121 -0.026395 -0.167169
v -0.431121 -0.026395 -0.149573
v -0.501508 -0.131976 -0.131976
v -0.501508 -0.131976 -0.114379
v -0.501508 -0.114379 -0.131976
v -0.501508 -0.114379 -0.114379
v -0.501508 -0.131976 -0.096782
v -0.501508 -0.131976 -0.079185
v -0.501508 -0.114379 -0.096782
v -0.501508 -0.114379 -0.079185
v -0.501508 -0.096782 -0.114379
v -0.501508 -0.096782 -0.096782
v -0.501508 -0.096782 -0.079185
v -0.501508 -0.131976 -0.061589
v -0.501508 -0.131976 -0.043992
v -0.501508 -0.114379 -0.061589
v -0.501508 -0.114379 -0.043992
v -0.501508 -0.131976 -0.026395
v -0.501508 -0.131976 -0.008798
v -0.501508 -0.114379 -0.026395
v -0.501508 -0.114379 -0.008798
v -0.501508 -0.096782 -0.061589
v -0.501508 -0.096782 -0.043992
v -0.501508 -0.096782 -0.026395
v -0.501508 -0.096782 -0.008798
v -0.483911 -0.131976 -0.131976
v -0.483911 -0.114379 -0.131976
v -0.483911 -0.114379 -0.114379
v -0.483911 -0.096782 -0.131976
v -0.483911 -0.096782 -0.114379
v -0.483911 -0.079185 -0.131976
v -0.483911 -0.079185 -0.114379
v -0.466314 -0.079185 -0.131976
v -0.466314 -0.079185 -0.114379
v -0.483911 -0.096782 -0.096782
v -0.483911 -0.096782 -0.079185
v -0.483911 -0.079185 -0.096782
v -0.483911 -0.079185 -0.079185
v -0.448718 -0.131976 -0.131976
v -0.448718 -0.114379 -0.131976
v -0.431121 -0.131976 -0.131976
v -0.431121 -0.114379 -0.131976
v -0.448718 -0.096782 -0.131976
v -0.431121 -0.096782 -0.131976
v -0.431121 -0.079185 -0.131976
v -0.483911 -0.096782 -0.061589
v -0.483911 -0.096782 -0.043992
v -0.483911 -0.079185 -0.061589
v -0.483911 -0.079185 -0.043992
v -0.483911 -0.096782 -0.026395
v -0.483911 -0.096782 -0.008798
v -0.483911 -0.079185 -0.026395
v -0.483911 -0.079185 -0.008798
v -0.483911 -0.061589 -0.114379
v -0.466314 -0.061589 -0.131976
v -0.466314 -0.061589 -0.114379
v -0.466314 -0.043992 -0.131976
v -0.466314 -0.043992 -0.114379
v -0.483911 -0.061589 -0.096782
v -0.483911 -0.061589 -0.079185
v -0.466314 -0.061589 -0.096782
v -0.466314 -0.061589 -0.079185
v -0.466314 -0.043992 -0.096782
v -0.466314 -0.043992 -0.079185
v -0.466314 -0.026395 -0.131976
v -0.466314 -0.026395 -0.114379
v -0.466314 -0.026395 -0.096782
v -0.466314 -0.026395 -0.079185
v -0.448718 -0.043992 -0.131976
v -0.431121 -0.061589 -0.131976
v -0.448718 -0.026395 -0.131976
v -0.448718 -0.026395 -0.114379
v -0.431121 -0.026395 -0.131976
v -0.431121 -0.026395 -0.114379
v -0.431121 -0.008798 -0.131976
v -0.431121 -0.008798 -0.114379
v -0.448718 -0.026395 -0.096782
v -0.448718 -0.026395 -0.079185
v -0.431121 -0.026395 -0.096782
v -0.431121 -0.026395 -0.079185
v -0.431121 -0.008798 -0.096782
v -0.431121 -0.008798 -0.079185
v -0.483911 -0.061589 -0.061589
v -0.483911 -0.061589 -0.043992
v -0.466314 -0.061589 -0.061589
v -0.466314 -0.061589 -0.043992
v -0.466314 -0.043992 -0.061589
v -0.466314 -0.043992 -0.043992
v -0.483911 -0.061589 -0.026395
v -0.483911 -0.061589 -0.008798
v -0.466314 -0.061589 -0.026395
v -0.466314 -0.061589 -0.008798
v -0.466314 -0.043992 -0.026395
v -0.466314 -0.043992 -0.008798
v -0.466314 -0.026395 -0.061589
v -0.466314 -0.026395 -0.043992
v -0.466314 -0.026395 -0.026395
v -0.466314 -0.026395 -0.008798
v -0.448718 -0.026395 -0.061589
v -0.448718 -0.026395 -0.043992
v -0.431121 -0.026395 -0.061589
v -0.431121 -0.026395 -0.043992
v -0.431121 -0.008798 -0.061589
v -0.431121 -0.008798 -0.043992
v -0.448718 -0.026395 -0.026395
v -0.448718 -0.026395 -0.008798
v -0.431121 -0.026395 -0.026395
v -0.431121 -0.026395 -0.008798
v -0.431121 -0.008798 -0.026395
v -0.431121 -0.008798 -0.008798
v -0.413524 -0.255153 -0.167169
v -0.413524 -0.255153 -0.149573
v -0.395927 -0.255153 -0.167169
v -0.395927 -0.255153 -0.149573
v -0.413524 -0.237556 -0.184766
v -0.413524 -0.219960 -0.184766
v -0.395927 -0.237556 -0.184766
v -0.395927 -0.219960 -0.184766
v -0.413524 -0.237556 -0.167169
v -0.413524 -0.237556 -0.149573
v -0.413524 -0.219960 -0.167169
v -0.413524 -0.219960 -0.149573
v -0.395927 -0.237556 -0.167169
v -0.395927 -0.219960 -0.167169
v -0.395927 -0.219960 -0.149573
v -0.360734 -0.255153 -0.184766
v -0.378331 -0.272750 -0.149573
v -0.378331 -0.255153 -0.167169
v -0.378331 -0.255153 -0.149573
v -0.360734 -0.272750 -0.167169
v -0.360734 -0.272750 -0.149573
v -0.360734 -0.255153 -0.167169
v -0.360734 -0.255153 -0.149573
v -0.378331 -0.237556 -0.184766
v -0.378331 -0.219960 -0.184766
v -0.360734 -0.237556 -0.184766
v -0.378331 -0.237556 -0.167169
v -0.378331 -0.237556 -0.149573
v -0.378331 -0.219960 -0.167169
v -0.378331 -0.219960 -0.149573
v -0.360734 -0.237556 -0.167169
v -0.360734 -0.237556 -0.149573
v -0.343137 -0.255153 -0.184766
v -0.343137 -0.272750 -0.167169
v -0.343137 -0.272750 -0.149573
v -0.343137 -0.255153 -0.167169
v -0.343137 -0.255153 -0.149573
v -0.325540 -0.272750 -0.149573
v -0.325540 -0.255153 -0.167169
v -0.325540 -0.255153 -0.149573
v -0.343137 -0.237556 -0.184766
v -0.325540 -0.237556 -0.184766
v -0.325540 -0.219960 -0.184766
v -0.343137 -0.237556 -0.167169
v -0.343137 -0.237556 -0.149573
v -0.325540 -0.237556 -0.167169
v -0.325540 -0.237556 -0.149573
v -0.325540 -0.219960 -0.167169
v -0.325540 -0.219960 -0.149573
v -0.307944 -0.255153 -0.167169
v -0.307944 -0.255153 -0.149573
v -0.290347 -0.255153 -0.149573
v -0.307944 -0.237556 -0.184766
v -0.307944 -0.219960 -0.184766
v -0.290347 -0.219960 -0.184766
v -0.307944 -0.237556 -0.167169
v -0.307944 -0.237556 -0.149573
v -0.307944 -0.219960 -0.167169
v -0.307944 -0.219960 -0.149573
v -0.290347 -0.237556 -0.167169
v -0.290347 -0.237556 -0.149573
v -0.290347 -0.219960 -0.167169
v -0.290347 -0.219960 -0.149573
v -0.290347 -0.202363 -0.184766
v -0.290347 -0.202363 -0.167169
v -0.290347 -0.202363 -0.149573
v -0.413524 -0.272750 -0.114379
v -0.413524 -0.255153 -0.131976
v -0.413524 -0.255153 -0.114379
v -0.395927 -0.272750 -0.131976
v -0.395927 -0.272750 -0.114379
v -0.395927 -0.255153 -0.131976
v -0.395927 -0.255153 -0.114379
v -0.413524 -0.272750 -0.096782
v -0.413524 -0.272750 -0.079185
v -0.413524 -0.255153 -0.096782
v -0.413524 -0.255153 -0.079185
v -0.395927 -0.272750 -0.096782
v -0.395927 -0.272750 -0.079185
v -0.413524 -0.219960 -0.131976
v -0.395927 -0.219960 -0.131976
v -0.378331 -0.272750 -0.131976
v -0.378331 -0.272750 -0.114379
v -0.378331 -0.255153 -0.131976
v -0.360734 -0.272750 -0.131976
v -0.360734 -0.272750 -0.114379
v -0.378331 -0.272750 -0.096782
v -0.378331 -0.272750 -0.079185
v -0.360734 -0.272750 -0.096782
v -0.360734 -0.272750 -0.079185
v -0.378331 -0.237556 -0.131976
v -0.378331 -0.219960 -0.131976
v -0.360734 -0.237556 -0.131976
v -0.360734 -0.219960 -0.131976
v -0.413524 -0.272750 -0.061589
v -0.413524 -0.272750 -0.043992
v -0.413524 -0.255153 -0.061589
v -0.413524 -0.255153 -0.043992
v -0.395927 -0.272750 -0.061589
v -0.395927 -0.272750 -0.043992
v -0.413524 -0.272750 -0.026395
v -0.413524 -0.272750 -0.008798
v -0.413524 -0.255153 -0.026395
v -0.413524 -0.255153 -0.008798
v -0.395927 -0.272750 -0.026395
v -0.395927 -0.272750 -0.008798
v -0.378331 -0.272750 -0.061589
v -0.378331 -0.272750 -0.043992
v -0.360734 -0.272750 -0.061589
v -0.360734 -0.272750 -0.043992
v -0.378331 -0.272750 -0.026395
v -0.378331 -0.272750 -0.008798
v -0.360734 -0.272750 -0.026395
v -0.360734 -0.272750 -0.008798
v -0.413524 -0.202363 -0.131976
v -0.413524 -0.184766 -0.131976
v -0.395927 -0.202363 -0.131976
v -0.395927 -0.184766 -0.131976
v -0.413524 -0.167169 -0.131976
v -0.413524 -0.149573 -0.131976
v -0.395927 -0.167169 -0.131976
v -0.395927 -0.149573 -0.131976
v -0.378331 -0.202363 -0.131976
v -0.378331 -0.184766 -0.131976
v -0.360734 -0.202363 -0.131976
v -0.360734 -0.184766 -0.131976
v -0.378331 -0.167169 -0.131976
v -0.378331 -0.149573 -0.131976
v -0.360734 -0.167169 -0.131976
v -0.360734 -0.149573 -0.131976
v -0.343137 -0.272750 -0.131976
v -0.343137 -0.272750 -0.114379
v -0.325540 -0.272750 -0.131976
v -0.325540 -0.272750 -0.114379
v -0.325540 -0.255153 -0.131976
v -0.343137 -0.272750 -0.096782
v -0.343137 -0.272750 -0.079185
v -0.325540 -0.272750 -0.096782
v -0.325540 -0.272750 -0.079185
v -0.343137 -0.237556 -0.131976
v -0.343137 -0.219960 -0.131976
v -0.325540 -0.237556 -0.131976
v -0.325540 -0.219960 -0.131976
v -0.307944 -0.272750 -0.131976
v -0.307944 -0.272750 -0.114379
v -0.307944 -0.255153 -0.131976
v -0.307944 -0.255153 -0.114379
v -0.290347 -0.255153 -0.131976
v -0.290347 -0.255153 -0.114379
v -0.307944 -0.272750 -0.096782
v -0.307944 -0.272750 -0.079185
v -0.307944 -0.255153 -0.096782
v -0.307944 -0.255153 -0.079185
v -0.290347 -0.255153 -0.096782
v -0.290347 -0.255153 -0.079185
v -0.307944 -0.219960 -0.131976
v -0.290347 -0.237556 -0.131976
v -0.290347 -0.219960 -0.131976
v -0.343137 -0.272750 -0.061589
v -0.343137 -0.272750 -0.043992
v -0.325540 -0.272750 -0.061589
v -0.325540 -0.272750 -0.043992
v -0.343137 -0.272750 -0.026395
v -0.343137 -0.272750 -0.008798
v -0.325540 -0.272750 -0.026395
v -0.325540 -0.272750 -0.008798
v -0.307944 -0.272750 -0.061589
v -0.307944 -0.272750 -0.043992
v -0.307944 -0.255153 -0.061589
v -0.307944 -0.255153 -0.043992
v -0.290347 -0.255153 -0.061589
v -0.290347 -0.255153 -0.043992
v -0.307944 -0.272750 -0.026395
v -0.307944 -0.272750 -0.008798
v -0.307944 -0.255153 -0.026395
v -0.307944 -0.255153 -0.008798
v -0.290347 -0.255153 -0.026395
v -0.290347 -0.255153 -0.008798
v -0.343137 -0.202363 -0.131976
v -0.343137 -0.184766 -0.131976
v -0.325540 -0.202363 -0.131976
v -0.325540 -0.184766 -0.131976
v -0.343137 -0.167169 -0.131976
v -0.343137 -0.149573 -0.131976
v -0.325540 -0.167169 -0.131976
v -0.325540 -0.149573 -0.131976
v -0.307944 -0.202363 -0.131976
v -0.307944 -0.184766 -0.131976
v -0.290347 -0.202363 -0.131976
v -0.290347 -0.184766 -0.131976
v -0.307944 -0.167169 -0.131976
v -0.307944 -0.149573 -0.131976
v -0.290347 -0.167169 -0.131976
v -0.290347 -0.149573 -0.131976
v -0.413524 -0.061589 -0.184766
v -0.413524 -0.043992 -0.184766
v -0.395927 -0.043992 -0.184766
v -0.413524 -0.061589 -0.167169
v -0.413524 -0.061589 -0.149573
v -0.413524 -0.043992 -0.167169
v -0.413524 -0.043992 -0.149573
v -0.395927 -0.043992 -0.167169
v -0.395927 -0.043992 -0.149573
v -0.395927 -0.026395 -0.184766
v -0.413524 -0.026395 -0.167169
v -0.413524 -0.026395 -0.149573
v -0.413524 -0.008798 -0.149573
v -0.395927 -0.026395 -0.167169
v -0.395927 -0.026395 -0.149573
v -0.395927 -0.008798 -0.167169
v -0.395927 -0.008798 -0.149573
v -0.378331 -0.043992 -0.184766
v -0.378331 -0.043992 -0.167169
v -0.378331 -0.043992 -0.149573
v -0.360734 -0.043992 -0.167169
v -0.360734 -0.043992 -0.149573
v -0.378331 -0.026395 -0.184766
v -0.378331 -0.026395 -0.167169
v -0.378331 -0.008798 -0.167169
v -0.378331 -0.008798 -0.149573
v -0.360734 -0.026395 -0.167169
v -0.360734 -0.026395 -0.149573
v -0.360734 -0.008798 -0.167169
v -0.360734 -0.008798 -0.149573
v -0.343137 -0.043992 -0.184766
v -0.325540 -0.043992 -0.184766
v -0.343137 -0.043992 -0.167169
v -0.343137 -0.043992 -0.149573
v -0.325540 -0.043992 -0.167169
v -0.325540 -0.043992 -0.149573
v -0.343137 -0.026395 -0.184766
v -0.325540 -0.026395 -0.184766
v -0.343137 -0.026395 -0.167169
v -0.343137 -0.026395 -0.149573
v -0.343137 -0.008798 -0.167169
v -0.343137 -0.008798 -0.149573
v -0.325540 -0.026395 -0.167169
v -0.325540 -0.026395 -0.149573
v -0.325540 -0.008798 -0.167169
v -0.325540 -0.008798 -0.149573
v -0.290347 -0.061589 -0.184766
v -0.290347 -0.043992 -0.184766
v -0.307944 -0.061589 -0.167169
v -0.307944 -0.061589 -0.149573
v -0.307944 -0.043992 -0.167169
v -0.307944 -0.043992 -0.149573
v -0.290347 -0.061589 -0.167169
v -0.290347 -0.061589 -0.149573
v -0.290347 -0.043992 -0.167169
v -0.307944 -0.026395 -0.167169
v -0.307944 -0.026395 -0.149573
v -0.307944 -0.008798 -0.149573
v -0.290347 -0.026395 -0.167169
v -0.290347 -0.026395 -0.149573
v -0.413524 -0.131976 -0.131976
v -0.413524 -0.114379 -0.131976
v -0.395927 -0.131976 -0.131976
v -0.395927 -0.114379 -0.131976
v -0.413524 -0.096782 -0.131976
v -0.413524 -0.079185 -0.131976
v -0.395927 -0.096782 -0.131976
v -0.395927 -0.079185 -0.131976
v -0.378331 -0.131976 -0.131976
v -0.378331 -0.114379 -0.131976
v -0.360734 -0.131976 -0.131976
v -0.360734 -0.114379 -0.131976
v -0.378331 -0.096782 -0.131976
v -0.378331 -0.079185 -0.131976
v -0.360734 -0.096782 -0.131976
v -0.360734 -0.079185 -0.131976
v -0.413524 -0.061589 -0.131976
v -0.413524 -0.043992 -0.131976
v -0.395927 -0.061589 -0.131976
v -0.395927 -0.043992 -0.131976
v -0.413524 -0.026395 -0.131976
v -0.413524 -0.008798 -0.131976
v -0.413524 -0.008798 -0.114379
v -0.395927 -0.008798 -0.131976
v -0.395927 -0.008798 -0.114379
v -0.413524 -0.008798 -0.096782
v -0.413524 -0.008798 -0.079185
v -0.395927 -0.008798 -0.096782
v -0.395927 -0.008798 -0.079185
v -0.378331 -0.061589 -0.131976
v -0.378331 -0.043992 -0.131976
v -0.360734 -0.061589 -0.131976
v -0.360734 -0.043992 -0.131976
v -0.378331 -0.008798 -0.131976
v -0.378331 -0.008798 -0.114379
v -0.360734 -0.026395 -0.131976
v -0.360734 -0.008798 -0.131976
v -0.413524 -0.008798 -0.061589
v -0.413524 -0.008798 -0.043992
v -0.395927 -0.008798 -0.061589
v -0.395927 -0.008798 -0.043992
v -0.413524 -0.008798 -0.026395
v -0.413524 -0.008798 -0.008798
v -0.395927 -0.008798 -0.026395
v -0.395927 -0.008798 -0.008798
v -0.343137 -0.131976 -0.131976
v -0.343137 -0.114379 -0.131976
v -0.325540 -0.131976 -0.131976
v -0.325540 -0.114379 -0.131976
v -0.343137 -0.096782 -0.131976
v -0.343137 -0.079185 -0.131976
v -0.325540 -0.096782 -0.131976
v -0.325540 -0.079185 -0.131976
v -0.307944 -0.131976 -0.131976
v -0.307944 -0.114379 -0.131976
v -0.290347 -0.131976 -0.131976
v -0.290347 -0.114379 -0.131976
v -0.307944 -0.096782 -0.131976
v -0.307944 -0.079185 -0.131976
v -0.290347 -0.096782 -0.131976
v -0.290347 -0.079185 -0.131976
v -0.343137 -0.061589 -0.131976
v -0.343137 -0.043992 -0.131976
v -0.325540 -0.061589 -0.131976
v -0.325540 -0.043992 -0.131976
v -0.343137 -0.026395 -0.131976
v -0.343137 -0.008798 -0.131976
v -0.325540 -0.008798 -0.131976
v -0.325540 -0.008798 -0.114379
v -0.325540 -0.008798 -0.096782
v -0.325540 -0.008798 -0.079185
v -0.307944 -0.061589 -0.131976
v -0.307944 -0.043992 -0.131976
v -0.290347 -0.061589 -0.131976
v -0.307944 -0.026395 -0.131976
v -0.307944 -0.008798 -0.131976
v -0.307944 -0.008798 -0.114379
v -0.290347 -0.026395 -0.131976
v -0.290347 -0.026395 -0.114379
v -0.290347 -0.008798 -0.131976
v -0.290347 -0.008798 -0.114379
v -0.307944 -0.008798 -0.096782
v -0.307944 -0.008798 -0.079185
v -0.290347 -0.008798 -0.096782
v -0.290347 -0.008798 -0.079185
v -0.325540 -0.008798 -0.061589
v -0.325540 -0.008798 -0.043992
v -0.325540 -0.008798 -0.026395
v -0.325540 -0.008798 -0.008798
v -0.307944 -0.008798 -0.061589
v -0.307944 -0.008798 -0.043992
v -0.290347 -0.008798 -0.061589
v -0.290347 -0.008798 -0.043992
v -0.307944 -0.008798 -0.026395
v -0.307944 -0.008798 -0.008798
v -0.290347 -0.008798 -0.026395
v -0.290347 -0.008798 -0.008798
v -0.184766 -0.290347 -0.096782
v -0.184766 -0.290347 -0.079185
v -0.167169 -0.290347 -0.096782
v -0.167169 -0.290347 -0.079185
v -0.149573 -0.290347 -0.096782
v -0.149573 -0.290347 -0.079185
v -0.184766 -0.290347 -0.061589
v -0.184766 -0.290347 -0.043992
v -0.184766 -0.290347 -0.026395
v -0.184766 -0.290347 -0.008798
v -0.167169 -0.290347 -0.061589
v -0.167169 -0.290347 -0.043992
v -0.149573 -0.290347 -0.061589
v -0.149573 -0.290347 -0.043992
v -0.167169 -0.290347 -0.026395
v -0.167169 -0.290347 -0.008798
v -0.149573 -0.290347 -0.026395
v -0.149573 -0.290347 -0.008798
v -0.131976 -0.290347 -0.096782
v -0.131976 -0.290347 -0.079185
v -0.114379 -0.290347 -0.096782
v -0.114379 -0.290347 -0.079185
v -0.096782 -0.290347 -0.096782
v -0.096782 -0.290347 -0.079185
v -0.079185 -0.290347 -0.096782
v -0.079185 -0.290347 -0.079185
v -0.131976 -0.290347 -0.061589
v -0.131976 -0.290347 -0.043992
v -0.114379 -0.290347 -0.061589
v -0.114379 -0.290347 -0.043992
v -0.131976 -0.290347 -0.026395
v -0.131976 -0.290347 -0.008798
v -0.114379 -0.290347 -0.026395
v -0.114379 -0.290347 -0.008798
v -0.096782 -0.290347 -0.061589
v -0.096782 -0.290347 -0.043992
v -0.079185 -0.290347 -0.061589
v -0.079185 -0.290347 -0.043992
v -0.096782 -0.290347 -0.026395
v -0.096782 -0.290347 -0.008798
v -0.079185 -0.290347 -0.026395
v -0.079185 -0.290347 -0.008798
v -0.061589 -0.290347 -0.096782
v -0.061589 -0.290347 -0.079185
v -0.043992 -0.290347 -0.096782
v -0.043992 -0.290347 -0.079185
v -0.026395 -0.290347 -0.096782
v -0.026395 -0.290347 -0.079185
v -0.008798 -0.290347 -0.096782
v -0.008798 -0.290347 -0.079185
v -0.061589 -0.290347 -0.061589
v -0.061589 -0.290347 -0.043992
v -0.043992 -0.290347 -0.061589
v -0.043992 -0.290347 -0.043992
v -0.061589 -0.290347 -0.026395
v -0.061589 -0.290347 -0.008798
v -0.043992 -0.290347 -0.026395
v -0.043992 -0.290347 -0.008798
v -0.026395 -0.290347 -0.061589
v -0.026395 -0.290347 -0.043992
v -0.008798 -0.290347 -0.061589
v -0.008798 -0.290347 -0.043992
v -0.026395 -0.290347 -0.026395
v -0.026395 -0.290347 -0.008798
v -0.008798 -0.290347 -0.026395
v -0.008798 -0.290347 -0.008798
v -0.272750 -0.219960 -0.184766
v -0.272750 -0.237556 -0.167169
v -0.272750 -0.237556 -0.149573
v -0.272750 -0.219960 -0.167169
v -0.255153 -0.237556 -0.167169
v -0.255153 -0.237556 -0.149573
v -0.255153 -0.219960 -0.167169
v -0.255153 -0.219960 -0.149573
v -0.272750 -0.202363 -0.184766
v -0.272750 -0.184766 -0.184766
v -0.255153 -0.184766 -0.184766
v -0.272750 -0.202363 -0.167169
v -0.272750 -0.202363 -0.149573
v -0.272750 -0.184766 -0.167169
v -0.272750 -0.184766 -0.149573
v -0.255153 -0.202363 -0.167169
v -0.255153 -0.202363 -0.149573
v -0.255153 -0.184766 -0.167169
v -0.255153 -0.184766 -0.149573
v -0.272750 -0.167169 -0.184766
v -0.255153 -0.167169 -0.184766
v -0.255153 -0.149573 -0.184766
v -0.272750 -0.167169 -0.167169
v -0.272750 -0.167169 -0.149573
v -0.255153 -0.167169 -0.167169
v -0.255153 -0.167169 -0.149573
v -0.255153 -0.149573 -0.167169
v -0.255153 -0.149573 -0.149573
v -0.237556 -0.202363 -0.149573
v -0.237556 -0.184766 -0.167169
v -0.237556 -0.184766 -0.149573
v -0.237556 -0.149573 -0.184766
v -0.237556 -0.167169 -0.167169
v -0.237556 -0.167169 -0.149573
v -0.237556 -0.149573 -0.167169
v -0.237556 -0.149573 -0.149573
v -0.219960 -0.167169 -0.149573
v -0.219960 -0.149573 -0.167169
v -0.219960 -0.149573 -0.149573
v -0.272750 -0.255153 -0.131976
v -0.272750 -0.255153 -0.114379
v -0.255153 -0.255153 -0.114379
v -0.272750 -0.255153 -0.096782
v -0.272750 -0.255153 -0.079185
v -0.255153 -0.255153 -0.096782
v -0.255153 -0.255153 -0.079185
v -0.272750 -0.237556 -0.131976
v -0.272750 -0.237556 -0.114379
v -0.255153 -0.237556 -0.131976
v -0.255153 -0.237556 -0.114379
v -0.255153 -0.219960 -0.131976
v -0.255153 -0.219960 -0.114379
v -0.255153 -0.237556 -0.096782
v -0.255153 -0.237556 -0.079185
v -0.237556 -0.237556 -0.114379
v -0.237556 -0.219960 -0.131976
v -0.237556 -0.219960 -0.114379
v -0.237556 -0.237556 -0.096782
v -0.237556 -0.237556 -0.079185
v -0.237556 -0.219960 -0.096782
v -0.237556 -0.219960 -0.079185
v -0.272750 -0.255153 -0.061589
v -0.272750 -0.255153 -0.043992
v -0.255153 -0.255153 -0.061589
v -0.255153 -0.255153 -0.043992
v -0.272750 -0.255153 -0.026395
v -0.272750 -0.255153 -0.008798
v -0.255153 -0.255153 -0.026395
v -0.255153 -0.255153 -0.008798
v -0.255153 -0.237556 -0.061589
v -0.255153 -0.237556 -0.043992
v -0.255153 -0.237556 -0.026395
v -0.255153 -0.237556 -0.008798
v -0.237556 -0.237556 -0.061589
v -0.237556 -0.237556 -0.043992
v -0.237556 -0.219960 -0.061589
v -0.237556 -0.219960 -0.043992
v -0.237556 -0.237556 -0.026395
v -0.237556 -0.237556 -0.008798
v -0.237556 -0.219960 -0.026395
v -0.237556 -0.219960 -0.008798
v -0.272750 -0.202363 -0.131976
v -0.272750 -0.184766 -0.131976
v -0.255153 -0.202363 -0.131976
v -0.272750 -0.167169 -0.131976
v -0.272750 -0.149573 -0.131976
v -0.255153 -0.167169 -0.131976
v -0.255153 -0.149573 -0.131976
v -0.237556 -0.202363 -0.131976
v -0.237556 -0.202363 -0.114379
v -0.237556 -0.184766 -0.131976
v -0.237556 -0.184766 -0.114379
v -0.219960 -0.184766 -0.131976
v -0.219960 -0.184766 -0.114379
v -0.237556 -0.202363 -0.096782
v -0.237556 -0.202363 -0.079185
v -0.237556 -0.184766 -0.096782
v -0.237556 -0.184766 -0.079185
v -0.219960 -0.184766 -0.096782
v -0.219960 -0.184766 -0.079185
v -0.237556 -0.167169 -0.131976
v -0.219960 -0.167169 -0.131976
v -0.219960 -0.167169 -0.114379
v -0.219960 -0.149573 -0.131976
v -0.219960 -0.149573 -0.114379
v -0.219960 -0.167169 -0.096782
v -0.219960 -0.167169 -0.079185
v -0.219960 -0.149573 -0.096782
v -0.219960 -0.149573 -0.079185
v -0.237556 -0.202363 -0.061589
v -0.237556 -0.202363 -0.043992
v -0.237556 -0.184766 -0.061589
v -0.237556 -0.184766 -0.043992
v -0.219960 -0.184766 -0.061589
v -0.219960 -0.184766 -0.043992
v -0.237556 -0.202363 -0.026395
v -0.237556 -0.202363 -0.008798
v -0.237556 -0.184766 -0.026395
v -0.237556 -0.184766 -0.008798
v -0.219960 -0.184766 -0.026395
v -0.219960 -0.184766 -0.008798
v -0.219960 -0.167169 -0.061589
v -0.219960 -0.167169 -0.043992
v -0.219960 -0.149573 -0.061589
v -0.219960 -0.149573 -0.043992
v -0.219960 -0.167169 -0.026395
v -0.219960 -0.167169 -0.008798
v -0.219960 -0.149573 -0.026395
v -0.219960 -0.149573 -0.008798
v -0.184766 -0.272750 -0.096782
v -0.184766 -0.272750 -0.079185
v -0.184766 -0.255153 -0.096782
v -0.184766 -0.255153 -0.079185
v -0.184766 -0.237556 -0.096782
v -0.184766 -0.237556 -0.079185
v -0.184766 -0.219960 -0.079185
v -0.167169 -0.272750 -0.096782
v -0.167169 -0.255153 -0.096782
v -0.149573 -0.272750 -0.096782
v -0.149573 -0.255153 -0.096782
v -0.167169 -0.237556 -0.096782
v -0.167169 -0.237556 -0.079185
v -0.167169 -0.219960 -0.079185
v -0.149573 -0.237556 -0.096782
v -0.149573 -0.237556 -0.079185
v -0.149573 -0.219960 -0.079185
v -0.184766 -0.272750 -0.061589
v -0.184766 -0.272750 -0.043992
v -0.184766 -0.255153 -0.061589
v -0.184766 -0.255153 -0.043992
v -0.184766 -0.272750 -0.026395
v -0.184766 -0.272750 -0.008798
v -0.184766 -0.255153 -0.026395
v -0.184766 -0.255153 -0.008798
v -0.184766 -0.237556 -0.061589
v -0.184766 -0.237556 -0.043992
v -0.184766 -0.219960 -0.061589
v -0.184766 -0.219960 -0.043992
v -0.184766 -0.237556 -0.026395
v -0.184766 -0.237556 -0.008798
v -0.184766 -0.219960 -0.026395
v -0.184766 -0.219960 -0.008798
v -0.167169 -0.219960 -0.061589
v -0.149573 -0.219960 -0.061589
v -0.202363 -0.149573 -0.114379
v -0.202363 -0.149573 -0.096782
v -0.202363 -0.149573 -0.079185
v -0.184766 -0.202363 -0.061589
v -0.184766 -0.202363 -0.043992
v -0.184766 -0.202363 -0.026395
v -0.184766 -0.202363 -0.008798
v -0.202363 -0.149573 -0.061589
v -0.202363 -0.149573 -0.043992
v -0.202363 -0.149573 -0.026395
v -0.202363 -0.149573 -0.008798
v -0.167169 -0.202363 -0.061589
v -0.167169 -0.202363 -0.043992
v -0.149573 -0.202363 -0.061589
v -0.149573 -0.202363 -0.043992
v -0.167169 -0.202363 -0.026395
v -0.167169 -0.202363 -0.008798
v -0.149573 -0.202363 -0.026395
v -0.149573 -0.202363 -0.008798
v -0.255153 -0.131976 -0.184766
v -0.272750 -0.114379 -0.149573
v -0.255153 -0.131976 -0.167169
v -0.255153 -0.131976 -0.149573
v -0.255153 -0.114379 -0.167169
v -0.255153 -0.114379 -0.149573
v -0.272750 -0.096782 -0.184766
v -0.272750 -0.079186 -0.184766
v -0.255153 -0.096782 -0.184766
v -0.255153 -0.079186 -0.184766
v -0.272750 -0.096782 -0.167169
v -0.272750 -0.096782 -0.149573
v -0.272750 -0.079186 -0.167169
v -0.272750 -0.079186 -0.149573
v -0.255153 -0.096782 -0.167169
v -0.255153 -0.096782 -0.149573
v -0.255153 -0.079186 -0.167169
v -0.255153 -0.079186 -0.149573
v -0.237556 -0.131976 -0.184766
v -0.237556 -0.131976 -0.167169
v -0.237556 -0.114379 -0.167169
v -0.237556 -0.114379 -0.149573
v -0.219960 -0.131976 -0.167169
v -0.219960 -0.131976 -0.149573
v -0.219960 -0.114379 -0.167169
v -0.219960 -0.114379 -0.149573
v -0.237556 -0.096782 -0.167169
v -0.237556 -0.096782 -0.149573
v -0.237556 -0.079186 -0.167169
v -0.237556 -0.079186 -0.149573
v -0.272750 -0.061589 -0.184766
v -0.272750 -0.043992 -0.184766
v -0.272750 -0.061589 -0.167169
v -0.272750 -0.061589 -0.149573
v -0.272750 -0.043992 -0.167169
v -0.272750 -0.043992 -0.149573
v -0.255153 -0.061589 -0.167169
v -0.255153 -0.061589 -0.149573
v -0.255153 -0.043992 -0.167169
v -0.255153 -0.043992 -0.149573
v -0.272750 -0.026395 -0.167169
v -0.272750 -0.026395 -0.149573
v -0.255153 -0.026395 -0.149573
v -0.237556 -0.061589 -0.149573
v -0.272750 -0.131976 -0.131976
v -0.272750 -0.114379 -0.131976
v -0.255153 -0.131976 -0.131976
v -0.255153 -0.114379 -0.131976
v -0.272750 -0.096782 -0.131976
v -0.272750 -0.079185 -0.131976
v -0.237556 -0.114379 -0.131976
v -0.219960 -0.131976 -0.131976
v -0.219960 -0.131976 -0.114379
v -0.219960 -0.114379 -0.131976
v -0.219960 -0.114379 -0.114379
v -0.219960 -0.114379 -0.096782
v -0.219960 -0.114379 -0.079185
v -0.237556 -0.096782 -0.131976
v -0.237556 -0.096782 -0.114379
v -0.237556 -0.079185 -0.131976
v -0.237556 -0.079185 -0.114379
v -0.219960 -0.096782 -0.131976
v -0.219960 -0.096782 -0.114379
v -0.219960 -0.079185 -0.114379
v -0.237556 -0.079185 -0.096782
v -0.237556 -0.079185 -0.079185
v -0.219960 -0.096782 -0.096782
v -0.219960 -0.096782 -0.079185
v -0.219960 -0.079185 -0.096782
v -0.219960 -0.079185 -0.079185
v -0.219960 -0.114379 -0.061589
v -0.219960 -0.114379 -0.043992
v -0.219960 -0.114379 -0.026395
v -0.219960 -0.114379 -0.008798
v -0.237556 -0.079185 -0.061589
v -0.237556 -0.079185 -0.043992
v -0.219960 -0.096782 -0.061589
v -0.219960 -0.096782 -0.043992
v -0.219960 -0.079185 -0.061589
v -0.219960 -0.079185 -0.043992
v -0.237556 -0.079185 -0.026395
v -0.237556 -0.079185 -0.008798
v -0.219960 -0.096782 -0.026395
v -0.219960 -0.096782 -0.008798
v -0.219960 -0.079185 -0.026395
v -0.219960 -0.079185 -0.008798
v -0.272750 -0.061589 -0.131976
v -0.255153 -0.061589 -0.131976
v -0.255153 -0.043992 -0.131976
v -0.255153 -0.043992 -0.114379
v -0.272750 -0.026395 -0.131976
v -0.272750 -0.026395 -0.114379
v -0.272750 -0.008798 -0.114379
v -0.255153 -0.026395 -0.131976
v -0.255153 -0.026395 -0.114379
v -0.272750 -0.026395 -0.096782
v -0.272750 -0.026395 -0.079185
v -0.272750 -0.008798 -0.096782
v -0.272750 -0.008798 -0.079185
v -0.255153 -0.026395 -0.096782
v -0.255153 -0.026395 -0.079185
v -0.237556 -0.061589 -0.131976
v -0.237556 -0.061589 -0.114379
v -0.237556 -0.043992 -0.131976
v -0.237556 -0.043992 -0.114379
v -0.237556 -0.061589 -0.096782
v -0.237556 -0.061589 -0.079185
v -0.237556 -0.043992 -0.096782
v -0.237556 -0.043992 -0.079185
v -0.237556 -0.026395 -0.114379
v -0.237556 -0.026395 -0.096782
v -0.237556 -0.026395 -0.079185
v -0.272750 -0.026395 -0.061589
v -0.272750 -0.026395 -0.043992
v -0.272750 -0.008798 -0.061589
v -0.272750 -0.008798 -0.043992
v -0.255153 -0.026395 -0.061589
v -0.255153 -0.026395 -0.043992
v -0.255153 -0.008798 -0.061589
v -0.255153 -0.008798 -0.043992
v -0.272750 -0.026395 -0.026395
v -0.272750 -0.026395 -0.008798
v -0.272750 -0.008798 -0.026395
v -0.272750 -0.008798 -0.008798
v -0.255153 -0.026395 -0.026395
v -0.255153 -0.026395 -0.008798
v -0.255153 -0.008798 -0.026395
v -0.255153 -0.008798 -0.008798
v -0.237556 -0.061589 -0.061589
v -0.237556 -0.061589 -0.043992
v -0.237556 -0.043992 -0.061589
v -0.237556 -0.043992 -0.043992
v -0.237556 -0.061589 -0.026395
v -0.237556 -0.061589 -0.008798
v -0.237556 -0.043992 -0.026395
v -0.237556 -0.043992 -0.008798
v -0.237556 -0.026395 -0.061589
v -0.237556 -0.026395 -0.043992
v -0.237556 -0.008798 -0.061589
v -0.237556 -0.008798 -0.043992
v -0.219960 -0.008798 -0.061589
v -0.219960 -0.008798 -0.043992
v -0.237556 -0.026395 -0.026395
v -0.237556 -0.026395 -0.008798
v -0.237556 -0.008798 -0.026395
v -0.237556 -0.008798 -0.008798
v -0.219960 -0.008798 -0.026395
v -0.219960 -0.008798 -0.008798
v -0.202363 -0.131976 -0.114379
v -0.202363 -0.114379 -0.114379
v -0.202363 -0.131976 -0.096782
v -0.202363 -0.131976 -0.079185
v -0.202363 -0.114379 -0.096782
v -0.202363 -0.114379 -0.079185
v -0.202363 -0.131976 -0.061589
v -0.202363 -0.131976 -0.043992
v -0.202363 -0.114379 -0.061589
v -0.202363 -0.114379 -0.043992
v -0.202363 -0.131976 -0.026395
v -0.202363 -0.131976 -0.008798
v -0.202363 -0.114379 -0.026395
v -0.202363 -0.114379 -0.008798
v -0.202363 -0.008798 -0.061589
v -0.202363 -0.008798 -0.043992
v -0.202363 -0.008798 -0.026395
v -0.202363 -0.008798 -0.008798
v -0.131976 -0.272750 -0.096782
v -0.131976 -0.255153 -0.096782
v -0.114379 -0.272750 -0.096782
v -0.114379 -0.255153 -0.096782
v -0.131976 -0.237556 -0.096782
v -0.131976 -0.237556 -0.079185
v -0.131976 -0.219960 -0.079185
v -0.114379 -0.237556 -0.096782
v -0.114379 -0.237556 -0.079185
v -0.114379 -0.219960 -0.079185
v -0.096782 -0.272750 -0.096782
v -0.096782 -0.255153 -0.096782
v -0.079185 -0.272750 -0.096782
v -0.079185 -0.255153 -0.096782
v -0.096782 -0.237556 -0.096782
v -0.096782 -0.237556 -0.079185
v -0.096782 -0.219960 -0.079185
v -0.079185 -0.237556 -0.096782
v -0.079185 -0.237556 -0.079185
v -0.079185 -0.219960 -0.079185
v -0.131976 -0.219960 -0.061589
v -0.114379 -0.219960 -0.061589
v -0.096782 -0.219960 -0.061589
v -0.079185 -0.219960 -0.061589
v -0.131976 -0.202363 -0.061589
v -0.131976 -0.202363 -0.043992
v -0.114379 -0.202363 -0.061589
v -0.114379 -0.202363 -0.043992
v -0.131976 -0.202363 -0.026395
v -0.131976 -0.202363 -0.008798
v -0.114379 -0.202363 -0.026395
v -0.114379 -0.202363 -0.008798
v -0.096782 -0.202363 -0.061589
v -0.096782 -0.202363 -0.043992
v -0.079185 -0.202363 -0.061589
v -0.079185 -0.202363 -0.043992
v -0.096782 -0.202363 -0.026395
v -0.096782 -0.202363 -0.008798
v -0.079185 -0.202363 -0.026395
v -0.079185 -0.202363 -0.008798
v -0.061589 -0.272750 -0.096782
v -0.061589 -0.255153 -0.096782
v -0.043992 -0.272750 -0.096782
v -0.043992 -0.255153 -0.096782
v -0.061589 -0.237556 -0.096782
v -0.061589 -0.237556 -0.079185
v -0.061589 -0.219960 -0.079185
v -0.043992 -0.237556 -0.096782
v -0.043992 -0.237556 -0.079185
v -0.043992 -0.219960 -0.079185
v -0.026395 -0.272750 -0.096782
v -0.026395 -0.255153 -0.096782
v -0.008798 -0.272750 -0.096782
v -0.008798 -0.255153 -0.096782
v -0.026395 -0.237556 -0.096782
v -0.026395 -0.237556 -0.079185
v -0.026395 -0.219960 -0.079185
v -0.008798 -0.237556 -0.096782
v -0.008798 -0.237556 -0.079185
v -0.008798 -0.219960 -0.079185
v -0.061589 -0.219960 -0.061589
v -0.043992 -0.219960 -0.061589
v -0.026395 -0.219960 -0.061589
v -0.008798 -0.219960 -0.061589
v -0.061589 -0.202363 -0.061589
v -0.061589 -0.202363 -0.043992
v -0.043992 -0.202363 -0.061589
v -0.043992 -0.202363 -0.043992
v -0.061589 -0.202363 -0.026395
v -0.061589 -0.202363 -0.008798
v -0.043992 -0.202363 -0.026395
v -0.043992 -0.202363 -0.008798
v -0.026395 -0.202363 -0.061589
v -0.026395 -0.202363 -0.043992
v -0.008798 -0.202363 -0.061589
v -0.008798 -0.202363 -0.043992
v -0.026395 -0.202363 -0.026395
v -0.026395 -0.202363 -0.008798
v -0.008798 -0.202363 -0.026395
v -0.008798 -0.202363 -0.008798
v -0.360734 -0.290347 0.008798
v -0.360734 -0.290347 0.026395
v -0.360734 -0.290347 0.043992
v -0.360734 -0.290347 0.061589
v -0.360734 -0.290347 0.079186
v -0.360734 -0.290347 0.096782
v -0.360734 -0.290347 0.114379
v -0.343137 -0.290347 0.008798
v -0.343137 -0.290347 0.026395
v -0.343137 -0.290347 0.043992
v -0.343137 -0.290347 0.061589
v -0.343137 -0.290347 0.079186
v -0.343137 -0.290347 0.096782
v -0.343137 -0.290347 0.114379
v -0.501508 -0.167169 0.008798
v -0.501508 -0.167169 0.026395
v -0.501508 -0.149573 0.008798
v -0.501508 -0.149573 0.026395
v -0.501508 -0.167169 0.043992
v -0.501508 -0.167169 0.061589
v -0.501508 -0.149573 0.043992
v -0.501508 -0.149573 0.061589
v -0.501508 -0.167169 0.079186
v -0.501508 -0.167169 0.096782
v -0.501508 -0.149573 0.079186
v -0.501508 -0.149573 0.096782
v -0.501508 -0.167169 0.114379
v -0.501508 -0.149573 0.114379
v -0.501508 -0.149573 0.131976
v -0.483911 -0.219960 0.008798
v -0.483911 -0.219960 0.026395
v -0.466314 -0.237556 0.008798
v -0.466314 -0.237556 0.026395
v -0.466314 -0.219960 0.008798
v -0.466314 -0.219960 0.026395
v -0.483911 -0.219960 0.043992
v -0.483911 -0.219960 0.061589
v -0.466314 -0.237556 0.043992
v -0.466314 -0.237556 0.061589
v -0.466314 -0.219960 0.043992
v -0.466314 -0.219960 0.061589
v -0.448718 -0.255153 0.008798
v -0.448718 -0.255153 0.026395
v -0.431121 -0.255153 0.008798
v -0.431121 -0.255153 0.026395
v -0.448718 -0.255153 0.043992
v -0.448718 -0.255153 0.061589
v -0.431121 -0.255153 0.043992
v -0.431121 -0.255153 0.061589
v -0.448718 -0.237556 0.008798
v -0.448718 -0.237556 0.026395
v -0.448718 -0.237556 0.043992
v -0.448718 -0.237556 0.061589
v -0.483911 -0.219960 0.079186
v -0.483911 -0.219960 0.096782
v -0.466314 -0.237556 0.079186
v -0.466314 -0.237556 0.096782
v -0.466314 -0.219960 0.079186
v -0.466314 -0.219960 0.096782
v -0.483911 -0.219960 0.114379
v -0.466314 -0.237556 0.114379
v -0.466314 -0.237556 0.131976
v -0.466314 -0.219960 0.114379
v -0.466314 -0.219960 0.131976
v -0.448718 -0.255153 0.079186
v -0.448718 -0.255153 0.096782
v -0.431121 -0.255153 0.079186
v -0.431121 -0.255153 0.096782
v -0.448718 -0.255153 0.114379
v -0.431121 -0.255153 0.114379
v -0.431121 -0.255153 0.131976
v -0.448718 -0.237556 0.079186
v -0.448718 -0.237556 0.096782
v -0.448718 -0.237556 0.114379
v -0.448718 -0.237556 0.131976
v -0.448718 -0.219960 0.131976
v -0.431121 -0.237556 0.114379
v -0.431121 -0.237556 0.131976
v -0.431121 -0.219960 0.131976
v -0.483911 -0.202363 0.008798
v -0.483911 -0.202363 0.026395
v -0.483911 -0.184766 0.008798
v -0.483911 -0.184766 0.026395
v -0.483911 -0.202363 0.043992
v -0.483911 -0.202363 0.061589
v -0.483911 -0.184766 0.043992
v -0.483911 -0.184766 0.061589
v -0.483911 -0.167169 0.008798
v -0.483911 -0.167169 0.026395
v -0.483911 -0.167169 0.043992
v -0.483911 -0.167169 0.061589
v -0.483911 -0.202363 0.079186
v -0.483911 -0.202363 0.096782
v -0.483911 -0.184766 0.079186
v -0.483911 -0.184766 0.096782
v -0.483911 -0.202363 0.114379
v -0.483911 -0.202363 0.131976
v -0.483911 -0.184766 0.114379
v -0.483911 -0.184766 0.131976
v -0.466314 -0.202363 0.114379
v -0.466314 -0.202363 0.131976
v -0.466314 -0.184766 0.131976
v -0.483911 -0.167169 0.079186
v -0.483911 -0.167169 0.096782
v -0.483911 -0.167169 0.114379
v -0.483911 -0.167169 0.131976
v -0.483911 -0.149573 0.114379
v -0.483911 -0.149573 0.131976
v -0.448718 -0.184766 0.131976
v -0.431121 -0.202363 0.131976
v -0.431121 -0.184766 0.131976
v -0.448718 -0.167169 0.131976
v -0.448718 -0.149573 0.131976
v -0.431121 -0.167169 0.131976
v -0.431121 -0.149573 0.131976
v -0.466314 -0.219960 0.149573
v -0.431121 -0.255153 0.149573
v -0.448718 -0.237556 0.149573
v -0.448718 -0.237556 0.167169
v -0.448718 -0.219960 0.149573
v -0.448718 -0.219960 0.167169
v -0.431121 -0.237556 0.149573
v -0.431121 -0.237556 0.167169
v -0.431121 -0.219960 0.149573
v -0.431121 -0.219960 0.167169
v -0.483911 -0.184766 0.149573
v -0.466314 -0.202363 0.149573
v -0.466314 -0.202363 0.167169
v -0.466314 -0.184766 0.149573
v -0.466314 -0.184766 0.167169
v -0.483911 -0.167169 0.149573
v -0.483911 -0.167169 0.167169
v -0.483911 -0.149573 0.149573
v -0.483911 -0.149573 0.167169
v -0.466314 -0.167169 0.149573
v -0.466314 -0.167169 0.167169
v -0.466314 -0.149573 0.149573
v -0.466314 -0.149573 0.167169
v -0.466314 -0.167169 0.184766
v -0.466314 -0.149573 0.184766
v -0.448718 -0.202363 0.149573
v -0.448718 -0.202363 0.167169
v -0.448718 -0.184766 0.149573
v -0.448718 -0.184766 0.167169
v -0.431121 -0.202363 0.149573
v -0.431121 -0.202363 0.167169
v -0.431121 -0.184766 0.149573
v -0.431121 -0.184766 0.167169
v -0.448718 -0.202363 0.184766
v -0.448718 -0.184766 0.184766
v -0.431121 -0.202363 0.184766
v -0.431121 -0.184766 0.184766
v -0.448718 -0.167169 0.149573
v -0.448718 -0.167169 0.167169
v -0.448718 -0.149573 0.149573
v -0.448718 -0.149573 0.167169
v -0.448718 -0.167169 0.184766
v -0.448718 -0.149573 0.184766
v -0.501508 -0.131976 0.008798
v -0.501508 -0.131976 0.026395
v -0.501508 -0.114379 0.008798
v -0.501508 -0.114379 0.026395
v -0.501508 -0.131976 0.043992
v -0.501508 -0.131976 0.061589
v -0.501508 -0.114379 0.043992
v -0.501508 -0.114379 0.061589
v -0.501508 -0.096782 0.008798
v -0.501508 -0.096782 0.026395
v -0.501508 -0.096782 0.043992
v -0.501508 -0.096782 0.061589
v -0.501508 -0.131976 0.079185
v -0.501508 -0.131976 0.096782
v -0.501508 -0.114379 0.079185
v -0.501508 -0.114379 0.096782
v -0.501508 -0.131976 0.114379
v -0.501508 -0.131976 0.131976
v -0.501508 -0.114379 0.114379
v -0.501508 -0.114379 0.131976
v -0.501508 -0.096782 0.079185
v -0.501508 -0.096782 0.096782
v -0.501508 -0.096782 0.114379
v -0.483911 -0.096782 0.008798
v -0.483911 -0.096782 0.026395
v -0.483911 -0.079185 0.008798
v -0.483911 -0.079185 0.026395
v -0.483911 -0.096782 0.043992
v -0.483911 -0.096782 0.061589
v -0.483911 -0.079185 0.043992
v -0.483911 -0.079185 0.061589
v -0.483911 -0.131976 0.131976
v -0.483911 -0.114379 0.114379
v -0.483911 -0.114379 0.131976
v -0.483911 -0.096782 0.079185
v -0.483911 -0.096782 0.096782
v -0.483911 -0.079185 0.079185
v -0.483911 -0.079185 0.096782
v -0.483911 -0.096782 0.114379
v -0.483911 -0.096782 0.131976
v -0.483911 -0.079185 0.114379
v -0.483911 -0.079185 0.131976
v -0.466314 -0.079185 0.114379
v -0.466314 -0.079185 0.131976
v -0.448718 -0.131976 0.131976
v -0.448718 -0.114379 0.131976
v -0.431121 -0.131976 0.131976
v -0.431121 -0.114379 0.131976
v -0.448718 -0.096782 0.131976
v -0.431121 -0.096782 0.131976
v -0.431121 -0.079185 0.131976
v -0.483911 -0.061589 0.008798
v -0.483911 -0.061589 0.026395
v -0.466314 -0.061589 0.008798
v -0.466314 -0.061589 0.026395
v -0.466314 -0.043992 0.008798
v -0.466314 -0.043992 0.026395
v -0.483911 -0.061589 0.043992
v -0.483911 -0.061589 0.061589
v -0.466314 -0.061589 0.043992
v -0.466314 -0.061589 0.061589
v -0.466314 -0.043992 0.043992
v -0.466314 -0.043992 0.061589
v -0.466314 -0.026395 0.008798
v -0.466314 -0.026395 0.026395
v -0.466314 -0.026395 0.043992
v -0.466314 -0.026395 0.061589
v -0.448718 -0.026395 0.008798
v -0.448718 -0.026395 0.026395
v -0.431121 -0.026395 0.008798
v -0.431121 -0.026395 0.026395
v -0.431121 -0.008798 0.008798
v -0.431121 -0.008798 0.026395
v -0.448718 -0.026395 0.043992
v -0.448718 -0.026395 0.061589
v -0.431121 -0.026395 0.043992
v -0.431121 -0.026395 0.061589
v -0.431121 -0.008798 0.043992
v -0.431121 -0.008798 0.061589
v -0.483911 -0.061589 0.079185
v -0.483911 -0.061589 0.096782
v -0.466314 -0.061589 0.079185
v -0.466314 -0.061589 0.096782
v -0.466314 -0.043992 0.079185
v -0.466314 -0.043992 0.096782
v -0.483911 -0.061589 0.114379
v -0.466314 -0.061589 0.114379
v -0.466314 -0.061589 0.131976
v -0.466314 -0.043992 0.114379
v -0.466314 -0.043992 0.131976
v -0.466314 -0.026395 0.079185
v -0.466314 -0.026395 0.096782
v -0.466314 -0.026395 0.114379
v -0.466314 -0.026395 0.131976
v -0.448718 -0.043992 0.131976
v -0.431121 -0.061589 0.131976
v -0.448718 -0.026395 0.079185
v -0.448718 -0.026395 0.096782
v -0.431121 -0.026395 0.079185
v -0.431121 -0.026395 0.096782
v -0.431121 -0.008798 0.079185
v -0.431121 -0.008798 0.096782
v -0.448718 -0.026395 0.114379
v -0.448718 -0.026395 0.131976
v -0.431121 -0.026395 0.114379
v -0.431121 -0.026395 0.131976
v -0.431121 -0.008798 0.114379
v -0.431121 -0.008798 0.131976
v -0.483911 -0.131976 0.149573
v -0.483911 -0.131976 0.167169
v -0.483911 -0.114379 0.149573
v -0.483911 -0.114379 0.167169
v -0.466314 -0.131976 0.149573
v -0.466314 -0.131976 0.167169
v -0.466314 -0.114379 0.167169
v -0.466314 -0.131976 0.184766
v -0.466314 -0.114379 0.184766
v -0.483911 -0.096782 0.149573
v -0.483911 -0.096782 0.167169
v -0.483911 -0.079185 0.149573
v -0.466314 -0.096782 0.149573
v -0.466314 -0.096782 0.167169
v -0.466314 -0.079185 0.149573
v -0.466314 -0.079185 0.167169
v -0.466314 -0.096782 0.184766
v -0.448718 -0.131976 0.149573
v -0.448718 -0.131976 0.167169
v -0.448718 -0.114379 0.149573
v -0.448718 -0.114379 0.167169
v -0.448718 -0.131976 0.184766
v -0.448718 -0.114379 0.184766
v -0.448718 -0.096782 0.149573
v -0.448718 -0.096782 0.167169
v -0.448718 -0.079185 0.149573
v -0.448718 -0.079185 0.167169
v -0.431121 -0.096782 0.149573
v -0.431121 -0.079185 0.149573
v -0.431121 -0.079185 0.167169
v -0.448718 -0.096782 0.184766
v -0.448718 -0.079185 0.184766
v -0.431121 -0.079185 0.184766
v -0.466314 -0.061589 0.149573
v -0.466314 -0.061589 0.167169
v -0.466314 -0.043992 0.149573
v -0.448718 -0.061589 0.149573
v -0.448718 -0.061589 0.167169
v -0.448718 -0.043992 0.149573
v -0.448718 -0.043992 0.167169
v -0.431121 -0.061589 0.149573
v -0.431121 -0.061589 0.167169
v -0.431121 -0.043992 0.149573
v -0.431121 -0.043992 0.167169
v -0.448718 -0.061589 0.184766
v -0.431121 -0.061589 0.184766
v -0.431121 -0.043992 0.184766
v -0.448718 -0.026395 0.149573
v -0.431121 -0.026395 0.149573
v -0.431121 -0.026395 0.167169
v -0.413524 -0.272750 0.008798
v -0.413524 -0.272750 0.026395
v -0.413524 -0.255153 0.008798
v -0.413524 -0.255153 0.026395
v -0.395927 -0.272750 0.008798
v -0.395927 -0.272750 0.026395
v -0.413524 -0.272750 0.043992
v -0.413524 -0.272750 0.061589
v -0.413524 -0.255153 0.043992
v -0.413524 -0.255153 0.061589
v -0.395927 -0.272750 0.043992
v -0.395927 -0.272750 0.061589
v -0.378331 -0.272750 0.008798
v -0.378331 -0.272750 0.026395
v -0.360734 -0.272750 0.008798
v -0.360734 -0.272750 0.026395
v -0.378331 -0.272750 0.043992
v -0.378331 -0.272750 0.061589
v -0.360734 -0.272750 0.043992
v -0.360734 -0.272750 0.061589
v -0.413524 -0.272750 0.079186
v -0.413524 -0.272750 0.096782
v -0.413524 -0.255153 0.079186
v -0.413524 -0.255153 0.096782
v -0.395927 -0.272750 0.079186
v -0.395927 -0.272750 0.096782
v -0.413524 -0.272750 0.114379
v -0.413524 -0.255153 0.114379
v -0.413524 -0.255153 0.131976
v -0.395927 -0.272750 0.114379
v -0.395927 -0.272750 0.131976
v -0.395927 -0.255153 0.114379
v -0.395927 -0.255153 0.131976
v -0.413524 -0.219960 0.131976
v -0.395927 -0.219960 0.131976
v -0.378331 -0.272750 0.079186
v -0.378331 -0.272750 0.096782
v -0.360734 -0.272750 0.079186
v -0.360734 -0.272750 0.096782
v -0.378331 -0.272750 0.114379
v -0.378331 -0.272750 0.131976
v -0.378331 -0.255153 0.131976
v -0.360734 -0.272750 0.114379
v -0.360734 -0.272750 0.131976
v -0.378331 -0.237556 0.131976
v -0.378331 -0.219960 0.131976
v -0.360734 -0.237556 0.131976
v -0.360734 -0.219960 0.131976
v -0.413524 -0.202363 0.131976
v -0.413524 -0.184766 0.131976
v -0.395927 -0.202363 0.131976
v -0.395927 -0.184766 0.131976
v -0.413524 -0.167169 0.131976
v -0.413524 -0.149573 0.131976
v -0.395927 -0.167169 0.131976
v -0.395927 -0.149573 0.131976
v -0.378331 -0.202363 0.131976
v -0.378331 -0.184766 0.131976
v -0.360734 -0.202363 0.131976
v -0.360734 -0.184766 0.131976
v -0.378331 -0.167169 0.131976
v -0.378331 -0.149573 0.131976
v -0.360734 -0.167169 0.131976
v -0.360734 -0.149573 0.131976
v -0.343137 -0.272750 0.008798
v -0.343137 -0.272750 0.026395
v -0.325540 -0.272750 0.008798
v -0.325540 -0.272750 0.026395
v -0.343137 -0.272750 0.043992
v -0.343137 -0.272750 0.061589
v -0.325540 -0.272750 0.043992
v -0.325540 -0.272750 0.061589
v -0.307944 -0.272750 0.008798
v -0.307944 -0.272750 0.026395
v -0.307944 -0.255153 0.008798
v -0.307944 -0.255153 0.026395
v -0.290347 -0.255153 0.008798
v -0.290347 -0.255153 0.026395
v -0.307944 -0.272750 0.043992
v -0.307944 -0.272750 0.061589
v -0.307944 -0.255153 0.043992
v -0.307944 -0.255153 0.061589
v -0.290347 -0.255153 0.043992
v -0.290347 -0.255153 0.061589
v -0.343137 -0.272750 0.079186
v -0.343137 -0.272750 0.096782
v -0.325540 -0.272750 0.079186
v -0.325540 -0.272750 0.096782
v -0.343137 -0.272750 0.114379
v -0.343137 -0.272750 0.131976
v -0.325540 -0.272750 0.114379
v -0.325540 -0.272750 0.131976
v -0.325540 -0.255153 0.131976
v -0.343137 -0.237556 0.131976
v -0.343137 -0.219960 0.131976
v -0.325540 -0.237556 0.131976
v -0.325540 -0.219960 0.131976
v -0.307944 -0.272750 0.079186
v -0.307944 -0.272750 0.096782
v -0.307944 -0.255153 0.079186
v -0.307944 -0.255153 0.096782
v -0.290347 -0.255153 0.079186
v -0.290347 -0.255153 0.096782
v -0.307944 -0.272750 0.114379
v -0.307944 -0.272750 0.131976
v -0.307944 -0.255153 0.114379
v -0.307944 -0.255153 0.131976
v -0.290347 -0.255153 0.114379
v -0.290347 -0.255153 0.131976
v -0.307944 -0.219960 0.131976
v -0.290347 -0.237556 0.131976
v -0.290347 -0.219960 0.131976
v -0.343137 -0.202363 0.131976
v -0.343137 -0.184766 0.131976
v -0.325540 -0.202363 0.131976
v -0.325540 -0.184766 0.131976
v -0.343137 -0.167169 0.131976
v -0.343137 -0.149573 0.131976
v -0.325540 -0.167169 0.131976
v -0.325540 -0.149573 0.131976
v -0.307944 -0.202363 0.131976
v -0.307944 -0.184766 0.131976
v -0.290347 -0.202363 0.131976
v -0.290347 -0.184766 0.131976
v -0.307944 -0.167169 0.131976
v -0.307944 -0.149573 0.131976
v -0.290347 -0.167169 0.131976
v -0.290347 -0.149573 0.131976
v -0.413524 -0.255153 0.149573
v -0.413524 -0.255153 0.167169
v -0.395927 -0.255153 0.149573
v -0.395927 -0.255153 0.167169
v -0.413524 -0.237556 0.149573
v -0.413524 -0.237556 0.167169
v -0.413524 -0.219960 0.149573
v -0.413524 -0.219960 0.167169
v -0.395927 -0.237556 0.167169
v -0.395927 -0.219960 0.149573
v -0.395927 -0.219960 0.167169
v -0.413524 -0.237556 0.184766
v -0.413524 -0.219960 0.184766
v -0.395927 -0.237556 0.184766
v -0.395927 -0.219960 0.184766
v -0.378331 -0.272750 0.149573
v -0.378331 -0.255153 0.149573
v -0.378331 -0.255153 0.167169
v -0.360734 -0.272750 0.149573
v -0.360734 -0.272750 0.167169
v -0.360734 -0.255153 0.149573
v -0.360734 -0.255153 0.167169
v -0.360734 -0.255153 0.184766
v -0.378331 -0.237556 0.149573
v -0.378331 -0.237556 0.167169
v -0.378331 -0.219960 0.149573
v -0.378331 -0.219960 0.167169
v -0.360734 -0.237556 0.149573
v -0.360734 -0.237556 0.167169
v -0.378331 -0.237556 0.184766
v -0.378331 -0.219960 0.184766
v -0.360734 -0.237556 0.184766
v -0.343137 -0.272750 0.149573
v -0.343137 -0.272750 0.167169
v -0.343137 -0.255153 0.149573
v -0.343137 -0.255153 0.167169
v -0.325540 -0.272750 0.149573
v -0.325540 -0.255153 0.149573
v -0.325540 -0.255153 0.167169
v -0.343137 -0.255153 0.184766
v -0.343137 -0.237556 0.149573
v -0.343137 -0.237556 0.167169
v -0.325540 -0.237556 0.149573
v -0.325540 -0.237556 0.167169
v -0.325540 -0.219960 0.149573
v -0.325540 -0.219960 0.167169
v -0.343137 -0.237556 0.184766
v -0.325540 -0.237556 0.184766
v -0.325540 -0.219960 0.184766
v -0.307944 -0.255153 0.149573
v -0.307944 -0.255153 0.167169
v -0.290347 -0.255153 0.149573
v -0.307944 -0.237556 0.149573
v -0.307944 -0.237556 0.167169
v -0.307944 -0.219960 0.149573
v -0.307944 -0.219960 0.167169
v -0.290347 -0.237556 0.149573
v -0.290347 -0.237556 0.167169
v -0.290347 -0.219960 0.149573
v -0.290347 -0.219960 0.167169
v -0.307944 -0.237556 0.184766
v -0.307944 -0.219960 0.184766
v -0.290347 -0.219960 0.184766
v -0.290347 -0.202363 0.149573
v -0.290347 -0.202363 0.167169
v -0.290347 -0.202363 0.184766
v -0.413524 -0.131976 0.131976
v -0.413524 -0.114379 0.131976
v -0.395927 -0.131976 0.131976
v -0.395927 -0.114379 0.131976
v -0.413524 -0.096782 0.131976
v -0.413524 -0.079185 0.131976
v -0.395927 -0.096782 0.131976
v -0.395927 -0.079185 0.131976
v -0.378331 -0.131976 0.131976
v -0.378331 -0.114379 0.131976
v -0.360734 -0.131976 0.131976
v -0.360734 -0.114379 0.131976
v -0.378331 -0.096782 0.131976
v -0.378331 -0.079185 0.131976
v -0.360734 -0.096782 0.131976
v -0.360734 -0.079185 0.131976
v -0.413524 -0.008798 0.008798
v -0.413524 -0.008798 0.026395
v -0.395927 -0.008798 0.008798
v -0.395927 -0.008798 0.026395
v -0.413524 -0.008798 0.043992
v -0.413524 -0.008798 0.061589
v -0.395927 -0.008798 0.043992
v -0.395927 -0.008798 0.061589
v -0.413524 -0.061589 0.131976
v -0.413524 -0.043992 0.131976
v -0.395927 -0.061589 0.131976
v -0.395927 -0.043992 0.131976
v -0.413524 -0.008798 0.079185
v -0.413524 -0.008798 0.096782
v -0.395927 -0.008798 0.079185
v -0.395927 -0.008798 0.096782
v -0.413524 -0.026395 0.131976
v -0.413524 -0.008798 0.114379
v -0.413524 -0.008798 0.131976
v -0.395927 -0.008798 0.114379
v -0.395927 -0.008798 0.131976
v -0.378331 -0.061589 0.131976
v -0.378331 -0.043992 0.131976
v -0.360734 -0.061589 0.131976
v -0.360734 -0.043992 0.131976
v -0.378331 -0.008798 0.114379
v -0.378331 -0.008798 0.131976
v -0.360734 -0.026395 0.131976
v -0.360734 -0.008798 0.131976
v -0.343137 -0.131976 0.131976
v -0.343137 -0.114379 0.131976
v -0.325540 -0.131976 0.131976
v -0.325540 -0.114379 0.131976
v -0.343137 -0.096782 0.131976
v -0.343137 -0.079185 0.131976
v -0.325540 -0.096782 0.131976
v -0.325540 -0.079185 0.131976
v -0.307944 -0.131976 0.131976
v -0.307944 -0.114379 0.131976
v -0.290347 -0.131976 0.131976
v -0.290347 -0.114379 0.131976
v -0.307944 -0.096782 0.131976
v -0.307944 -0.079185 0.131976
v -0.290347 -0.096782 0.131976
v -0.290347 -0.079185 0.131976
v -0.325540 -0.008798 0.008798
v -0.325540 -0.008798 0.026395
v -0.325540 -0.008798 0.043992
v -0.325540 -0.008798 0.061589
v -0.307944 -0.008798 0.008798
v -0.307944 -0.008798 0.026395
v -0.290347 -0.008798 0.008798
v -0.290347 -0.008798 0.026395
v -0.307944 -0.008798 0.043992
v -0.307944 -0.008798 0.061589
v -0.290347 -0.008798 0.043992
v -0.290347 -0.008798 0.061589
v -0.343137 -0.061589 0.131976
v -0.343137 -0.043992 0.131976
v -0.325540 -0.061589 0.131976
v -0.325540 -0.043992 0.131976
v -0.325540 -0.008798 0.079185
v -0.325540 -0.008798 0.096782
v -0.343137 -0.026395 0.131976
v -0.343137 -0.008798 0.131976
v -0.325540 -0.008798 0.114379
v -0.325540 -0.008798 0.131976
v -0.307944 -0.061589 0.131976
v -0.307944 -0.043992 0.131976
v -0.290347 -0.061589 0.131976
v -0.307944 -0.008798 0.079185
v -0.307944 -0.008798 0.096782
v -0.290347 -0.008798 0.079185
v -0.290347 -0.008798 0.096782
v -0.307944 -0.026395 0.131976
v -0.307944 -0.008798 0.114379
v -0.307944 -0.008798 0.131976
v -0.290347 -0.026395 0.114379
v -0.290347 -0.026395 0.131976
v -0.290347 -0.008798 0.114379
v -0.290347 -0.008798 0.131976
v -0.413524 -0.061589 0.149573
v -0.413524 -0.061589 0.167169
v -0.413524 -0.043992 0.149573
v -0.413524 -0.043992 0.167169
v -0.395927 -0.043992 0.149573
v -0.395927 -0.043992 0.167169
v -0.413524 -0.061589 0.184766
v -0.413524 -0.043992 0.184766
v -0.395927 -0.043992 0.184766
v -0.413524 -0.026395 0.149573
v -0.413524 -0.026395 0.167169
v -0.413524 -0.008798 0.149573
v -0.395927 -0.026395 0.149573
v -0.395927 -0.026395 0.167169
v -0.395927 -0.008798 0.149573
v -0.395927 -0.008798 0.167169
v -0.395927 -0.026395 0.184766
v -0.378331 -0.043992 0.149573
v -0.378331 -0.043992 0.167169
v -0.360734 -0.043992 0.149573
v -0.360734 -0.043992 0.167169
v -0.378331 -0.043992 0.184766
v -0.378331 -0.026395 0.167169
v -0.378331 -0.008798 0.149573
v -0.378331 -0.008798 0.167169
v -0.360734 -0.026395 0.149573
v -0.360734 -0.026395 0.167169
v -0.360734 -0.008798 0.149573
v -0.360734 -0.008798 0.167169
v -0.378331 -0.026395 0.184766
v -0.343137 -0.043992 0.149573
v -0.343137 -0.043992 0.167169
v -0.325540 -0.043992 0.149573
v -0.325540 -0.043992 0.167169
v -0.343137 -0.043992 0.184766
v -0.325540 -0.043992 0.184766
v -0.343137 -0.026395 0.149573
v -0.343137 -0.026395 0.167169
v -0.343137 -0.008798 0.149573
v -0.343137 -0.008798 0.167169
v -0.325540 -0.026395 0.149573
v -0.325540 -0.026395 0.167169
v -0.325540 -0.008798 0.149573
v -0.325540 -0.008798 0.167169
v -0.343137 -0.026395 0.184766
v -0.325540 -0.026395 0.184766
v -0.307944 -0.061589 0.149573
v -0.307944 -0.061589 0.167169
v -0.307944 -0.043992 0.149573
v -0.307944 -0.043992 0.167169
v -0.290347 -0.061589 0.149573
v -0.290347 -0.061589 0.167169
v -0.290347 -0.043992 0.167169
v -0.290347 -0.061589 0.184766
v -0.290347 -0.043992 0.184766
v -0.307944 -0.026395 0.149573
v -0.307944 -0.026395 0.167169
v -0.307944 -0.008798 0.149573
v -0.290347 -0.026395 0.149573
v -0.290347 -0.026395 0.167169
v -0.184766 -0.290347 0.008798
v -0.184766 -0.290347 0.026395
v -0.184766 -0.290347 0.043992
v -0.184766 -0.290347 0.061589
v -0.167169 -0.290347 0.008798
v -0.167169 -0.290347 0.026395
v -0.149573 -0.290347 0.008798
v -0.149573 -0.290347 0.026395
v -0.167169 -0.290347 0.043992
v -0.167169 -0.290347 0.061589
v -0.149573 -0.290347 0.043992
v -0.149573 -0.290347 0.061589
v -0.184766 -0.290347 0.079186
v -0.184766 -0.290347 0.096782
v -0.167169 -0.290347 0.079186
v -0.167169 -0.290347 0.096782
v -0.149573 -0.290347 0.079186
v -0.149573 -0.290347 0.096782
v -0.131976 -0.290347 0.008798
v -0.131976 -0.290347 0.026395
v -0.114379 -0.290347 0.008798
v -0.114379 -0.290347 0.026395
v -0.131976 -0.290347 0.043992
v -0.131976 -0.290347 0.061589
v -0.114379 -0.290347 0.043992
v -0.114379 -0.290347 0.061589
v -0.096782 -0.290347 0.008798
v -0.096782 -0.290347 0.026395
v -0.079185 -0.290347 0.008798
v -0.079185 -0.290347 0.026395
v -0.096782 -0.290347 0.043992
v -0.096782 -0.290347 0.061589
v -0.079185 -0.290347 0.043992
v -0.079185 -0.290347 0.061589
v -0.131976 -0.290347 0.079186
v -0.131976 -0.290347 0.096782
v -0.114379 -0.290347 0.079186
v -0.114379 -0.290347 0.096782
v -0.096782 -0.290347 0.079186
v -0.096782 -0.290347 0.096782
v -0.079185 -0.290347 0.079186
v -0.079185 -0.290347 0.096782
v -0.061589 -0.290347 0.008798
v -0.061589 -0.290347 0.026395
v -0.043992 -0.290347 0.008798
v -0.043992 -0.290347 0.026395
v -0.061589 -0.290347 0.043992
v -0.061589 -0.290347 0.061589
v -0.043992 -0.290347 0.043992
v -0.043992 -0.290347 0.061589
v -0.026395 -0.290347 0.008798
v -0.026395 -0.290347 0.026395
v -0.008798 -0.290347 0.008798
v -0.008798 -0.290347 0.026395
v -0.026395 -0.290347 0.043992
v -0.026395 -0.290347 0.061589
v -0.008798 -0.290347 0.043992
v -0.008798 -0.290347 0.061589
v -0.061589 -0.290347 0.079186
v -0.061589 -0.290347 0.096782
v -0.043992 -0.290347 0.079186
v -0.043992 -0.290347 0.096782
v -0.026395 -0.290347 0.079186
v -0.026395 -0.290347 0.096782
v -0.008798 -0.290347 0.079186
v -0.008798 -0.290347 0.096782
v -0.272750 -0.255153 0.008798
v -0.272750 -0.255153 0.026395
v -0.255153 -0.255153 0.008798
v -0.255153 -0.255153 0.026395
v -0.272750 -0.255153 0.043992
v -0.272750 -0.255153 0.061589
v -0.255153 -0.255153 0.043992
v -0.255153 -0.255153 0.061589
v -0.255153 -0.237556 0.008798
v -0.255153 -0.237556 0.026395
v -0.255153 -0.237556 0.043992
v -0.255153 -0.237556 0.061589
v -0.237556 -0.237556 0.008798
v -0.237556 -0.237556 0.026395
v -0.237556 -0.219960 0.008798
v -0.237556 -0.219960 0.026395
v -0.237556 -0.237556 0.043992
v -0.237556 -0.237556 0.061589
v -0.237556 -0.219960 0.043992
v -0.237556 -0.219960 0.061589
v -0.272750 -0.255153 0.079186
v -0.272750 -0.255153 0.096782
v -0.255153 -0.255153 0.079186
v -0.255153 -0.255153 0.096782
v -0.272750 -0.255153 0.114379
v -0.272750 -0.255153 0.131976
v -0.255153 -0.255153 0.114379
v -0.255153 -0.237556 0.079186
v -0.255153 -0.237556 0.096782
v -0.272750 -0.237556 0.114379
v -0.272750 -0.237556 0.131976
v -0.255153 -0.237556 0.114379
v -0.255153 -0.237556 0.131976
v -0.255153 -0.219960 0.114379
v -0.255153 -0.219960 0.131976
v -0.237556 -0.237556 0.079186
v -0.237556 -0.237556 0.096782
v -0.237556 -0.219960 0.079186
v -0.237556 -0.219960 0.096782
v -0.237556 -0.237556 0.114379
v -0.237556 -0.219960 0.114379
v -0.237556 -0.219960 0.131976
v -0.237556 -0.202363 0.008798
v -0.237556 -0.202363 0.026395
v -0.237556 -0.184766 0.008798
v -0.237556 -0.184766 0.026395
v -0.219960 -0.184766 0.008798
v -0.219960 -0.184766 0.026395
v -0.237556 -0.202363 0.043992
v -0.237556 -0.202363 0.061589
v -0.237556 -0.184766 0.043992
v -0.237556 -0.184766 0.061589
v -0.219960 -0.184766 0.043992
v -0.219960 -0.184766 0.061589
v -0.219960 -0.167169 0.008798
v -0.219960 -0.167169 0.026395
v -0.219960 -0.149573 0.008798
v -0.219960 -0.149573 0.026395
v -0.219960 -0.167169 0.043992
v -0.219960 -0.167169 0.061589
v -0.219960 -0.149573 0.043992
v -0.219960 -0.149573 0.061589
v -0.272750 -0.202363 0.131976
v -0.272750 -0.184766 0.131976
v -0.255153 -0.202363 0.131976
v -0.272750 -0.167169 0.131976
v -0.272750 -0.149573 0.131976
v -0.255153 -0.167169 0.131976
v -0.255153 -0.149573 0.131976
v -0.237556 -0.202363 0.079186
v -0.237556 -0.202363 0.096782
v -0.237556 -0.184766 0.079186
v -0.237556 -0.184766 0.096782
v -0.219960 -0.184766 0.079186
v -0.219960 -0.184766 0.096782
v -0.237556 -0.202363 0.114379
v -0.237556 -0.202363 0.131976
v -0.237556 -0.184766 0.114379
v -0.237556 -0.184766 0.131976
v -0.219960 -0.184766 0.114379
v -0.219960 -0.184766 0.131976
v -0.219960 -0.167169 0.079186
v -0.219960 -0.167169 0.096782
v -0.219960 -0.149573 0.079186
v -0.219960 -0.149573 0.096782
v -0.237556 -0.167169 0.131976
v -0.219960 -0.167169 0.114379
v -0.219960 -0.167169 0.131976
v -0.219960 -0.149573 0.114379
v -0.219960 -0.149573 0.131976
v -0.184766 -0.272750 0.008798
v -0.184766 -0.272750 0.026395
v -0.184766 -0.255153 0.008798
v -0.184766 -0.255153 0.026395
v -0.184766 -0.272750 0.043992
v -0.184766 -0.272750 0.061589
v -0.184766 -0.255153 0.043992
v -0.184766 -0.255153 0.061589
v -0.184766 -0.237556 0.008798
v -0.184766 -0.237556 0.026395
v -0.184766 -0.219960 0.008798
v -0.184766 -0.219960 0.026395
v -0.184766 -0.237556 0.043992
v -0.184766 -0.237556 0.061589
v -0.184766 -0.219960 0.043992
v -0.184766 -0.219960 0.061589
v -0.167169 -0.219960 0.061589
v -0.149573 -0.219960 0.061589
v -0.184766 -0.272750 0.079186
v -0.184766 -0.272750 0.096782
v -0.184766 -0.255153 0.079186
v -0.184766 -0.255153 0.096782
v -0.184766 -0.237556 0.079186
v -0.184766 -0.237556 0.096782
v -0.184766 -0.219960 0.079186
v -0.167169 -0.272750 0.096782
v -0.167169 -0.255153 0.096782
v -0.149573 -0.272750 0.096782
v -0.149573 -0.255153 0.096782
v -0.167169 -0.237556 0.079186
v -0.167169 -0.237556 0.096782
v -0.167169 -0.219960 0.079186
v -0.149573 -0.237556 0.079186
v -0.149573 -0.237556 0.096782
v -0.149573 -0.219960 0.079186
v -0.184766 -0.202363 0.008798
v -0.184766 -0.202363 0.026395
v -0.184766 -0.202363 0.043992
v -0.184766 -0.202363 0.061589
v -0.202363 -0.149573 0.008798
v -0.202363 -0.149573 0.026395
v -0.202363 -0.149573 0.043992
v -0.202363 -0.149573 0.061589
v -0.167169 -0.202363 0.008798
v -0.167169 -0.202363 0.026395
v -0.149573 -0.202363 0.008798
v -0.149573 -0.202363 0.026395
v -0.167169 -0.202363 0.043992
v -0.167169 -0.202363 0.061589
v -0.149573 -0.202363 0.043992
v -0.149573 -0.202363 0.061589
v -0.202363 -0.149573 0.079186
v -0.202363 -0.149573 0.096782
v -0.202363 -0.149573 0.114379
v -0.272750 -0.237556 0.149573
v -0.272750 -0.237556 0.167169
v -0.272750 -0.219960 0.167169
v -0.255153 -0.237556 0.149573
v -0.255153 -0.237556 0.167169
v -0.255153 -0.219960 0.149573
v -0.255153 -0.219960 0.167169
v -0.272750 -0.219960 0.184766
v -0.272750 -0.202363 0.149573
v -0.272750 -0.202363 0.167169
v -0.272750 -0.184766 0.149573
v -0.272750 -0.184766 0.167169
v -0.255153 -0.202363 0.149573
v -0.255153 -0.202363 0.167169
v -0.255153 -0.184766 0.149573
v -0.255153 -0.184766 0.167169
v -0.272750 -0.202363 0.184766
v -0.272750 -0.184766 0.184766
v -0.255153 -0.184766 0.184766
v -0.272750 -0.167169 0.149573
v -0.272750 -0.167169 0.167169
v -0.255153 -0.167169 0.149573
v -0.255153 -0.167169 0.167169
v -0.255153 -0.149573 0.149573
v -0.255153 -0.149573 0.167169
v -0.272750 -0.167169 0.184766
v -0.255153 -0.167169 0.184766
v -0.255153 -0.149573 0.184766
v -0.237556 -0.202363 0.149573
v -0.237556 -0.184766 0.149573
v -0.237556 -0.184766 0.167169
v -0.237556 -0.167169 0.149573
v -0.237556 -0.167169 0.167169
v -0.237556 -0.149573 0.149573
v -0.237556 -0.149573 0.167169
v -0.219960 -0.167169 0.149573
v -0.219960 -0.149573 0.149573
v -0.219960 -0.149573 0.167169
v -0.237556 -0.149573 0.184766
v -0.219960 -0.114379 0.008798
v -0.219960 -0.114379 0.026395
v -0.219960 -0.114379 0.043992
v -0.219960 -0.114379 0.061589
v -0.237556 -0.079185 0.008798
v -0.237556 -0.079185 0.026395
v -0.219960 -0.096782 0.008798
v -0.219960 -0.096782 0.026395
v -0.219960 -0.079185 0.008798
v -0.219960 -0.079185 0.026395
v -0.237556 -0.079185 0.043992
v -0.237556 -0.079185 0.061589
v -0.219960 -0.096782 0.043992
v -0.219960 -0.096782 0.061589
v -0.219960 -0.079185 0.043992
v -0.219960 -0.079185 0.061589
v -0.272750 -0.131976 0.131976
v -0.272750 -0.114379 0.131976
v -0.255153 -0.131976 0.131976
v -0.255153 -0.114379 0.131976
v -0.272750 -0.096782 0.131976
v -0.272750 -0.079185 0.131976
v -0.219960 -0.114379 0.079185
v -0.219960 -0.114379 0.096782
v -0.237556 -0.114379 0.131976
v -0.219960 -0.131976 0.114379
v -0.219960 -0.131976 0.131976
v -0.219960 -0.114379 0.114379
v -0.219960 -0.114379 0.131976
v -0.237556 -0.079185 0.079185
v -0.237556 -0.079185 0.096782
v -0.219960 -0.096782 0.079185
v -0.219960 -0.096782 0.096782
v -0.219960 -0.079185 0.079185
v -0.219960 -0.079185 0.096782
v -0.237556 -0.096782 0.114379
v -0.237556 -0.096782 0.131976
v -0.237556 -0.079185 0.114379
v -0.237556 -0.079185 0.131976
v -0.219960 -0.096782 0.114379
v -0.219960 -0.096782 0.131976
v -0.219960 -0.079185 0.114379
v -0.272750 -0.026395 0.008798
v -0.272750 -0.026395 0.026395
v -0.272750 -0.008798 0.008798
v -0.272750 -0.008798 0.026395
v -0.255153 -0.026395 0.008798
v -0.255153 -0.026395 0.026395
v -0.255153 -0.008798 0.008798
v -0.255153 -0.008798 0.026395
v -0.272750 -0.026395 0.043992
v -0.272750 -0.026395 0.061589
v -0.272750 -0.008798 0.043992
v -0.272750 -0.008798 0.061589
v -0.255153 -0.026395 0.043992
v -0.255153 -0.026395 0.061589
v -0.255153 -0.008798 0.043992
v -0.255153 -0.008798 0.061589
v -0.237556 -0.061589 0.008798
v -0.237556 -0.061589 0.026395
v -0.237556 -0.043992 0.008798
v -0.237556 -0.043992 0.026395
v -0.237556 -0.061589 0.043992
v -0.237556 -0.061589 0.061589
v -0.237556 -0.043992 0.043992
v -0.237556 -0.043992 0.061589
v -0.237556 -0.026395 0.008798
v -0.237556 -0.026395 0.026395
v -0.237556 -0.008798 0.008798
v -0.237556 -0.008798 0.026395
v -0.219960 -0.008798 0.008798
v -0.219960 -0.008798 0.026395
v -0.237556 -0.026395 0.043992
v -0.237556 -0.026395 0.061589
v -0.237556 -0.008798 0.043992
v -0.237556 -0.008798 0.061589
v -0.219960 -0.008798 0.043992
v -0.219960 -0.008798 0.061589
v -0.272750 -0.061589 0.131976
v -0.255153 -0.061589 0.131976
v -0.255153 -0.043992 0.114379
v -0.255153 -0.043992 0.131976
v -0.272750 -0.026395 0.079185
v -0.272750 -0.026395 0.096782
v -0.272750 -0.008798 0.079185
v -0.272750 -0.008798 0.096782
v -0.255153 -0.026395 0.079185
v -0.255153 -0.026395 0.096782
v -0.272750 -0.026395 0.114379
v -0.272750 -0.026395 0.131976
v -0.272750 -0.008798 0.114379
v -0.255153 -0.026395 0.114379
v -0.255153 -0.026395 0.131976
v -0.237556 -0.061589 0.079185
v -0.237556 -0.061589 0.096782
v -0.237556 -0.043992 0.079185
v -0.237556 -0.043992 0.096782
v -0.237556 -0.061589 0.114379
v -0.237556 -0.061589 0.131976
v -0.237556 -0.043992 0.114379
v -0.237556 -0.043992 0.131976
v -0.237556 -0.026395 0.079185
v -0.237556 -0.026395 0.096782
v -0.237556 -0.026395 0.114379
v -0.202363 -0.131976 0.008798
v -0.202363 -0.131976 0.026395
v -0.202363 -0.114379 0.008798
v -0.202363 -0.114379 0.026395
v -0.202363 -0.131976 0.043992
v -0.202363 -0.131976 0.061589
v -0.202363 -0.114379 0.043992
v -0.202363 -0.114379 0.061589
v -0.202363 -0.131976 0.079185
v -0.202363 -0.131976 0.096782
v -0.202363 -0.114379 0.079185
v -0.202363 -0.114379 0.096782
v -0.202363 -0.131976 0.114379
v -0.202363 -0.114379 0.114379
v -0.202363 -0.008798 0.008798
v -0.202363 -0.008798 0.026395
v -0.202363 -0.008798 0.043992
v -0.202363 -0.008798 0.061589
v -0.272750 -0.114379 0.149573
v -0.255153 -0.131976 0.149573
v -0.255153 -0.131976 0.167169
v -0.255153 -0.114379 0.149573
v -0.255153 -0.114379 0.167169
v -0.255153 -0.131976 0.184766
v -0.272750 -0.096782 0.149573
v -0.272750 -0.096782 0.167169
v -0.272750 -0.079185 0.149573
v -0.272750 -0.079185 0.167169
v -0.255153 -0.096782 0.149573
v -0.255153 -0.096782 0.167169
v -0.255153 -0.079185 0.149573
v -0.255153 -0.079185 0.167169
v -0.272750 -0.096782 0.184766
v -0.272750 -0.079185 0.184766
v -0.255153 -0.096782 0.184766
v -0.255153 -0.079185 0.184766
v -0.237556 -0.131976 0.167169
v -0.237556 -0.114379 0.149573
v -0.237556 -0.114379 0.167169
v -0.219960 -0.131976 0.149573
v -0.219960 -0.131976 0.167169
v -0.219960 -0.114379 0.149573
v -0.219960 -0.114379 0.167169
v -0.237556 -0.131976 0.184766
v -0.237556 -0.096782 0.149573
v -0.237556 -0.096782 0.167169
v -0.237556 -0.079185 0.149573
v -0.237556 -0.079185 0.167169
v -0.272750 -0.061589 0.149573
v -0.272750 -0.061589 0.167169
v -0.272750 -0.043992 0.149573
v -0.272750 -0.043992 0.167169
v -0.255153 -0.061589 0.149573
v -0.255153 -0.061589 0.167169
v -0.255153 -0.043992 0.149573
v -0.255153 -0.043992 0.167169
v -0.272750 -0.061589 0.184766
v -0.272750 -0.043992 0.184766
v -0.272750 -0.026395 0.149573
v -0.272750 -0.026395 0.167169
v -0.255153 -0.026395 0.149573
v -0.237556 -0.061589 0.149573
v -0.131976 -0.219960 0.061589
v -0.114379 -0.219960 0.061589
v -0.096782 -0.219960 0.061589
v -0.079185 -0.219960 0.061589
v -0.131976 -0.272750 0.096782
v -0.131976 -0.255153 0.096782
v -0.114379 -0.272750 0.096782
v -0.114379 -0.255153 0.096782
v -0.131976 -0.237556 0.079186
v -0.131976 -0.237556 0.096782
v -0.131976 -0.219960 0.079186
v -0.114379 -0.237556 0.079186
v -0.114379 -0.237556 0.096782
v -0.114379 -0.219960 0.079186
v -0.096782 -0.272750 0.096782
v -0.096782 -0.255153 0.096782
v -0.079185 -0.272750 0.096782
v -0.079185 -0.255153 0.096782
v -0.096782 -0.237556 0.079186
v -0.096782 -0.237556 0.096782
v -0.096782 -0.219960 0.079186
v -0.079185 -0.237556 0.079186
v -0.079185 -0.237556 0.096782
v -0.079185 -0.219960 0.079186
v -0.131976 -0.202363 0.008798
v -0.131976 -0.202363 0.026395
v -0.114379 -0.202363 0.008798
v -0.114379 -0.202363 0.026395
v -0.131976 -0.202363 0.043992
v -0.131976 -0.202363 0.061589
v -0.114379 -0.202363 0.043992
v -0.114379 -0.202363 0.061589
v -0.096782 -0.202363 0.008798
v -0.096782 -0.202363 0.026395
v -0.079185 -0.202363 0.008798
v -0.079185 -0.202363 0.026395
v -0.096782 -0.202363 0.043992
v -0.096782 -0.202363 0.061589
v -0.079185 -0.202363 0.043992
v -0.079185 -0.202363 0.061589
v -0.061589 -0.219960 0.061589
v -0.043992 -0.219960 0.061589
v -0.026395 -0.219960 0.061589
v -0.008798 -0.219960 0.061589
v -0.061589 -0.272750 0.096782
v -0.061589 -0.255153 0.096782
v -0.043992 -0.272750 0.096782
v -0.043992 -0.255153 0.096782
v -0.061589 -0.237556 0.079186
v -0.061589 -0.237556 0.096782
v -0.061589 -0.219960 0.079186
v -0.043992 -0.237556 0.079186
v -0.043992 -0.237556 0.096782
v -0.043992 -0.219960 0.079186
v -0.026395 -0.272750 0.096782
v -0.026395 -0.255153 0.096782
v -0.008798 -0.272750 0.096782
v -0.008798 -0.255153 0.096782
v -0.026395 -0.237556 0.079186
v -0.026395 -0.237556 0.096782
v -0.026395 -0.219960 0.079186
v -0.008798 -0.237556 0.079186
v -0.008798 -0.237556 0.096782
v -0.008798 -0.219960 0.079186
v -0.061589 -0.202363 0.008798
v -0.061589 -0.202363 0.026395
v -0.043992 -0.202363 0.008798
v -0.043992 -0.202363 0.026395
v -0.061589 -0.202363 0.043992
v -0.061589 -0.202363 0.061589
v -0.043992 -0.202363 0.043992
v -0.043992 -0.202363 0.061589
v -0.026395 -0.202363 0.008798
v -0.026395 -0.202363 0.026395
v -0.008798 -0.202363 0.008798
v -0.008798 -0.202363 0.026395
v -0.026395 -0.202363 0.043992
v -0.026395 -0.202363 0.061589
v -0.008798 -0.202363 0.043992
v -0.008798 -0.202363 0.061589
v -0.448718 0.026395 -0.061589
v -0.448718 0.026395 -0.043992
v -0.431121 0.026395 -0.061589
v -0.431121 0.026395 -0.043992
v -0.448718 0.026395 -0.026395
v -0.448718 0.026395 -0.008798
v -0.431121 0.026395 -0.026395
v -0.431121 0.026395 -0.008798
v -0.448718 0.043992 -0.061589
v -0.448718 0.043992 -0.043992
v -0.448718 0.061589 -0.061589
v -0.448718 0.061589 -0.043992
v -0.431121 0.043992 -0.061589
v -0.431121 0.061589 -0.061589
v -0.431121 0.061589 -0.043992
v -0.448718 0.043992 -0.026395
v -0.448718 0.043992 -0.008798
v -0.448718 0.061589 -0.026395
v -0.448718 0.061589 -0.008798
v -0.431121 0.061589 -0.026395
v -0.431121 0.061589 -0.008798
v -0.431121 0.079185 -0.061589
v -0.431121 0.079185 -0.043992
v -0.431121 0.079185 -0.026395
v -0.431121 0.079185 -0.008798
v -0.360734 0.008798 -0.149573
v -0.343137 0.008798 -0.149573
v -0.395927 0.008798 -0.114379
v -0.395927 0.008798 -0.096782
v -0.395927 0.008798 -0.079185
v -0.378331 0.008798 -0.131976
v -0.378331 0.008798 -0.114379
v -0.360734 0.008798 -0.131976
v -0.360734 0.008798 -0.114379
v -0.378331 0.008798 -0.096782
v -0.378331 0.008798 -0.079185
v -0.360734 0.008798 -0.096782
v -0.360734 0.008798 -0.079185
v -0.413524 0.026395 -0.061589
v -0.413524 0.026395 -0.043992
v -0.395927 0.008798 -0.061589
v -0.395927 0.008798 -0.043992
v -0.395927 0.026395 -0.061589
v -0.395927 0.026395 -0.043992
v -0.413524 0.026395 -0.026395
v -0.413524 0.026395 -0.008798
v -0.395927 0.008798 -0.026395
v -0.395927 0.008798 -0.008798
v -0.395927 0.026395 -0.026395
v -0.395927 0.026395 -0.008798
v -0.413524 0.043992 -0.061589
v -0.413524 0.061589 -0.061589
v -0.395927 0.043992 -0.061589
v -0.395927 0.061589 -0.061589
v -0.378331 0.008798 -0.061589
v -0.378331 0.008798 -0.043992
v -0.378331 0.026395 -0.061589
v -0.378331 0.026395 -0.043992
v -0.360734 0.008798 -0.061589
v -0.360734 0.008798 -0.043992
v -0.360734 0.026395 -0.061589
v -0.360734 0.026395 -0.043992
v -0.378331 0.008798 -0.026395
v -0.378331 0.008798 -0.008798
v -0.378331 0.026395 -0.026395
v -0.378331 0.026395 -0.008798
v -0.360734 0.008798 -0.026395
v -0.360734 0.008798 -0.008798
v -0.360734 0.026395 -0.026395
v -0.360734 0.026395 -0.008798
v -0.378331 0.043992 -0.061589
v -0.378331 0.061589 -0.061589
v -0.360734 0.043992 -0.061589
v -0.360734 0.061589 -0.061589
v -0.413524 0.079185 -0.061589
v -0.413524 0.079185 -0.043992
v -0.413524 0.096782 -0.061589
v -0.413524 0.096782 -0.043992
v -0.395927 0.079185 -0.061589
v -0.395927 0.096782 -0.061589
v -0.395927 0.096782 -0.043992
v -0.413524 0.079185 -0.026395
v -0.413524 0.079185 -0.008798
v -0.413524 0.096782 -0.026395
v -0.413524 0.096782 -0.008798
v -0.395927 0.096782 -0.026395
v -0.395927 0.096782 -0.008798
v -0.395927 0.114379 -0.061589
v -0.395927 0.114379 -0.043992
v -0.395927 0.114379 -0.026395
v -0.395927 0.114379 -0.008798
v -0.378331 0.079185 -0.061589
v -0.378331 0.096782 -0.061589
v -0.360734 0.079185 -0.061589
v -0.360734 0.096782 -0.061589
v -0.378331 0.114379 -0.061589
v -0.378331 0.114379 -0.043992
v -0.360734 0.114379 -0.061589
v -0.360734 0.114379 -0.043992
v -0.378331 0.114379 -0.026395
v -0.378331 0.114379 -0.008798
v -0.360734 0.114379 -0.026395
v -0.360734 0.114379 -0.008798
v -0.343137 0.008798 -0.131976
v -0.343137 0.008798 -0.114379
v -0.325540 0.008798 -0.131976
v -0.325540 0.008798 -0.114379
v -0.343137 0.008798 -0.096782
v -0.343137 0.008798 -0.079185
v -0.325540 0.008798 -0.096782
v -0.325540 0.008798 -0.079185
v -0.343137 0.008798 -0.061589
v -0.343137 0.026395 -0.061589
v -0.325540 0.008798 -0.061589
v -0.325540 0.008798 -0.043992
v -0.325540 0.026395 -0.061589
v -0.325540 0.008798 -0.026395
v -0.325540 0.008798 -0.008798
v -0.343137 0.043992 -0.061589
v -0.343137 0.061589 -0.061589
v -0.325540 0.043992 -0.061589
v -0.325540 0.061589 -0.061589
v -0.307944 0.008798 -0.061589
v -0.307944 0.008798 -0.043992
v -0.307944 0.026395 -0.061589
v -0.290347 0.008798 -0.061589
v -0.290347 0.008798 -0.043992
v -0.290347 0.026395 -0.061589
v -0.307944 0.008798 -0.026395
v -0.307944 0.008798 -0.008798
v -0.290347 0.008798 -0.026395
v -0.290347 0.008798 -0.008798
v -0.307944 0.043992 -0.061589
v -0.307944 0.061589 -0.061589
v -0.290347 0.043992 -0.061589
v -0.290347 0.061589 -0.061589
v -0.343137 0.079185 -0.061589
v -0.343137 0.096782 -0.061589
v -0.325540 0.079185 -0.061589
v -0.325540 0.096782 -0.061589
v -0.343137 0.114379 -0.061589
v -0.343137 0.114379 -0.043992
v -0.325540 0.114379 -0.061589
v -0.325540 0.114379 -0.043992
v -0.343137 0.114379 -0.026395
v -0.343137 0.114379 -0.008798
v -0.325540 0.114379 -0.026395
v -0.325540 0.114379 -0.008798
v -0.307944 0.079185 -0.061589
v -0.307944 0.096782 -0.061589
v -0.290347 0.079185 -0.061589
v -0.290347 0.096782 -0.061589
v -0.307944 0.114379 -0.061589
v -0.307944 0.114379 -0.043992
v -0.290347 0.114379 -0.061589
v -0.290347 0.114379 -0.043992
v -0.307944 0.114379 -0.026395
v -0.307944 0.114379 -0.008798
v -0.290347 0.114379 -0.026395
v -0.290347 0.114379 -0.008798
v -0.272750 0.008798 -0.061589
v -0.272750 0.008798 -0.043992
v -0.272750 0.026395 -0.061589
v -0.255153 0.008798 -0.061589
v -0.255153 0.026395 -0.061589
v -0.272750 0.008798 -0.026395
v -0.272750 0.008798 -0.008798
v -0.272750 0.043992 -0.061589
v -0.272750 0.061589 -0.061589
v -0.255153 0.043992 -0.061589
v -0.255153 0.061589 -0.061589
v -0.237556 0.008798 -0.061589
v -0.237556 0.026395 -0.061589
v -0.219960 0.008798 -0.061589
v -0.219960 0.026395 -0.061589
v -0.237556 0.043992 -0.061589
v -0.237556 0.061589 -0.061589
v -0.219960 0.043992 -0.061589
v -0.219960 0.061589 -0.061589
v -0.219960 0.061589 -0.043992
v -0.219960 0.061589 -0.026395
v -0.219960 0.061589 -0.008798
v -0.272750 0.079185 -0.061589
v -0.272750 0.096782 -0.061589
v -0.272750 0.096782 -0.043992
v -0.255153 0.079185 -0.061589
v -0.255153 0.096782 -0.061589
v -0.255153 0.096782 -0.043992
v -0.272750 0.096782 -0.026395
v -0.272750 0.096782 -0.008798
v -0.255153 0.096782 -0.026395
v -0.255153 0.096782 -0.008798
v -0.272750 0.114379 -0.061589
v -0.272750 0.114379 -0.043992
v -0.272750 0.114379 -0.026395
v -0.272750 0.114379 -0.008798
v -0.237556 0.079185 -0.061589
v -0.237556 0.079185 -0.043992
v -0.237556 0.096782 -0.061589
v -0.237556 0.096782 -0.043992
v -0.219960 0.079185 -0.061589
v -0.219960 0.079185 -0.043992
v -0.237556 0.079185 -0.026395
v -0.237556 0.079185 -0.008798
v -0.237556 0.096782 -0.026395
v -0.237556 0.096782 -0.008798
v -0.219960 0.079185 -0.026395
v -0.219960 0.079185 -0.008798
v -0.202363 0.008798 -0.061589
v -0.202363 0.008798 -0.043992
v -0.202363 0.026395 -0.061589
v -0.202363 0.026395 -0.043992
v -0.202363 0.008798 -0.026395
v -0.202363 0.008798 -0.008798
v -0.202363 0.026395 -0.026395
v -0.202363 0.026395 -0.008798
v -0.202363 0.043992 -0.061589
v -0.202363 0.043992 -0.043992
v -0.202363 0.061589 -0.061589
v -0.202363 0.061589 -0.043992
v -0.202363 0.043992 -0.026395
v -0.202363 0.043992 -0.008798
v -0.202363 0.061589 -0.026395
v -0.202363 0.061589 -0.008798
v -0.448718 0.026395 0.008798
v -0.448718 0.026395 0.026395
v -0.431121 0.026395 0.008798
v -0.431121 0.026395 0.026395
v -0.448718 0.026395 0.043992
v -0.448718 0.026395 0.061589
v -0.431121 0.026395 0.043992
v -0.431121 0.026395 0.061589
v -0.448718 0.043992 0.008798
v -0.448718 0.043992 0.026395
v -0.448718 0.061589 0.008798
v -0.448718 0.061589 0.026395
v -0.431121 0.061589 0.008798
v -0.431121 0.061589 0.026395
v -0.448718 0.043992 0.043992
v -0.448718 0.043992 0.061589
v -0.448718 0.061589 0.043992
v -0.448718 0.061589 0.061589
v -0.431121 0.043992 0.061589
v -0.431121 0.061589 0.043992
v -0.431121 0.061589 0.061589
v -0.431121 0.079185 0.008798
v -0.431121 0.079185 0.026395
v -0.431121 0.079185 0.043992
v -0.431121 0.079185 0.061589
v -0.413524 0.026395 0.008798
v -0.413524 0.026395 0.026395
v -0.395927 0.008798 0.008798
v -0.395927 0.008798 0.026395
v -0.395927 0.026395 0.008798
v -0.395927 0.026395 0.026395
v -0.413524 0.026395 0.043992
v -0.413524 0.026395 0.061589
v -0.395927 0.008798 0.043992
v -0.395927 0.008798 0.061589
v -0.395927 0.026395 0.043992
v -0.395927 0.026395 0.061589
v -0.413524 0.043992 0.061589
v -0.413524 0.061589 0.061589
v -0.395927 0.043992 0.061589
v -0.395927 0.061589 0.061589
v -0.378331 0.008798 0.008798
v -0.378331 0.008798 0.026395
v -0.378331 0.026395 0.008798
v -0.378331 0.026395 0.026395
v -0.360734 0.008798 0.008798
v -0.360734 0.008798 0.026395
v -0.360734 0.026395 0.008798
v -0.360734 0.026395 0.026395
v -0.378331 0.008798 0.043992
v -0.378331 0.008798 0.061589
v -0.378331 0.026395 0.043992
v -0.378331 0.026395 0.061589
v -0.360734 0.008798 0.043992
v -0.360734 0.008798 0.061589
v -0.360734 0.026395 0.043992
v -0.360734 0.026395 0.061589
v -0.378331 0.043992 0.061589
v -0.378331 0.061589 0.061589
v -0.360734 0.043992 0.061589
v -0.360734 0.061589 0.061589
v -0.395927 0.008798 0.079185
v -0.395927 0.008798 0.096782
v -0.395927 0.008798 0.114379
v -0.378331 0.008798 0.079185
v -0.378331 0.008798 0.096782
v -0.360734 0.008798 0.079185
v -0.360734 0.008798 0.096782
v -0.378331 0.008798 0.114379
v -0.378331 0.008798 0.131976
v -0.360734 0.008798 0.114379
v -0.360734 0.008798 0.131976
v -0.413524 0.079185 0.008798
v -0.413524 0.079185 0.026395
v -0.413524 0.096782 0.008798
v -0.413524 0.096782 0.026395
v -0.395927 0.096782 0.008798
v -0.395927 0.096782 0.026395
v -0.413524 0.079185 0.043992
v -0.413524 0.079185 0.061589
v -0.413524 0.096782 0.043992
v -0.413524 0.096782 0.061589
v -0.395927 0.079185 0.061589
v -0.395927 0.096782 0.043992
v -0.395927 0.096782 0.061589
v -0.395927 0.114379 0.008798
v -0.395927 0.114379 0.026395
v -0.395927 0.114379 0.043992
v -0.395927 0.114379 0.061589
v -0.378331 0.079185 0.061589
v -0.378331 0.096782 0.061589
v -0.360734 0.079185 0.061589
v -0.360734 0.096782 0.061589
v -0.378331 0.114379 0.008798
v -0.378331 0.114379 0.026395
v -0.360734 0.114379 0.008798
v -0.360734 0.114379 0.026395
v -0.378331 0.114379 0.043992
v -0.378331 0.114379 0.061589
v -0.360734 0.114379 0.043992
v -0.360734 0.114379 0.061589
v -0.325540 0.008798 0.008798
v -0.325540 0.008798 0.026395
v -0.343137 0.008798 0.061589
v -0.343137 0.026395 0.061589
v -0.325540 0.008798 0.043992
v -0.325540 0.008798 0.061589
v -0.325540 0.026395 0.061589
v -0.343137 0.043992 0.061589
v -0.343137 0.061589 0.061589
v -0.325540 0.043992 0.061589
v -0.325540 0.061589 0.061589
v -0.307944 0.008798 0.008798
v -0.307944 0.008798 0.026395
v -0.290347 0.008798 0.008798
v -0.290347 0.008798 0.026395
v -0.307944 0.008798 0.043992
v -0.307944 0.008798 0.061589
v -0.307944 0.026395 0.061589
v -0.290347 0.008798 0.043992
v -0.290347 0.008798 0.061589
v -0.290347 0.026395 0.061589
v -0.307944 0.043992 0.061589
v -0.307944 0.061589 0.061589
v -0.290347 0.043992 0.061589
v -0.290347 0.061589 0.061589
v -0.343137 0.008798 0.079185
v -0.343137 0.008798 0.096782
v -0.325540 0.008798 0.079185
v -0.325540 0.008798 0.096782
v -0.343137 0.008798 0.114379
v -0.343137 0.008798 0.131976
v -0.325540 0.008798 0.114379
v -0.325540 0.008798 0.131976
v -0.343137 0.079185 0.061589
v -0.343137 0.096782 0.061589
v -0.325540 0.079185 0.061589
v -0.325540 0.096782 0.061589
v -0.343137 0.114379 0.008798
v -0.343137 0.114379 0.026395
v -0.325540 0.114379 0.008798
v -0.325540 0.114379 0.026395
v -0.343137 0.114379 0.043992
v -0.343137 0.114379 0.061589
v -0.325540 0.114379 0.043992
v -0.325540 0.114379 0.061589
v -0.307944 0.079185 0.061589
v -0.307944 0.096782 0.061589
v -0.290347 0.079185 0.061589
v -0.290347 0.096782 0.061589
v -0.307944 0.114379 0.008798
v -0.307944 0.114379 0.026395
v -0.290347 0.114379 0.008798
v -0.290347 0.114379 0.026395
v -0.307944 0.114379 0.043992
v -0.307944 0.114379 0.061589
v -0.290347 0.114379 0.043992
v -0.290347 0.114379 0.061589
v -0.360734 0.008798 0.149573
v -0.343137 0.008798 0.149573
v -0.272750 0.008798 0.008798
v -0.272750 0.008798 0.026395
v -0.272750 0.008798 0.043992
v -0.272750 0.008798 0.061589
v -0.272750 0.026395 0.061589
v -0.255153 0.008798 0.061589
v -0.255153 0.026395 0.061589
v -0.272750 0.043992 0.061589
v -0.272750 0.061589 0.061589
v -0.255153 0.043992 0.061589
v -0.255153 0.061589 0.061589
v -0.237556 0.008798 0.061589
v -0.237556 0.026395 0.061589
v -0.219960 0.008798 0.061589
v -0.219960 0.026395 0.061589
v -0.219960 0.061589 0.008798
v -0.219960 0.061589 0.026395
v -0.237556 0.043992 0.061589
v -0.237556 0.061589 0.061589
v -0.219960 0.043992 0.061589
v -0.219960 0.061589 0.043992
v -0.219960 0.061589 0.061589
v -0.272750 0.096782 0.008798
v -0.272750 0.096782 0.026395
v -0.255153 0.096782 0.008798
v -0.255153 0.096782 0.026395
v -0.272750 0.079185 0.061589
v -0.272750 0.096782 0.043992
v -0.272750 0.096782 0.061589
v -0.255153 0.079185 0.061589
v -0.255153 0.096782 0.043992
v -0.255153 0.096782 0.061589
v -0.272750 0.114379 0.008798
v -0.272750 0.114379 0.026395
v -0.272750 0.114379 0.043992
v -0.272750 0.114379 0.061589
v -0.237556 0.079185 0.008798
v -0.237556 0.079185 0.026395
v -0.237556 0.096782 0.008798
v -0.237556 0.096782 0.026395
v -0.219960 0.079185 0.008798
v -0.219960 0.079185 0.026395
v -0.237556 0.079185 0.043992
v -0.237556 0.079185 0.061589
v -0.237556 0.096782 0.043992
v -0.237556 0.096782 0.061589
v -0.219960 0.079185 0.043992
v -0.219960 0.079185 0.061589
v -0.202363 0.008798 0.008798
v -0.202363 0.008798 0.026395
v -0.202363 0.026395 0.008798
v -0.202363 0.026395 0.026395
v -0.202363 0.008798 0.043992
v -0.202363 0.008798 0.061589
v -0.202363 0.026395 0.043992
v -0.202363 0.026395 0.061589
v -0.202363 0.043992 0.008798
v -0.202363 0.043992 0.026395
v -0.202363 0.061589 0.008798
v -0.202363 0.061589 0.026395
v -0.202363 0.043992 0.043992
v -0.202363 0.043992 0.061589
v -0.202363 0.061589 0.043992
v -0.202363 0.061589 0.061589
v 0.008798 -0.290347 -0.096782
v 0.008798 -0.290347 -0.079185
v 0.026395 -0.290347 -0.096782
v 0.026395 -0.290347 -0.079185
v 0.043992 -0.290347 -0.096782
v 0.043992 -0.290347 -0.079185
v 0.061589 -0.290347 -0.096782
v 0.061589 -0.290347 -0.079185
v 0.008798 -0.290347 -0.061589
v 0.008798 -0.290347 -0.043992
v 0.026395 -0.290347 -0.061589
v 0.026395 -0.290347 -0.043992
v 0.008798 -0.290347 -0.026395
v 0.008798 -0.290347 -0.008798
v 0.026395 -0.290347 -0.026395
v 0.026395 -0.290347 -0.008798
v 0.043992 -0.290347 -0.061589
v 0.043992 -0.290347 -0.043992
v 0.061589 -0.290347 -0.061589
v 0.061589 -0.290347 -0.043992
v 0.043992 -0.290347 -0.026395
v 0.043992 -0.290347 -0.008798
v 0.061589 -0.290347 -0.026395
v 0.061589 -0.290347 -0.008798
v 0.079185 -0.290347 -0.096782
v 0.079185 -0.290347 -0.079185
v 0.096782 -0.290347 -0.096782
v 0.096782 -0.290347 -0.079185
v 0.114379 -0.290347 -0.096782
v 0.114379 -0.290347 -0.079185
v 0.131976 -0.290347 -0.096782
v 0.131976 -0.290347 -0.079185
v 0.079185 -0.290347 -0.061589
v 0.079185 -0.290347 -0.043992
v 0.096782 -0.290347 -0.061589
v 0.096782 -0.290347 -0.043992
v 0.079185 -0.290347 -0.026395
v 0.079185 -0.290347 -0.008798
v 0.096782 -0.290347 -0.026395
v 0.096782 -0.290347 -0.008798
v 0.114379 -0.290347 -0.061589
v 0.114379 -0.290347 -0.043992
v 0.131976 -0.290347 -0.061589
v 0.131976 -0.290347 -0.043992
v 0.114379 -0.290347 -0.026395
v 0.114379 -0.290347 -0.008798
v 0.131976 -0.290347 -0.026395
v 0.131976 -0.290347 -0.008798
v 0.149573 -0.290347 -0.096782
v 0.149573 -0.290347 -0.079185
v 0.149573 -0.290347 -0.061589
v 0.149573 -0.290347 -0.043992
v 0.149573 -0.290347 -0.026395
v 0.149573 -0.290347 -0.008798
v 0.008798 -0.272750 -0.096782
v 0.008798 -0.255153 -0.096782
v 0.026395 -0.272750 -0.096782
v 0.026395 -0.255153 -0.096782
v 0.008798 -0.237556 -0.096782
v 0.008798 -0.237556 -0.079185
v 0.008798 -0.219960 -0.079185
v 0.026395 -0.237556 -0.096782
v 0.026395 -0.237556 -0.079185
v 0.026395 -0.219960 -0.079185
v 0.043992 -0.272750 -0.096782
v 0.043992 -0.255153 -0.096782
v 0.061589 -0.272750 -0.096782
v 0.061589 -0.255153 -0.096782
v 0.043992 -0.237556 -0.096782
v 0.043992 -0.237556 -0.079185
v 0.043992 -0.219960 -0.079185
v 0.061589 -0.237556 -0.096782
v 0.061589 -0.237556 -0.079185
v 0.061589 -0.219960 -0.079185
v 0.008798 -0.219960 -0.061589
v 0.026395 -0.219960 -0.061589
v 0.043992 -0.219960 -0.061589
v 0.061589 -0.219960 -0.061589
v 0.008798 -0.202363 -0.061589
v 0.008798 -0.202363 -0.043992
v 0.026395 -0.202363 -0.061589
v 0.026395 -0.202363 -0.043992
v 0.008798 -0.202363 -0.026395
v 0.008798 -0.202363 -0.008798
v 0.026395 -0.202363 -0.026395
v 0.026395 -0.202363 -0.008798
v 0.043992 -0.202363 -0.061589
v 0.043992 -0.202363 -0.043992
v 0.061589 -0.202363 -0.061589
v 0.061589 -0.202363 -0.043992
v 0.043992 -0.202363 -0.026395
v 0.043992 -0.202363 -0.008798
v 0.061589 -0.202363 -0.026395
v 0.061589 -0.202363 -0.008798
v 0.079185 -0.272750 -0.096782
v 0.079185 -0.255153 -0.096782
v 0.096782 -0.272750 -0.096782
v 0.096782 -0.255153 -0.096782
v 0.079185 -0.237556 -0.096782
v 0.079185 -0.237556 -0.079185
v 0.079185 -0.219960 -0.079185
v 0.096782 -0.237556 -0.096782
v 0.096782 -0.237556 -0.079185
v 0.096782 -0.219960 -0.079185
v 0.114379 -0.272750 -0.096782
v 0.114379 -0.255153 -0.096782
v 0.131976 -0.272750 -0.096782
v 0.131976 -0.255153 -0.096782
v 0.114379 -0.237556 -0.096782
v 0.114379 -0.237556 -0.079185
v 0.114379 -0.219960 -0.079185
v 0.131976 -0.237556 -0.096782
v 0.131976 -0.237556 -0.079185
v 0.131976 -0.219960 -0.079185
v 0.079185 -0.219960 -0.061589
v 0.096782 -0.219960 -0.061589
v 0.114379 -0.219960 -0.061589
v 0.131976 -0.219960 -0.061589
v 0.079185 -0.202363 -0.061589
v 0.079185 -0.202363 -0.043992
v 0.096782 -0.202363 -0.061589
v 0.096782 -0.202363 -0.043992
v 0.079185 -0.202363 -0.026395
v 0.079185 -0.202363 -0.008798
v 0.096782 -0.202363 -0.026395
v 0.096782 -0.202363 -0.008798
v 0.114379 -0.202363 -0.061589
v 0.114379 -0.202363 -0.043992
v 0.131976 -0.202363 -0.061589
v 0.131976 -0.202363 -0.043992
v 0.114379 -0.202363 -0.026395
v 0.114379 -0.202363 -0.008798
v 0.131976 -0.202363 -0.026395
v 0.131976 -0.202363 -0.008798
v 0.149573 -0.272750 -0.096782
v 0.149573 -0.272750 -0.079185
v 0.149573 -0.255153 -0.096782
v 0.149573 -0.255153 -0.079185
v 0.167169 -0.255153 -0.096782
v 0.167169 -0.255153 -0.079185
v 0.149573 -0.237556 -0.096782
v 0.149573 -0.237556 -0.079185
v 0.149573 -0.219960 -0.079185
v 0.167169 -0.237556 -0.096782
v 0.167169 -0.237556 -0.079185
v 0.167169 -0.219960 -0.079185
v 0.149573 -0.272750 -0.061589
v 0.149573 -0.272750 -0.043992
v 0.149573 -0.255153 -0.061589
v 0.149573 -0.255153 -0.043992
v 0.167169 -0.255153 -0.061589
v 0.167169 -0.255153 -0.043992
v 0.149573 -0.272750 -0.026395
v 0.149573 -0.272750 -0.008798
v 0.149573 -0.255153 -0.026395
v 0.149573 -0.255153 -0.008798
v 0.167169 -0.255153 -0.026395
v 0.167169 -0.255153 -0.008798
v 0.149573 -0.219960 -0.061589
v 0.167169 -0.237556 -0.061589
v 0.167169 -0.237556 -0.043992
v 0.167169 -0.219960 -0.061589
v 0.167169 -0.219960 -0.043992
v 0.167169 -0.237556 -0.026395
v 0.167169 -0.237556 -0.008798
v 0.167169 -0.219960 -0.026395
v 0.167169 -0.219960 -0.008798
v 0.149573 -0.202363 -0.061589
v 0.149573 -0.202363 -0.043992
v 0.167169 -0.202363 -0.061589
v 0.167169 -0.202363 -0.043992
v 0.149573 -0.202363 -0.026395
v 0.149573 -0.202363 -0.008798
v 0.167169 -0.202363 -0.026395
v 0.167169 -0.202363 -0.008798
v 0.290347 -0.219960 -0.061589
v 0.290347 -0.219960 -0.043992
v 0.307944 -0.219960 -0.061589
v 0.307944 -0.219960 -0.043992
v 0.290347 -0.237556 -0.026395
v 0.290347 -0.237556 -0.008798
v 0.290347 -0.219960 -0.026395
v 0.290347 -0.219960 -0.008798
v 0.307944 -0.237556 -0.026395
v 0.307944 -0.237556 -0.008798
v 0.307944 -0.219960 -0.026395
v 0.307944 -0.219960 -0.008798
v 0.290347 -0.202363 -0.079185
v 0.290347 -0.184766 -0.096782
v 0.290347 -0.184766 -0.079185
v 0.307944 -0.202363 -0.079185
v 0.307944 -0.184766 -0.096782
v 0.307944 -0.184766 -0.079185
v 0.290347 -0.167169 -0.096782
v 0.290347 -0.167169 -0.079185
v 0.290347 -0.149573 -0.096782
v 0.290347 -0.149573 -0.079185
v 0.307944 -0.167169 -0.096782
v 0.307944 -0.167169 -0.079185
v 0.307944 -0.149573 -0.096782
v 0.307944 -0.149573 -0.079185
v 0.290347 -0.202363 -0.061589
v 0.290347 -0.202363 -0.043992
v 0.290347 -0.184766 -0.061589
v 0.290347 -0.184766 -0.043992
v 0.307944 -0.202363 -0.061589
v 0.307944 -0.202363 -0.043992
v 0.307944 -0.184766 -0.061589
v 0.307944 -0.184766 -0.043992
v 0.290347 -0.202363 -0.026395
v 0.290347 -0.202363 -0.008798
v 0.290347 -0.184766 -0.026395
v 0.307944 -0.202363 -0.026395
v 0.307944 -0.202363 -0.008798
v 0.307944 -0.184766 -0.026395
v 0.290347 -0.167169 -0.061589
v 0.290347 -0.149573 -0.061589
v 0.307944 -0.167169 -0.061589
v 0.307944 -0.149573 -0.061589
v 0.413524 -0.219960 -0.026395
v 0.413524 -0.219960 -0.008798
v 0.413524 -0.184766 -0.079185
v 0.413524 -0.167169 -0.079185
v 0.413524 -0.149573 -0.079185
v 0.413524 -0.202363 -0.061589
v 0.413524 -0.202363 -0.043992
v 0.413524 -0.184766 -0.061589
v 0.413524 -0.184766 -0.043992
v 0.413524 -0.202363 -0.026395
v 0.413524 -0.202363 -0.008798
v 0.413524 -0.184766 -0.026395
v 0.413524 -0.167169 -0.061589
v 0.413524 -0.149573 -0.061589
v 0.290347 -0.131976 -0.096782
v 0.290347 -0.131976 -0.079185
v 0.290347 -0.114379 -0.096782
v 0.290347 -0.114379 -0.079185
v 0.307944 -0.131976 -0.096782
v 0.307944 -0.131976 -0.079185
v 0.307944 -0.114379 -0.096782
v 0.307944 -0.114379 -0.079185
v 0.290347 -0.096782 -0.096782
v 0.290347 -0.096782 -0.079185
v 0.290347 -0.079185 -0.096782
v 0.290347 -0.079185 -0.079185
v 0.307944 -0.096782 -0.096782
v 0.307944 -0.096782 -0.079185
v 0.307944 -0.079185 -0.096782
v 0.307944 -0.079185 -0.079185
v 0.290347 -0.131976 -0.061589
v 0.290347 -0.114379 -0.061589
v 0.307944 -0.131976 -0.061589
v 0.307944 -0.114379 -0.061589
v 0.290347 -0.096782 -0.061589
v 0.290347 -0.079185 -0.061589
v 0.290347 -0.079185 -0.043992
v 0.307944 -0.096782 -0.061589
v 0.307944 -0.079185 -0.061589
v 0.307944 -0.079185 -0.043992
v 0.290347 -0.079185 -0.026395
v 0.307944 -0.079185 -0.026395
v 0.290347 -0.061589 -0.079185
v 0.290347 -0.043992 -0.079185
v 0.307944 -0.061589 -0.079185
v 0.307944 -0.043992 -0.079185
v 0.290347 -0.061589 -0.061589
v 0.290347 -0.061589 -0.043992
v 0.290347 -0.043992 -0.061589
v 0.290347 -0.043992 -0.043992
v 0.307944 -0.061589 -0.061589
v 0.307944 -0.061589 -0.043992
v 0.307944 -0.043992 -0.061589
v 0.307944 -0.043992 -0.043992
v 0.290347 -0.061589 -0.026395
v 0.290347 -0.061589 -0.008798
v 0.290347 -0.043992 -0.026395
v 0.290347 -0.043992 -0.008798
v 0.307944 -0.061589 -0.026395
v 0.307944 -0.061589 -0.008798
v 0.307944 -0.043992 -0.026395
v 0.307944 -0.043992 -0.008798
v 0.290347 -0.026395 -0.026395
v 0.290347 -0.026395 -0.008798
v 0.307944 -0.026395 -0.026395
v 0.307944 -0.026395 -0.008798
v 0.413524 -0.131976 -0.096782
v 0.413524 -0.131976 -0.079185
v 0.413524 -0.114379 -0.096782
v 0.413524 -0.114379 -0.079185
v 0.413524 -0.096782 -0.079185
v 0.413524 -0.079185 -0.079185
v 0.413524 -0.131976 -0.061589
v 0.413524 -0.114379 -0.061589
v 0.413524 -0.096782 -0.061589
v 0.413524 -0.079185 -0.061589
v 0.413524 -0.079185 -0.043992
v 0.413524 -0.079185 -0.026395
v 0.413524 -0.061589 -0.061589
v 0.413524 -0.061589 -0.043992
v 0.413524 -0.061589 -0.026395
v 0.413524 -0.061589 -0.008798
v 0.413524 -0.043992 -0.026395
v 0.413524 -0.043992 -0.008798
v 0.431121 -0.219960 -0.026395
v 0.431121 -0.219960 -0.008798
v 0.448718 -0.219960 -0.026395
v 0.448718 -0.219960 -0.008798
v 0.431121 -0.184766 -0.079185
v 0.448718 -0.184766 -0.079185
v 0.431121 -0.167169 -0.079185
v 0.431121 -0.149573 -0.096782
v 0.431121 -0.149573 -0.079185
v 0.448718 -0.167169 -0.079185
v 0.448718 -0.149573 -0.096782
v 0.448718 -0.149573 -0.079185
v 0.431121 -0.202363 -0.061589
v 0.431121 -0.202363 -0.043992
v 0.431121 -0.184766 -0.061589
v 0.431121 -0.184766 -0.043992
v 0.448718 -0.202363 -0.061589
v 0.448718 -0.202363 -0.043992
v 0.448718 -0.184766 -0.061589
v 0.448718 -0.184766 -0.043992
v 0.431121 -0.202363 -0.026395
v 0.431121 -0.202363 -0.008798
v 0.431121 -0.184766 -0.026395
v 0.448718 -0.202363 -0.026395
v 0.448718 -0.202363 -0.008798
v 0.448718 -0.184766 -0.026395
v 0.431121 -0.167169 -0.061589
v 0.431121 -0.167169 -0.043992
v 0.431121 -0.149573 -0.061589
v 0.448718 -0.167169 -0.061589
v 0.448718 -0.167169 -0.043992
v 0.448718 -0.149573 -0.061589
v 0.431121 -0.131976 -0.096782
v 0.431121 -0.131976 -0.079185
v 0.431121 -0.114379 -0.096782
v 0.431121 -0.114379 -0.079185
v 0.448718 -0.131976 -0.096782
v 0.448718 -0.131976 -0.079185
v 0.448718 -0.114379 -0.096782
v 0.448718 -0.114379 -0.079185
v 0.431121 -0.096782 -0.079185
v 0.431121 -0.079185 -0.079185
v 0.448718 -0.096782 -0.079185
v 0.448718 -0.079185 -0.079185
v 0.431121 -0.131976 -0.061589
v 0.431121 -0.114379 -0.061589
v 0.448718 -0.131976 -0.061589
v 0.448718 -0.114379 -0.061589
v 0.431121 -0.096782 -0.061589
v 0.431121 -0.079185 -0.061589
v 0.431121 -0.079185 -0.043992
v 0.448718 -0.096782 -0.061589
v 0.448718 -0.079185 -0.061589
v 0.448718 -0.079185 -0.043992
v 0.431121 -0.079185 -0.026395
v 0.448718 -0.079185 -0.026395
v 0.431121 -0.061589 -0.061589
v 0.431121 -0.061589 -0.043992
v 0.448718 -0.061589 -0.061589
v 0.448718 -0.061589 -0.043992
v 0.431121 -0.061589 -0.026395
v 0.431121 -0.061589 -0.008798
v 0.431121 -0.043992 -0.026395
v 0.431121 -0.043992 -0.008798
v 0.448718 -0.061589 -0.026395
v 0.448718 -0.061589 -0.008798
v 0.448718 -0.043992 -0.026395
v 0.448718 -0.043992 -0.008798
v 0.008798 -0.290347 0.008798
v 0.008798 -0.290347 0.026395
v 0.026395 -0.290347 0.008798
v 0.026395 -0.290347 0.026395
v 0.008798 -0.290347 0.043992
v 0.008798 -0.290347 0.061589
v 0.026395 -0.290347 0.043992
v 0.026395 -0.290347 0.061589
v 0.043992 -0.290347 0.008798
v 0.043992 -0.290347 0.026395
v 0.061589 -0.290347 0.008798
v 0.061589 -0.290347 0.026395
v 0.043992 -0.290347 0.043992
v 0.043992 -0.290347 0.061589
v 0.061589 -0.290347 0.043992
v 0.061589 -0.290347 0.061589
v 0.008798 -0.290347 0.079186
v 0.008798 -0.290347 0.096782
v 0.026395 -0.290347 0.079186
v 0.026395 -0.290347 0.096782
v 0.043992 -0.290347 0.079186
v 0.043992 -0.290347 0.096782
v 0.061589 -0.290347 0.079186
v 0.061589 -0.290347 0.096782
v 0.079185 -0.290347 0.008798
v 0.079185 -0.290347 0.026395
v 0.096782 -0.290347 0.008798
v 0.096782 -0.290347 0.026395
v 0.079185 -0.290347 0.043992
v 0.079185 -0.290347 0.061589
v 0.096782 -0.290347 0.043992
v 0.096782 -0.290347 0.061589
v 0.114379 -0.290347 0.008798
v 0.114379 -0.290347 0.026395
v 0.131976 -0.290347 0.008798
v 0.131976 -0.290347 0.026395
v 0.114379 -0.290347 0.043992
v 0.114379 -0.290347 0.061589
v 0.131976 -0.290347 0.043992
v 0.131976 -0.290347 0.061589
v 0.079185 -0.290347 0.079186
v 0.079185 -0.290347 0.096782
v 0.096782 -0.290347 0.079186
v 0.096782 -0.290347 0.096782
v 0.114379 -0.290347 0.079186
v 0.114379 -0.290347 0.096782
v 0.131976 -0.290347 0.079186
v 0.131976 -0.290347 0.096782
v 0.149573 -0.290347 0.008798
v 0.149573 -0.290347 0.026395
v 0.149573 -0.290347 0.043992
v 0.149573 -0.290347 0.061589
v 0.149573 -0.290347 0.079186
v 0.149573 -0.290347 0.096782
v 0.008798 -0.219960 0.061589
v 0.026395 -0.219960 0.061589
v 0.043992 -0.219960 0.061589
v 0.061589 -0.219960 0.061589
v 0.008798 -0.272750 0.096782
v 0.008798 -0.255153 0.096782
v 0.026395 -0.272750 0.096782
v 0.026395 -0.255153 0.096782
v 0.008798 -0.237556 0.079186
v 0.008798 -0.237556 0.096782
v 0.008798 -0.219960 0.079186
v 0.026395 -0.237556 0.079186
v 0.026395 -0.237556 0.096782
v 0.026395 -0.219960 0.079186
v 0.043992 -0.272750 0.096782
v 0.043992 -0.255153 0.096782
v 0.061589 -0.272750 0.096782
v 0.061589 -0.255153 0.096782
v 0.043992 -0.237556 0.079186
v 0.043992 -0.237556 0.096782
v 0.043992 -0.219960 0.079186
v 0.061589 -0.237556 0.079186
v 0.061589 -0.237556 0.096782
v 0.061589 -0.219960 0.079186
v 0.008798 -0.202363 0.008798
v 0.008798 -0.202363 0.026395
v 0.026395 -0.202363 0.008798
v 0.026395 -0.202363 0.026395
v 0.008798 -0.202363 0.043992
v 0.008798 -0.202363 0.061589
v 0.026395 -0.202363 0.043992
v 0.026395 -0.202363 0.061589
v 0.043992 -0.202363 0.008798
v 0.043992 -0.202363 0.026395
v 0.061589 -0.202363 0.008798
v 0.061589 -0.202363 0.026395
v 0.043992 -0.202363 0.043992
v 0.043992 -0.202363 0.061589
v 0.061589 -0.202363 0.043992
v 0.061589 -0.202363 0.061589
v 0.079185 -0.219960 0.061589
v 0.096782 -0.219960 0.061589
v 0.114379 -0.219960 0.061589
v 0.131976 -0.219960 0.061589
v 0.079185 -0.272750 0.096782
v 0.079185 -0.255153 0.096782
v 0.096782 -0.272750 0.096782
v 0.096782 -0.255153 0.096782
v 0.079185 -0.237556 0.079186
v 0.079185 -0.237556 0.096782
v 0.079185 -0.219960 0.079186
v 0.096782 -0.237556 0.079186
v 0.096782 -0.237556 0.096782
v 0.096782 -0.219960 0.079186
v 0.114379 -0.272750 0.096782
v 0.114379 -0.255153 0.096782
v 0.131976 -0.272750 0.096782
v 0.131976 -0.255153 0.096782
v 0.114379 -0.237556 0.079186
v 0.114379 -0.237556 0.096782
v 0.114379 -0.219960 0.079186
v 0.131976 -0.237556 0.079186
v 0.131976 -0.237556 0.096782
v 0.131976 -0.219960 0.079186
v 0.079185 -0.202363 0.008798
v 0.079185 -0.202363 0.026395
v 0.096782 -0.202363 0.008798
v 0.096782 -0.202363 0.026395
v 0.079185 -0.202363 0.043992
v 0.079185 -0.202363 0.061589
v 0.096782 -0.202363 0.043992
v 0.096782 -0.202363 0.061589
v 0.114379 -0.202363 0.008798
v 0.114379 -0.202363 0.026395
v 0.131976 -0.202363 0.008798
v 0.131976 -0.202363 0.026395
v 0.114379 -0.202363 0.043992
v 0.114379 -0.202363 0.061589
v 0.131976 -0.202363 0.043992
v 0.131976 -0.202363 0.061589
v 0.149573 -0.272750 0.008798
v 0.149573 -0.272750 0.026395
v 0.149573 -0.255153 0.008798
v 0.149573 -0.255153 0.026395
v 0.167169 -0.255153 0.008798
v 0.167169 -0.255153 0.026395
v 0.149573 -0.272750 0.043992
v 0.149573 -0.272750 0.061589
v 0.149573 -0.255153 0.043992
v 0.149573 -0.255153 0.061589
v 0.167169 -0.255153 0.043992
v 0.167169 -0.255153 0.061589
v 0.167169 -0.237556 0.008798
v 0.167169 -0.237556 0.026395
v 0.167169 -0.219960 0.008798
v 0.167169 -0.219960 0.026395
v 0.149573 -0.219960 0.061589
v 0.167169 -0.237556 0.043992
v 0.167169 -0.237556 0.061589
v 0.167169 -0.219960 0.043992
v 0.167169 -0.219960 0.061589
v 0.149573 -0.272750 0.079186
v 0.149573 -0.272750 0.096782
v 0.149573 -0.255153 0.079186
v 0.149573 -0.255153 0.096782
v 0.167169 -0.255153 0.079186
v 0.167169 -0.255153 0.096782
v 0.149573 -0.237556 0.079186
v 0.149573 -0.237556 0.096782
v 0.149573 -0.219960 0.079186
v 0.167169 -0.237556 0.079186
v 0.167169 -0.237556 0.096782
v 0.167169 -0.219960 0.079186
v 0.149573 -0.202363 0.008798
v 0.149573 -0.202363 0.026395
v 0.167169 -0.202363 0.008798
v 0.167169 -0.202363 0.026395
v 0.149573 -0.202363 0.043992
v 0.149573 -0.202363 0.061589
v 0.167169 -0.202363 0.043992
v 0.167169 -0.202363 0.061589
v 0.290347 -0.237556 0.008798
v 0.290347 -0.237556 0.026395
v 0.290347 -0.219960 0.008798
v 0.290347 -0.219960 0.026395
v 0.307944 -0.237556 0.008798
v 0.307944 -0.237556 0.026395
v 0.307944 -0.219960 0.008798
v 0.307944 -0.219960 0.026395
v 0.290347 -0.219960 0.043992
v 0.290347 -0.219960 0.061589
v 0.307944 -0.219960 0.043992
v 0.307944 -0.219960 0.061589
v 0.290347 -0.202363 0.008798
v 0.290347 -0.202363 0.026395
v 0.290347 -0.184766 0.026395
v 0.307944 -0.202363 0.008798
v 0.307944 -0.202363 0.026395
v 0.307944 -0.184766 0.026395
v 0.290347 -0.202363 0.043992
v 0.290347 -0.202363 0.061589
v 0.290347 -0.184766 0.043992
v 0.290347 -0.184766 0.061589
v 0.307944 -0.202363 0.043992
v 0.307944 -0.202363 0.061589
v 0.307944 -0.184766 0.043992
v 0.307944 -0.184766 0.061589
v 0.290347 -0.167169 0.061589
v 0.290347 -0.149573 0.061589
v 0.307944 -0.167169 0.061589
v 0.307944 -0.149573 0.061589
v 0.290347 -0.202363 0.079186
v 0.290347 -0.184766 0.079186
v 0.290347 -0.184766 0.096782
v 0.307944 -0.202363 0.079186
v 0.307944 -0.184766 0.079186
v 0.307944 -0.184766 0.096782
v 0.290347 -0.167169 0.079186
v 0.290347 -0.167169 0.096782
v 0.290347 -0.149573 0.079186
v 0.290347 -0.149573 0.096782
v 0.307944 -0.167169 0.079186
v 0.307944 -0.167169 0.096782
v 0.307944 -0.149573 0.079186
v 0.307944 -0.149573 0.096782
v 0.413524 -0.219960 0.008798
v 0.413524 -0.219960 0.026395
v 0.413524 -0.202363 0.008798
v 0.413524 -0.202363 0.026395
v 0.413524 -0.184766 0.026395
v 0.413524 -0.202363 0.043992
v 0.413524 -0.202363 0.061589
v 0.413524 -0.184766 0.043992
v 0.413524 -0.184766 0.061589
v 0.413524 -0.167169 0.061589
v 0.413524 -0.149573 0.061589
v 0.413524 -0.184766 0.079186
v 0.413524 -0.167169 0.079186
v 0.413524 -0.149573 0.079186
v 0.290347 -0.131976 0.061589
v 0.290347 -0.114379 0.061589
v 0.307944 -0.131976 0.061589
v 0.307944 -0.114379 0.061589
v 0.290347 -0.079185 0.026395
v 0.307944 -0.079185 0.026395
v 0.290347 -0.096782 0.061589
v 0.290347 -0.079185 0.043992
v 0.290347 -0.079185 0.061589
v 0.307944 -0.096782 0.061589
v 0.307944 -0.079185 0.043992
v 0.307944 -0.079185 0.061589
v 0.290347 -0.131976 0.079185
v 0.290347 -0.131976 0.096782
v 0.290347 -0.114379 0.079185
v 0.290347 -0.114379 0.096782
v 0.307944 -0.131976 0.079185
v 0.307944 -0.131976 0.096782
v 0.307944 -0.114379 0.079185
v 0.307944 -0.114379 0.096782
v 0.290347 -0.096782 0.079185
v 0.290347 -0.096782 0.096782
v 0.290347 -0.079185 0.079185
v 0.290347 -0.079185 0.096782
v 0.307944 -0.096782 0.079185
v 0.307944 -0.096782 0.096782
v 0.307944 -0.079185 0.079185
v 0.307944 -0.079185 0.096782
v 0.290347 -0.061589 0.008798
v 0.290347 -0.061589 0.026395
v 0.290347 -0.043992 0.008798
v 0.290347 -0.043992 0.026395
v 0.307944 -0.061589 0.008798
v 0.307944 -0.061589 0.026395
v 0.307944 -0.043992 0.008798
v 0.307944 -0.043992 0.026395
v 0.290347 -0.061589 0.043992
v 0.290347 -0.061589 0.061589
v 0.290347 -0.043992 0.043992
v 0.290347 -0.043992 0.061589
v 0.307944 -0.061589 0.043992
v 0.307944 -0.061589 0.061589
v 0.307944 -0.043992 0.043992
v 0.307944 -0.043992 0.061589
v 0.290347 -0.026395 0.008798
v 0.290347 -0.026395 0.026395
v 0.307944 -0.026395 0.008798
v 0.307944 -0.026395 0.026395
v 0.290347 -0.061589 0.079185
v 0.290347 -0.043992 0.079185
v 0.307944 -0.061589 0.079185
v 0.307944 -0.043992 0.079185
v 0.413524 -0.131976 0.061589
v 0.413524 -0.114379 0.061589
v 0.413524 -0.079185 0.026395
v 0.413524 -0.096782 0.061589
v 0.413524 -0.079185 0.043992
v 0.413524 -0.079185 0.061589
v 0.413524 -0.131976 0.079185
v 0.413524 -0.131976 0.096782
v 0.413524 -0.114379 0.079185
v 0.413524 -0.114379 0.096782
v 0.413524 -0.096782 0.079185
v 0.413524 -0.079185 0.079185
v 0.413524 -0.061589 0.008798
v 0.413524 -0.061589 0.026395
v 0.413524 -0.043992 0.008798
v 0.413524 -0.043992 0.026395
v 0.413524 -0.061589 0.043992
v 0.413524 -0.061589 0.061589
v 0.431121 -0.219960 0.008798
v 0.431121 -0.219960 0.026395
v 0.448718 -0.219960 0.008798
v 0.448718 -0.219960 0.026395
v 0.431121 -0.202363 0.008798
v 0.431121 -0.202363 0.026395
v 0.431121 -0.184766 0.026395
v 0.448718 -0.202363 0.008798
v 0.448718 -0.202363 0.026395
v 0.448718 -0.184766 0.026395
v 0.431121 -0.202363 0.043992
v 0.431121 -0.202363 0.061589
v 0.431121 -0.184766 0.043992
v 0.431121 -0.184766 0.061589
v 0.448718 -0.202363 0.043992
v 0.448718 -0.202363 0.061589
v 0.448718 -0.184766 0.043992
v 0.448718 -0.184766 0.061589
v 0.431121 -0.167169 0.043992
v 0.431121 -0.167169 0.061589
v 0.431121 -0.149573 0.061589
v 0.448718 -0.167169 0.043992
v 0.448718 -0.167169 0.061589
v 0.448718 -0.149573 0.061589
v 0.431121 -0.184766 0.079186
v 0.448718 -0.184766 0.079186
v 0.431121 -0.167169 0.079186
v 0.431121 -0.149573 0.079186
v 0.431121 -0.149573 0.096782
v 0.448718 -0.167169 0.079186
v 0.448718 -0.149573 0.079186
v 0.448718 -0.149573 0.096782
v 0.431121 -0.131976 0.061589
v 0.431121 -0.114379 0.061589
v 0.448718 -0.131976 0.061589
v 0.448718 -0.114379 0.061589
v 0.431121 -0.079185 0.026395
v 0.448718 -0.079185 0.026395
v 0.431121 -0.096782 0.061589
v 0.431121 -0.079185 0.043992
v 0.431121 -0.079185 0.061589
v 0.448718 -0.096782 0.061589
v 0.448718 -0.079185 0.043992
v 0.448718 -0.079185 0.061589
v 0.431121 -0.131976 0.079185
v 0.431121 -0.131976 0.096782
v 0.431121 -0.114379 0.079185
v 0.431121 -0.114379 0.096782
v 0.448718 -0.131976 0.079185
v 0.448718 -0.131976 0.096782
v 0.448718 -0.114379 0.079185
v 0.448718 -0.114379 0.096782
v 0.431121 -0.096782 0.079185
v 0.431121 -0.079185 0.079185
v 0.448718 -0.096782 0.079185
v 0.448718 -0.079185 0.079185
v 0.431121 -0.061589 0.008798
v 0.431121 -0.061589 0.026395
v 0.431121 -0.043992 0.008798
v 0.431121 -0.043992 0.026395
v 0.448718 -0.061589 0.008798
v 0.448718 -0.061589 0.026395
v 0.448718 -0.043992 0.008798
v 0.448718 -0.043992 0.026395
v 0.431121 -0.061589 0.043992
v 0.431121 -0.061589 0.061589
v 0.448718 -0.061589 0.043992
v 0.448718 -0.061589 0.061589
v 0.466314 0.131976 -0.043992
v 0.483911 0.131976 -0.043992
v 0.466314 0.114379 -0.008798
v 0.466314 0.131976 -0.026395
v 0.466314 0.131976 -0.008798
v 0.483911 0.114379 -0.008798
v 0.483911 0.131976 -0.026395
v 0.483911 0.131976 -0.008798
v 0.501508 0.131976 -0.043992
v 0.501508 0.114379 -0.008798
v 0.501508 0.131976 -0.026395
v 0.501508 0.131976 -0.008798
v 0.466314 0.167169 -0.079186
v 0.483911 0.167169 -0.079186
v 0.466314 0.184766 -0.079186
v 0.466314 0.202363 -0.079186
v 0.483911 0.184766 -0.079186
v 0.483911 0.202363 -0.079186
v 0.466314 0.149573 -0.061589
v 0.466314 0.149573 -0.043992
v 0.466314 0.167169 -0.061589
v 0.466314 0.167169 -0.043992
v 0.483911 0.149573 -0.061589
v 0.483911 0.149573 -0.043992
v 0.483911 0.167169 -0.061589
v 0.483911 0.167169 -0.043992
v 0.466314 0.149573 -0.026395
v 0.466314 0.149573 -0.008798
v 0.483911 0.149573 -0.026395
v 0.483911 0.149573 -0.008798
v 0.483911 0.167169 -0.008798
v 0.466314 0.184766 -0.061589
v 0.466314 0.202363 -0.061589
v 0.483911 0.184766 -0.061589
v 0.483911 0.202363 -0.061589
v 0.483911 0.184766 -0.008798
v 0.483911 0.202363 -0.026395
v 0.483911 0.202363 -0.008798
v 0.466314 0.219960 -0.079186
v 0.466314 0.237556 -0.079186
v 0.483911 0.219960 -0.079186
v 0.483911 0.237556 -0.079186
v 0.466314 0.219960 -0.061589
v 0.466314 0.237556 -0.061589
v 0.466314 0.237556 -0.043992
v 0.483911 0.219960 -0.061589
v 0.483911 0.237556 -0.061589
v 0.483911 0.237556 -0.043992
v 0.483911 0.219960 -0.026395
v 0.483911 0.219960 -0.008798
v 0.483911 0.237556 -0.008798
v 0.466314 0.255153 -0.061589
v 0.466314 0.255153 -0.043992
v 0.466314 0.272750 -0.061589
v 0.466314 0.272750 -0.043992
v 0.483911 0.255153 -0.061589
v 0.483911 0.255153 -0.043992
v 0.483911 0.272750 -0.061589
v 0.483911 0.272750 -0.043992
v 0.466314 0.255153 -0.026395
v 0.466314 0.255153 -0.008798
v 0.466314 0.272750 -0.026395
v 0.466314 0.272750 -0.008798
v 0.483911 0.255153 -0.026395
v 0.483911 0.255153 -0.008798
v 0.483911 0.272750 -0.026395
v 0.483911 0.272750 -0.008798
v 0.501508 0.167169 -0.079186
v 0.501508 0.184766 -0.079186
v 0.501508 0.202363 -0.079186
v 0.501508 0.149573 -0.061589
v 0.501508 0.149573 -0.043992
v 0.501508 0.167169 -0.061589
v 0.501508 0.167169 -0.043992
v 0.501508 0.149573 -0.026395
v 0.501508 0.149573 -0.008798
v 0.501508 0.167169 -0.008798
v 0.501508 0.184766 -0.061589
v 0.501508 0.202363 -0.061589
v 0.501508 0.184766 -0.008798
v 0.501508 0.202363 -0.026395
v 0.501508 0.202363 -0.008798
v 0.501508 0.219960 -0.079186
v 0.501508 0.237556 -0.079186
v 0.501508 0.219960 -0.061589
v 0.501508 0.237556 -0.061589
v 0.501508 0.237556 -0.043992
v 0.501508 0.219960 -0.026395
v 0.501508 0.219960 -0.008798
v 0.501508 0.237556 -0.008798
v 0.501508 0.255153 -0.061589
v 0.501508 0.255153 -0.043992
v 0.501508 0.272750 -0.061589
v 0.501508 0.272750 -0.043992
v 0.501508 0.255153 -0.026395
v 0.501508 0.255153 -0.008798
v 0.501508 0.272750 -0.026395
v 0.501508 0.272750 -0.008798
v 0.466314 0.290347 -0.008798
v 0.483911 0.290347 -0.008798
v 0.501508 0.290347 -0.008798
v 0.466314 0.114379 0.008798
v 0.466314 0.131976 0.008798
v 0.466314 0.131976 0.026395
v 0.483911 0.114379 0.008798
v 0.483911 0.131976 0.008798
v 0.483911 0.131976 0.026395
v 0.466314 0.131976 0.043992
v 0.483911 0.131976 0.043992
v 0.501508 0.114379 0.008798
v 0.501508 0.131976 0.008798
v 0.501508 0.131976 0.026395
v 0.501508 0.131976 0.043992
v 0.466314 0.149573 0.008798
v 0.466314 0.149573 0.026395
v 0.483911 0.149573 0.008798
v 0.483911 0.149573 0.026395
v 0.483911 0.167169 0.008798
v 0.466314 0.149573 0.043992
v 0.466314 0.149573 0.061589
v 0.466314 0.167169 0.043992
v 0.466314 0.167169 0.061589
v 0.483911 0.149573 0.043992
v 0.483911 0.149573 0.061589
v 0.483911 0.167169 0.043992
v 0.483911 0.167169 0.061589
v 0.483911 0.184766 0.008798
v 0.483911 0.202363 0.008798
v 0.483911 0.202363 0.026395
v 0.466314 0.184766 0.061589
v 0.466314 0.202363 0.061589
v 0.483911 0.184766 0.061589
v 0.483911 0.202363 0.061589
v 0.466314 0.167169 0.079185
v 0.483911 0.167169 0.079185
v 0.466314 0.184766 0.079185
v 0.466314 0.202363 0.079185
v 0.483911 0.184766 0.079185
v 0.483911 0.202363 0.079185
v 0.483911 0.219960 0.008798
v 0.483911 0.219960 0.026395
v 0.483911 0.237556 0.008798
v 0.466314 0.219960 0.061589
v 0.466314 0.237556 0.043992
v 0.466314 0.237556 0.061589
v 0.483911 0.219960 0.061589
v 0.483911 0.237556 0.043992
v 0.483911 0.237556 0.061589
v 0.466314 0.255153 0.008798
v 0.466314 0.255153 0.026395
v 0.466314 0.272750 0.008798
v 0.466314 0.272750 0.026395
v 0.483911 0.255153 0.008798
v 0.483911 0.255153 0.026395
v 0.483911 0.272750 0.008798
v 0.483911 0.272750 0.026395
v 0.466314 0.255153 0.043992
v 0.466314 0.255153 0.061589
v 0.466314 0.272750 0.043992
v 0.466314 0.272750 0.061589
v 0.483911 0.255153 0.043992
v 0.483911 0.255153 0.061589
v 0.483911 0.272750 0.043992
v 0.483911 0.272750 0.061589
v 0.466314 0.219960 0.079185
v 0.466314 0.237556 0.079185
v 0.483911 0.219960 0.079185
v 0.483911 0.237556 0.079185
v 0.501508 0.149573 0.008798
v 0.501508 0.149573 0.026395
v 0.501508 0.167169 0.008798
v 0.501508 0.149573 0.043992
v 0.501508 0.149573 0.061589
v 0.501508 0.167169 0.043992
v 0.501508 0.167169 0.061589
v 0.501508 0.184766 0.008798
v 0.501508 0.202363 0.008798
v 0.501508 0.202363 0.026395
v 0.501508 0.184766 0.061589
v 0.501508 0.202363 0.061589
v 0.501508 0.167169 0.079185
v 0.501508 0.184766 0.079185
v 0.501508 0.202363 0.079185
v 0.501508 0.219960 0.008798
v 0.501508 0.219960 0.026395
v 0.501508 0.237556 0.008798
v 0.501508 0.219960 0.061589
v 0.501508 0.237556 0.043992
v 0.501508 0.237556 0.061589
v 0.501508 0.255153 0.008798
v 0.501508 0.255153 0.026395
v 0.501508 0.272750 0.008798
v 0.501508 0.272750 0.026395
v 0.501508 0.255153 0.043992
v 0.501508 0.255153 0.061589
v 0.501508 0.272750 0.043992
v 0.501508 0.272750 0.061589
v 0.501508 0.219960 0.079185
v 0.501508 0.237556 0.079185
v 0.466314 0.290347 0.008798
v 0.483911 0.290347 0.008798
v 0.501508 0.290347 0.008798
vn -0.0000 -1.0000 -0.0000
vn -1.0000 -0.0000 -0.0000
vn -0.0000 -0.0000 -1.0000
vn 1.0000 -0.0000 -0.0000
vn -0.0000 1.0000 -0.0000
vn -0.0000 -0.0000 1.0000
s 0
f 2//1 9//1 10//1 3//1
f 1//1 8//1 9//1 2//1
f 4//1 11//1 12//1 5//1
f 6//1 13//1 14//1 7//1
f 5//1 12//1 13//1 6//1
f 3//1 10//1 11//1 4//1
f 17//2 18//2 20//2 19//2
f 17//1 21//1 22//1 18//1
f 17//3 19//3 23//3 21//3
f 26//2 27//2 29//2 28//2
f 32//2 33//2 35//2 34//2
f 32//1 36//1 37//1 33//1
f 32//3 34//3 38//3 36//3
f 40//3 41//3 43//3 42//3
f 50//4 51//4 49//4 48//4
f 47//5 51//5 50//5 46//5
f 56//4 57//4 55//4 54//4
f 26//1 44//1 45//1 27//1
f 26//3 28//3 46//3 44//3
f 30//3 31//3 53//3 52//3
f 39//5 57//5 56//5 38//5
f 28//2 29//2 37//2 36//2
f 25//3 33//3 37//3 29//3
f 54//4 55//4 47//4 46//4
f 30//2 36//2 38//2 31//2
f 40//2 44//2 46//2 41//2
f 43//4 50//4 48//4 42//4
f 40//1 42//1 48//1 44//1
f 46//5 50//5 43//5 41//5
f 53//4 56//4 54//4 52//4
f 30//1 52//1 54//1 36//1
f 38//5 56//5 53//5 31//5
f 28//3 36//3 54//3 46//3
f 19//2 20//2 45//2 44//2
f 48//4 49//4 24//4 23//4
f 19//3 44//3 48//3 23//3
f 15//3 27//3 45//3 20//3
f 61//2 62//2 64//2 63//2
f 58//2 61//2 63//2 60//2
f 65//2 66//2 68//2 67//2
f 69//2 70//2 72//2 71//2
f 66//2 69//2 71//2 68//2
f 74//2 75//2 77//2 76//2
f 80//2 81//2 83//2 82//2
f 78//1 82//1 83//1 79//1
f 87//1 89//1 90//1 88//1
f 91//1 94//1 95//1 92//1
f 74//1 91//1 92//1 75//1
f 74//3 76//3 93//3 91//3
f 80//1 97//1 98//1 81//1
f 85//2 86//2 95//2 94//2
f 84//3 92//3 95//3 86//3
f 87//2 88//2 98//2 97//2
f 75//2 80//2 82//2 77//2
f 73//1 77//1 82//1 78//1
f 84//1 86//1 89//1 87//1
f 84//2 87//2 97//2 92//2
f 75//1 92//1 97//1 80//1
f 101//2 102//2 104//2 103//2
f 99//1 103//1 104//1 100//1
f 107//2 108//2 110//2 109//2
f 105//1 109//1 110//1 106//1
f 111//1 113//1 114//1 112//1
f 115//1 117//1 118//1 116//1
f 101//1 119//1 120//1 102//1
f 107//1 121//1 122//1 108//1
f 111//2 112//2 120//2 119//2
f 115//2 116//2 122//2 121//2
f 102//2 107//2 109//2 104//2
f 100//1 104//1 109//1 105//1
f 112//1 114//1 117//1 115//1
f 112//2 115//2 121//2 120//2
f 102//1 120//1 121//1 107//1
f 123//2 124//2 126//2 125//2
f 123//1 127//1 128//1 124//1
f 123//3 125//3 129//3 127//3
f 130//2 131//2 133//2 132//2
f 134//2 135//2 137//2 136//2
f 143//3 144//3 146//3 145//3
f 125//2 126//2 135//2 134//2
f 140//3 143//3 145//3 142//3
f 132//2 133//2 139//2 138//2
f 124//2 130//2 132//2 126//2
f 126//2 132//2 138//2 135//2
f 147//2 148//2 150//2 149//2
f 151//2 152//2 154//2 153//2
f 149//2 150//2 156//2 155//2
f 153//2 154//2 158//2 157//2
f 148//2 151//2 153//2 150//2
f 150//2 153//2 157//2 156//2
f 59//1 136//1 137//1 60//1
f 58//3 60//3 137//3 135//3
f 61//1 138//1 139//1 62//1
f 58//1 135//1 138//1 61//1
f 65//1 155//1 156//1 66//1
f 69//1 157//1 158//1 70//1
f 66//1 156//1 157//1 69//1
f 76//2 77//2 128//2 127//2
f 73//3 124//3 128//3 77//3
f 78//2 79//2 131//2 130//2
f 73//2 78//2 130//2 124//2
f 99//2 100//2 148//2 147//2
f 105//2 106//2 152//2 151//2
f 100//2 105//2 151//2 148//2
f 62//2 65//2 67//2 64//2
f 81//2 101//2 103//2 83//2
f 79//1 83//1 103//1 99//1
f 88//1 90//1 113//1 111//1
f 88//2 111//2 119//2 98//2
f 81//1 98//1 119//1 101//1
f 131//2 147//2 149//2 133//2
f 133//2 149//2 155//2 139//2
f 79//2 99//2 147//2 131//2
f 62//1 139//1 155//1 65//1
f 161//2 162//2 164//2 163//2
f 161//3 163//3 167//3 165//3
f 172//2 173//2 175//2 174//2
f 170//5 173//5 172//5 169//5
f 170//3 171//3 175//3 173//3
f 180//4 181//4 179//4 178//4
f 187//4 188//4 186//4 185//4
f 187//1 190//1 191//1 188//1
f 186//3 188//3 191//3 189//3
f 159//3 160//3 177//3 176//3
f 165//1 178//1 179//1 166//1
f 172//3 174//3 187//3 185//3
f 163//2 164//2 170//2 169//2
f 163//3 169//3 172//3 167//3
f 185//4 186//4 181//4 180//4
f 159//2 165//2 167//2 160//2
f 177//4 180//4 178//4 176//4
f 183//1 184//1 190//1 187//1
f 160//2 167//2 172//2 168//2
f 182//4 185//4 180//4 177//4
f 159//1 176//1 178//1 165//1
f 172//5 185//5 182//5 168//5
f 160//3 168//3 182//3 177//3
f 198//2 199//2 201//2 200//2
f 201//5 205//5 204//5 200//5
f 198//3 200//3 204//3 202//3
f 193//5 199//5 198//5 192//5
f 193//3 194//3 201//3 199//3
f 204//2 205//2 208//2 207//2
f 201//3 206//3 208//3 205//3
f 196//2 202//2 204//2 197//2
f 198//5 202//5 196//5 195//5
f 183//3 195//3 196//3 184//3
f 174//2 175//2 193//2 192//2
f 202//4 203//4 191//4 190//4
f 183//2 187//2 198//2 195//2
f 196//4 202//4 190//4 184//4
f 174//3 192//3 198//3 187//3
f 209//2 210//2 212//2 211//2
f 213//2 214//2 216//2 215//2
f 215//2 216//2 219//2 218//2
f 210//2 213//2 215//2 212//2
f 212//2 215//2 218//2 217//2
f 220//2 221//2 223//2 222//2
f 224//2 225//2 227//2 226//2
f 222//2 223//2 229//2 228//2
f 226//2 227//2 231//2 230//2
f 221//2 224//2 226//2 223//2
f 223//2 226//2 230//2 229//2
f 235//2 236//2 238//2 237//2
f 238//5 240//5 239//5 237//5
f 241//2 242//2 244//2 243//2
f 245//3 246//3 248//3 247//3
f 233//2 234//2 236//2 235//2
f 246//3 249//3 250//3 248//3
f 236//2 241//2 243//2 238//2
f 252//2 253//2 255//2 254//2
f 256//2 257//2 259//2 258//2
f 253//2 256//2 258//2 255//2
f 261//2 262//2 264//2 263//2
f 267//2 268//2 270//2 269//2
f 266//5 268//5 267//5 265//5
f 279//2 280//2 282//2 281//2
f 278//5 280//5 279//5 277//5
f 285//2 286//2 288//2 287//2
f 284//5 286//5 285//5 283//5
f 272//5 278//5 277//5 271//5
f 274//5 284//5 283//5 273//5
f 263//2 264//2 272//2 271//2
f 269//2 270//2 274//2 273//2
f 262//2 267//2 269//2 264//2
f 265//5 267//5 262//5 260//5
f 280//2 285//2 287//2 282//2
f 283//5 285//5 280//5 278//5
f 264//2 269//2 273//2 272//2
f 273//5 283//5 278//5 272//5
f 263//3 271//3 277//3 275//3
f 291//2 292//2 294//2 293//2
f 290//5 292//5 291//5 289//5
f 297//2 298//2 300//2 299//2
f 296//5 298//5 297//5 295//5
f 307//2 308//2 310//2 309//2
f 306//5 308//5 307//5 305//5
f 313//2 314//2 316//2 315//2
f 312//5 314//5 313//5 311//5
f 302//5 306//5 305//5 301//5
f 304//5 312//5 311//5 303//5
f 293//2 294//2 302//2 301//2
f 299//2 300//2 304//2 303//2
f 292//2 297//2 299//2 294//2
f 295//5 297//5 292//5 290//5
f 308//2 313//2 315//2 310//2
f 311//5 313//5 308//5 306//5
f 294//2 299//2 303//2 302//2
f 303//5 311//5 306//5 302//5
f 212//5 234//5 233//5 211//5
f 209//3 211//3 233//3 232//3
f 219//5 242//5 241//5 218//5
f 218//5 241//5 236//5 217//5
f 212//3 217//3 236//3 234//3
f 229//5 253//5 252//5 228//5
f 231//5 257//5 256//5 230//5
f 230//5 256//5 253//5 229//5
f 239//2 240//2 262//2 261//2
f 238//3 260//3 262//3 240//3
f 243//2 244//2 266//2 265//2
f 238//2 243//2 265//2 260//2
f 254//2 255//2 290//2 289//2
f 258//2 259//2 296//2 295//2
f 255//2 258//2 295//2 290//2
f 214//2 220//2 222//2 216//2
f 216//2 222//2 228//2 219//2
f 242//2 252//2 254//2 244//2
f 268//2 291//2 293//2 270//2
f 289//5 291//5 268//5 266//5
f 286//2 307//2 309//2 288//2
f 305//5 307//5 286//5 284//5
f 270//2 293//2 301//2 274//2
f 301//5 305//5 284//5 274//5
f 244//2 254//2 289//2 266//2
f 228//5 252//5 242//5 219//5
f 317//1 319//1 320//1 318//1
f 321//3 322//3 324//3 323//3
f 328//5 331//5 330//5 327//5
f 336//2 337//2 339//2 338//2
f 334//1 338//1 339//1 335//1
f 333//3 335//3 339//3 337//3
f 345//4 346//4 344//4 343//4
f 344//5 348//5 347//5 343//5
f 319//1 334//1 335//1 320//1
f 323//3 324//3 341//3 340//3
f 331//5 346//5 345//5 330//5
f 317//2 318//2 326//2 325//2
f 317//3 325//3 329//3 319//3
f 334//3 343//3 347//3 338//3
f 321//2 325//2 327//2 322//2
f 321//1 323//1 329//1 325//1
f 327//5 330//5 324//5 322//5
f 341//4 345//4 343//4 340//4
f 332//2 338//2 347//2 342//2
f 323//1 340//1 343//1 329//1
f 330//5 345//5 341//5 324//5
f 319//3 329//3 343//3 334//3
f 352//4 353//4 351//4 350//4
f 352//1 355//1 356//1 353//1
f 351//3 353//3 356//3 354//3
f 362//2 363//2 365//2 364//2
f 361//5 363//5 362//5 360//5
f 372//1 376//1 377//1 373//1
f 375//5 379//5 378//5 374//5
f 372//3 374//3 378//3 376//3
f 355//1 366//1 367//1 356//1
f 358//3 359//3 370//3 369//3
f 365//5 375//5 374//5 364//5
f 352//3 360//3 362//3 355//3
f 372//4 373//4 367//4 366//4
f 367//3 373//3 377//3 368//3
f 358//2 362//2 364//2 359//2
f 370//4 374//4 372//4 369//4
f 357//4 360//4 352//4 349//4
f 358//1 369//1 372//1 362//1
f 364//5 374//5 370//5 359//5
f 355//3 362//3 372//3 366//3
f 336//1 350//1 351//1 337//1
f 336//3 338//3 352//3 350//3
f 348//5 361//5 360//5 347//5
f 332//1 349//1 352//1 338//1
f 347//5 360//5 357//5 342//5
f 332//3 342//3 357//3 349//3
f 378//2 379//2 382//2 381//2
f 371//2 378//2 381//2 380//2
f 386//2 387//2 389//2 388//2
f 384//1 388//1 389//1 385//1
f 383//3 385//3 389//3 387//3
f 390//2 391//2 393//2 392//2
f 390//1 394//1 395//1 391//1
f 398//1 401//1 402//1 399//1
f 403//1 405//1 406//1 404//1
f 407//3 408//3 410//3 409//3
f 386//1 398//1 399//1 387//1
f 386//3 388//3 400//3 398//3
f 394//1 403//1 404//1 395//1
f 383//2 390//2 392//2 385//2
f 383//1 387//1 394//1 390//1
f 399//1 402//1 405//1 403//1
f 387//1 399//1 403//1 394//1
f 411//2 412//2 414//2 413//2
f 411//1 415//1 416//1 412//1
f 417//2 418//2 420//2 419//2
f 417//1 421//1 422//1 418//1
f 423//1 425//1 426//1 424//1
f 427//1 429//1 430//1 428//1
f 415//1 423//1 424//1 416//1
f 421//1 427//1 428//1 422//1
f 412//2 417//2 419//2 414//2
f 412//1 416//1 421//1 417//1
f 424//1 426//1 429//1 427//1
f 416//1 424//1 427//1 421//1
f 431//3 432//3 434//3 433//3
f 435//3 436//3 438//3 437//3
f 439//3 440//3 442//3 441//3
f 443//3 444//3 446//3 445//3
f 433//3 434//3 440//3 439//3
f 437//3 438//3 444//3 443//3
f 432//3 435//3 437//3 434//3
f 440//3 443//3 445//3 442//3
f 434//3 437//3 443//3 440//3
f 447//1 449//1 450//1 448//1
f 452//1 454//1 455//1 453//1
f 456//3 457//3 459//3 458//3
f 462//4 463//4 461//4 460//4
f 462//1 464//1 465//1 463//1
f 468//4 469//4 467//4 466//4
f 468//1 470//1 471//1 469//1
f 449//1 460//1 461//1 450//1
f 449//3 451//3 462//3 460//3
f 454//1 466//1 467//1 455//1
f 448//1 450//1 454//1 452//1
f 463//4 468//4 466//4 461//4
f 463//1 465//1 470//1 468//1
f 450//1 461//1 466//1 454//1
f 475//1 477//1 478//1 476//1
f 479//1 481//1 482//1 480//1
f 485//4 486//4 484//4 483//4
f 485//1 487//1 488//1 486//1
f 491//4 492//4 490//4 489//4
f 491//1 493//1 494//1 492//1
f 477//1 483//1 484//1 478//1
f 481//1 489//1 490//1 482//1
f 476//1 478//1 481//1 479//1
f 486//4 491//4 489//4 484//4
f 486//1 488//1 493//1 491//1
f 478//1 484//1 489//1 481//1
f 495//3 496//3 498//3 497//3
f 499//3 500//3 502//3 501//3
f 503//3 504//3 506//3 505//3
f 507//3 508//3 510//3 509//3
f 497//3 498//3 504//3 503//3
f 501//3 502//3 508//3 507//3
f 496//3 499//3 501//3 498//3
f 504//3 507//3 509//3 506//3
f 498//3 501//3 507//3 504//3
f 401//1 447//1 448//1 402//1
f 409//3 410//3 457//3 456//3
f 441//3 442//3 496//3 495//3
f 445//3 446//3 500//3 499//3
f 442//3 445//3 499//3 496//3
f 396//3 431//3 433//3 397//3
f 408//3 439//3 441//3 410//3
f 397//3 433//3 439//3 408//3
f 457//3 495//3 497//3 459//3
f 472//3 503//3 505//3 474//3
f 459//3 497//3 503//3 472//3
f 391//2 411//2 413//2 393//2
f 391//1 395//1 415//1 411//1
f 404//1 406//1 425//1 423//1
f 395//1 404//1 423//1 415//1
f 453//1 455//1 477//1 475//1
f 469//4 485//4 483//4 467//4
f 469//1 471//1 487//1 485//1
f 455//1 467//1 483//1 477//1
f 410//3 441//3 495//3 457//3
f 516//4 517//4 515//4 514//4
f 516//1 518//1 519//1 517//1
f 524//2 525//2 527//2 526//2
f 522//5 525//5 524//5 521//5
f 522//3 523//3 527//3 525//3
f 529//1 531//1 532//1 530//1
f 536//5 540//5 539//5 535//5
f 534//3 535//3 539//3 537//3
f 518//1 529//1 530//1 519//1
f 527//5 536//5 535//5 526//5
f 524//3 526//3 535//3 534//3
f 516//3 521//3 524//3 518//3
f 537//4 538//4 532//4 531//4
f 529//3 534//3 537//3 531//3
f 512//4 516//4 514//4 511//4
f 513//2 518//2 524//2 520//2
f 533//4 534//4 529//4 528//4
f 513//1 528//1 529//1 518//1
f 524//5 534//5 533//5 520//5
f 513//3 520//3 533//3 528//3
f 543//1 545//1 546//1 544//1
f 555//4 556//4 554//4 553//4
f 552//5 556//5 555//5 551//5
f 549//3 551//3 555//3 553//3
f 559//2 560//2 562//2 561//2
f 559//1 563//1 564//1 560//1
f 559//3 561//3 565//3 563//3
f 567//5 570//5 569//5 566//5
f 545//1 561//1 562//1 546//1
f 554//5 567//5 566//5 553//5
f 554//3 556//3 568//3 567//3
f 541//3 547//3 548//3 542//3
f 543//2 544//2 550//2 549//2
f 561//3 566//3 569//3 565//3
f 541//1 542//1 545//1 543//1
f 549//5 553//5 548//5 547//5
f 557//2 563//2 565//2 558//2
f 541//2 543//2 549//2 547//2
f 548//4 553//4 545//4 542//4
f 545//3 553//3 566//3 561//3
f 537//1 549//1 550//1 538//1
f 540//5 552//5 551//5 539//5
f 537//3 539//3 551//3 549//3
f 571//3 572//3 574//3 573//3
f 575//3 576//3 578//3 577//3
f 579//3 580//3 582//3 581//3
f 583//3 584//3 586//3 585//3
f 573//3 574//3 580//3 579//3
f 577//3 578//3 584//3 583//3
f 572//3 575//3 577//3 574//3
f 580//3 583//3 585//3 582//3
f 574//3 577//3 583//3 580//3
f 587//3 588//3 590//3 589//3
f 593//5 595//5 594//5 592//5
f 597//5 599//5 598//5 596//5
f 600//3 601//3 603//3 602//3
f 589//3 590//3 601//3 600//3
f 595//5 605//5 604//5 594//5
f 596//5 598//5 595//5 593//5
f 609//5 611//5 610//5 608//5
f 613//5 615//5 614//5 612//5
f 612//5 614//5 611//5 609//5
f 616//3 617//3 619//3 618//3
f 620//3 621//3 623//3 622//3
f 624//3 625//3 627//3 626//3
f 628//3 629//3 631//3 630//3
f 618//3 619//3 625//3 624//3
f 622//3 623//3 629//3 628//3
f 617//3 620//3 622//3 619//3
f 625//3 628//3 630//3 627//3
f 619//3 622//3 628//3 625//3
f 632//3 633//3 635//3 634//3
f 650//4 651//4 649//4 648//4
f 647//5 651//5 650//5 646//5
f 645//3 646//3 650//3 648//3
f 653//5 655//5 654//5 652//5
f 634//3 635//3 643//3 642//3
f 639//5 647//5 646//5 638//5
f 641//5 653//5 652//5 640//5
f 652//5 654//5 651//5 647//5
f 640//5 652//5 647//5 639//5
f 661//5 663//5 662//5 660//5
f 665//5 667//5 666//5 664//5
f 657//5 661//5 660//5 656//5
f 659//5 665//5 664//5 658//5
f 664//5 666//5 663//5 661//5
f 658//5 664//5 661//5 657//5
f 581//3 582//3 617//3 616//3
f 585//3 586//3 621//3 620//3
f 582//3 585//3 620//3 617//3
f 602//3 603//3 633//3 632//3
f 603//3 606//3 636//3 633//3
f 576//3 587//3 589//3 578//3
f 584//3 600//3 602//3 586//3
f 578//3 589//3 600//3 584//3
f 621//3 632//3 634//3 623//3
f 629//3 642//3 644//3 631//3
f 623//3 634//3 642//3 629//3
f 608//5 610//5 599//5 597//5
f 660//5 662//5 655//5 653//5
f 656//5 660//5 653//5 641//5
f 586//3 602//3 632//3 621//3
f 21//1 325//1 326//1 22//1
f 24//5 328//5 327//5 23//5
f 21//3 23//3 327//3 325//3
f 16//3 22//3 326//3 318//3
f 85//1 384//1 385//1 86//1
f 89//1 392//1 393//1 90//1
f 86//1 385//1 392//1 89//1
f 113//1 413//1 414//1 114//1
f 117//1 419//1 420//1 118//1
f 114//1 414//1 419//1 117//1
f 141//3 142//3 432//3 431//3
f 145//3 146//3 436//3 435//3
f 142//3 145//3 435//3 432//3
f 90//1 393//1 413//1 113//1
f 96//3 141//3 431//3 396//3
f 196//3 197//3 512//3 511//3
f 202//1 514//1 515//1 203//1
f 208//5 522//5 521//5 207//5
f 196//1 511//1 514//1 202//1
f 204//5 516//5 512//5 197//5
f 204//3 207//3 521//3 516//3
f 247//3 248//3 572//3 571//3
f 250//3 251//3 576//3 575//3
f 248//3 250//3 575//3 572//3
f 282//5 593//5 592//5 281//5
f 279//3 281//3 592//3 591//3
f 288//5 597//5 596//5 287//5
f 287//5 596//5 593//5 282//5
f 310//5 609//5 608//5 309//5
f 316//5 613//5 612//5 315//5
f 315//5 612//5 609//5 310//5
f 309//5 608//5 597//5 288//5
f 251//3 276//3 587//3 576//3
f 34//2 35//2 162//2 161//2
f 165//4 166//4 39//4 38//4
f 34//3 161//3 165//3 38//3
f 39//3 166//3 179//3 57//3
f 59//2 60//2 210//2 209//2
f 63//2 64//2 214//2 213//2
f 60//2 63//2 213//2 210//2
f 144//3 245//3 247//3 146//3
f 67//2 68//2 221//2 220//2
f 71//2 72//2 225//2 224//2
f 68//2 71//2 224//2 221//2
f 64//2 67//2 220//2 214//2
f 59//3 209//3 232//3 136//3
f 436//3 571//3 573//3 438//3
f 444//3 579//3 581//3 446//3
f 438//3 573//3 579//3 444//3
f 500//3 616//3 618//3 502//3
f 508//3 624//3 626//3 510//3
f 502//3 618//3 624//3 508//3
f 446//3 581//3 616//3 500//3
f 18//2 91//2 93//2 20//2
f 18//1 22//1 94//1 91//1
f 16//2 85//2 94//2 22//2
f 15//1 20//1 93//1 76//1
f 27//2 127//2 129//2 29//2
f 25//1 29//1 129//1 125//1
f 33//2 134//2 136//2 35//2
f 51//4 142//4 141//4 49//4
f 140//5 142//5 51//5 47//5
f 57//4 144//4 143//4 55//4
f 25//2 125//2 134//2 33//2
f 55//4 143//4 140//4 47//4
f 15//2 76//2 127//2 27//2
f 49//4 141//4 96//4 24//4
f 162//2 232//2 233//2 164//2
f 170//2 235//2 237//2 171//2
f 237//5 239//5 175//5 171//5
f 181//4 246//4 245//4 179//4
f 191//4 251//4 250//4 189//4
f 186//1 189//1 250//1 249//1
f 164//2 233//2 235//2 170//2
f 186//4 249//4 246//4 181//4
f 193//2 261//2 263//2 194//2
f 277//5 279//5 208//5 206//5
f 201//2 275//2 277//2 206//2
f 263//5 275//5 201//5 194//5
f 175//2 239//2 261//2 193//2
f 203//4 276//4 251//4 191//4
f 318//1 320//1 388//1 384//1
f 396//5 397//5 331//5 328//5
f 333//2 398//2 400//2 335//2
f 333//1 337//1 401//1 398//1
f 346//4 408//4 407//4 344//4
f 407//5 409//5 348//5 344//5
f 320//1 335//1 400//1 388//1
f 397//5 408//5 346//5 331//5
f 356//4 451//4 449//4 354//4
f 351//1 354//1 449//1 447//1
f 363//2 458//2 459//2 365//2
f 456//5 458//5 363//5 361//5
f 367//1 368//1 464//1 462//1
f 472//5 474//5 379//5 375//5
f 377//4 473//4 464//4 368//4
f 356//1 367//1 462//1 451//1
f 459//5 472//5 375//5 365//5
f 379//2 474//2 505//2 382//2
f 337//1 351//1 447//1 401//1
f 409//5 456//5 361//5 348//5
f 517//4 588//4 587//4 515//4
f 517//1 519//1 590//1 588//1
f 522//2 591//2 592//2 523//2
f 592//5 594//5 527//5 523//5
f 530//1 532//1 603//1 601//1
f 604//5 607//5 540//5 536//5
f 538//4 606//4 603//4 532//4
f 519//1 530//1 601//1 590//1
f 594//5 604//5 536//5 527//5
f 544//1 546//1 635//1 633//1
f 637//5 638//5 556//5 552//5
f 560//2 642//2 643//2 562//2
f 560//1 564//1 644//1 642//1
f 568//4 646//4 645//4 567//4
f 645//5 648//5 570//5 567//5
f 544//2 633//2 636//2 550//2
f 546//1 562//1 643//1 635//1
f 638//5 646//5 568//5 556//5
f 538//1 550//1 636//1 606//1
f 35//2 136//2 232//2 162//2
f 179//4 245//4 144//4 57//4
f 16//1 318//1 384//1 85//1
f 96//5 396//5 328//5 24//5
f 203//1 515//1 587//1 276//1
f 279//5 591//5 522//5 208//5
f 146//3 247//3 571//3 436//3
f 670//1 672//1 673//1 671//1
f 668//1 670//1 671//1 669//1
f 678//1 680//1 681//1 679//1
f 682//1 684//1 685//1 683//1
f 674//1 678//1 679//1 675//1
f 676//1 682//1 683//1 677//1
f 679//1 681//1 684//1 682//1
f 675//1 679//1 682//1 676//1
f 671//1 673//1 680//1 678//1
f 669//1 671//1 678//1 674//1
f 686//1 688//1 689//1 687//1
f 690//1 692//1 693//1 691//1
f 688//1 690//1 691//1 689//1
f 694//1 696//1 697//1 695//1
f 698//1 700//1 701//1 699//1
f 702//1 704//1 705//1 703//1
f 706//1 708//1 709//1 707//1
f 696//1 702//1 703//1 697//1
f 700//1 706//1 707//1 701//1
f 695//1 697//1 700//1 698//1
f 703//1 705//1 708//1 706//1
f 697//1 703//1 706//1 700//1
f 710//1 712//1 713//1 711//1
f 714//1 716//1 717//1 715//1
f 712//1 714//1 715//1 713//1
f 718//1 720//1 721//1 719//1
f 722//1 724//1 725//1 723//1
f 726//1 728//1 729//1 727//1
f 730//1 732//1 733//1 731//1
f 720//1 726//1 727//1 721//1
f 724//1 730//1 731//1 725//1
f 719//1 721//1 724//1 722//1
f 727//1 729//1 732//1 730//1
f 721//1 727//1 730//1 724//1
f 692//1 710//1 711//1 693//1
f 704//1 718//1 719//1 705//1
f 708//1 722//1 723//1 709//1
f 705//1 719//1 722//1 708//1
f 687//1 689//1 696//1 694//1
f 691//1 693//1 704//1 702//1
f 689//1 691//1 702//1 696//1
f 711//1 713//1 720//1 718//1
f 715//1 717//1 728//1 726//1
f 713//1 715//1 726//1 720//1
f 693//1 711//1 718//1 704//1
f 672//1 686//1 687//1 673//1
f 680//1 694//1 695//1 681//1
f 684//1 698//1 699//1 685//1
f 681//1 695//1 698//1 684//1
f 673//1 687//1 694//1 680//1
f 740//4 741//4 739//4 738//4
f 735//1 738//1 739//1 736//1
f 735//3 737//3 740//3 738//3
f 745//2 746//2 748//2 747//2
f 751//4 752//4 750//4 749//4
f 745//3 747//3 751//3 749//3
f 758//2 759//2 761//2 760//2
f 757//5 759//5 758//5 756//5
f 768//4 769//4 767//4 766//4
f 768//1 771//1 772//1 769//1
f 767//3 769//3 772//3 770//3
f 751//1 763//1 764//1 752//1
f 750//3 752//3 764//3 762//3
f 758//3 760//3 768//3 766//3
f 743//3 753//3 754//3 744//3
f 747//2 748//2 757//2 756//2
f 766//4 767//4 764//4 763//4
f 743//1 744//1 751//1 747//1
f 756//5 758//5 754//5 753//5
f 743//2 747//2 756//2 753//2
f 754//4 758//4 751//4 744//4
f 755//1 765//1 768//1 760//1
f 751//3 758//3 766//3 763//3
f 749//4 750//4 741//4 740//4
f 737//3 745//3 749//3 740//3
f 742//4 745//4 737//4 734//4
f 776//1 778//1 779//1 777//1
f 784//4 785//4 783//4 782//4
f 780//1 782//1 783//1 781//1
f 793//4 794//4 792//4 791//4
f 784//1 789//1 790//1 785//1
f 783//3 785//3 790//3 788//3
f 786//1 791//1 792//1 787//1
f 780//4 781//4 774//4 773//4
f 774//3 781//3 783//3 775//3
f 786//4 787//4 779//4 778//4
f 774//1 775//1 778//1 776//1
f 790//4 793//4 791//4 788//4
f 783//4 786//4 778//4 775//4
f 783//1 788//1 791//1 786//1
f 795//1 797//1 798//1 796//1
f 799//1 801//1 802//1 800//1
f 809//4 810//4 808//4 807//4
f 813//4 814//4 812//4 811//4
f 803//1 807//1 808//1 804//1
f 805//1 811//1 812//1 806//1
f 803//4 804//4 798//4 797//4
f 805//4 806//4 802//4 801//4
f 796//1 798//1 801//1 799//1
f 810//4 813//4 811//4 808//4
f 804//4 805//4 801//4 798//4
f 804//1 808//1 811//1 805//1
f 818//3 819//3 821//3 820//3
f 824//4 825//4 823//4 822//4
f 824//1 826//1 827//1 825//1
f 830//4 831//4 829//4 828//4
f 830//1 832//1 833//1 831//1
f 837//4 838//4 836//4 835//4
f 841//4 842//4 840//4 839//4
f 835//4 836//4 827//4 826//4
f 824//3 834//3 835//3 826//3
f 839//4 840//4 833//4 832//4
f 825//4 830//4 828//4 823//4
f 825//1 827//1 832//1 830//1
f 838//4 841//4 839//4 836//4
f 836//4 839//4 832//4 827//4
f 845//4 846//4 844//4 843//4
f 845//1 847//1 848//1 846//1
f 851//4 852//4 850//4 849//4
f 851//1 853//1 854//1 852//1
f 857//4 858//4 856//4 855//4
f 861//4 862//4 860//4 859//4
f 855//4 856//4 848//4 847//4
f 859//4 860//4 854//4 853//4
f 846//4 851//4 849//4 844//4
f 846//1 848//1 853//1 851//1
f 858//4 861//4 859//4 856//4
f 856//4 859//4 853//4 848//4
f 863//2 864//2 866//2 865//2
f 870//3 871//3 873//3 872//3
f 875//5 878//5 877//5 874//5
f 875//3 876//3 879//3 878//3
f 863//3 865//3 871//3 870//3
f 868//5 875//5 874//5 867//5
f 868//3 869//3 876//3 875//3
f 865//2 866//2 868//2 867//2
f 871//3 874//3 877//3 873//3
f 865//3 867//3 874//3 871//3
f 880//2 881//2 883//2 882//2
f 884//2 885//2 887//2 886//2
f 888//2 889//2 891//2 890//2
f 892//2 893//2 895//2 894//2
f 882//2 883//2 889//2 888//2
f 886//2 887//2 893//2 892//2
f 881//2 884//2 886//2 883//2
f 889//2 892//2 894//2 891//2
f 883//2 886//2 892//2 889//2
f 910//5 912//5 911//5 909//5
f 914//5 916//5 915//5 913//5
f 902//5 910//5 909//5 901//5
f 904//5 914//5 913//5 903//5
f 913//5 915//5 912//5 910//5
f 903//5 913//5 910//5 902//5
f 841//1 899//1 900//1 842//1
f 838//1 898//1 899//1 841//1
f 857//1 905//1 906//1 858//1
f 861//1 907//1 908//1 862//1
f 858//1 906//1 907//1 861//1
f 822//4 823//4 790//4 789//4
f 828//4 829//4 794//4 793//4
f 823//4 828//4 793//4 790//4
f 784//3 817//3 822//3 789//3
f 843//4 844//4 810//4 809//4
f 849//4 850//4 814//4 813//4
f 844//4 849//4 813//4 810//4
f 890//2 891//2 902//2 901//2
f 896//3 909//3 911//3 897//3
f 894//2 895//2 904//2 903//2
f 891//2 894//2 903//2 902//2
f 890//3 901//3 909//3 896//3
f 777//1 779//1 797//1 795//1
f 794//4 809//4 807//4 792//4
f 787//4 803//4 797//4 779//4
f 787//1 792//1 807//1 803//1
f 831//4 845//4 843//4 829//4
f 831//1 833//1 847//1 845//1
f 842//4 857//4 855//4 840//4
f 840//4 855//4 847//4 833//4
f 864//2 880//2 882//2 866//2
f 868//2 888//2 890//2 869//2
f 896//5 897//5 879//5 876//5
f 866//2 882//2 888//2 868//2
f 890//5 896//5 876//5 869//5
f 829//4 843//4 809//4 794//4
f 842//1 900//1 905//1 857//1
f 919//2 920//2 922//2 921//2
f 923//3 924//3 926//3 925//3
f 927//2 928//2 930//2 929//2
f 927//1 931//1 932//1 928//1
f 941//4 942//4 940//4 939//4
f 938//5 942//5 941//5 937//5
f 936//3 937//3 941//3 939//3
f 945//4 946//4 944//4 943//4
f 919//3 921//3 937//3 936//3
f 934//5 946//5 945//5 933//5
f 931//3 933//3 945//3 943//3
f 921//2 922//2 932//2 931//2
f 918//3 928//3 932//3 922//3
f 943//4 944//4 938//4 937//4
f 923//2 927//2 929//2 924//2
f 926//4 933//4 931//4 925//4
f 923//1 925//1 931//1 927//1
f 929//5 933//5 926//5 924//5
f 919//5 936//5 935//5 917//5
f 921//3 931//3 943//3 937//3
f 955//4 956//4 954//4 953//4
f 952//5 956//5 955//5 951//5
f 949//3 951//3 955//3 953//3
f 957//4 958//4 952//4 951//4
f 952//3 958//3 959//3 956//3
f 948//4 951//4 949//4 947//4
f 929//2 930//2 950//2 949//2
f 953//4 954//4 934//4 933//4
f 929//3 949//3 953//3 933//3
f 934//3 954//3 960//3 946//3
f 961//3 962//3 964//3 963//3
f 970//4 971//4 969//4 968//4
f 976//4 977//4 975//4 974//4
f 975//5 979//5 978//5 974//5
f 975//3 977//3 980//3 979//3
f 985//4 986//4 984//4 983//4
f 982//5 986//5 985//5 981//5
f 978//4 979//4 971//4 970//4
f 967//3 974//3 978//3 970//3
f 983//4 984//4 973//4 972//4
f 980//4 985//4 983//4 979//4
f 981//5 985//5 980//5 977//5
f 979//4 983//4 972//4 971//4
f 995//4 996//4 994//4 993//4
f 992//5 996//5 995//5 991//5
f 1001//4 1002//4 1000//4 999//4
f 998//5 1002//5 1001//5 997//5
f 993//4 994//4 988//4 987//4
f 999//4 1000//4 990//4 989//4
f 996//4 1001//4 999//4 994//4
f 997//5 1001//5 996//5 992//5
f 994//4 999//4 989//4 988//4
f 1008//5 1011//5 1010//5 1007//5
f 1014//4 1015//4 1013//4 1012//4
f 1013//5 1017//5 1016//5 1012//5
f 1020//4 1021//4 1019//4 1018//4
f 1024//4 1025//4 1023//4 1022//4
f 1006//5 1021//5 1020//5 1005//5
f 1004//3 1005//3 1020//3 1018//3
f 1017//5 1028//5 1027//5 1016//5
f 1010//4 1011//4 1006//4 1005//4
f 1027//4 1028//4 1025//4 1024//4
f 1009//4 1014//4 1012//4 1008//4
f 1012//5 1016//5 1011//5 1008//5
f 1021//4 1024//4 1022//4 1019//4
f 1026//4 1027//4 1024//4 1021//4
f 1016//5 1027//5 1026//5 1011//5
f 1006//3 1011//3 1026//3 1021//3
f 1031//4 1032//4 1030//4 1029//4
f 1030//5 1034//5 1033//5 1029//5
f 1031//1 1035//1 1036//1 1032//1
f 1039//4 1040//4 1038//4 1037//4
f 1038//5 1042//5 1041//5 1037//5
f 1039//1 1043//1 1044//1 1040//1
f 1047//4 1048//4 1046//4 1045//4
f 1051//4 1052//4 1050//4 1049//4
f 1055//1 1057//1 1058//1 1056//1
f 1061//1 1063//1 1064//1 1062//1
f 1034//5 1054//5 1053//5 1033//5
f 1035//1 1055//1 1056//1 1036//1
f 1042//5 1060//5 1059//5 1041//5
f 1043//1 1061//1 1062//1 1044//1
f 1053//4 1054//4 1048//4 1047//4
f 1059//4 1060//4 1052//4 1051//4
f 1032//4 1039//4 1037//4 1030//4
f 1037//5 1041//5 1034//5 1030//5
f 1032//1 1036//1 1043//1 1039//1
f 1048//4 1051//4 1049//4 1046//4
f 1056//1 1058//1 1063//1 1061//1
f 1054//4 1059//4 1051//4 1048//4
f 1041//5 1059//5 1054//5 1034//5
f 1036//1 1056//1 1061//1 1043//1
f 1069//4 1070//4 1068//4 1067//4
f 1066//4 1069//4 1067//4 1065//4
f 1073//4 1074//4 1072//4 1071//4
f 1077//4 1078//4 1076//4 1075//4
f 1074//4 1077//4 1075//4 1072//4
f 969//3 971//3 1066//3 1065//3
f 973//5 1070//5 1069//5 972//5
f 972//5 1069//5 1066//5 971//5
f 988//5 1074//5 1073//5 987//5
f 990//5 1078//5 1077//5 989//5
f 989//5 1077//5 1074//5 988//5
f 1057//1 1079//1 1080//1 1058//1
f 1063//1 1081//1 1082//1 1064//1
f 1058//1 1080//1 1081//1 1063//1
f 1018//4 1019//4 977//4 976//4
f 1022//4 1023//4 982//4 981//4
f 1019//4 1022//4 981//4 977//4
f 1045//4 1046//4 992//4 991//4
f 1049//4 1050//4 998//4 997//4
f 1046//4 1049//4 997//4 992//4
f 986//4 995//4 993//4 984//4
f 991//5 995//5 986//5 982//5
f 984//4 993//4 987//4 973//4
f 1015//4 1031//4 1029//4 1013//4
f 1029//5 1033//5 1017//5 1013//5
f 1025//4 1047//4 1045//4 1023//4
f 1028//4 1053//4 1047//4 1025//4
f 1033//5 1053//5 1028//5 1017//5
f 1070//4 1073//4 1071//4 1068//4
f 1023//4 1045//4 991//4 982//4
f 987//5 1073//5 1070//5 973//5
f 1083//3 1084//3 1086//3 1085//3
f 1088//5 1091//5 1090//5 1087//5
f 1088//3 1089//3 1092//3 1091//3
f 1093//3 1094//3 1096//3 1095//3
f 1098//5 1101//5 1100//5 1097//5
f 1098//3 1099//3 1102//3 1101//3
f 1085//3 1086//3 1094//3 1093//3
f 1091//5 1098//5 1097//5 1090//5
f 1091//3 1092//3 1099//3 1098//3
f 1084//3 1087//3 1090//3 1086//3
f 1094//3 1097//3 1100//3 1096//3
f 1086//3 1090//3 1097//3 1094//3
f 1108//5 1110//5 1109//5 1107//5
f 1112//5 1114//5 1113//5 1111//5
f 1116//5 1118//5 1117//5 1115//5
f 1120//5 1122//5 1121//5 1119//5
f 1110//5 1116//5 1115//5 1109//5
f 1114//5 1120//5 1119//5 1113//5
f 1111//5 1113//5 1110//5 1108//5
f 1119//5 1121//5 1118//5 1116//5
f 1113//5 1119//5 1116//5 1110//5
f 1123//3 1124//3 1126//3 1125//3
f 1128//5 1131//5 1130//5 1127//5
f 1128//3 1129//3 1132//3 1131//3
f 1133//3 1134//3 1136//3 1135//3
f 1138//5 1141//5 1140//5 1137//5
f 1138//3 1139//3 1142//3 1141//3
f 1125//3 1126//3 1134//3 1133//3
f 1131//5 1138//5 1137//5 1130//5
f 1131//3 1132//3 1139//3 1138//3
f 1124//3 1127//3 1130//3 1126//3
f 1134//3 1137//3 1140//3 1136//3
f 1126//3 1130//3 1137//3 1134//3
f 1148//5 1150//5 1149//5 1147//5
f 1152//5 1154//5 1153//5 1151//5
f 1156//5 1158//5 1157//5 1155//5
f 1160//5 1162//5 1161//5 1159//5
f 1150//5 1156//5 1155//5 1149//5
f 1154//5 1160//5 1159//5 1153//5
f 1151//5 1153//5 1150//5 1148//5
f 1159//5 1161//5 1158//5 1156//5
f 1153//5 1159//5 1156//5 1150//5
f 1095//3 1096//3 1124//3 1123//3
f 1101//5 1128//5 1127//5 1100//5
f 1101//3 1102//3 1129//3 1128//3
f 1096//3 1100//3 1127//3 1124//3
f 1118//5 1148//5 1147//5 1117//5
f 1122//5 1152//5 1151//5 1121//5
f 1121//5 1151//5 1148//5 1118//5
f 1103//3 1107//3 1109//3 1104//3
f 1105//3 1115//3 1117//3 1106//3
f 1104//3 1109//3 1115//3 1105//3
f 1143//3 1147//3 1149//3 1144//3
f 1145//3 1155//3 1157//3 1146//3
f 1144//3 1149//3 1155//3 1145//3
f 1103//5 1104//5 1092//5 1089//5
f 1105//5 1106//5 1102//5 1099//5
f 1104//5 1105//5 1099//5 1092//5
f 1143//5 1144//5 1132//5 1129//5
f 1145//5 1146//5 1142//5 1139//5
f 1144//5 1145//5 1139//5 1132//5
f 1106//5 1143//5 1129//5 1102//5
f 1106//3 1117//3 1147//3 1143//3
f 872//3 873//3 1084//3 1083//3
f 878//5 1088//5 1087//5 877//5
f 878//3 879//3 1089//3 1088//3
f 873//3 877//3 1087//3 1084//3
f 912//5 1108//5 1107//5 911//5
f 916//5 1112//5 1111//5 915//5
f 915//5 1111//5 1108//5 912//5
f 897//5 1103//5 1089//5 879//5
f 897//3 911//3 1107//3 1103//3
f 760//2 761//2 920//2 919//2
f 939//4 940//4 772//4 771//4
f 768//3 936//3 939//3 771//3
f 755//2 760//2 919//2 917//2
f 935//4 936//4 768//4 765//4
f 755//3 917//3 935//3 765//3
f 819//3 961//3 963//3 821//3
f 968//4 969//4 838//4 837//4
f 1067//4 1068//4 900//4 899//4
f 1065//4 1067//4 899//4 898//4
f 1071//4 1072//4 906//4 905//4
f 1075//4 1076//4 908//4 907//4
f 1072//4 1075//4 907//4 906//4
f 1068//4 1071//4 905//4 900//4
f 838//3 969//3 1065//3 898//3
f 741//4 784//4 782//4 739//4
f 736//1 739//1 782//1 780//1
f 746//2 815//2 816//2 748//2
f 759//2 820//2 821//2 761//2
f 818//5 820//5 759//5 757//5
f 764//4 824//4 822//4 762//4
f 772//4 837//4 835//4 770//4
f 767//1 770//1 835//1 834//1
f 748//2 816//2 818//2 757//2
f 767//4 834//4 824//4 764//4
f 750//1 762//1 822//1 817//1
f 750//4 817//4 784//4 741//4
f 920//2 963//2 964//2 922//2
f 918//1 922//1 964//1 962//1
f 928//2 965//2 966//2 930//2
f 942//4 970//4 968//4 940//4
f 967//5 970//5 942//5 938//5
f 946//4 976//4 974//4 944//4
f 918//2 962//2 965//2 928//2
f 944//4 974//4 967//4 938//4
f 956//4 1005//4 1004//4 954//4
f 1007//5 1010//5 959//5 958//5
f 959//4 1010//4 1005//4 956//4
f 1004//5 1018//5 960//5 954//5
f 930//2 966//2 1003//2 950//2
f 960//4 1018//4 976//4 946//4
f 761//2 821//2 963//2 920//2
f 940//4 968//4 837//4 772//4
f 376//1 735//1 736//1 377//1
f 376//3 378//3 737//3 735//3
f 371//1 734//1 737//1 378//1
f 382//5 746//5 745//5 381//5
f 381//5 745//5 742//5 380//5
f 371//3 380//3 742//3 734//3
f 464//1 773//1 774//1 465//1
f 470//1 776//1 777//1 471//1
f 465//1 774//1 776//1 470//1
f 464//3 473//3 780//3 773//3
f 487//1 795//1 796//1 488//1
f 493//1 799//1 800//1 494//1
f 488//1 796//1 799//1 493//1
f 505//3 506//3 816//3 815//3
f 509//3 510//3 819//3 818//3
f 506//3 509//3 818//3 816//3
f 471//1 777//1 795//1 487//1
f 557//3 558//3 948//3 947//3
f 563//1 949//1 950//1 564//1
f 570//5 958//5 957//5 569//5
f 557//1 947//1 949//1 563//1
f 565//5 951//5 948//5 558//5
f 565//3 569//3 957//3 951//3
f 626//3 627//3 962//3 961//3
f 630//3 631//3 966//3 965//3
f 627//3 630//3 965//3 962//3
f 649//5 1008//5 1007//5 648//5
f 649//3 651//3 1009//3 1008//3
f 655//5 1015//5 1014//5 654//5
f 654//5 1014//5 1009//5 651//5
f 663//5 1032//5 1031//5 662//5
f 667//5 1040//5 1039//5 666//5
f 666//5 1039//5 1032//5 663//5
f 662//5 1031//5 1015//5 655//5
f 631//3 644//3 1003//3 966//3
f 377//1 736//1 780//1 473//1
f 505//5 815//5 746//5 382//5
f 564//1 950//1 1003//1 644//1
f 648//5 1007//5 958//5 570//5
f 510//3 626//3 961//3 819//3
f 2//2 3//2 406//2 405//2
f 1//2 2//2 405//2 402//2
f 452//4 453//4 10//4 9//4
f 448//4 452//4 9//4 8//4
f 4//2 5//2 426//2 425//2
f 6//2 7//2 430//2 429//2
f 5//2 6//2 429//2 426//2
f 475//4 476//4 12//4 11//4
f 479//4 480//4 14//4 13//4
f 476//4 479//4 13//4 12//4
f 3//2 4//2 425//2 406//2
f 453//4 475//4 11//4 10//4
f 1//3 402//3 448//3 8//3
f 668//2 669//2 864//2 863//2
f 670//3 870//3 872//3 672//3
f 668//3 863//3 870//3 670//3
f 674//2 675//2 881//2 880//2
f 676//2 677//2 885//2 884//2
f 675//2 676//2 884//2 881//2
f 669//2 674//2 880//2 864//2
f 686//3 1083//3 1085//3 688//3
f 690//3 1093//3 1095//3 692//3
f 688//3 1085//3 1093//3 690//3
f 710//3 1123//3 1125//3 712//3
f 714//3 1133//3 1135//3 716//3
f 712//3 1125//3 1133//3 714//3
f 692//3 1095//3 1123//3 710//3
f 672//3 872//3 1083//3 686//3
f 1163//1 1170//1 1171//1 1164//1
f 1165//1 1172//1 1173//1 1166//1
f 1164//1 1171//1 1172//1 1165//1
f 1167//1 1174//1 1175//1 1168//1
f 1168//1 1175//1 1176//1 1169//1
f 1166//1 1173//1 1174//1 1167//1
f 1177//2 1178//2 1180//2 1179//2
f 1181//2 1182//2 1184//2 1183//2
f 1178//2 1181//2 1183//2 1180//2
f 1185//2 1186//2 1188//2 1187//2
f 1186//2 1189//2 1190//2 1188//2
f 1194//2 1195//2 1197//2 1196//2
f 1192//1 1196//1 1197//1 1193//1
f 1200//2 1201//2 1203//2 1202//2
f 1198//1 1202//1 1203//1 1199//1
f 1204//1 1206//1 1207//1 1205//1
f 1208//1 1210//1 1211//1 1209//1
f 1194//1 1212//1 1213//1 1195//1
f 1200//1 1214//1 1215//1 1201//1
f 1204//2 1205//2 1213//2 1212//2
f 1208//2 1209//2 1215//2 1214//2
f 1195//2 1200//2 1202//2 1197//2
f 1193//1 1197//1 1202//1 1198//1
f 1205//1 1207//1 1210//1 1208//1
f 1205//2 1208//2 1214//2 1213//2
f 1195//1 1213//1 1214//1 1200//1
f 1218//2 1219//2 1221//2 1220//2
f 1216//1 1220//1 1221//1 1217//1
f 1223//2 1224//2 1226//2 1225//2
f 1227//1 1229//1 1230//1 1228//1
f 1236//1 1239//1 1240//1 1237//1
f 1218//1 1234//1 1235//1 1219//1
f 1223//1 1236//1 1237//1 1224//1
f 1237//6 1238//6 1226//6 1224//6
f 1227//2 1228//2 1235//2 1234//2
f 1232//2 1233//2 1240//2 1239//2
f 1232//6 1239//6 1236//6 1231//6
f 1219//2 1223//2 1225//2 1221//2
f 1217//1 1221//1 1225//1 1222//1
f 1228//1 1230//1 1232//1 1231//1
f 1228//2 1231//2 1236//2 1235//2
f 1219//1 1235//1 1236//1 1223//1
f 1242//2 1243//2 1245//2 1244//2
f 1246//2 1247//2 1249//2 1248//2
f 1244//2 1245//2 1251//2 1250//2
f 1248//2 1249//2 1253//2 1252//2
f 1243//2 1246//2 1248//2 1245//2
f 1245//2 1248//2 1252//2 1251//2
f 1254//2 1255//2 1257//2 1256//2
f 1258//2 1259//2 1261//2 1260//2
f 1258//1 1262//1 1263//1 1259//1
f 1263//6 1264//6 1261//6 1259//6
f 1267//2 1268//2 1270//2 1269//2
f 1276//6 1277//6 1275//6 1274//6
f 1256//2 1257//2 1266//2 1265//2
f 1260//2 1261//2 1268//2 1267//2
f 1273//6 1276//6 1274//6 1271//6
f 1255//2 1258//2 1260//2 1257//2
f 1257//2 1260//2 1267//2 1266//2
f 1177//1 1250//1 1251//1 1178//1
f 1181//1 1252//1 1253//1 1182//1
f 1178//1 1251//1 1252//1 1181//1
f 1185//1 1265//1 1266//1 1186//1
f 1190//1 1269//1 1270//1 1191//1
f 1267//6 1269//6 1190//6 1189//6
f 1186//1 1266//1 1267//1 1189//1
f 1192//2 1193//2 1243//2 1242//2
f 1198//2 1199//2 1247//2 1246//2
f 1193//2 1198//2 1246//2 1243//2
f 1216//2 1217//2 1255//2 1254//2
f 1225//2 1226//2 1263//2 1262//2
f 1225//6 1262//6 1258//6 1222//6
f 1217//2 1222//2 1258//2 1255//2
f 1182//2 1185//2 1187//2 1184//2
f 1201//2 1218//2 1220//2 1203//2
f 1199//1 1203//1 1220//1 1216//1
f 1209//1 1211//1 1229//1 1227//1
f 1209//2 1227//2 1234//2 1215//2
f 1201//1 1215//1 1234//1 1218//1
f 1247//2 1254//2 1256//2 1249//2
f 1249//2 1256//2 1265//2 1253//2
f 1199//2 1216//2 1254//2 1247//2
f 1182//1 1253//1 1265//1 1185//1
f 1280//2 1281//2 1283//2 1282//2
f 1280//1 1284//1 1285//1 1281//1
f 1285//6 1287//6 1283//6 1281//6
f 1289//2 1290//2 1292//2 1291//2
f 1293//2 1294//2 1296//2 1295//2
f 1293//1 1297//1 1298//1 1294//1
f 1298//6 1300//6 1296//6 1294//6
f 1309//4 1310//4 1308//4 1307//4
f 1306//5 1310//5 1309//5 1305//5
f 1313//6 1314//6 1312//6 1311//6
f 1317//4 1318//4 1316//4 1315//4
f 1289//1 1303//1 1304//1 1290//1
f 1304//6 1306//6 1292//6 1290//6
f 1300//5 1318//5 1317//5 1299//5
f 1319//6 1320//6 1302//6 1301//6
f 1291//2 1292//2 1298//2 1297//2
f 1291//6 1297//6 1293//6 1288//6
f 1315//4 1316//4 1306//4 1305//4
f 1298//2 1301//2 1302//2 1300//2
f 1304//2 1311//2 1312//2 1306//2
f 1310//4 1314//4 1313//4 1308//4
f 1304//1 1308//1 1313//1 1311//1
f 1312//5 1314//5 1310//5 1306//5
f 1318//4 1320//4 1319//4 1316//4
f 1298//1 1316//1 1319//1 1301//1
f 1302//5 1320//5 1318//5 1300//5
f 1306//6 1316//6 1298//6 1292//6
f 1282//2 1283//2 1304//2 1303//2
f 1307//4 1308//4 1287//4 1286//4
f 1287//6 1308//6 1304//6 1283//6
f 1282//6 1303//6 1289//6 1278//6
f 1321//2 1322//2 1324//2 1323//2
f 1325//2 1326//2 1328//2 1327//2
f 1323//2 1324//2 1330//2 1329//2
f 1327//2 1328//2 1332//2 1331//2
f 1322//2 1325//2 1327//2 1324//2
f 1324//2 1327//2 1331//2 1330//2
f 1333//2 1334//2 1336//2 1335//2
f 1337//2 1338//2 1340//2 1339//2
f 1335//2 1336//2 1342//2 1341//2
f 1334//2 1337//2 1339//2 1336//2
f 1336//2 1339//2 1343//2 1342//2
f 1344//2 1345//2 1347//2 1346//2
f 1348//2 1349//2 1351//2 1350//2
f 1345//2 1348//2 1350//2 1347//2
f 1355//2 1356//2 1358//2 1357//2
f 1359//2 1360//2 1362//2 1361//2
f 1362//5 1364//5 1363//5 1361//5
f 1367//6 1368//6 1366//6 1365//6
f 1353//2 1354//2 1360//2 1359//2
f 1368//6 1370//6 1369//6 1366//6
f 1356//2 1359//2 1361//2 1358//2
f 1374//2 1375//2 1377//2 1376//2
f 1373//5 1375//5 1374//5 1372//5
f 1380//2 1381//2 1383//2 1382//2
f 1379//5 1381//5 1380//5 1378//5
f 1390//2 1391//2 1393//2 1392//2
f 1389//5 1391//5 1390//5 1388//5
f 1396//2 1397//2 1399//2 1398//2
f 1395//5 1397//5 1396//5 1394//5
f 1385//5 1389//5 1388//5 1384//5
f 1387//5 1395//5 1394//5 1386//5
f 1376//2 1377//2 1385//2 1384//2
f 1382//2 1383//2 1387//2 1386//2
f 1375//2 1380//2 1382//2 1377//2
f 1378//5 1380//5 1375//5 1373//5
f 1391//2 1396//2 1398//2 1393//2
f 1394//5 1396//5 1391//5 1389//5
f 1377//2 1382//2 1386//2 1385//2
f 1386//5 1394//5 1389//5 1385//5
f 1402//2 1403//2 1405//2 1404//2
f 1401//5 1403//5 1402//5 1400//5
f 1407//2 1408//2 1410//2 1409//2
f 1419//2 1420//2 1422//2 1421//2
f 1418//5 1420//5 1419//5 1417//5
f 1425//2 1426//2 1428//2 1427//2
f 1424//5 1426//5 1425//5 1423//5
f 1412//5 1418//5 1417//5 1411//5
f 1414//5 1424//5 1423//5 1413//5
f 1404//2 1405//2 1412//2 1411//2
f 1409//2 1410//2 1414//2 1413//2
f 1403//2 1407//2 1409//2 1405//2
f 1406//5 1407//5 1403//5 1401//5
f 1420//2 1425//2 1427//2 1422//2
f 1423//5 1425//5 1420//5 1418//5
f 1405//2 1409//2 1413//2 1412//2
f 1413//5 1423//5 1418//5 1412//5
f 1415//6 1424//6 1414//6 1410//6
f 1330//5 1345//5 1344//5 1329//5
f 1332//5 1349//5 1348//5 1331//5
f 1331//5 1348//5 1345//5 1330//5
f 1340//5 1354//5 1353//5 1339//5
f 1352//6 1354//6 1340//6 1338//6
f 1342//5 1356//5 1355//5 1341//5
f 1343//5 1359//5 1356//5 1342//5
f 1353//6 1359//6 1343//6 1339//6
f 1346//2 1347//2 1373//2 1372//2
f 1350//2 1351//2 1379//2 1378//2
f 1347//2 1350//2 1378//2 1373//2
f 1357//2 1358//2 1401//2 1400//2
f 1363//2 1364//2 1408//2 1407//2
f 1363//6 1407//6 1406//6 1361//6
f 1358//2 1361//2 1406//2 1401//2
f 1326//2 1333//2 1335//2 1328//2
f 1328//2 1335//2 1341//2 1332//2
f 1349//2 1355//2 1357//2 1351//2
f 1381//2 1402//2 1404//2 1383//2
f 1400//5 1402//5 1381//5 1379//5
f 1397//2 1419//2 1421//2 1399//2
f 1417//5 1419//5 1397//5 1395//5
f 1383//2 1404//2 1411//2 1387//2
f 1411//5 1417//5 1395//5 1387//5
f 1351//2 1357//2 1400//2 1379//2
f 1341//5 1355//5 1349//5 1332//5
f 1429//2 1430//2 1432//2 1431//2
f 1434//6 1435//6 1432//6 1430//6
f 1441//2 1442//2 1444//2 1443//2
f 1439//5 1442//5 1441//5 1438//5
f 1441//6 1443//6 1440//6 1438//6
f 1448//4 1449//4 1447//4 1446//4
f 1454//4 1455//4 1453//4 1452//4
f 1454//1 1457//1 1458//1 1455//1
f 1456//6 1457//6 1454//6 1452//6
f 1433//1 1446//1 1447//1 1434//1
f 1450//6 1451//6 1437//6 1436//6
f 1453//6 1455//6 1444//6 1442//6
f 1431//2 1432//2 1439//2 1438//2
f 1435//6 1442//6 1439//6 1432//6
f 1452//4 1453//4 1449//4 1448//4
f 1434//2 1436//2 1437//2 1435//2
f 1449//4 1451//4 1450//4 1447//4
f 1455//1 1458//1 1461//1 1460//1
f 1435//2 1437//2 1445//2 1442//2
f 1453//4 1459//4 1451//4 1449//4
f 1434//1 1447//1 1450//1 1436//1
f 1445//5 1459//5 1453//5 1442//5
f 1451//6 1459//6 1445//6 1437//6
f 1465//2 1466//2 1468//2 1467//2
f 1468//5 1472//5 1471//5 1467//5
f 1470//6 1472//6 1468//6 1466//6
f 1463//5 1466//5 1465//5 1462//5
f 1465//6 1467//6 1464//6 1462//6
f 1471//2 1472//2 1478//2 1477//2
f 1471//6 1477//6 1476//6 1467//6
f 1470//2 1474//2 1475//2 1472//2
f 1473//5 1474//5 1470//5 1466//5
f 1443//2 1444//2 1463//2 1462//2
f 1469//4 1470//4 1458//4 1457//4
f 1461//6 1474//6 1473//6 1460//6
f 1455//2 1460//2 1473//2 1466//2
f 1470//4 1474//4 1461//4 1458//4
f 1455//6 1466//6 1463//6 1444//6
f 1479//2 1480//2 1482//2 1481//2
f 1479//1 1483//1 1484//1 1480//1
f 1485//2 1486//2 1488//2 1487//2
f 1485//1 1489//1 1490//1 1486//1
f 1491//1 1493//1 1494//1 1492//1
f 1495//1 1497//1 1498//1 1496//1
f 1483//1 1491//1 1492//1 1484//1
f 1489//1 1495//1 1496//1 1490//1
f 1480//2 1485//2 1487//2 1482//2
f 1480//1 1484//1 1489//1 1485//1
f 1492//1 1494//1 1497//1 1495//1
f 1484//1 1492//1 1495//1 1489//1
f 1499//2 1500//2 1502//2 1501//2
f 1499//1 1503//1 1504//1 1500//1
f 1508//2 1509//2 1511//2 1510//2
f 1506//1 1510//1 1511//1 1507//1
f 1508//6 1510//6 1506//6 1505//6
f 1514//1 1516//1 1517//1 1515//1
f 1518//1 1521//1 1522//1 1519//1
f 1525//6 1526//6 1524//6 1523//6
f 1503//1 1514//1 1515//1 1504//1
f 1508//1 1518//1 1519//1 1509//1
f 1519//6 1520//6 1511//6 1509//6
f 1500//2 1505//2 1506//2 1502//2
f 1500//1 1504//1 1508//1 1505//1
f 1515//1 1517//1 1521//1 1518//1
f 1504//1 1515//1 1518//1 1508//1
f 1529//6 1530//6 1528//6 1527//6
f 1533//6 1534//6 1532//6 1531//6
f 1537//6 1538//6 1536//6 1535//6
f 1541//6 1542//6 1540//6 1539//6
f 1535//6 1536//6 1530//6 1529//6
f 1539//6 1540//6 1534//6 1533//6
f 1530//6 1533//6 1531//6 1528//6
f 1538//6 1541//6 1539//6 1536//6
f 1536//6 1539//6 1533//6 1530//6
f 1543//1 1545//1 1546//1 1544//1
f 1547//1 1549//1 1550//1 1548//1
f 1553//4 1554//4 1552//4 1551//4
f 1553//1 1555//1 1556//1 1554//1
f 1559//4 1560//4 1558//4 1557//4
f 1559//1 1561//1 1562//1 1560//1
f 1545//1 1551//1 1552//1 1546//1
f 1549//1 1557//1 1558//1 1550//1
f 1544//1 1546//1 1549//1 1547//1
f 1554//4 1559//4 1557//4 1552//4
f 1554//1 1556//1 1561//1 1559//1
f 1546//1 1552//1 1557//1 1549//1
f 1563//1 1565//1 1566//1 1564//1
f 1567//1 1569//1 1570//1 1568//1
f 1574//6 1575//6 1573//6 1572//6
f 1578//4 1579//4 1577//4 1576//4
f 1578//1 1580//1 1581//1 1579//1
f 1584//4 1585//4 1583//4 1582//4
f 1584//1 1586//1 1587//1 1585//1
f 1565//1 1576//1 1577//1 1566//1
f 1569//1 1582//1 1583//1 1570//1
f 1583//6 1585//6 1571//6 1570//6
f 1564//1 1566//1 1569//1 1567//1
f 1579//4 1584//4 1582//4 1577//4
f 1579//1 1581//1 1586//1 1584//1
f 1566//1 1577//1 1582//1 1569//1
f 1593//6 1594//6 1592//6 1591//6
f 1597//6 1598//6 1596//6 1595//6
f 1601//6 1602//6 1600//6 1599//6
f 1605//6 1606//6 1604//6 1603//6
f 1599//6 1600//6 1594//6 1593//6
f 1603//6 1604//6 1598//6 1597//6
f 1594//6 1597//6 1595//6 1592//6
f 1602//6 1605//6 1603//6 1600//6
f 1600//6 1603//6 1597//6 1594//6
f 1521//1 1567//1 1568//1 1522//1
f 1572//6 1573//6 1526//6 1525//6
f 1591//6 1592//6 1538//6 1537//6
f 1595//6 1596//6 1542//6 1541//6
f 1592//6 1595//6 1541//6 1538//6
f 1513//6 1529//6 1527//6 1512//6
f 1526//6 1537//6 1535//6 1524//6
f 1524//6 1535//6 1529//6 1513//6
f 1575//6 1593//6 1591//6 1573//6
f 1590//6 1601//6 1599//6 1588//6
f 1588//6 1599//6 1593//6 1575//6
f 1486//2 1499//2 1501//2 1488//2
f 1486//1 1490//1 1503//1 1499//1
f 1496//1 1498//1 1516//1 1514//1
f 1490//1 1496//1 1514//1 1503//1
f 1548//1 1550//1 1565//1 1563//1
f 1560//4 1578//4 1576//4 1558//4
f 1560//1 1562//1 1580//1 1578//1
f 1550//1 1558//1 1576//1 1565//1
f 1573//6 1591//6 1537//6 1526//6
f 1607//1 1609//1 1610//1 1608//1
f 1614//5 1617//5 1616//5 1613//5
f 1620//6 1621//6 1619//6 1618//6
f 1625//2 1626//2 1628//2 1627//2
f 1623//1 1627//1 1628//1 1624//1
f 1625//6 1627//6 1623//6 1622//6
f 1632//4 1633//4 1631//4 1630//4
f 1631//5 1635//5 1634//5 1630//5
f 1609//1 1623//1 1624//1 1610//1
f 1617//5 1633//5 1632//5 1616//5
f 1636//6 1637//6 1621//6 1620//6
f 1607//2 1608//2 1612//2 1611//2
f 1610//6 1615//6 1612//6 1608//6
f 1628//6 1635//6 1631//6 1624//6
f 1612//2 1618//2 1619//2 1614//2
f 1612//1 1615//1 1620//1 1618//1
f 1619//5 1621//5 1617//5 1614//5
f 1633//4 1637//4 1636//4 1631//4
f 1628//2 1629//2 1638//2 1635//2
f 1615//1 1631//1 1636//1 1620//1
f 1621//5 1637//5 1633//5 1617//5
f 1624//6 1631//6 1615//6 1610//6
f 1641//4 1642//4 1640//4 1639//4
f 1641//1 1644//1 1645//1 1642//1
f 1643//6 1644//6 1641//6 1639//6
f 1649//2 1650//2 1652//2 1651//2
f 1648//5 1650//5 1649//5 1647//5
f 1659//1 1663//1 1664//1 1660//1
f 1662//5 1666//5 1665//5 1661//5
f 1664//6 1666//6 1662//6 1660//6
f 1644//1 1656//1 1657//1 1645//1
f 1652//5 1662//5 1661//5 1651//5
f 1667//6 1668//6 1655//6 1654//6
f 1645//6 1650//6 1648//6 1642//6
f 1659//4 1660//4 1657//4 1656//4
f 1658//6 1663//6 1659//6 1656//6
f 1650//2 1654//2 1655//2 1652//2
f 1662//4 1668//4 1667//4 1660//4
f 1648//4 1653//4 1646//4 1642//4
f 1650//1 1660//1 1667//1 1654//1
f 1655//5 1668//5 1662//5 1652//5
f 1657//6 1660//6 1650//6 1645//6
f 1625//1 1639//1 1640//1 1626//1
f 1640//6 1642//6 1628//6 1626//6
f 1635//5 1648//5 1647//5 1634//5
f 1628//1 1642//1 1646//1 1629//1
f 1638//5 1653//5 1648//5 1635//5
f 1646//6 1653//6 1638//6 1629//6
f 1665//2 1666//2 1671//2 1670//2
f 1666//2 1669//2 1672//2 1671//2
f 1675//6 1676//6 1674//6 1673//6
f 1679//6 1680//6 1678//6 1677//6
f 1683//6 1684//6 1682//6 1681//6
f 1687//6 1688//6 1686//6 1685//6
f 1681//6 1682//6 1676//6 1675//6
f 1685//6 1686//6 1680//6 1679//6
f 1676//6 1679//6 1677//6 1674//6
f 1684//6 1687//6 1685//6 1682//6
f 1682//6 1685//6 1679//6 1676//6
f 1690//5 1692//5 1691//5 1689//5
f 1694//5 1696//5 1695//5 1693//5
f 1693//5 1695//5 1692//5 1690//5
f 1699//6 1700//6 1698//6 1697//6
f 1702//5 1704//5 1703//5 1701//5
f 1707//5 1709//5 1708//5 1706//5
f 1712//6 1713//6 1711//6 1710//6
f 1710//6 1711//6 1700//6 1699//6
f 1709//5 1715//5 1714//5 1708//5
f 1706//5 1708//5 1704//5 1702//5
f 1720//6 1721//6 1719//6 1718//6
f 1724//6 1725//6 1723//6 1722//6
f 1728//6 1729//6 1727//6 1726//6
f 1732//6 1733//6 1731//6 1730//6
f 1726//6 1727//6 1721//6 1720//6
f 1730//6 1731//6 1725//6 1724//6
f 1721//6 1724//6 1722//6 1719//6
f 1729//6 1732//6 1730//6 1727//6
f 1727//6 1730//6 1724//6 1721//6
f 1739//5 1741//5 1740//5 1738//5
f 1743//5 1745//5 1744//5 1742//5
f 1735//5 1739//5 1738//5 1734//5
f 1737//5 1743//5 1742//5 1736//5
f 1742//5 1744//5 1741//5 1739//5
f 1736//5 1742//5 1739//5 1735//5
f 1748//6 1749//6 1747//6 1746//6
f 1760//5 1762//5 1761//5 1759//5
f 1768//4 1769//4 1767//4 1766//4
f 1765//5 1769//5 1768//5 1764//5
f 1767//6 1769//6 1765//6 1763//6
f 1756//6 1757//6 1749//6 1748//6
f 1751//5 1760//5 1759//5 1750//5
f 1755//5 1765//5 1764//5 1754//5
f 1764//5 1768//5 1762//5 1760//5
f 1754//5 1764//5 1760//5 1751//5
f 1718//6 1719//6 1684//6 1683//6
f 1722//6 1723//6 1688//6 1687//6
f 1719//6 1722//6 1687//6 1684//6
f 1746//6 1747//6 1713//6 1712//6
f 1747//6 1752//6 1716//6 1713//6
f 1680//6 1699//6 1697//6 1678//6
f 1688//6 1712//6 1710//6 1686//6
f 1686//6 1710//6 1699//6 1680//6
f 1725//6 1748//6 1746//6 1723//6
f 1733//6 1758//6 1756//6 1731//6
f 1731//6 1756//6 1748//6 1725//6
f 1701//5 1703//5 1696//5 1694//5
f 1759//5 1761//5 1745//5 1743//5
f 1750//5 1759//5 1743//5 1737//5
f 1723//6 1746//6 1712//6 1688//6
f 1772//4 1773//4 1771//4 1770//4
f 1772//1 1774//1 1775//1 1773//1
f 1782//2 1783//2 1785//2 1784//2
f 1780//5 1783//5 1782//5 1779//5
f 1782//6 1784//6 1781//6 1779//6
f 1787//1 1789//1 1790//1 1788//1
f 1794//5 1798//5 1797//5 1793//5
f 1796//6 1798//6 1794//6 1792//6
f 1774//1 1787//1 1788//1 1775//1
f 1785//5 1794//5 1793//5 1784//5
f 1792//6 1794//6 1785//6 1783//6
f 1775//6 1783//6 1780//6 1773//6
f 1795//4 1796//4 1790//4 1789//4
f 1790//6 1796//6 1792//6 1788//6
f 1773//4 1777//4 1776//4 1771//4
f 1775//2 1778//2 1786//2 1783//2
f 1792//4 1799//4 1791//4 1788//4
f 1775//1 1788//1 1791//1 1778//1
f 1786//5 1799//5 1792//5 1783//5
f 1791//6 1799//6 1786//6 1778//6
f 1800//1 1802//1 1803//1 1801//1
f 1812//4 1813//4 1811//4 1810//4
f 1809//5 1813//5 1812//5 1808//5
f 1811//6 1813//6 1809//6 1807//6
f 1816//2 1817//2 1819//2 1818//2
f 1816//1 1820//1 1821//1 1817//1
f 1821//6 1822//6 1819//6 1817//6
f 1826//5 1829//5 1828//5 1825//5
f 1802//1 1818//1 1819//1 1803//1
f 1811//5 1826//5 1825//5 1810//5
f 1825//6 1827//6 1812//6 1810//6
f 1800//2 1801//2 1807//2 1806//2
f 1822//6 1829//6 1826//6 1819//6
f 1805//6 1815//6 1814//6 1804//6
f 1801//1 1803//1 1805//1 1804//1
f 1814//5 1815//5 1811//5 1807//5
f 1821//2 1823//2 1824//2 1822//2
f 1801//2 1804//2 1814//2 1807//2
f 1811//4 1815//4 1805//4 1803//4
f 1819//6 1826//6 1811//6 1803//6
f 1795//1 1806//1 1807//1 1796//1
f 1798//5 1809//5 1808//5 1797//5
f 1807//6 1809//6 1798//6 1796//6
f 1206//1 1481//1 1482//1 1207//1
f 1210//1 1487//1 1488//1 1211//1
f 1207//1 1482//1 1487//1 1210//1
f 1229//1 1501//1 1502//1 1230//1
f 1232//1 1506//1 1507//1 1233//1
f 1230//1 1502//1 1506//1 1232//1
f 1527//6 1528//6 1273//6 1272//6
f 1531//6 1532//6 1277//6 1276//6
f 1528//6 1531//6 1276//6 1273//6
f 1211//1 1488//1 1501//1 1229//1
f 1512//6 1527//6 1272//6 1241//6
f 1284//1 1611//1 1612//1 1285//1
f 1287//5 1614//5 1613//5 1286//5
f 1612//6 1614//6 1287//6 1285//6
f 1607//6 1611//6 1284//6 1279//6
f 1673//6 1674//6 1368//6 1367//6
f 1677//6 1678//6 1371//6 1370//6
f 1674//6 1677//6 1370//6 1368//6
f 1393//5 1690//5 1689//5 1392//5
f 1399//5 1694//5 1693//5 1398//5
f 1398//5 1693//5 1690//5 1393//5
f 1422//5 1702//5 1701//5 1421//5
f 1428//5 1707//5 1706//5 1427//5
f 1705//6 1707//6 1428//6 1426//6
f 1427//5 1706//5 1702//5 1422//5
f 1421//5 1701//5 1694//5 1399//5
f 1678//6 1697//6 1416//6 1371//6
f 1469//1 1770//1 1771//1 1470//1
f 1776//6 1777//6 1475//6 1474//6
f 1478//5 1780//5 1779//5 1477//5
f 1470//1 1771//1 1776//1 1474//1
f 1475//5 1777//5 1773//5 1472//5
f 1773//6 1780//6 1478//6 1472//6
f 1179//2 1180//2 1322//2 1321//2
f 1183//2 1184//2 1326//2 1325//2
f 1180//2 1183//2 1325//2 1322//2
f 1187//2 1188//2 1334//2 1333//2
f 1190//2 1191//2 1338//2 1337//2
f 1188//2 1190//2 1337//2 1334//2
f 1277//6 1367//6 1365//6 1275//6
f 1184//2 1187//2 1333//2 1326//2
f 1270//6 1352//6 1338//6 1191//6
f 1534//6 1675//6 1673//6 1532//6
f 1542//6 1683//6 1681//6 1540//6
f 1540//6 1681//6 1675//6 1534//6
f 1598//6 1720//6 1718//6 1596//6
f 1606//6 1728//6 1726//6 1604//6
f 1604//6 1726//6 1720//6 1598//6
f 1596//6 1718//6 1683//6 1542//6
f 1295//2 1296//2 1430//2 1429//2
f 1433//4 1434//4 1300//4 1299//4
f 1300//6 1434//6 1430//6 1296//6
f 1317//6 1446//6 1433//6 1299//6
f 1237//2 1280//2 1282//2 1238//2
f 1237//1 1240//1 1284//1 1280//1
f 1233//2 1279//2 1284//2 1240//2
f 1226//1 1238//1 1282//1 1278//1
f 1263//2 1289//2 1291//2 1264//2
f 1261//1 1264//1 1291//1 1288//1
f 1268//2 1293//2 1295//2 1270//2
f 1273//4 1309//4 1307//4 1272//4
f 1305//5 1309//5 1273//5 1271//5
f 1275//4 1317//4 1315//4 1274//4
f 1261//2 1288//2 1293//2 1268//2
f 1274//4 1315//4 1305//4 1271//4
f 1226//2 1278//2 1289//2 1263//2
f 1272//4 1307//4 1286//4 1241//4
f 1352//2 1429//2 1431//2 1354//2
f 1360//2 1438//2 1440//2 1362//2
f 1440//5 1443//5 1364//5 1362//5
f 1366//4 1448//4 1446//4 1365//4
f 1371//4 1457//4 1456//4 1370//4
f 1369//1 1370//1 1456//1 1452//1
f 1354//2 1431//2 1438//2 1360//2
f 1369//4 1452//4 1448//4 1366//4
f 1408//2 1462//2 1464//2 1410//2
f 1476//5 1477//5 1426//5 1424//5
f 1415//2 1467//2 1476//2 1424//2
f 1464//5 1467//5 1415//5 1410//5
f 1364//2 1443//2 1462//2 1408//2
f 1416//4 1469//4 1457//4 1371//4
f 1507//1 1511//1 1609//1 1607//1
f 1613//5 1616//5 1513//5 1512//5
f 1519//2 1622//2 1623//2 1520//2
f 1519//1 1522//1 1625//1 1622//1
f 1524//4 1632//4 1630//4 1523//4
f 1630//5 1634//5 1525//5 1523//5
f 1511//1 1520//1 1623//1 1609//1
f 1616//5 1632//5 1524//5 1513//5
f 1571//4 1644//4 1643//4 1570//4
f 1568//1 1570//1 1643//1 1639//1
f 1574//2 1649//2 1651//2 1575//2
f 1647//5 1649//5 1574//5 1572//5
f 1585//1 1587//1 1658//1 1656//1
f 1661//5 1665//5 1590//5 1588//5
f 1589//4 1663//4 1658//4 1587//4
f 1571//1 1585//1 1656//1 1644//1
f 1651//5 1661//5 1588//5 1575//5
f 1590//2 1665//2 1670//2 1601//2
f 1522//1 1568//1 1639//1 1625//1
f 1634//5 1647//5 1572//5 1525//5
f 1698//4 1772//4 1770//4 1697//4
f 1698//1 1700//1 1774//1 1772//1
f 1705//2 1779//2 1781//2 1707//2
f 1781//5 1784//5 1709//5 1707//5
f 1711//1 1713//1 1789//1 1787//1
f 1793//5 1797//5 1717//5 1715//5
f 1716//4 1795//4 1789//4 1713//4
f 1700//1 1711//1 1787//1 1774//1
f 1784//5 1793//5 1715//5 1709//5
f 1747//1 1749//1 1802//1 1800//1
f 1808//5 1812//5 1755//5 1753//5
f 1756//2 1816//2 1818//2 1757//2
f 1756//1 1758//1 1820//1 1816//1
f 1765//4 1827//4 1825//4 1763//4
f 1825//5 1828//5 1767//5 1763//5
f 1747//2 1800//2 1806//2 1752//2
f 1749//1 1757//1 1818//1 1802//1
f 1812//5 1827//5 1765//5 1755//5
f 1716//1 1752//1 1806//1 1795//1
f 1270//2 1295//2 1429//2 1352//2
f 1365//4 1446//4 1317//4 1275//4
f 1233//1 1507//1 1607//1 1279//1
f 1286//5 1613//5 1512//5 1241//5
f 1416//1 1697//1 1770//1 1469//1
f 1477//5 1779//5 1705//5 1426//5
f 1532//6 1673//6 1367//6 1277//6
f 1834//1 1836//1 1837//1 1835//1
f 1838//1 1840//1 1841//1 1839//1
f 1830//1 1834//1 1835//1 1831//1
f 1832//1 1838//1 1839//1 1833//1
f 1835//1 1837//1 1840//1 1838//1
f 1831//1 1835//1 1838//1 1832//1
f 1844//1 1846//1 1847//1 1845//1
f 1842//1 1844//1 1845//1 1843//1
f 1839//1 1841//1 1846//1 1844//1
f 1833//1 1839//1 1844//1 1842//1
f 1848//1 1850//1 1851//1 1849//1
f 1852//1 1854//1 1855//1 1853//1
f 1856//1 1858//1 1859//1 1857//1
f 1860//1 1862//1 1863//1 1861//1
f 1850//1 1856//1 1857//1 1851//1
f 1854//1 1860//1 1861//1 1855//1
f 1849//1 1851//1 1854//1 1852//1
f 1857//1 1859//1 1862//1 1860//1
f 1851//1 1857//1 1860//1 1854//1
f 1864//1 1866//1 1867//1 1865//1
f 1868//1 1870//1 1871//1 1869//1
f 1866//1 1868//1 1869//1 1867//1
f 1872//1 1874//1 1875//1 1873//1
f 1876//1 1878//1 1879//1 1877//1
f 1880//1 1882//1 1883//1 1881//1
f 1884//1 1886//1 1887//1 1885//1
f 1874//1 1880//1 1881//1 1875//1
f 1878//1 1884//1 1885//1 1879//1
f 1873//1 1875//1 1878//1 1876//1
f 1881//1 1883//1 1886//1 1884//1
f 1875//1 1881//1 1884//1 1878//1
f 1888//1 1890//1 1891//1 1889//1
f 1892//1 1894//1 1895//1 1893//1
f 1890//1 1892//1 1893//1 1891//1
f 1858//1 1872//1 1873//1 1859//1
f 1862//1 1876//1 1877//1 1863//1
f 1859//1 1873//1 1876//1 1862//1
f 1870//1 1888//1 1889//1 1871//1
f 1853//1 1855//1 1866//1 1864//1
f 1861//1 1863//1 1870//1 1868//1
f 1855//1 1861//1 1868//1 1866//1
f 1877//1 1879//1 1890//1 1888//1
f 1885//1 1887//1 1894//1 1892//1
f 1879//1 1885//1 1892//1 1890//1
f 1863//1 1877//1 1888//1 1870//1
f 1836//1 1848//1 1849//1 1837//1
f 1840//1 1852//1 1853//1 1841//1
f 1837//1 1849//1 1852//1 1840//1
f 1846//1 1864//1 1865//1 1847//1
f 1841//1 1853//1 1864//1 1846//1
f 1896//1 1898//1 1899//1 1897//1
f 1900//1 1902//1 1903//1 1901//1
f 1910//4 1911//4 1909//4 1908//4
f 1914//4 1915//4 1913//4 1912//4
f 1904//1 1908//1 1909//1 1905//1
f 1906//1 1912//1 1913//1 1907//1
f 1904//4 1905//4 1899//4 1898//4
f 1906//4 1907//4 1903//4 1902//4
f 1897//1 1899//1 1902//1 1900//1
f 1911//4 1914//4 1912//4 1909//4
f 1905//4 1906//4 1902//4 1899//4
f 1905//1 1909//1 1912//1 1906//1
f 1916//1 1918//1 1919//1 1917//1
f 1929//4 1930//4 1928//4 1927//4
f 1925//1 1927//1 1928//1 1926//1
f 1933//4 1934//4 1932//4 1931//4
f 1923//1 1931//1 1932//1 1924//1
f 1929//1 1936//1 1937//1 1930//1
f 1935//6 1936//6 1929//6 1927//6
f 1923//4 1924//4 1919//4 1918//4
f 1925//4 1926//4 1921//4 1920//4
f 1922//6 1927//6 1925//6 1920//6
f 1917//1 1919//1 1922//1 1920//1
f 1934//4 1936//4 1935//4 1932//4
f 1924//4 1927//4 1922//4 1919//4
f 1924//1 1932//1 1935//1 1927//1
f 1940//4 1941//4 1939//4 1938//4
f 1940//1 1942//1 1943//1 1941//1
f 1946//4 1947//4 1945//4 1944//4
f 1946//1 1948//1 1949//1 1947//1
f 1952//4 1953//4 1951//4 1950//4
f 1956//4 1957//4 1955//4 1954//4
f 1950//4 1951//4 1943//4 1942//4
f 1954//4 1955//4 1949//4 1948//4
f 1941//4 1946//4 1944//4 1939//4
f 1941//1 1943//1 1948//1 1946//1
f 1953//4 1956//4 1954//4 1951//4
f 1951//4 1954//4 1948//4 1943//4
f 1963//6 1964//6 1962//6 1961//6
f 1967//4 1968//4 1966//4 1965//4
f 1967//1 1969//1 1970//1 1968//1
f 1973//4 1974//4 1972//4 1971//4
f 1973//1 1975//1 1976//1 1974//1
f 1979//4 1980//4 1978//4 1977//4
f 1984//4 1985//4 1983//4 1982//4
f 1977//4 1978//4 1970//4 1969//4
f 1982//4 1983//4 1976//4 1975//4
f 1976//6 1983//6 1981//6 1974//6
f 1968//4 1973//4 1971//4 1966//4
f 1968//1 1970//1 1975//1 1973//1
f 1980//4 1984//4 1982//4 1978//4
f 1978//4 1982//4 1975//4 1970//4
f 1986//2 1987//2 1989//2 1988//2
f 1990//2 1991//2 1993//2 1992//2
f 1994//2 1995//2 1997//2 1996//2
f 1998//2 1999//2 2001//2 2000//2
f 1988//2 1989//2 1995//2 1994//2
f 1992//2 1993//2 1999//2 1998//2
f 1987//2 1990//2 1992//2 1989//2
f 1995//2 1998//2 2000//2 1997//2
f 1989//2 1992//2 1998//2 1995//2
f 2004//2 2005//2 2007//2 2006//2
f 2013//6 2014//6 2012//6 2011//6
f 2016//5 2019//5 2018//5 2015//5
f 2018//6 2020//6 2017//6 2015//6
f 2011//6 2012//6 2007//6 2005//6
f 2009//5 2016//5 2015//5 2008//5
f 2015//6 2017//6 2010//6 2008//6
f 2006//2 2007//2 2009//2 2008//2
f 2014//6 2019//6 2016//6 2012//6
f 2012//6 2016//6 2009//6 2007//6
f 2030//5 2032//5 2031//5 2029//5
f 2034//5 2036//5 2035//5 2033//5
f 2022//5 2030//5 2029//5 2021//5
f 2024//5 2034//5 2033//5 2023//5
f 2033//5 2035//5 2032//5 2030//5
f 2023//5 2033//5 2030//5 2022//5
f 1952//1 2025//1 2026//1 1953//1
f 1956//1 2027//1 2028//1 1957//1
f 1953//1 2026//1 2027//1 1956//1
f 1979//1 2037//1 2038//1 1980//1
f 1980//1 2038//1 2039//1 1984//1
f 1938//4 1939//4 1911//4 1910//4
f 1944//4 1945//4 1915//4 1914//4
f 1939//4 1944//4 1914//4 1911//4
f 1996//2 1997//2 2022//2 2021//2
f 2000//2 2001//2 2024//2 2023//2
f 2003//6 2036//6 2034//6 2002//6
f 1997//2 2000//2 2023//2 2022//2
f 2002//6 2034//6 2024//6 2001//6
f 1965//4 1966//4 1934//4 1933//4
f 1971//4 1972//4 1937//4 1936//4
f 1966//4 1971//4 1936//4 1934//4
f 1937//6 1972//6 1960//6 1930//6
f 1901//1 1903//1 1918//1 1916//1
f 1915//4 1933//4 1931//4 1913//4
f 1907//4 1923//4 1918//4 1903//4
f 1907//1 1913//1 1931//1 1923//1
f 1947//4 1967//4 1965//4 1945//4
f 1947//1 1949//1 1969//1 1967//1
f 1957//4 1979//4 1977//4 1955//4
f 1955//4 1977//4 1969//4 1949//4
f 1991//2 2004//2 2006//2 1993//2
f 1999//2 2008//2 2010//2 2001//2
f 2017//5 2020//5 2003//5 2002//5
f 1993//2 2006//2 2008//2 1999//2
f 2010//5 2017//5 2002//5 2001//5
f 1945//4 1965//4 1933//4 1915//4
f 1957//1 2028//1 2037//1 1979//1
f 2045//4 2046//4 2044//4 2043//4
f 2040//1 2043//1 2044//1 2041//1
f 2044//6 2046//6 2042//6 2041//6
f 2048//2 2049//2 2051//2 2050//2
f 2054//4 2055//4 2053//4 2052//4
f 2053//6 2055//6 2051//6 2049//6
f 2061//2 2062//2 2064//2 2063//2
f 2060//5 2062//5 2061//5 2059//5
f 2073//4 2074//4 2072//4 2071//4
f 2073//1 2076//1 2077//1 2074//1
f 2075//6 2076//6 2073//6 2071//6
f 2054//1 2069//1 2070//1 2055//1
f 2068//6 2069//6 2054//6 2052//6
f 2072//6 2074//6 2064//6 2062//6
f 2050//2 2051//2 2060//2 2059//2
f 2071//4 2072//4 2070//4 2069//4
f 2058//6 2066//6 2065//6 2057//6
f 2051//1 2055//1 2058//1 2057//1
f 2065//5 2066//5 2062//5 2060//5
f 2051//2 2057//2 2065//2 2060//2
f 2062//4 2066//4 2058//4 2055//4
f 2064//1 2074//1 2078//1 2067//1
f 2070//6 2072//6 2062//6 2055//6
f 2052//4 2053//4 2046//4 2045//4
f 2046//6 2053//6 2049//6 2042//6
f 2049//4 2056//4 2047//4 2042//4
f 2087//4 2088//4 2086//4 2085//4
f 2084//5 2088//5 2087//5 2083//5
f 2093//4 2094//4 2092//4 2091//4
f 2090//5 2094//5 2093//5 2089//5
f 2085//4 2086//4 2080//4 2079//4
f 2091//4 2092//4 2082//4 2081//4
f 2088//4 2093//4 2091//4 2086//4
f 2089//5 2093//5 2088//5 2084//5
f 2086//4 2091//4 2081//4 2080//4
f 2097//6 2098//6 2096//6 2095//6
f 2106//4 2107//4 2105//4 2104//4
f 2112//4 2113//4 2111//4 2110//4
f 2109//5 2113//5 2112//5 2108//5
f 2116//4 2117//4 2115//4 2114//4
f 2115//5 2119//5 2118//5 2114//5
f 2118//6 2120//6 2116//6 2114//6
f 2110//4 2111//4 2102//4 2101//4
f 2118//4 2119//4 2107//4 2106//4
f 2107//6 2119//6 2115//6 2103//6
f 2113//4 2120//4 2118//4 2111//4
f 2116//5 2120//5 2113//5 2109//5
f 2111//4 2118//4 2106//4 2102//4
f 2123//4 2124//4 2122//4 2121//4
f 2122//5 2126//5 2125//5 2121//5
f 2123//1 2127//1 2128//1 2124//1
f 2131//4 2132//4 2130//4 2129//4
f 2130//5 2134//5 2133//5 2129//5
f 2131//1 2135//1 2136//1 2132//1
f 2139//4 2140//4 2138//4 2137//4
f 2143//4 2144//4 2142//4 2141//4
f 2147//1 2149//1 2150//1 2148//1
f 2153//1 2155//1 2156//1 2154//1
f 2126//5 2146//5 2145//5 2125//5
f 2127//1 2147//1 2148//1 2128//1
f 2134//5 2152//5 2151//5 2133//5
f 2135//1 2153//1 2154//1 2136//1
f 2145//4 2146//4 2140//4 2139//4
f 2151//4 2152//4 2144//4 2143//4
f 2124//4 2131//4 2129//4 2122//4
f 2129//5 2133//5 2126//5 2122//5
f 2124//1 2128//1 2135//1 2131//1
f 2140//4 2143//4 2141//4 2138//4
f 2148//1 2150//1 2155//1 2153//1
f 2146//4 2151//4 2143//4 2140//4
f 2133//5 2151//5 2146//5 2126//5
f 2128//1 2148//1 2153//1 2135//1
f 2163//4 2164//4 2162//4 2161//4
f 2162//5 2166//5 2165//5 2161//5
f 2168//5 2171//5 2170//5 2167//5
f 2174//4 2175//4 2173//4 2172//4
f 2178//4 2179//4 2177//4 2176//4
f 2160//5 2179//5 2178//5 2159//5
f 2177//6 2179//6 2160//6 2158//6
f 2166//5 2181//5 2180//5 2165//5
f 2180//4 2181//4 2175//4 2174//4
f 2170//4 2171//4 2160//4 2159//4
f 2164//4 2169//4 2167//4 2162//4
f 2167//5 2170//5 2166//5 2162//5
f 2175//4 2178//4 2176//4 2173//4
f 2181//4 2182//4 2178//4 2175//4
f 2170//5 2182//5 2181//5 2166//5
f 2178//6 2182//6 2170//6 2159//6
f 2185//4 2186//4 2184//4 2183//4
f 2189//4 2190//4 2188//4 2187//4
f 2186//4 2189//4 2187//4 2184//4
f 2193//4 2194//4 2192//4 2191//4
f 2194//4 2196//4 2195//4 2192//4
f 2080//5 2186//5 2185//5 2079//5
f 2082//5 2190//5 2189//5 2081//5
f 2081//5 2189//5 2186//5 2080//5
f 2102//5 2194//5 2193//5 2101//5
f 2195//6 2196//6 2106//6 2104//6
f 2106//5 2196//5 2194//5 2102//5
f 2149//1 2197//1 2198//1 2150//1
f 2155//1 2199//1 2200//1 2156//1
f 2150//1 2198//1 2199//1 2155//1
f 2137//4 2138//4 2084//4 2083//4
f 2141//4 2142//4 2090//4 2089//4
f 2138//4 2141//4 2089//4 2084//4
f 2172//4 2173//4 2109//4 2108//4
f 2176//4 2177//4 2117//4 2116//4
f 2173//4 2176//4 2116//4 2109//4
f 2094//4 2112//4 2110//4 2092//4
f 2108//5 2112//5 2094//5 2090//5
f 2092//4 2110//4 2101//4 2082//4
f 2132//4 2163//4 2161//4 2130//4
f 2161//5 2165//5 2134//5 2130//5
f 2144//4 2174//4 2172//4 2142//4
f 2152//4 2180//4 2174//4 2144//4
f 2165//5 2180//5 2152//5 2134//5
f 2190//4 2193//4 2191//4 2188//4
f 2142//4 2172//4 2108//4 2090//4
f 2101//5 2193//5 2190//5 2082//5
f 2202//2 2203//2 2205//2 2204//2
f 2207//2 2208//2 2210//2 2209//2
f 2207//1 2211//1 2212//1 2208//1
f 2217//6 2218//6 2216//6 2215//6
f 2224//4 2225//4 2223//4 2222//4
f 2221//5 2225//5 2224//5 2220//5
f 2223//6 2225//6 2221//6 2219//6
f 2229//4 2230//4 2228//4 2227//4
f 2219//6 2221//6 2205//6 2203//6
f 2214//5 2230//5 2229//5 2213//5
f 2228//6 2230//6 2214//6 2212//6
f 2204//2 2205//2 2212//2 2211//2
f 2204//6 2211//6 2207//6 2201//6
f 2227//4 2228//4 2221//4 2220//4
f 2208//2 2215//2 2216//2 2210//2
f 2214//4 2218//4 2217//4 2212//4
f 2208//1 2212//1 2217//1 2215//1
f 2216//5 2218//5 2214//5 2210//5
f 2206//5 2226//5 2219//5 2203//5
f 2221//6 2228//6 2212//6 2205//6
f 2237//4 2238//4 2236//4 2235//4
f 2234//5 2238//5 2237//5 2233//5
f 2236//6 2238//6 2234//6 2232//6
f 2241//4 2242//4 2234//4 2233//4
f 2237//6 2243//6 2241//6 2233//6
f 2234//4 2240//4 2239//4 2232//4
f 2209//2 2210//2 2232//2 2231//2
f 2235//4 2236//4 2214//4 2213//4
f 2214//6 2236//6 2232//6 2210//6
f 2229//6 2244//6 2235//6 2213//6
f 2251//6 2252//6 2250//6 2249//6
f 2254//5 2257//5 2256//5 2253//5
f 2256//6 2258//6 2255//6 2253//6
f 2261//6 2262//6 2260//6 2259//6
f 2264//5 2267//5 2266//5 2263//5
f 2266//6 2268//6 2265//6 2263//6
f 2259//6 2260//6 2252//6 2251//6
f 2257//5 2264//5 2263//5 2256//5
f 2263//6 2265//6 2258//6 2256//6
f 2252//6 2257//6 2254//6 2250//6
f 2262//6 2267//6 2264//6 2260//6
f 2260//6 2264//6 2257//6 2252//6
f 2270//5 2272//5 2271//5 2269//5
f 2274//5 2276//5 2275//5 2273//5
f 2278//5 2280//5 2279//5 2277//5
f 2282//5 2284//5 2283//5 2281//5
f 2272//5 2278//5 2277//5 2271//5
f 2276//5 2282//5 2281//5 2275//5
f 2273//5 2275//5 2272//5 2270//5
f 2281//5 2283//5 2280//5 2278//5
f 2275//5 2281//5 2278//5 2272//5
f 2291//6 2292//6 2290//6 2289//6
f 2294//5 2297//5 2296//5 2293//5
f 2296//6 2298//6 2295//6 2293//6
f 2301//6 2302//6 2300//6 2299//6
f 2304//5 2307//5 2306//5 2303//5
f 2306//6 2308//6 2305//6 2303//6
f 2299//6 2300//6 2292//6 2291//6
f 2297//5 2304//5 2303//5 2296//5
f 2303//6 2305//6 2298//6 2296//6
f 2292//6 2297//6 2294//6 2290//6
f 2302//6 2307//6 2304//6 2300//6
f 2300//6 2304//6 2297//6 2292//6
f 2310//5 2312//5 2311//5 2309//5
f 2314//5 2316//5 2315//5 2313//5
f 2318//5 2320//5 2319//5 2317//5
f 2322//5 2324//5 2323//5 2321//5
f 2312//5 2318//5 2317//5 2311//5
f 2316//5 2322//5 2321//5 2315//5
f 2313//5 2315//5 2312//5 2310//5
f 2321//5 2323//5 2320//5 2318//5
f 2315//5 2321//5 2318//5 2312//5
f 2289//6 2290//6 2262//6 2261//6
f 2267//5 2294//5 2293//5 2266//5
f 2293//6 2295//6 2268//6 2266//6
f 2290//6 2294//6 2267//6 2262//6
f 2280//5 2310//5 2309//5 2279//5
f 2284//5 2314//5 2313//5 2283//5
f 2283//5 2313//5 2310//5 2280//5
f 2246//6 2276//6 2274//6 2245//6
f 2248//6 2284//6 2282//6 2247//6
f 2247//6 2282//6 2276//6 2246//6
f 2286//6 2316//6 2314//6 2285//6
f 2288//6 2324//6 2322//6 2287//6
f 2287//6 2322//6 2316//6 2286//6
f 2255//5 2258//5 2246//5 2245//5
f 2265//5 2268//5 2248//5 2247//5
f 2258//5 2265//5 2247//5 2246//5
f 2295//5 2298//5 2286//5 2285//5
f 2305//5 2308//5 2288//5 2287//5
f 2298//5 2305//5 2287//5 2286//5
f 2268//5 2295//5 2285//5 2248//5
f 2285//6 2314//6 2284//6 2248//6
f 2249//6 2250//6 2014//6 2013//6
f 2019//5 2254//5 2253//5 2018//5
f 2253//6 2255//6 2020//6 2018//6
f 2250//6 2254//6 2019//6 2014//6
f 2032//5 2270//5 2269//5 2031//5
f 2036//5 2274//5 2273//5 2035//5
f 2035//5 2273//5 2270//5 2032//5
f 2020//5 2255//5 2245//5 2003//5
f 2245//6 2274//6 2036//6 2003//6
f 2183//4 2184//4 2026//4 2025//4
f 2187//4 2188//4 2028//4 2027//4
f 2184//4 2187//4 2027//4 2026//4
f 1964//6 2097//6 2095//6 1962//6
f 2104//4 2105//4 1985//4 1984//4
f 2191//4 2192//4 2038//4 2037//4
f 2192//4 2195//4 2039//4 2038//4
f 2188//4 2191//4 2037//4 2028//4
f 2039//6 2195//6 2104//6 1984//6
f 2063//2 2064//2 2203//2 2202//2
f 2222//4 2223//4 2077//4 2076//4
f 2077//6 2223//6 2219//6 2074//6
f 2064//2 2067//2 2206//2 2203//2
f 2219//4 2226//4 2078//4 2074//4
f 2078//6 2226//6 2206//6 2067//6
f 1930//4 2045//4 2043//4 1928//4
f 1926//1 1928//1 2043//1 2040//1
f 1958//2 2048//2 2050//2 1959//2
f 1963//2 2061//2 2063//2 1964//2
f 2059//5 2061//5 1963//5 1961//5
f 1974//4 2069//4 2068//4 1972//4
f 1985//4 2076//4 2075//4 1983//4
f 1981//1 1983//1 2075//1 2071//1
f 1959//2 2050//2 2059//2 1961//2
f 1981//4 2071//4 2069//4 1974//4
f 1960//1 1972//1 2068//1 2052//1
f 1960//4 2052//4 2045//4 1930//4
f 2097//2 2202//2 2204//2 2098//2
f 2096//1 2098//1 2204//1 2201//1
f 2099//2 2207//2 2209//2 2100//2
f 2107//4 2224//4 2222//4 2105//4
f 2220//5 2224//5 2107//5 2103//5
f 2117//4 2229//4 2227//4 2115//4
f 2096//2 2201//2 2207//2 2099//2
f 2115//4 2227//4 2220//4 2103//4
f 2160//4 2237//4 2235//4 2158//4
f 2241//5 2243//5 2171//5 2168//5
f 2171//4 2243//4 2237//4 2160//4
f 2235//5 2244//5 2177//5 2158//5
f 2100//2 2209//2 2231//2 2157//2
f 2177//4 2244//4 2229//4 2117//4
f 1964//2 2063//2 2202//2 2097//2
f 2105//4 2222//4 2076//4 1985//4
f 1555//1 1896//1 1897//1 1556//1
f 1561//1 1900//1 1901//1 1562//1
f 1556//1 1897//1 1900//1 1561//1
f 1580//1 1916//1 1917//1 1581//1
f 1586//1 1920//1 1921//1 1587//1
f 1581//1 1917//1 1920//1 1586//1
f 1921//6 1926//6 1589//6 1587//6
f 1958//6 1959//6 1602//6 1601//6
f 1961//6 1962//6 1606//6 1605//6
f 1959//6 1961//6 1605//6 1602//6
f 1562//1 1901//1 1916//1 1580//1
f 1663//1 2040//1 2041//1 1664//1
f 2041//6 2042//6 1666//6 1664//6
f 1666//1 2042//1 2047//1 1669//1
f 1671//5 2049//5 2048//5 1670//5
f 1672//5 2056//5 2049//5 1671//5
f 2047//6 2056//6 1672//6 1669//6
f 2095//6 2096//6 1729//6 1728//6
f 2099//6 2100//6 1733//6 1732//6
f 2096//6 2099//6 1732//6 1729//6
f 1741//5 2124//5 2123//5 1740//5
f 1745//5 2132//5 2131//5 1744//5
f 1744//5 2131//5 2124//5 1741//5
f 1762//5 2164//5 2163//5 1761//5
f 1767//5 2168//5 2167//5 1766//5
f 2167//6 2169//6 1768//6 1766//6
f 1768//5 2169//5 2164//5 1762//5
f 1761//5 2163//5 2132//5 1745//5
f 2100//6 2157//6 1758//6 1733//6
f 1820//1 2231//1 2232//1 1821//1
f 2239//6 2240//6 1824//6 1823//6
f 1829//5 2242//5 2241//5 1828//5
f 1821//1 2232//1 2239//1 1823//1
f 1824//5 2240//5 2234//5 1822//5
f 2234//6 2242//6 1829//6 1822//6
f 1589//1 1926//1 2040//1 1663//1
f 1670//5 2048//5 1958//5 1601//5
f 1758//1 2157//1 2231//1 1820//1
f 1828//5 2241//5 2168//5 1767//5
f 1962//6 2095//6 1728//6 1606//6
f 1163//2 1164//2 1494//2 1493//2
f 1165//2 1166//2 1498//2 1497//2
f 1164//2 1165//2 1497//2 1494//2
f 1543//4 1544//4 1171//4 1170//4
f 1547//4 1548//4 1173//4 1172//4
f 1544//4 1547//4 1172//4 1171//4
f 1167//2 1168//2 1517//2 1516//2
f 1168//2 1169//2 1521//2 1517//2
f 1563//4 1564//4 1175//4 1174//4
f 1564//4 1567//4 1176//4 1175//4
f 1166//2 1167//2 1516//2 1498//2
f 1548//4 1563//4 1174//4 1173//4
f 1176//6 1567//6 1521//6 1169//6
f 1830//2 1831//2 1987//2 1986//2
f 1832//2 1833//2 1991//2 1990//2
f 1831//2 1832//2 1990//2 1987//2
f 1842//2 1843//2 2005//2 2004//2
f 1847//6 2013//6 2011//6 1845//6
f 1845//6 2011//6 2005//6 1843//6
f 1833//2 1842//2 2004//2 1991//2
f 1867//6 2251//6 2249//6 1865//6
f 1871//6 2261//6 2259//6 1869//6
f 1869//6 2259//6 2251//6 1867//6
f 1891//6 2291//6 2289//6 1889//6
f 1895//6 2301//6 2299//6 1893//6
f 1893//6 2299//6 2291//6 1891//6
f 1889//6 2289//6 2261//6 1871//6
f 1865//6 2249//6 2013//6 1847//6
f 2325//1 2327//1 2328//1 2326//1
f 2329//1 2331//1 2332//1 2330//1
f 2333//2 2334//2 2336//2 2335//2
f 2336//5 2339//5 2338//5 2335//5
f 2333//3 2335//3 2338//3 2337//3
f 2340//2 2341//2 2343//2 2342//2
f 2343//5 2345//5 2344//5 2342//5
f 2325//2 2326//2 2334//2 2333//2
f 2325//3 2333//3 2337//3 2327//3
f 2329//2 2330//2 2341//2 2340//2
f 2326//1 2328//1 2331//1 2329//1
f 2334//2 2340//2 2342//2 2336//2
f 2342//5 2344//5 2339//5 2336//5
f 2326//2 2329//2 2340//2 2334//2
f 2338//2 2339//2 2347//2 2346//2
f 2344//2 2345//2 2349//2 2348//2
f 2339//2 2344//2 2348//2 2347//2
f 2356//5 2358//5 2357//5 2355//5
f 2360//5 2362//5 2361//5 2359//5
f 2354//5 2360//5 2359//5 2353//5
f 2359//5 2361//5 2358//5 2356//5
f 2353//5 2359//5 2356//5 2352//5
f 2363//1 2367//1 2368//1 2364//1
f 2369//1 2373//1 2374//1 2370//1
f 2375//3 2376//3 2378//3 2377//3
f 2379//2 2380//2 2382//2 2381//2
f 2379//3 2381//3 2385//3 2383//3
f 2384//6 2386//6 2382//6 2380//6
f 2391//2 2392//2 2394//2 2393//2
f 2388//5 2392//5 2391//5 2387//5
f 2389//1 2393//1 2394//1 2390//1
f 2395//3 2396//3 2398//3 2397//3
f 2366//5 2380//5 2379//5 2365//5
f 2367//1 2381//1 2382//1 2368//1
f 2372//5 2388//5 2387//5 2371//5
f 2373//1 2389//1 2390//1 2374//1
f 2377//3 2378//3 2396//3 2395//3
f 2363//3 2375//3 2377//3 2367//3
f 2381//3 2395//3 2397//3 2385//3
f 2364//1 2368//1 2373//1 2369//1
f 2384//2 2391//2 2393//2 2386//2
f 2387//5 2391//5 2384//5 2380//5
f 2382//1 2386//1 2393//1 2389//1
f 2371//5 2387//5 2380//5 2366//5
f 2368//1 2382//1 2389//1 2373//1
f 2367//3 2377//3 2395//3 2381//3
f 2399//2 2400//2 2402//2 2401//2
f 2402//5 2405//5 2404//5 2401//5
f 2399//3 2401//3 2404//3 2403//3
f 2406//2 2407//2 2409//2 2408//2
f 2409//5 2411//5 2410//5 2408//5
f 2416//3 2417//3 2419//3 2418//3
f 2421//5 2423//5 2422//5 2420//5
f 2425//5 2427//5 2426//5 2424//5
f 2403//3 2404//3 2417//3 2416//3
f 2413//5 2421//5 2420//5 2412//5
f 2415//5 2425//5 2424//5 2414//5
f 2404//2 2405//2 2413//2 2412//2
f 2417//3 2420//3 2422//3 2419//3
f 2410//2 2411//2 2415//2 2414//2
f 2400//2 2406//2 2408//2 2402//2
f 2408//5 2410//5 2405//5 2402//5
f 2424//5 2426//5 2423//5 2421//5
f 2405//2 2410//2 2414//2 2413//2
f 2414//5 2424//5 2421//5 2413//5
f 2404//3 2412//3 2420//3 2417//3
f 2429//5 2431//5 2430//5 2428//5
f 2433//5 2435//5 2434//5 2432//5
f 2432//5 2434//5 2431//5 2429//5
f 2436//3 2437//3 2440//3 2438//3
f 2443//3 2444//3 2446//3 2445//3
f 2447//1 2450//1 2451//1 2448//1
f 2447//3 2449//3 2452//3 2450//3
f 2453//1 2455//1 2456//1 2454//1
f 2457//3 2458//3 2460//3 2459//3
f 2438//1 2447//1 2448//1 2439//1
f 2438//3 2440//3 2449//3 2447//3
f 2441//1 2453//1 2454//1 2442//1
f 2445//3 2446//3 2458//3 2457//3
f 2437//3 2443//3 2445//3 2440//3
f 2449//3 2457//3 2459//3 2452//3
f 2448//1 2451//1 2455//1 2453//1
f 2439//1 2448//1 2453//1 2441//1
f 2440//3 2445//3 2457//3 2449//3
f 2461//3 2462//3 2464//3 2463//3
f 2466//5 2468//5 2467//5 2465//5
f 2470//5 2472//5 2471//5 2469//5
f 2473//3 2474//3 2476//3 2475//3
f 2478//5 2480//5 2479//5 2477//5
f 2482//5 2484//5 2483//5 2481//5
f 2463//3 2464//3 2474//3 2473//3
f 2468//5 2478//5 2477//5 2467//5
f 2472//5 2482//5 2481//5 2471//5
f 2462//3 2465//3 2467//3 2464//3
f 2474//3 2477//3 2479//3 2476//3
f 2469//5 2471//5 2468//5 2466//5
f 2481//5 2483//5 2480//5 2478//5
f 2471//5 2481//5 2478//5 2468//5
f 2464//3 2467//3 2477//3 2474//3
f 2358//5 2429//5 2428//5 2357//5
f 2362//5 2433//5 2432//5 2361//5
f 2361//5 2432//5 2429//5 2358//5
f 2383//3 2385//3 2437//3 2436//3
f 2397//3 2398//3 2444//3 2443//3
f 2385//3 2397//3 2443//3 2437//3
f 2418//3 2419//3 2462//3 2461//3
f 2423//5 2466//5 2465//5 2422//5
f 2427//5 2470//5 2469//5 2426//5
f 2426//5 2469//5 2466//5 2423//5
f 2419//3 2422//3 2465//3 2462//3
f 2376//3 2399//3 2403//3 2378//3
f 2396//3 2416//3 2418//3 2398//3
f 2378//3 2403//3 2416//3 2396//3
f 2444//3 2461//3 2463//3 2446//3
f 2458//3 2473//3 2475//3 2460//3
f 2446//3 2463//3 2473//3 2458//3
f 2379//5 2383//5 2362//5 2360//5
f 2365//5 2379//5 2360//5 2354//5
f 2436//5 2438//5 2435//5 2433//5
f 2383//5 2436//5 2433//5 2362//5
f 2398//3 2418//3 2461//3 2444//3
f 2327//1 2363//1 2364//1 2328//1
f 2331//1 2369//1 2370//1 2332//1
f 2337//3 2338//3 2376//3 2375//3
f 2328//1 2364//1 2369//1 2331//1
f 2327//3 2337//3 2375//3 2363//3
f 2347//5 2400//5 2399//5 2346//5
f 2349//5 2407//5 2406//5 2348//5
f 2348//5 2406//5 2400//5 2347//5
f 2338//3 2346//3 2399//3 2376//3
f 2357//5 2428//5 2351//5 2350//5
f 2485//3 2487//3 2489//3 2488//3
f 2492//3 2493//3 2495//3 2494//3
f 2496//3 2497//3 2499//3 2498//3
f 2500//3 2501//3 2503//3 2502//3
f 2488//3 2489//3 2497//3 2496//3
f 2494//3 2495//3 2501//3 2500//3
f 2487//3 2492//3 2494//3 2489//3
f 2497//3 2500//3 2502//3 2499//3
f 2489//3 2494//3 2500//3 2497//3
f 2509//5 2512//5 2511//5 2508//5
f 2507//3 2508//3 2511//3 2510//3
f 2514//5 2516//5 2515//5 2513//5
f 2523//4 2524//4 2522//4 2521//4
f 2522//5 2526//5 2525//5 2521//5
f 2529//4 2530//4 2528//4 2527//4
f 2528//5 2532//5 2531//5 2527//5
f 2512//5 2524//5 2523//5 2511//5
f 2510//3 2511//3 2523//3 2521//3
f 2516//5 2530//5 2529//5 2515//5
f 2517//4 2518//4 2509//4 2508//4
f 2519//4 2520//4 2514//4 2513//4
f 2513//5 2515//5 2512//5 2509//5
f 2524//4 2529//4 2527//4 2522//4
f 2527//5 2531//5 2526//5 2522//5
f 2518//4 2519//4 2513//4 2509//4
f 2515//5 2529//5 2524//5 2512//5
f 2535//4 2536//4 2534//4 2533//4
f 2539//4 2540//4 2538//4 2537//4
f 2543//4 2544//4 2542//4 2541//4
f 2547//4 2548//4 2546//4 2545//4
f 2541//4 2542//4 2536//4 2535//4
f 2545//4 2546//4 2540//4 2539//4
f 2536//4 2539//4 2537//4 2534//4
f 2544//4 2547//4 2545//4 2542//4
f 2542//4 2545//4 2539//4 2536//4
f 2498//3 2499//3 2535//3 2533//3
f 2504//5 2544//5 2543//5 2503//5
f 2502//3 2503//3 2543//3 2541//3
f 2506//5 2548//5 2547//5 2505//5
f 2505//5 2547//5 2544//5 2504//5
f 2499//3 2502//3 2541//3 2535//3
f 2493//3 2507//3 2510//3 2495//3
f 2525//4 2526//4 2504//4 2503//4
f 2501//3 2521//3 2525//3 2503//3
f 2531//4 2532//4 2506//4 2505//4
f 2526//4 2531//4 2505//4 2504//4
f 2495//3 2510//3 2521//3 2501//3
f 2450//1 2485//1 2486//1 2451//1
f 2450//3 2452//3 2487//3 2485//3
f 2455//1 2490//1 2491//1 2456//1
f 2459//3 2460//3 2493//3 2492//3
f 2451//1 2486//1 2490//1 2455//1
f 2452//3 2459//3 2492//3 2487//3
f 2475//3 2476//3 2508//3 2507//3
f 2480//5 2518//5 2517//5 2479//5
f 2484//5 2520//5 2519//5 2483//5
f 2483//5 2519//5 2518//5 2480//5
f 2476//3 2479//3 2517//3 2508//3
f 2460//3 2475//3 2507//3 2493//3
f 2549//1 2551//1 2552//1 2550//1
f 2553//1 2555//1 2556//1 2554//1
f 2557//2 2558//2 2560//2 2559//2
f 2560//5 2562//5 2561//5 2559//5
f 2563//2 2564//2 2566//2 2565//2
f 2566//5 2569//5 2568//5 2565//5
f 2567//6 2569//6 2566//6 2564//6
f 2549//2 2550//2 2558//2 2557//2
f 2553//2 2554//2 2564//2 2563//2
f 2556//6 2567//6 2564//6 2554//6
f 2550//1 2552//1 2555//1 2553//1
f 2558//2 2563//2 2565//2 2560//2
f 2565//5 2568//5 2562//5 2560//5
f 2550//2 2553//2 2563//2 2558//2
f 2561//2 2562//2 2571//2 2570//2
f 2568//2 2569//2 2573//2 2572//2
f 2562//2 2568//2 2572//2 2571//2
f 2574//1 2578//1 2579//1 2575//1
f 2580//1 2584//1 2585//1 2581//1
f 2588//6 2589//6 2587//6 2586//6
f 2594//2 2595//2 2597//2 2596//2
f 2591//5 2595//5 2594//5 2590//5
f 2592//1 2596//1 2597//1 2593//1
f 2598//2 2599//2 2601//2 2600//2
f 2598//3 2600//3 2604//3 2602//3
f 2603//6 2605//6 2601//6 2599//6
f 2608//6 2609//6 2607//6 2606//6
f 2577//5 2591//5 2590//5 2576//5
f 2578//1 2592//1 2593//1 2579//1
f 2583//5 2599//5 2598//5 2582//5
f 2584//1 2600//1 2601//1 2585//1
f 2606//6 2607//6 2589//6 2588//6
f 2585//6 2588//6 2586//6 2581//6
f 2605//6 2608//6 2606//6 2601//6
f 2575//1 2579//1 2584//1 2580//1
f 2595//2 2602//2 2604//2 2597//2
f 2598//5 2602//5 2595//5 2591//5
f 2593//1 2597//1 2604//1 2600//1
f 2582//5 2598//5 2591//5 2577//5
f 2579//1 2593//1 2600//1 2584//1
f 2601//6 2606//6 2588//6 2585//6
f 2614//5 2616//5 2615//5 2613//5
f 2618//5 2620//5 2619//5 2617//5
f 2611//5 2614//5 2613//5 2610//5
f 2617//5 2619//5 2616//5 2614//5
f 2612//5 2617//5 2614//5 2611//5
f 2621//2 2622//2 2624//2 2623//2
f 2624//5 2626//5 2625//5 2623//5
f 2627//2 2628//2 2630//2 2629//2
f 2630//5 2633//5 2632//5 2629//5
f 2631//6 2633//6 2630//6 2628//6
f 2640//6 2641//6 2639//6 2638//6
f 2643//5 2645//5 2644//5 2642//5
f 2647//5 2649//5 2648//5 2646//5
f 2638//6 2639//6 2633//6 2631//6
f 2635//5 2643//5 2642//5 2634//5
f 2637//5 2647//5 2646//5 2636//5
f 2625//2 2626//2 2635//2 2634//2
f 2632//2 2633//2 2637//2 2636//2
f 2641//6 2649//6 2647//6 2639//6
f 2622//2 2627//2 2629//2 2624//2
f 2629//5 2632//5 2626//5 2624//5
f 2646//5 2648//5 2645//5 2643//5
f 2626//2 2632//2 2636//2 2635//2
f 2636//5 2646//5 2643//5 2635//5
f 2639//6 2647//6 2637//6 2633//6
f 2655//6 2656//6 2653//6 2652//6
f 2659//6 2660//6 2658//6 2657//6
f 2661//1 2663//1 2664//1 2662//1
f 2665//1 2668//1 2669//1 2666//1
f 2669//6 2670//6 2667//6 2666//6
f 2673//6 2674//6 2672//6 2671//6
f 2650//1 2661//1 2662//1 2651//1
f 2654//1 2665//1 2666//1 2655//1
f 2666//6 2667//6 2656//6 2655//6
f 2671//6 2672//6 2660//6 2659//6
f 2656//6 2659//6 2657//6 2653//6
f 2670//6 2673//6 2671//6 2667//6
f 2662//1 2664//1 2668//1 2665//1
f 2651//1 2662//1 2665//1 2654//1
f 2667//6 2671//6 2659//6 2656//6
f 2676//5 2678//5 2677//5 2675//5
f 2680//5 2682//5 2681//5 2679//5
f 2679//5 2681//5 2678//5 2676//5
f 2685//6 2686//6 2684//6 2683//6
f 2688//5 2690//5 2689//5 2687//5
f 2692//5 2694//5 2693//5 2691//5
f 2697//6 2698//6 2696//6 2695//6
f 2700//5 2702//5 2701//5 2699//5
f 2704//5 2706//5 2705//5 2703//5
f 2695//6 2696//6 2686//6 2685//6
f 2690//5 2700//5 2699//5 2689//5
f 2694//5 2704//5 2703//5 2693//5
f 2686//6 2694//6 2692//6 2684//6
f 2698//6 2706//6 2704//6 2696//6
f 2691//5 2693//5 2690//5 2688//5
f 2703//5 2705//5 2702//5 2700//5
f 2693//5 2703//5 2700//5 2690//5
f 2696//6 2704//6 2694//6 2686//6
f 2652//6 2653//6 2605//6 2603//6
f 2657//6 2658//6 2609//6 2608//6
f 2653//6 2657//6 2608//6 2605//6
f 2616//5 2676//5 2675//5 2615//5
f 2620//5 2680//5 2679//5 2619//5
f 2619//5 2679//5 2676//5 2616//5
f 2683//6 2684//6 2641//6 2640//6
f 2645//5 2688//5 2687//5 2644//5
f 2649//5 2692//5 2691//5 2648//5
f 2648//5 2691//5 2688//5 2645//5
f 2684//6 2692//6 2649//6 2641//6
f 2589//6 2631//6 2628//6 2587//6
f 2609//6 2640//6 2638//6 2607//6
f 2607//6 2638//6 2631//6 2589//6
f 2660//6 2685//6 2683//6 2658//6
f 2674//6 2697//6 2695//6 2672//6
f 2672//6 2695//6 2685//6 2660//6
f 2613//5 2615//5 2603//5 2599//5
f 2610//5 2613//5 2599//5 2583//5
f 2675//5 2677//5 2655//5 2652//5
f 2615//5 2675//5 2652//5 2603//5
f 2658//6 2683//6 2640//6 2609//6
f 2551//1 2574//1 2575//1 2552//1
f 2555//1 2580//1 2581//1 2556//1
f 2586//6 2587//6 2569//6 2567//6
f 2552//1 2575//1 2580//1 2555//1
f 2581//6 2586//6 2567//6 2556//6
f 2571//5 2622//5 2621//5 2570//5
f 2573//5 2628//5 2627//5 2572//5
f 2572//5 2627//5 2622//5 2571//5
f 2587//6 2628//6 2573//6 2569//6
f 2707//5 2708//5 2680//5 2620//5
f 2714//6 2715//6 2713//6 2712//6
f 2718//6 2719//6 2717//6 2716//6
f 2722//6 2723//6 2721//6 2720//6
f 2728//6 2730//6 2727//6 2726//6
f 2720//6 2721//6 2715//6 2714//6
f 2726//6 2727//6 2719//6 2718//6
f 2715//6 2718//6 2716//6 2713//6
f 2723//6 2728//6 2726//6 2721//6
f 2721//6 2726//6 2718//6 2715//6
f 2732//5 2734//5 2733//5 2731//5
f 2737//5 2740//5 2739//5 2736//5
f 2738//6 2740//6 2737//6 2735//6
f 2747//4 2748//4 2746//4 2745//4
f 2746//5 2750//5 2749//5 2745//5
f 2753//4 2754//4 2752//4 2751//4
f 2752//5 2756//5 2755//5 2751//5
f 2734//5 2748//5 2747//5 2733//5
f 2740//5 2754//5 2753//5 2739//5
f 2752//6 2754//6 2740//6 2738//6
f 2741//4 2742//4 2732//4 2731//4
f 2743//4 2744//4 2737//4 2736//4
f 2736//5 2739//5 2734//5 2732//5
f 2748//4 2753//4 2751//4 2746//4
f 2751//5 2755//5 2750//5 2746//5
f 2742//4 2743//4 2736//4 2732//4
f 2739//5 2753//5 2748//5 2734//5
f 2759//4 2760//4 2758//4 2757//4
f 2763//4 2764//4 2762//4 2761//4
f 2767//4 2768//4 2766//4 2765//4
f 2771//4 2772//4 2770//4 2769//4
f 2765//4 2766//4 2760//4 2759//4
f 2769//4 2770//4 2764//4 2763//4
f 2760//4 2763//4 2761//4 2758//4
f 2768//4 2771//4 2769//4 2766//4
f 2766//4 2769//4 2763//4 2760//4
f 2762//6 2764//6 2723//6 2722//6
f 2725//5 2768//5 2767//5 2724//5
f 2730//5 2772//5 2771//5 2729//5
f 2770//6 2772//6 2730//6 2728//6
f 2729//5 2771//5 2768//5 2725//5
f 2764//6 2770//6 2728//6 2723//6
f 2749//4 2750//4 2725//4 2724//4
f 2719//6 2738//6 2735//6 2717//6
f 2755//4 2756//4 2730//4 2729//4
f 2730//6 2756//6 2752//6 2727//6
f 2750//4 2755//4 2729//4 2725//4
f 2727//6 2752//6 2738//6 2719//6
f 2663//1 2709//1 2710//1 2664//1
f 2668//1 2711//1 2712//1 2669//1
f 2712//6 2713//6 2670//6 2669//6
f 2716//6 2717//6 2674//6 2673//6
f 2664//1 2710//1 2711//1 2668//1
f 2713//6 2716//6 2673//6 2670//6
f 2735//6 2737//6 2698//6 2697//6
f 2702//5 2742//5 2741//5 2701//5
f 2706//5 2744//5 2743//5 2705//5
f 2705//5 2743//5 2742//5 2702//5
f 2737//6 2744//6 2706//6 2698//6
f 2717//6 2735//6 2697//6 2674//6
f 2773//1 2775//1 2776//1 2774//1
f 2777//1 2779//1 2780//1 2778//1
f 2775//1 2777//1 2778//1 2776//1
f 2781//1 2783//1 2784//1 2782//1
f 2785//1 2787//1 2788//1 2786//1
f 2789//1 2791//1 2792//1 2790//1
f 2793//1 2795//1 2796//1 2794//1
f 2783//1 2789//1 2790//1 2784//1
f 2787//1 2793//1 2794//1 2788//1
f 2782//1 2784//1 2787//1 2785//1
f 2790//1 2792//1 2795//1 2793//1
f 2784//1 2790//1 2793//1 2787//1
f 2797//1 2799//1 2800//1 2798//1
f 2801//1 2803//1 2804//1 2802//1
f 2799//1 2801//1 2802//1 2800//1
f 2805//1 2807//1 2808//1 2806//1
f 2809//1 2811//1 2812//1 2810//1
f 2813//1 2815//1 2816//1 2814//1
f 2817//1 2819//1 2820//1 2818//1
f 2807//1 2813//1 2814//1 2808//1
f 2811//1 2817//1 2818//1 2812//1
f 2806//1 2808//1 2811//1 2809//1
f 2814//1 2816//1 2819//1 2817//1
f 2808//1 2814//1 2817//1 2811//1
f 2779//1 2797//1 2798//1 2780//1
f 2791//1 2805//1 2806//1 2792//1
f 2795//1 2809//1 2810//1 2796//1
f 2792//1 2806//1 2809//1 2795//1
f 2774//1 2776//1 2783//1 2781//1
f 2778//1 2780//1 2791//1 2789//1
f 2776//1 2778//1 2789//1 2783//1
f 2798//1 2800//1 2807//1 2805//1
f 2802//1 2804//1 2815//1 2813//1
f 2800//1 2802//1 2813//1 2807//1
f 2780//1 2798//1 2805//1 2791//1
f 2803//1 2821//1 2822//1 2804//1
f 2815//1 2823//1 2824//1 2816//1
f 2819//1 2825//1 2826//1 2820//1
f 2816//1 2824//1 2825//1 2819//1
f 2804//1 2822//1 2823//1 2815//1
f 2827//3 2828//3 2830//3 2829//3
f 2832//5 2835//5 2834//5 2831//5
f 2832//3 2833//3 2836//3 2835//3
f 2837//3 2838//3 2840//3 2839//3
f 2842//5 2845//5 2844//5 2841//5
f 2842//3 2843//3 2846//3 2845//3
f 2829//3 2830//3 2838//3 2837//3
f 2835//5 2842//5 2841//5 2834//5
f 2835//3 2836//3 2843//3 2842//3
f 2828//3 2831//3 2834//3 2830//3
f 2838//3 2841//3 2844//3 2840//3
f 2830//3 2834//3 2841//3 2838//3
f 2852//5 2854//5 2853//5 2851//5
f 2856//5 2858//5 2857//5 2855//5
f 2860//5 2862//5 2861//5 2859//5
f 2864//5 2866//5 2865//5 2863//5
f 2854//5 2860//5 2859//5 2853//5
f 2858//5 2864//5 2863//5 2857//5
f 2855//5 2857//5 2854//5 2852//5
f 2863//5 2865//5 2862//5 2860//5
f 2857//5 2863//5 2860//5 2854//5
f 2867//3 2868//3 2870//3 2869//3
f 2872//5 2875//5 2874//5 2871//5
f 2872//3 2873//3 2876//3 2875//3
f 2877//3 2878//3 2880//3 2879//3
f 2882//5 2885//5 2884//5 2881//5
f 2882//3 2883//3 2886//3 2885//3
f 2869//3 2870//3 2878//3 2877//3
f 2875//5 2882//5 2881//5 2874//5
f 2875//3 2876//3 2883//3 2882//3
f 2868//3 2871//3 2874//3 2870//3
f 2878//3 2881//3 2884//3 2880//3
f 2870//3 2874//3 2881//3 2878//3
f 2892//5 2894//5 2893//5 2891//5
f 2896//5 2898//5 2897//5 2895//5
f 2900//5 2902//5 2901//5 2899//5
f 2904//5 2906//5 2905//5 2903//5
f 2894//5 2900//5 2899//5 2893//5
f 2898//5 2904//5 2903//5 2897//5
f 2895//5 2897//5 2894//5 2892//5
f 2903//5 2905//5 2902//5 2900//5
f 2897//5 2903//5 2900//5 2894//5
f 2839//3 2840//3 2868//3 2867//3
f 2845//5 2872//5 2871//5 2844//5
f 2845//3 2846//3 2873//3 2872//3
f 2840//3 2844//3 2871//3 2868//3
f 2862//5 2892//5 2891//5 2861//5
f 2866//5 2896//5 2895//5 2865//5
f 2865//5 2895//5 2892//5 2862//5
f 2847//3 2851//3 2853//3 2848//3
f 2849//3 2859//3 2861//3 2850//3
f 2848//3 2853//3 2859//3 2849//3
f 2887//3 2891//3 2893//3 2888//3
f 2889//3 2899//3 2901//3 2890//3
f 2888//3 2893//3 2899//3 2889//3
f 2847//5 2848//5 2836//5 2833//5
f 2849//5 2850//5 2846//5 2843//5
f 2848//5 2849//5 2843//5 2836//5
f 2887//5 2888//5 2876//5 2873//5
f 2889//5 2890//5 2886//5 2883//5
f 2888//5 2889//5 2883//5 2876//5
f 2850//5 2887//5 2873//5 2846//5
f 2850//3 2861//3 2891//3 2887//3
f 2909//4 2910//4 2908//4 2907//4
f 2909//1 2911//1 2912//1 2910//1
f 2914//5 2917//5 2916//5 2913//5
f 2914//3 2915//3 2918//3 2917//3
f 2916//4 2917//4 2912//4 2911//4
f 2909//3 2913//3 2916//3 2911//3
f 2921//4 2922//4 2920//4 2919//4
f 2921//1 2923//1 2924//1 2922//1
f 2927//4 2928//4 2926//4 2925//4
f 2927//1 2929//1 2930//1 2928//1
f 2934//4 2935//4 2933//4 2932//4
f 2938//4 2939//4 2937//4 2936//4
f 2932//4 2933//4 2924//4 2923//4
f 2936//4 2937//4 2930//4 2929//4
f 2922//4 2927//4 2925//4 2920//4
f 2922//1 2924//1 2929//1 2927//1
f 2935//4 2938//4 2936//4 2933//4
f 2933//4 2936//4 2929//4 2924//4
f 2941//5 2943//5 2942//5 2940//5
f 2945//5 2947//5 2946//5 2944//5
f 2944//5 2946//5 2943//5 2941//5
f 2942//4 2943//4 2935//4 2934//4
f 2931//3 2940//3 2942//3 2934//3
f 2946//4 2947//4 2939//4 2938//4
f 2943//4 2946//4 2938//4 2935//4
f 2910//4 2921//4 2919//4 2908//4
f 2910//1 2912//1 2923//1 2921//1
f 2918//4 2934//4 2932//4 2917//4
f 2931//5 2934//5 2918//5 2915//5
f 2917//4 2932//4 2923//4 2912//4
f 2879//3 2880//3 2909//3 2907//3
f 2885//5 2914//5 2913//5 2884//5
f 2885//3 2886//3 2915//3 2914//3
f 2880//3 2884//3 2913//3 2909//3
f 2902//5 2941//5 2940//5 2901//5
f 2906//5 2945//5 2944//5 2905//5
f 2905//5 2944//5 2941//5 2902//5
f 2890//5 2931//5 2915//5 2886//5
f 2890//3 2901//3 2940//3 2931//3
f 2948//1 2950//1 2951//1 2949//1
f 2952//2 2953//2 2955//2 2954//2
f 2958//4 2959//4 2957//4 2956//4
f 2952//1 2956//1 2957//1 2953//1
f 2952//3 2954//3 2958//3 2956//3
f 2949//1 2951//1 2958//1 2954//1
f 2961//1 2964//1 2965//1 2962//1
f 2960//3 2962//3 2965//3 2963//3
f 2966//2 2967//2 2969//2 2968//2
f 2972//4 2973//4 2971//4 2970//4
f 2966//3 2968//3 2972//3 2970//3
f 2961//2 2962//2 2967//2 2966//2
f 2970//4 2971//4 2965//4 2964//4
f 2961//3 2966//3 2970//3 2964//3
f 2974//2 2975//2 2977//2 2976//2
f 2980//4 2981//4 2979//4 2978//4
f 2977//5 2981//5 2980//5 2976//5
f 2983//5 2986//5 2985//5 2982//5
f 2985//6 2987//6 2984//6 2982//6
f 2990//6 2991//6 2989//6 2988//6
f 2980//6 2990//6 2988//6 2976//6
f 2975//2 2982//2 2984//2 2977//2
f 2981//4 2987//4 2985//4 2979//4
f 2984//5 2987//5 2981//5 2977//5
f 2997//2 2998//2 3000//2 2999//2
f 2998//2 3001//2 3003//2 3000//2
f 2948//2 2949//2 2975//2 2974//2
f 2978//4 2979//4 2951//4 2950//4
f 2948//3 2974//3 2978//3 2950//3
f 2954//2 2955//2 2983//2 2982//2
f 2985//4 2986//4 2959//4 2958//4
f 2949//2 2954//2 2982//2 2975//2
f 2979//4 2985//4 2958//4 2951//4
f 2992//2 2993//2 3002//2 3001//2
f 2960//2 2974//2 2976//2 2962//2
f 2965//4 2980//4 2978//4 2963//4
f 2960//1 2963//1 2978//1 2974//1
f 2967//2 2988//2 2989//2 2969//2
f 2973//4 2991//4 2990//4 2971//4
f 2962//2 2976//2 2988//2 2967//2
f 2971//4 2990//4 2980//4 2965//4
f 2995//2 3004//2 3005//2 2996//2
f 2994//2 2999//2 3004//2 2995//2
f 3006//2 3007//2 3009//2 3008//2
f 3012//4 3013//4 3011//4 3010//4
f 3006//3 3008//3 3012//3 3010//3
f 3011//6 3013//6 3009//6 3007//6
f 3014//2 3015//2 3017//2 3016//2
f 3020//4 3021//4 3019//4 3018//4
f 3017//5 3021//5 3020//5 3016//5
f 3014//3 3016//3 3020//3 3018//3
f 3008//2 3009//2 3015//2 3014//2
f 3018//4 3019//4 3013//4 3012//4
f 3008//3 3014//3 3018//3 3012//3
f 3027//1 3030//1 3031//1 3028//1
f 3029//6 3030//6 3027//6 3026//6
f 3025//6 3029//6 3026//6 3023//6
f 3028//1 3031//1 3033//1 3032//1
f 3034//3 3035//3 3037//3 3036//3
f 3038//2 3039//2 3041//2 3040//2
f 3044//4 3045//4 3043//4 3042//4
f 3041//5 3045//5 3044//5 3040//5
f 3046//2 3047//2 3049//2 3048//2
f 3052//4 3053//4 3051//4 3050//4
f 3046//1 3050//1 3051//1 3047//1
f 3055//5 3057//5 3056//5 3054//5
f 3048//2 3049//2 3055//2 3054//2
f 3056//4 3057//4 3053//4 3052//4
f 3048//3 3054//3 3056//3 3052//3
f 3039//2 3046//2 3048//2 3041//2
f 3045//4 3052//4 3050//4 3043//4
f 3048//5 3052//5 3045//5 3041//5
f 3058//2 3059//2 3061//2 3060//2
f 3072//2 3073//2 3075//2 3074//2
f 3017//3 3034//3 3036//3 3021//3
f 3027//2 3028//2 3039//2 3038//2
f 3042//4 3043//4 3031//4 3030//4
f 3033//6 3050//6 3046//6 3032//6
f 3028//2 3032//2 3046//2 3039//2
f 3043//4 3050//4 3033//4 3031//4
f 3067//2 3068//2 3071//2 3070//2
f 3068//2 3069//2 3072//2 3071//2
f 3022//5 3024//5 3011//5 3007//5
f 3009//1 3013//1 3025//1 3023//1
f 3015//2 3026//2 3027//2 3017//2
f 3021//4 3030//4 3029//4 3019//4
f 3009//2 3023//2 3026//2 3015//2
f 3019//4 3029//4 3025//4 3013//4
f 3034//2 3038//2 3040//2 3035//2
f 3037//4 3044//4 3042//4 3036//4
f 3040//5 3044//5 3037//5 3035//5
f 3059//2 3064//2 3065//2 3061//2
f 3062//2 3066//2 3067//2 3063//2
f 3061//2 3065//2 3066//2 3062//2
f 3017//2 3027//2 3038//2 3034//2
f 3036//4 3042//4 3030//4 3021//4
f 3076//1 3078//1 3079//1 3077//1
f 3083//1 3086//1 3087//1 3084//1
f 3082//3 3084//3 3087//3 3085//3
f 3080//3 3082//3 3085//3 3081//3
f 3094//4 3095//4 3093//4 3092//4
f 3088//1 3092//1 3093//1 3089//1
f 3088//3 3090//3 3094//3 3092//3
f 3097//5 3100//5 3099//5 3096//5
f 3099//6 3101//6 3098//6 3096//6
f 3103//5 3106//5 3105//5 3102//5
f 3105//6 3107//6 3104//6 3102//6
f 3090//2 3091//2 3103//2 3102//2
f 3105//4 3106//4 3095//4 3094//4
f 3095//6 3106//6 3103//6 3091//6
f 3095//4 3101//4 3099//4 3093//4
f 3089//1 3093//1 3099//1 3096//1
f 3098//5 3101//5 3095//5 3091//5
f 3099//4 3100//4 3079//4 3078//4
f 3076//3 3096//3 3099//3 3078//3
f 3080//1 3081//1 3094//1 3090//1
f 3087//4 3107//4 3105//4 3085//4
f 3085//4 3105//4 3094//4 3081//4
f 3114//4 3115//4 3113//4 3112//4
f 3111//5 3115//5 3114//5 3110//5
f 3108//3 3110//3 3114//3 3112//3
f 3116//3 3117//3 3119//3 3118//3
f 3111//3 3116//3 3118//3 3115//3
f 3122//6 3123//6 3121//6 3120//6
f 3125//1 3128//1 3129//1 3126//1
f 3127//6 3128//6 3125//6 3124//6
f 3123//6 3127//6 3124//6 3121//6
f 3126//1 3129//1 3131//1 3130//1
f 3133//5 3135//5 3134//5 3132//5
f 3142//4 3143//4 3141//4 3140//4
f 3136//1 3140//1 3141//1 3137//1
f 3139//5 3143//5 3142//5 3138//5
f 3136//3 3138//3 3142//3 3140//3
f 3136//5 3140//5 3135//5 3133//5
f 3134//4 3135//4 3129//4 3128//4
f 3125//3 3132//3 3134//3 3128//3
f 3131//6 3140//6 3136//6 3130//6
f 3135//4 3140//4 3131//4 3129//4
f 3115//4 3123//4 3122//4 3113//4
f 3119//4 3128//4 3127//4 3118//4
f 3125//5 3128//5 3119//5 3117//5
f 3118//4 3127//4 3123//4 3115//4
f 2992//1 3076//1 3077//1 2993//1
f 2995//3 2996//3 3084//3 3082//3
f 2994//3 2995//3 3082//3 3080//3
f 2997//1 3088//1 3089//1 2998//1
f 3000//5 3091//5 3090//5 2999//5
f 2997//3 2999//3 3090//3 3088//3
f 3002//5 3097//5 3096//5 3001//5
f 3096//6 3098//6 3003//6 3001//6
f 3102//6 3104//6 3005//6 3004//6
f 2998//1 3089//1 3096//1 3001//1
f 3003//5 3098//5 3091//5 3000//5
f 3090//6 3102//6 3004//6 2999//6
f 2994//1 3080//1 3090//1 2999//1
f 2992//3 3001//3 3096//3 3076//3
f 3058//1 3108//1 3109//1 3059//1
f 3061//5 3111//5 3110//5 3060//5
f 3058//3 3060//3 3110//3 3108//3
f 3062//3 3063//3 3117//3 3116//3
f 3061//3 3062//3 3116//3 3111//3
f 3120//6 3121//6 3065//6 3064//6
f 3067//1 3125//1 3126//1 3068//1
f 3124//6 3125//6 3067//6 3066//6
f 3068//1 3126//1 3130//1 3069//1
f 3121//6 3124//6 3066//6 3065//6
f 3071//5 3133//5 3132//5 3070//5
f 3072//1 3136//1 3137//1 3073//1
f 3075//5 3139//5 3138//5 3074//5
f 3072//3 3074//3 3138//3 3136//3
f 3072//5 3136//5 3133//5 3071//5
f 3067//5 3125//5 3117//5 3063//5
f 3067//3 3070//3 3132//3 3125//3
f 3130//6 3136//6 3072//6 3069//6
f 2968//2 2969//2 3007//2 3006//2
f 3010//4 3011//4 2973//4 2972//4
f 2968//3 3006//3 3010//3 2972//3
f 2991//6 3024//6 3022//6 2989//6
f 2969//2 2989//2 3022//2 3007//2
f 3011//4 3024//4 2991//4 2973//4
f 2996//2 3005//2 3064//2 3059//2
f 3083//2 3084//2 3109//2 3108//2
f 3112//4 3113//4 3087//4 3086//4
f 3083//3 3108//3 3112//3 3086//3
f 3107//6 3122//6 3120//6 3104//6
f 3113//4 3122//4 3107//4 3087//4
f 2996//3 3059//3 3109//3 3084//3
f 3104//6 3120//6 3064//6 3005//6
f 2773//3 2827//3 2829//3 2775//3
f 2777//3 2837//3 2839//3 2779//3
f 2775//3 2829//3 2837//3 2777//3
f 2797//3 2867//3 2869//3 2799//3
f 2801//3 2877//3 2879//3 2803//3
f 2799//3 2869//3 2877//3 2801//3
f 2779//3 2839//3 2867//3 2797//3
f 2907//4 2908//4 2822//4 2821//4
f 2919//4 2920//4 2824//4 2823//4
f 2925//4 2926//4 2826//4 2825//4
f 2920//4 2925//4 2825//4 2824//4
f 2908//4 2919//4 2823//4 2822//4
f 2803//3 2879//3 2907//3 2821//3
f 3144//1 3146//1 3147//1 3145//1
f 3148//1 3150//1 3151//1 3149//1
f 3152//1 3154//1 3155//1 3153//1
f 3156//1 3158//1 3159//1 3157//1
f 3146//1 3152//1 3153//1 3147//1
f 3150//1 3156//1 3157//1 3151//1
f 3145//1 3147//1 3150//1 3148//1
f 3153//1 3155//1 3158//1 3156//1
f 3147//1 3153//1 3156//1 3150//1
f 3160//1 3162//1 3163//1 3161//1
f 3164//1 3166//1 3167//1 3165//1
f 3162//1 3164//1 3165//1 3163//1
f 3168//1 3170//1 3171//1 3169//1
f 3172//1 3174//1 3175//1 3173//1
f 3176//1 3178//1 3179//1 3177//1
f 3180//1 3182//1 3183//1 3181//1
f 3170//1 3176//1 3177//1 3171//1
f 3174//1 3180//1 3181//1 3175//1
f 3169//1 3171//1 3174//1 3172//1
f 3177//1 3179//1 3182//1 3180//1
f 3171//1 3177//1 3180//1 3174//1
f 3184//1 3186//1 3187//1 3185//1
f 3188//1 3190//1 3191//1 3189//1
f 3186//1 3188//1 3189//1 3187//1
f 3154//1 3168//1 3169//1 3155//1
f 3158//1 3172//1 3173//1 3159//1
f 3155//1 3169//1 3172//1 3158//1
f 3166//1 3184//1 3185//1 3167//1
f 3149//1 3151//1 3162//1 3160//1
f 3157//1 3159//1 3166//1 3164//1
f 3151//1 3157//1 3164//1 3162//1
f 3173//1 3175//1 3186//1 3184//1
f 3181//1 3183//1 3190//1 3188//1
f 3175//1 3181//1 3188//1 3186//1
f 3159//1 3173//1 3184//1 3166//1
f 3178//1 3192//1 3193//1 3179//1
f 3182//1 3194//1 3195//1 3183//1
f 3179//1 3193//1 3194//1 3182//1
f 3190//1 3196//1 3197//1 3191//1
f 3183//1 3195//1 3196//1 3190//1
f 3204//6 3205//6 3203//6 3202//6
f 3207//5 3210//5 3209//5 3206//5
f 3209//6 3211//6 3208//6 3206//6
f 3214//6 3215//6 3213//6 3212//6
f 3217//5 3220//5 3219//5 3216//5
f 3219//6 3221//6 3218//6 3216//6
f 3212//6 3213//6 3205//6 3204//6
f 3210//5 3217//5 3216//5 3209//5
f 3216//6 3218//6 3211//6 3209//6
f 3205//6 3210//6 3207//6 3203//6
f 3215//6 3220//6 3217//6 3213//6
f 3213//6 3217//6 3210//6 3205//6
f 3223//5 3225//5 3224//5 3222//5
f 3227//5 3229//5 3228//5 3226//5
f 3231//5 3233//5 3232//5 3230//5
f 3235//5 3237//5 3236//5 3234//5
f 3225//5 3231//5 3230//5 3224//5
f 3229//5 3235//5 3234//5 3228//5
f 3226//5 3228//5 3225//5 3223//5
f 3234//5 3236//5 3233//5 3231//5
f 3228//5 3234//5 3231//5 3225//5
f 3244//6 3245//6 3243//6 3242//6
f 3247//5 3250//5 3249//5 3246//5
f 3249//6 3251//6 3248//6 3246//6
f 3254//6 3255//6 3253//6 3252//6
f 3257//5 3260//5 3259//5 3256//5
f 3259//6 3261//6 3258//6 3256//6
f 3252//6 3253//6 3245//6 3244//6
f 3250//5 3257//5 3256//5 3249//5
f 3256//6 3258//6 3251//6 3249//6
f 3245//6 3250//6 3247//6 3243//6
f 3255//6 3260//6 3257//6 3253//6
f 3253//6 3257//6 3250//6 3245//6
f 3263//5 3265//5 3264//5 3262//5
f 3267//5 3269//5 3268//5 3266//5
f 3271//5 3273//5 3272//5 3270//5
f 3275//5 3277//5 3276//5 3274//5
f 3265//5 3271//5 3270//5 3264//5
f 3269//5 3275//5 3274//5 3268//5
f 3266//5 3268//5 3265//5 3263//5
f 3274//5 3276//5 3273//5 3271//5
f 3268//5 3274//5 3271//5 3265//5
f 3242//6 3243//6 3215//6 3214//6
f 3220//5 3247//5 3246//5 3219//5
f 3246//6 3248//6 3221//6 3219//6
f 3243//6 3247//6 3220//6 3215//6
f 3233//5 3263//5 3262//5 3232//5
f 3237//5 3267//5 3266//5 3236//5
f 3236//5 3266//5 3263//5 3233//5
f 3199//6 3229//6 3227//6 3198//6
f 3201//6 3237//6 3235//6 3200//6
f 3200//6 3235//6 3229//6 3199//6
f 3239//6 3269//6 3267//6 3238//6
f 3241//6 3277//6 3275//6 3240//6
f 3240//6 3275//6 3269//6 3239//6
f 3208//5 3211//5 3199//5 3198//5
f 3218//5 3221//5 3201//5 3200//5
f 3211//5 3218//5 3200//5 3199//5
f 3248//5 3251//5 3239//5 3238//5
f 3258//5 3261//5 3241//5 3240//5
f 3251//5 3258//5 3240//5 3239//5
f 3221//5 3248//5 3238//5 3201//5
f 3238//6 3267//6 3237//6 3201//6
f 3280//4 3281//4 3279//4 3278//4
f 3280//1 3282//1 3283//1 3281//1
f 3286//4 3287//4 3285//4 3284//4
f 3286//1 3288//1 3289//1 3287//1
f 3292//4 3293//4 3291//4 3290//4
f 3297//4 3298//4 3296//4 3295//4
f 3290//4 3291//4 3283//4 3282//4
f 3295//4 3296//4 3289//4 3288//4
f 3281//4 3286//4 3284//4 3279//4
f 3281//1 3283//1 3288//1 3286//1
f 3293//4 3297//4 3295//4 3291//4
f 3291//4 3295//4 3288//4 3283//4
f 3301//4 3302//4 3300//4 3299//4
f 3301//1 3303//1 3304//1 3302//1
f 3306//5 3309//5 3308//5 3305//5
f 3308//6 3310//6 3307//6 3305//6
f 3308//4 3309//4 3304//4 3303//4
f 3304//6 3309//6 3306//6 3302//6
f 3312//5 3314//5 3313//5 3311//5
f 3316//5 3318//5 3317//5 3315//5
f 3315//5 3317//5 3314//5 3312//5
f 3313//4 3314//4 3293//4 3292//4
f 3317//4 3318//4 3298//4 3297//4
f 3298//6 3318//6 3316//6 3294//6
f 3314//4 3317//4 3297//4 3293//4
f 3287//4 3301//4 3299//4 3285//4
f 3287//1 3289//1 3303//1 3301//1
f 3298//4 3310//4 3308//4 3296//4
f 3307//5 3310//5 3298//5 3294//5
f 3296//4 3308//4 3303//4 3289//4
f 3300//6 3302//6 3255//6 3254//6
f 3260//5 3306//5 3305//5 3259//5
f 3305//6 3307//6 3261//6 3259//6
f 3302//6 3306//6 3260//6 3255//6
f 3273//5 3312//5 3311//5 3272//5
f 3277//5 3316//5 3315//5 3276//5
f 3276//5 3315//5 3312//5 3273//5
f 3261//5 3307//5 3294//5 3241//5
f 3294//6 3316//6 3277//6 3241//6
f 3319//2 3320//2 3322//2 3321//2
f 3325//4 3326//4 3324//4 3323//4
f 3319//1 3323//1 3324//1 3320//1
f 3324//6 3326//6 3322//6 3320//6
f 3327//1 3329//1 3330//1 3328//1
f 3322//1 3326//1 3329//1 3327//1
f 3332//5 3335//5 3334//5 3331//5
f 3332//3 3333//3 3336//3 3335//3
f 3337//2 3338//2 3340//2 3339//2
f 3343//4 3344//4 3342//4 3341//4
f 3340//5 3344//5 3343//5 3339//5
f 3345//3 3346//3 3348//3 3347//3
f 3340//3 3345//3 3347//3 3344//3
f 3332//2 3337//2 3339//2 3333//2
f 3336//4 3343//4 3341//4 3335//4
f 3339//5 3343//5 3336//5 3333//5
f 3350//1 3353//1 3354//1 3351//1
f 3352//6 3353//6 3350//6 3349//6
f 3355//2 3356//2 3358//2 3357//2
f 3361//4 3362//4 3360//4 3359//4
f 3360//6 3362//6 3358//6 3356//6
f 3350//2 3351//2 3356//2 3355//2
f 3359//4 3360//4 3354//4 3353//4
f 3354//6 3360//6 3356//6 3351//6
f 3368//2 3369//2 3371//2 3370//2
f 3366//2 3368//2 3370//2 3367//2
f 3321//2 3322//2 3332//2 3331//2
f 3334//4 3335//4 3326//4 3325//4
f 3327//2 3328//2 3338//2 3337//2
f 3341//4 3342//4 3330//4 3329//4
f 3330//6 3342//6 3338//6 3328//6
f 3322//2 3327//2 3337//2 3332//2
f 3335//4 3341//4 3329//4 3326//4
f 3363//2 3364//2 3366//2 3365//2
f 3338//2 3349//2 3350//2 3340//2
f 3344//4 3353//4 3352//4 3342//4
f 3338//1 3342//1 3352//1 3349//1
f 3345//2 3355//2 3357//2 3346//2
f 3348//4 3361//4 3359//4 3347//4
f 3340//2 3350//2 3355//2 3345//2
f 3347//4 3359//4 3353//4 3344//4
f 3372//2 3375//2 3376//2 3373//2
f 3371//2 3374//2 3375//2 3372//2
f 3384//1 3387//1 3388//1 3385//1
f 3383//3 3385//3 3388//3 3386//3
f 3378//3 3383//3 3386//3 3380//3
f 3381//1 3382//1 3387//1 3384//1
f 3389//2 3390//2 3392//2 3391//2
f 3395//4 3396//4 3394//4 3393//4
f 3389//3 3391//3 3395//3 3393//3
f 3394//6 3396//6 3392//6 3390//6
f 3397//2 3398//2 3400//2 3399//2
f 3403//4 3404//4 3402//4 3401//4
f 3400//5 3404//5 3403//5 3399//5
f 3402//6 3404//6 3400//6 3398//6
f 3391//2 3392//2 3398//2 3397//2
f 3401//4 3402//4 3396//4 3395//4
f 3396//6 3402//6 3398//6 3392//6
f 3405//2 3406//2 3408//2 3407//2
f 3411//4 3412//4 3410//4 3409//4
f 3405//1 3409//1 3410//1 3406//1
f 3413//2 3414//2 3416//2 3415//2
f 3419//4 3420//4 3418//4 3417//4
f 3416//5 3420//5 3419//5 3415//5
f 3422//5 3424//5 3423//5 3421//5
f 3407//2 3408//2 3422//2 3421//2
f 3423//4 3424//4 3412//4 3411//4
f 3412//6 3424//6 3422//6 3408//6
f 3406//2 3413//2 3415//2 3408//2
f 3412//4 3419//4 3417//4 3410//4
f 3415//5 3419//5 3412//5 3408//5
f 3427//6 3428//6 3426//6 3425//6
f 3435//2 3436//2 3438//2 3437//2
f 3441//2 3442//2 3444//2 3443//2
f 3381//3 3406//3 3410//3 3382//3
f 3384//2 3385//2 3414//2 3413//2
f 3417//4 3418//4 3388//4 3387//4
f 3381//2 3384//2 3413//2 3406//2
f 3410//4 3417//4 3387//4 3382//4
f 3433//2 3434//2 3446//2 3445//2
f 3431//2 3433//2 3445//2 3442//2
f 3403//6 3427//6 3425//6 3399//6
f 3389//5 3393//5 3379//5 3377//5
f 3378//1 3380//1 3395//1 3391//1
f 3383//2 3397//2 3399//2 3385//2
f 3388//4 3403//4 3401//4 3386//4
f 3378//2 3391//2 3397//2 3383//2
f 3386//4 3401//4 3395//4 3380//4
f 3414//2 3425//2 3426//2 3416//2
f 3420//4 3428//4 3427//4 3418//4
f 3426//5 3428//5 3420//5 3416//5
f 3429//2 3435//2 3437//2 3430//2
f 3432//2 3439//2 3440//2 3434//2
f 3430//2 3437//2 3439//2 3432//2
f 3385//2 3399//2 3425//2 3414//2
f 3418//4 3427//4 3403//4 3388//4
f 3447//1 3449//1 3450//1 3448//1
f 3452//5 3455//5 3454//5 3451//5
f 3452//3 3453//3 3456//3 3455//3
f 3463//4 3464//4 3462//4 3461//4
f 3457//1 3461//1 3462//1 3458//1
f 3462//6 3464//6 3460//6 3458//6
f 3466//5 3469//5 3468//5 3465//5
f 3466//3 3467//3 3470//3 3469//3
f 3459//2 3460//2 3466//2 3465//2
f 3468//4 3469//4 3464//4 3463//4
f 3459//3 3465//3 3468//3 3463//3
f 3456//4 3463//4 3461//4 3455//4
f 3452//1 3455//1 3461//1 3457//1
f 3459//5 3463//5 3456//5 3453//5
f 3474//1 3477//1 3478//1 3475//1
f 3476//6 3477//6 3474//6 3473//6
f 3472//6 3476//6 3473//6 3471//6
f 3454//4 3455//4 3450//4 3449//4
f 3450//6 3455//6 3452//6 3448//6
f 3460//1 3464//1 3472//1 3471//1
f 3470//4 3477//4 3476//4 3469//4
f 3469//4 3476//4 3472//4 3464//4
f 3479//3 3480//3 3482//3 3481//3
f 3486//1 3489//1 3490//1 3487//1
f 3485//3 3487//3 3490//3 3488//3
f 3480//3 3485//3 3488//3 3482//3
f 3483//1 3484//1 3489//1 3486//1
f 3497//4 3498//4 3496//4 3495//4
f 3494//5 3498//5 3497//5 3493//5
f 3496//6 3498//6 3494//6 3492//6
f 3501//6 3502//6 3500//6 3499//6
f 3497//6 3501//6 3499//6 3493//6
f 3509//4 3510//4 3508//4 3507//4
f 3503//1 3507//1 3508//1 3504//1
f 3506//5 3510//5 3509//5 3505//5
f 3508//6 3510//6 3506//6 3504//6
f 3512//5 3514//5 3513//5 3511//5
f 3511//5 3513//5 3508//5 3504//5
f 3483//3 3504//3 3508//3 3484//3
f 3513//4 3514//4 3490//4 3489//4
f 3490//6 3514//6 3512//6 3487//6
f 3508//4 3513//4 3489//4 3484//4
f 3482//4 3497//4 3495//4 3481//4
f 3490//4 3502//4 3501//4 3488//4
f 3500//5 3502//5 3490//5 3487//5
f 3488//4 3501//4 3497//4 3482//4
f 3363//1 3447//1 3448//1 3364//1
f 3366//5 3452//5 3451//5 3365//5
f 3366//3 3367//3 3453//3 3452//3
f 3368//1 3457//1 3458//1 3369//1
f 3371//5 3460//5 3459//5 3370//5
f 3458//6 3460//6 3371//6 3369//6
f 3372//3 3373//3 3467//3 3466//3
f 3366//1 3452//1 3457//1 3368//1
f 3370//5 3459//5 3453//5 3367//5
f 3371//3 3372//3 3466//3 3460//3
f 3473//6 3474//6 3376//6 3375//6
f 3471//6 3473//6 3375//6 3374//6
f 3371//1 3460//1 3471//1 3374//1
f 3448//6 3452//6 3366//6 3364//6
f 3429//3 3430//3 3480//3 3479//3
f 3433//1 3486//1 3487//1 3434//1
f 3432//3 3434//3 3487//3 3485//3
f 3431//1 3483//1 3486//1 3433//1
f 3430//3 3432//3 3485//3 3480//3
f 3435//1 3491//1 3492//1 3436//1
f 3438//5 3494//5 3493//5 3437//5
f 3492//6 3494//6 3438//6 3436//6
f 3499//6 3500//6 3440//6 3439//6
f 3493//6 3499//6 3439//6 3437//6
f 3441//1 3503//1 3504//1 3442//1
f 3444//5 3506//5 3505//5 3443//5
f 3504//6 3506//6 3444//6 3442//6
f 3446//5 3512//5 3511//5 3445//5
f 3445//5 3511//5 3504//5 3442//5
f 3440//5 3500//5 3487//5 3434//5
f 3431//3 3442//3 3504//3 3483//3
f 3487//6 3512//6 3446//6 3434//6
f 3346//3 3377//3 3379//3 3348//3
f 3357//2 3358//2 3390//2 3389//2
f 3393//4 3394//4 3362//4 3361//4
f 3362//6 3394//6 3390//6 3358//6
f 3346//2 3357//2 3389//2 3377//2
f 3379//4 3393//4 3361//4 3348//4
f 3373//2 3376//2 3435//2 3429//2
f 3467//3 3479//3 3481//3 3470//3
f 3474//2 3475//2 3492//2 3491//2
f 3495//4 3496//4 3478//4 3477//4
f 3478//6 3496//6 3492//6 3475//6
f 3481//4 3495//4 3477//4 3470//4
f 3373//3 3429//3 3479//3 3467//3
f 3474//6 3491//6 3435//6 3376//6
f 3163//6 3204//6 3202//6 3161//6
f 3167//6 3214//6 3212//6 3165//6
f 3165//6 3212//6 3204//6 3163//6
f 3187//6 3244//6 3242//6 3185//6
f 3191//6 3254//6 3252//6 3189//6
f 3189//6 3252//6 3244//6 3187//6
f 3185//6 3242//6 3214//6 3167//6
f 3278//4 3279//4 3193//4 3192//4
f 3284//4 3285//4 3195//4 3194//4
f 3279//4 3284//4 3194//4 3193//4
f 3299//4 3300//4 3197//4 3196//4
f 3285//4 3299//4 3196//4 3195//4
f 3197//6 3300//6 3254//6 3191//6
f 3518//1 3521//1 3522//1 3519//1
f 3517//3 3519//3 3522//3 3520//3
f 3515//1 3516//1 3521//1 3518//1
f 3521//1 3525//1 3526//1 3522//1
f 3520//3 3522//3 3526//3 3524//3
f 3516//1 3523//1 3525//1 3521//1
f 3529//3 3530//3 3532//3 3531//3
f 3527//3 3529//3 3531//3 3528//3
f 3533//2 3534//2 3536//2 3535//2
f 3533//1 3537//1 3538//1 3534//1
f 3536//5 3540//5 3539//5 3535//5
f 3533//3 3535//3 3539//3 3537//3
f 3538//6 3540//6 3536//6 3534//6
f 3542//5 3544//5 3543//5 3541//5
f 3548//6 3549//6 3547//6 3546//6
f 3539//6 3548//6 3546//6 3535//6
f 3541//5 3543//5 3538//5 3534//5
f 3553//3 3554//3 3556//3 3555//3
f 3558//1 3561//1 3562//1 3559//1
f 3560//6 3561//6 3558//6 3557//6
f 3566//2 3567//2 3569//2 3568//2
f 3569//5 3573//5 3572//5 3568//5
f 3566//3 3568//3 3572//3 3570//3
f 3574//2 3575//2 3577//2 3576//2
f 3574//1 3578//1 3579//1 3575//1
f 3577//5 3581//5 3580//5 3576//5
f 3579//6 3581//6 3577//6 3575//6
f 3558//2 3559//2 3567//2 3566//2
f 3558//3 3566//3 3570//3 3561//3
f 3562//6 3571//6 3567//6 3559//6
f 3567//2 3574//2 3576//2 3569//2
f 3567//1 3571//1 3578//1 3574//1
f 3576//5 3580//5 3573//5 3569//5
f 3587//4 3588//4 3586//4 3585//4
f 3607//4 3608//4 3606//4 3605//4
f 3611//4 3612//4 3610//4 3609//4
f 3605//4 3606//4 3601//4 3600//4
f 3608//4 3611//4 3609//4 3606//4
f 3531//3 3532//3 3584//3 3583//3
f 3528//3 3531//3 3583//3 3582//3
f 3537//1 3585//1 3586//1 3538//1
f 3540//5 3588//5 3587//5 3539//5
f 3537//3 3539//3 3587//3 3585//3
f 3586//6 3588//6 3540//6 3538//6
f 3544//5 3590//5 3589//5 3543//5
f 3544//3 3545//3 3591//3 3590//3
f 3592//6 3593//6 3549//6 3548//6
f 3551//1 3595//1 3596//1 3552//1
f 3543//5 3589//5 3586//5 3538//5
f 3587//6 3592//6 3548//6 3539//6
f 3545//3 3550//3 3594//3 3591//3
f 3555//3 3556//3 3598//3 3597//3
f 3561//1 3600//1 3601//1 3562//1
f 3599//6 3600//6 3561//6 3560//6
f 3564//5 3603//5 3602//5 3563//5
f 3564//3 3565//3 3604//3 3603//3
f 3573//5 3608//5 3607//5 3572//5
f 3570//3 3572//3 3607//3 3605//3
f 3578//1 3609//1 3610//1 3579//1
f 3581//5 3612//5 3611//5 3580//5
f 3571//1 3606//1 3609//1 3578//1
f 3580//5 3611//5 3608//5 3573//5
f 3561//3 3570//3 3605//3 3600//3
f 3601//6 3606//6 3571//6 3562//6
f 3565//3 3579//3 3610//3 3604//3
f 3530//3 3553//3 3555//3 3532//3
f 3549//6 3560//6 3557//6 3547//6
f 3551//2 3552//2 3564//2 3563//2
f 3602//4 3603//4 3596//4 3595//4
f 3527//1 3528//1 3539//1 3535//1
f 3529//2 3546//2 3547//2 3530//2
f 3527//2 3535//2 3546//2 3529//2
f 3553//2 3557//2 3558//2 3554//2
f 3558//5 3561//5 3556//5 3554//5
f 3584//4 3593//4 3592//4 3583//4
f 3583//4 3592//4 3587//4 3582//4
f 3598//4 3600//4 3599//4 3597//4
f 3530//2 3547//2 3557//2 3553//2
f 3597//4 3599//4 3593//4 3584//4
f 3528//1 3582//1 3587//1 3539//1
f 3561//5 3600//5 3598//5 3556//5
f 3532//3 3555//3 3597//3 3584//3
f 3593//6 3599//6 3560//6 3549//6
f 3551//3 3563//3 3602//3 3595//3
f 3596//6 3603//6 3564//6 3552//6
f 3515//3 3534//3 3538//3 3516//3
f 3518//2 3519//2 3542//2 3541//2
f 3522//6 3544//6 3542//6 3519//6
f 3515//2 3518//2 3541//2 3534//2
f 3589//4 3590//4 3526//4 3525//4
f 3586//4 3589//4 3525//4 3523//4
f 3516//3 3538//3 3586//3 3523//3
f 3577//3 3613//3 3614//3 3581//3
f 3581//3 3614//3 3615//3 3612//3
f 3617//1 3620//1 3621//1 3618//1
f 3619//6 3620//6 3617//6 3616//6
f 3618//1 3621//1 3623//1 3622//1
f 3620//1 3625//1 3626//1 3621//1
f 3624//6 3625//6 3620//6 3619//6
f 3621//1 3626//1 3627//1 3623//1
f 3629//5 3631//5 3630//5 3628//5
f 3633//2 3634//2 3636//2 3635//2
f 3633//1 3637//1 3638//1 3634//1
f 3636//5 3640//5 3639//5 3635//5
f 3633//3 3635//3 3639//3 3637//3
f 3638//6 3640//6 3636//6 3634//6
f 3644//3 3645//3 3647//3 3646//3
f 3636//3 3644//3 3646//3 3640//3
f 3633//5 3637//5 3631//5 3629//5
f 3652//6 3653//6 3651//6 3650//6
f 3649//6 3652//6 3650//6 3648//6
f 3658//1 3661//1 3662//1 3659//1
f 3657//3 3659//3 3662//3 3660//3
f 3663//2 3664//2 3666//2 3665//2
f 3663//1 3667//1 3668//1 3664//1
f 3666//5 3670//5 3669//5 3665//5
f 3663//3 3665//3 3669//3 3667//3
f 3671//2 3672//2 3674//2 3673//2
f 3674//5 3678//5 3677//5 3673//5
f 3676//6 3678//6 3674//6 3672//6
f 3658//2 3659//2 3672//2 3671//2
f 3658//3 3671//3 3675//3 3661//3
f 3662//6 3676//6 3672//6 3659//6
f 3664//2 3671//2 3673//2 3666//2
f 3664//1 3668//1 3675//1 3671//1
f 3673//5 3677//5 3670//5 3666//5
f 3681//6 3682//6 3680//6 3679//6
f 3688//4 3689//4 3687//4 3686//4
f 3706//4 3707//4 3705//4 3704//4
f 3710//4 3711//4 3709//4 3708//4
f 3708//4 3709//4 3703//4 3702//4
f 3707//4 3710//4 3708//4 3705//4
f 3631//5 3684//5 3683//5 3630//5
f 3683//6 3685//6 3632//6 3630//6
f 3637//1 3686//1 3687//1 3638//1
f 3640//5 3689//5 3688//5 3639//5
f 3637//3 3639//3 3688//3 3686//3
f 3687//6 3689//6 3640//6 3638//6
f 3642//1 3691//1 3692//1 3643//1
f 3646//3 3647//3 3694//3 3693//3
f 3637//5 3686//5 3684//5 3631//5
f 3685//6 3690//6 3641//6 3632//6
f 3640//3 3646//3 3693//3 3689//3
f 3696//6 3697//6 3653//6 3652//6
f 3695//6 3696//6 3652//6 3649//6
f 3655//5 3699//5 3698//5 3654//5
f 3698//6 3700//6 3656//6 3654//6
f 3661//1 3702//1 3703//1 3662//1
f 3660//3 3662//3 3703//3 3701//3
f 3667//1 3704//1 3705//1 3668//1
f 3670//5 3707//5 3706//5 3669//5
f 3678//5 3711//5 3710//5 3677//5
f 3709//6 3711//6 3678//6 3676//6
f 3668//1 3705//1 3708//1 3675//1
f 3677//5 3710//5 3707//5 3670//5
f 3700//6 3704//6 3667//6 3656//6
f 3661//3 3675//3 3708//3 3702//3
f 3703//6 3709//6 3676//6 3662//6
f 3712//6 3713//6 3682//6 3681//6
f 3642//2 3643//2 3655//2 3654//2
f 3645//3 3657//3 3660//3 3647//3
f 3698//4 3699//4 3692//4 3691//4
f 3653//6 3681//6 3679//6 3651//6
f 3636//1 3640//1 3649//1 3648//1
f 3644//2 3650//2 3651//2 3645//2
f 3636//2 3648//2 3650//2 3644//2
f 3657//2 3679//2 3680//2 3659//2
f 3680//5 3682//5 3662//5 3659//5
f 3694//4 3697//4 3696//4 3693//4
f 3693//4 3696//4 3695//4 3689//4
f 3703//4 3713//4 3712//4 3701//4
f 3645//2 3651//2 3679//2 3657//2
f 3701//4 3712//4 3697//4 3694//4
f 3640//1 3689//1 3695//1 3649//1
f 3682//5 3713//5 3703//5 3662//5
f 3642//3 3654//3 3698//3 3691//3
f 3692//6 3699//6 3655//6 3643//6
f 3647//3 3660//3 3701//3 3694//3
f 3697//6 3712//6 3681//6 3653//6
f 3617//2 3618//2 3629//2 3628//2
f 3617//3 3628//3 3630//3 3620//3
f 3623//6 3637//6 3633//6 3622//6
f 3618//2 3622//2 3633//2 3629//2
f 3683//4 3684//4 3626//4 3625//4
f 3684//4 3686//4 3627//4 3626//4
f 3627//6 3686//6 3637//6 3623//6
f 3669//6 3715//6 3714//6 3665//6
f 3706//6 3716//6 3715//6 3669//6
f 716//1 2773//1 2774//1 717//1
f 728//1 2781//1 2782//1 729//1
f 732//1 2785//1 2786//1 733//1
f 729//1 2782//1 2785//1 732//1
f 717//1 2774//1 2781//1 728//1
f 1135//3 1136//3 2828//3 2827//3
f 1141//5 2832//5 2831//5 1140//5
f 1141//3 1142//3 2833//3 2832//3
f 1136//3 1140//3 2831//3 2828//3
f 1158//5 2852//5 2851//5 1157//5
f 1162//5 2856//5 2855//5 1161//5
f 1161//5 2855//5 2852//5 1158//5
f 1146//5 2847//5 2833//5 1142//5
f 1146//3 1157//3 2851//3 2847//3
f 716//3 1135//3 2827//3 2773//3
f 1882//1 3144//1 3145//1 1883//1
f 1886//1 3148//1 3149//1 1887//1
f 1883//1 3145//1 3148//1 1886//1
f 1894//1 3160//1 3161//1 1895//1
f 1887//1 3149//1 3160//1 1894//1
f 3202//6 3203//6 2302//6 2301//6
f 2307//5 3207//5 3206//5 2306//5
f 3206//6 3208//6 2308//6 2306//6
f 3203//6 3207//6 2307//6 2302//6
f 2320//5 3223//5 3222//5 2319//5
f 2324//5 3227//5 3226//5 2323//5
f 2323//5 3226//5 3223//5 2320//5
f 2308//5 3208//5 3198//5 2288//5
f 3198//6 3227//6 2324//6 2288//6
f 3161//6 3202//6 2301//6 1895//6
f 540//3 2350//3 2351//3 552//3
f 604//2 605//2 2356//2 2355//2
f 604//3 2355//3 2357//3 607//3
f 598//2 599//2 2354//2 2353//2
f 595//2 598//2 2353//2 2352//2
f 595//3 2352//3 2356//3 605//3
f 2430//4 2431//4 639//4 638//4
f 637//3 2428//3 2430//3 638//3
f 2434//4 2435//4 641//4 640//4
f 2431//4 2434//4 640//4 639//4
f 610//2 611//2 2366//2 2365//2
f 614//2 615//2 2372//2 2371//2
f 611//2 614//2 2371//2 2366//2
f 2438//4 2439//4 657//4 656//4
f 2441//4 2442//4 659//4 658//4
f 2439//4 2441//4 658//4 657//4
f 599//2 610//2 2365//2 2354//2
f 2435//4 2438//4 656//4 641//4
f 540//2 607//2 2357//2 2350//2
f 2351//4 2428//4 637//4 552//4
f 1031//2 1032//2 2486//2 2485//2
f 1031//3 2485//3 2488//3 1035//3
f 1055//3 2496//3 2498//3 1057//3
f 1039//2 1040//2 2491//2 2490//2
f 1032//2 1039//2 2490//2 2486//2
f 1035//3 2488//3 2496//3 1055//3
f 2533//4 2534//4 1080//4 1079//4
f 2537//4 2538//4 1082//4 1081//4
f 2534//4 2537//4 1081//4 1080//4
f 1057//3 2498//3 2533//3 1079//3
f 1691//2 1692//2 2577//2 2576//2
f 1695//2 1696//2 2583//2 2582//2
f 1692//2 1695//2 2582//2 2577//2
f 2650//4 2651//4 1735//4 1734//4
f 2654//4 2655//4 1737//4 1736//4
f 2651//4 2654//4 1736//4 1735//4
f 1703//2 1704//2 2611//2 2610//2
f 1714//2 1715//2 2618//2 2617//2
f 1717//6 2620//6 2618//6 1715//6
f 1704//2 1708//2 2612//2 2611//2
f 1714//6 2617//6 2612//6 1708//6
f 2677//4 2678//4 1751//4 1750//4
f 2681//4 2682//4 1755//4 1754//4
f 1755//6 2682//6 2680//6 1753//6
f 2678//4 2681//4 1754//4 1751//4
f 1696//2 1703//2 2610//2 2583//2
f 2655//4 2677//4 1750//4 1737//4
f 1808//6 2708//6 2707//6 1797//6
f 1717//2 1797//2 2707//2 2620//2
f 2680//4 2708//4 1808//4 1753//4
f 2123//2 2124//2 2710//2 2709//2
f 2131//2 2132//2 2712//2 2711//2
f 2136//6 2714//6 2712//6 2132//6
f 2156//6 2722//6 2720//6 2154//6
f 2124//2 2131//2 2711//2 2710//2
f 2154//6 2720//6 2714//6 2136//6
f 2757//4 2758//4 2198//4 2197//4
f 2761//4 2762//4 2200//4 2199//4
f 2758//4 2761//4 2199//4 2198//4
f 2200//6 2762//6 2722//6 2156//6
f 7//1 14//1 1170//1 1163//1
f 70//2 1177//2 1179//2 72//2
f 108//2 1194//2 1196//2 110//2
f 106//1 110//1 1196//1 1192//1
f 116//1 118//1 1206//1 1204//1
f 116//2 1204//2 1212//2 122//2
f 108//1 122//1 1212//1 1194//1
f 152//2 1242//2 1244//2 154//2
f 154//2 1244//2 1250//2 158//2
f 106//2 1192//2 1242//2 152//2
f 70//1 158//1 1250//1 1177//1
f 225//2 1321//2 1323//2 227//2
f 227//2 1323//2 1329//2 231//2
f 257//2 1344//2 1346//2 259//2
f 298//2 1374//2 1376//2 300//2
f 1372//5 1374//5 298//5 296//5
f 314//2 1390//2 1392//2 316//2
f 1388//5 1390//5 314//5 312//5
f 300//2 1376//2 1384//2 304//2
f 1384//5 1388//5 312//5 304//5
f 259//2 1346//2 1372//2 296//2
f 1329//5 1344//5 257//5 231//5
f 418//2 1479//2 1481//2 420//2
f 418//1 422//1 1483//1 1479//1
f 428//1 430//1 1493//1 1491//1
f 422//1 428//1 1491//1 1483//1
f 480//1 482//1 1545//1 1543//1
f 492//4 1553//4 1551//4 490//4
f 492//1 494//1 1555//1 1553//1
f 482//1 490//1 1551//1 1545//1
f 1689//5 1691//5 615//5 613//5
f 1738//5 1740//5 667//5 665//5
f 1734//5 1738//5 665//5 659//5
f 72//2 1179//2 1321//2 225//2
f 118//1 420//1 1481//1 1206//1
f 1392//5 1689//5 613//5 316//5
f 683//1 685//1 1836//1 1834//1
f 677//1 683//1 1834//1 1830//1
f 699//1 701//1 1850//1 1848//1
f 707//1 709//1 1858//1 1856//1
f 701//1 707//1 1856//1 1850//1
f 723//1 725//1 1874//1 1872//1
f 731//1 733//1 1882//1 1880//1
f 725//1 731//1 1880//1 1874//1
f 709//1 723//1 1872//1 1858//1
f 685//1 699//1 1848//1 1836//1
f 800//1 802//1 1898//1 1896//1
f 814//4 1910//4 1908//4 812//4
f 806//4 1904//4 1898//4 802//4
f 806//1 812//1 1908//1 1904//1
f 852//4 1940//4 1938//4 850//4
f 852//1 854//1 1942//1 1940//1
f 862//4 1952//4 1950//4 860//4
f 860//4 1950//4 1942//4 854//4
f 885//2 1986//2 1988//2 887//2
f 893//2 1994//2 1996//2 895//2
f 887//2 1988//2 1994//2 893//2
f 2029//5 2031//5 916//5 914//5
f 2021//5 2029//5 914//5 904//5
f 850//4 1938//4 1910//4 814//4
f 895//2 1996//2 2021//2 904//2
f 862//1 908//1 2025//1 1952//1
f 1002//4 2087//4 2085//4 1000//4
f 2083//5 2087//5 1002//5 998//5
f 1000//4 2085//4 2079//4 990//4
f 1040//4 2123//4 2121//4 1038//4
f 2121//5 2125//5 1042//5 1038//5
f 1040//1 1044//1 2127//1 2123//1
f 1052//4 2139//4 2137//4 1050//4
f 1062//1 1064//1 2149//1 2147//1
f 1060//4 2145//4 2139//4 1052//4
f 2125//5 2145//5 1060//5 1042//5
f 1044//1 1062//1 2147//1 2127//1
f 1078//4 2185//4 2183//4 1076//4
f 1050//4 2137//4 2083//4 998//4
f 2079//5 2185//5 1078//5 990//5
f 1064//1 1082//1 2197//1 2149//1
f 2269//5 2271//5 1114//5 1112//5
f 2277//5 2279//5 1122//5 1120//5
f 2271//5 2277//5 1120//5 1114//5
f 2309//5 2311//5 1154//5 1152//5
f 2317//5 2319//5 1162//5 1160//5
f 2311//5 2317//5 1160//5 1154//5
f 2279//5 2309//5 1152//5 1122//5
f 1076//4 2183//4 2025//4 908//4
f 2031//5 2269//5 1112//5 916//5
f 7//2 1163//2 1493//2 430//2
f 480//4 1543//4 1170//4 14//4
f 677//2 1830//2 1986//2 885//2
f 494//1 800//1 1896//1 1555//1
f 1740//5 2123//5 1040//5 667//5
f 2330//1 2332//1 2551//1 2549//1
f 2341//2 2557//2 2559//2 2343//2
f 2559//5 2561//5 2345//5 2343//5
f 2330//2 2549//2 2557//2 2341//2
f 2345//2 2561//2 2570//2 2349//2
f 2370//1 2374//1 2578//1 2574//1
f 2392//2 2594//2 2596//2 2394//2
f 2590//5 2594//5 2392//5 2388//5
f 2390//1 2394//1 2596//1 2592//1
f 2576//5 2590//5 2388//5 2372//5
f 2374//1 2390//1 2592//1 2578//1
f 2407//2 2621//2 2623//2 2409//2
f 2623//5 2625//5 2411//5 2409//5
f 2642//5 2644//5 2427//5 2425//5
f 2411//2 2625//2 2634//2 2415//2
f 2634//5 2642//5 2425//5 2415//5
f 2454//1 2456//1 2663//1 2661//1
f 2442//1 2454//1 2661//1 2650//1
f 2687//5 2689//5 2472//5 2470//5
f 2699//5 2701//5 2484//5 2482//5
f 2689//5 2699//5 2482//5 2472//5
f 2644//5 2687//5 2470//5 2427//5
f 2332//1 2370//1 2574//1 2551//1
f 2570//5 2621//5 2407//5 2349//5
f 2731//5 2733//5 2516//5 2514//5
f 2530//4 2747//4 2745//4 2528//4
f 2745//5 2749//5 2532//5 2528//5
f 2520//4 2741//4 2731//4 2514//4
f 2733//5 2747//5 2530//5 2516//5
f 2540//4 2759//4 2757//4 2538//4
f 2548//4 2767//4 2765//4 2546//4
f 2546//4 2765//4 2759//4 2540//4
f 2532//4 2749//4 2724//4 2506//4
f 2724//5 2767//5 2548//5 2506//5
f 2456//1 2491//1 2709//1 2663//1
f 2701//5 2741//5 2520//5 2484//5
f 2786//1 2788//1 3146//1 3144//1
f 2794//1 2796//1 3154//1 3152//1
f 2788//1 2794//1 3152//1 3146//1
f 2810//1 2812//1 3170//1 3168//1
f 2818//1 2820//1 3178//1 3176//1
f 2812//1 2818//1 3176//1 3170//1
f 2796//1 2810//1 3168//1 3154//1
f 2820//1 2826//1 3192//1 3178//1
f 3222//5 3224//5 2858//5 2856//5
f 3230//5 3232//5 2866//5 2864//5
f 3224//5 3230//5 2864//5 2858//5
f 3262//5 3264//5 2898//5 2896//5
f 3270//5 3272//5 2906//5 2904//5
f 3264//5 3270//5 2904//5 2898//5
f 3232//5 3262//5 2896//5 2866//5
f 2928//4 3280//4 3278//4 2926//4
f 2928//1 2930//1 3282//1 3280//1
f 2939//4 3292//4 3290//4 2937//4
f 2937//4 3290//4 3282//4 2930//4
f 3311//5 3313//5 2947//5 2945//5
f 2947//4 3313//4 3292//4 2939//4
f 3272//5 3311//5 2945//5 2906//5
f 2953//2 3319//2 3321//2 2955//2
f 2959//4 3325//4 3323//4 2957//4
f 2953//1 2957//1 3323//1 3319//1
f 3331//5 3334//5 2986//5 2983//5
f 2955//2 3321//2 3331//2 2983//2
f 2986//4 3334//4 3325//4 2959//4
f 2993//2 3363//2 3365//2 3002//2
f 3047//2 3405//2 3407//2 3049//2
f 3053//4 3411//4 3409//4 3051//4
f 3047//1 3051//1 3409//1 3405//1
f 3421//5 3423//5 3057//5 3055//5
f 3049//2 3407//2 3421//2 3055//2
f 3057//4 3423//4 3411//4 3053//4
f 3073//2 3441//2 3443//2 3075//2
f 3077//1 3079//1 3449//1 3447//1
f 3451//5 3454//5 3100//5 3097//5
f 3100//4 3454//4 3449//4 3079//4
f 3143//4 3509//4 3507//4 3141//4
f 3137//1 3141//1 3507//1 3503//1
f 3505//5 3509//5 3143//5 3139//5
f 2993//1 3077//1 3447//1 3363//1
f 3365//5 3451//5 3097//5 3002//5
f 3073//1 3137//1 3503//1 3441//1
f 3443//5 3505//5 3139//5 3075//5
f 2926//4 3278//4 3192//4 2826//4
f 3517//2 3616//2 3617//2 3519//2
f 3517//1 3520//1 3619//1 3616//1
f 3617//5 3620//5 3522//5 3519//5
f 3526//4 3625//4 3624//4 3524//4
f 3520//1 3524//1 3624//1 3619//1
f 3544//2 3630//2 3632//2 3545//2
f 3545//2 3632//2 3641//2 3550//2
f 3564//2 3654//2 3656//2 3565//2
f 3579//2 3667//2 3669//2 3581//2
f 3577//1 3581//1 3669//1 3665//1
f 3565//2 3656//2 3667//2 3579//2
f 3591//4 3685//4 3683//4 3590//4
f 3594//4 3690//4 3685//4 3591//4
f 3604//4 3700//4 3698//4 3603//4
f 3612//4 3706//4 3704//4 3610//4
f 3610//4 3704//4 3700//4 3604//4
f 3641//5 3690//5 3594//5 3550//5
f 3564//1 3603//1 3698//1 3654//1
f 3522//2 3620//2 3630//2 3544//2
f 3590//4 3683//4 3625//4 3526//4
f 3714//5 3715//5 3614//5 3613//5
f 3715//5 3716//5 3615//5 3614//5
f 3577//2 3665//2 3714//2 3613//2
f 3615//4 3716//4 3706//4 3612//4
f 615//2 1691//2 2576//2 2372//2
f 2442//4 2650//4 1734//4 659//4
f 1040//2 2123//2 2709//2 2491//2
f 2538//4 2757//4 2197//4 1082//4
f 733//1 2786//1 3144//1 1882//1
f 2319//5 3222//5 2856//5 1162//5
