o Meshpart4
usemtl Meshpart4Mtl
v -0.24230615075622997 -0.8363513271849181 -0.08542660283033268
v -0.1550119150390366 -0.8919288596825858 0.0035930204953604494
v -0.16670215336092103 -0.8363513271849181 0.01987176819929415
v -0.1550119150390366 -0.8919288596825858 0.0035930204953604494
v -0.24230615075622997 -0.8363513271849181 -0.08542660283033268
v -0.2233947583518831 -0.8919288596825858 -0.09164516871511025
v -0.2233947583518831 -0.8919288596825858 -0.09164516871511025
v -0.24230615075622997 -0.8363513271849181 -0.08542660283033268
v -0.2233947583518831 -0.8919288596825858 -0.20936519015706026
v -0.24230615075622997 -0.8363513271849181 -0.08542660283033268
v -0.24230615075622997 -0.8363513271849181 -0.21558375782191802
v -0.2233947583518831 -0.8919288596825858 -0.20936519015706026
v -0.2233947583518831 -0.8919288596825858 -0.20936519015706026
v -0.24230615075622997 -0.8363513271849181 -0.21558375782191802
v -0.1550119150390366 -0.8919288596825858 -0.304602811521957
v -0.24230615075622997 -0.8363513271849181 -0.21558375782191802
v -0.16670215336092103 -0.8363513271849181 -0.3208817443542283
v -0.1550119150390366 -0.8919288596825858 -0.304602811521957
v -0.16670215336092103 -0.6140130323444155 0.01987176819929415
v -0.1550119150390366 -0.5584354998467478 0.0035930204953604494
v -0.24230615075622997 -0.6140130323444155 -0.08542660283033268
v -0.1550119150390366 -0.5584354998467478 0.0035930204953604494
v -0.2233947583518831 -0.5584354998467478 -0.09164516871511025
v -0.24230615075622997 -0.6140130323444155 -0.08542660283033268
v -0.24230615075622997 -0.6140130323444155 -0.08542660283033268
v -0.2233947583518831 -0.5584354998467478 -0.09164516871511025
v -0.24230615075622997 -0.6140130323444155 -0.21558375782191802
v -0.2233947583518831 -0.5584354998467478 -0.09164516871511025
v -0.2233947583518831 -0.5584354998467478 -0.20936519015706026
v -0.24230615075622997 -0.6140130323444155 -0.21558375782191802
v -0.1550119150390366 -0.5584354998467478 -0.304602811521957
v -0.24230615075622997 -0.6140130323444155 -0.21558375782191802
v -0.2233947583518831 -0.5584354998467478 -0.20936519015706026
v -0.24230615075622997 -0.6140130323444155 -0.21558375782191802
v -0.1550119150390366 -0.5584354998467478 -0.304602811521957
v -0.16670215336092103 -0.6140130323444155 -0.3208817443542283
v -0.16670215336092103 -0.7251821797646667 0.01987176819929415
v -0.1550119150390366 -0.6696044815914117 0.0035930204953604494
v -0.24230615075622997 -0.7251821797646667 -0.08542660283033268
v -0.1550119150390366 -0.6696044815914117 0.0035930204953604494
v -0.2233947583518831 -0.6696044815914117 -0.09164516871511025
v -0.24230615075622997 -0.7251821797646667 -0.08542660283033268
v -0.24230615075622997 -0.7251821797646667 -0.08542660283033268
v -0.2233947583518831 -0.6696044815914117 -0.09164516871511025
v -0.24230615075622997 -0.7251821797646667 -0.21558375782191802
v -0.2233947583518831 -0.6696044815914117 -0.09164516871511025
v -0.2233947583518831 -0.6696044815914117 -0.20936519015706026
v -0.24230615075622997 -0.7251821797646667 -0.21558375782191802
v -0.1550119150390366 -0.6696044815914117 -0.304602811521957
v -0.24230615075622997 -0.7251821797646667 -0.21558375782191802
v -0.2233947583518831 -0.6696044815914117 -0.20936519015706026
v -0.24230615075622997 -0.7251821797646667 -0.21558375782191802
v -0.1550119150390366 -0.6696044815914117 -0.304602811521957
v -0.16670215336092103 -0.7251821797646667 -0.3208817443542283
v -0.1550119150390366 -0.7807597122623344 0.0035930204953604494
v -0.24230615075622997 -0.7251821797646667 -0.08542660283033268
v -0.2233947583518831 -0.7807597122623344 -0.09164516871511025
v -0.2233947583518831 -0.7807597122623344 -0.09164516871511025
v -0.24230615075622997 -0.7251821797646667 -0.08542660283033268
v -0.2233947583518831 -0.7807597122623344 -0.20936519015706026
v -0.24230615075622997 -0.7251821797646667 -0.08542660283033268
v -0.1550119150390366 -0.7807597122623344 0.0035930204953604494
v -0.16670215336092103 -0.7251821797646667 0.01987176819929415
v -0.24230615075622997 -0.7251821797646667 -0.08542660283033268
v -0.24230615075622997 -0.7251821797646667 -0.21558375782191802
v -0.2233947583518831 -0.7807597122623344 -0.20936519015706026
v -0.2233947583518831 -0.7807597122623344 -0.20936519015706026
v -0.24230615075622997 -0.7251821797646667 -0.21558375782191802
v -0.1550119150390366 -0.7807597122623344 -0.304602811521957
v -0.24230615075622997 -0.7251821797646667 -0.21558375782191802
v -0.16670215336092103 -0.7251821797646667 -0.3208817443542283
v -0.1550119150390366 -0.7807597122623344 -0.304602811521957
v -0.1550119150390366 -0.6696044815914117 0.0035930204953604494
v -0.24230615075622997 -0.6140130323444155 -0.08542660283033268
v -0.2233947583518831 -0.6696044815914117 -0.09164516871511025
v -0.2233947583518831 -0.6696044815914117 -0.09164516871511025
v -0.24230615075622997 -0.6140130323444155 -0.08542660283033268
v -0.2233947583518831 -0.6696044815914117 -0.20936519015706026
v -0.24230615075622997 -0.6140130323444155 -0.08542660283033268
v -0.1550119150390366 -0.6696044815914117 0.0035930204953604494
v -0.16670215336092103 -0.6140130323444155 0.01987176819929415
v -0.24230615075622997 -0.6140130323444155 -0.08542660283033268
v -0.24230615075622997 -0.6140130323444155 -0.21558375782191802
v -0.2233947583518831 -0.6696044815914117 -0.20936519015706026
v -0.2233947583518831 -0.6696044815914117 -0.20936519015706026
v -0.24230615075622997 -0.6140130323444155 -0.21558375782191802
v -0.1550119150390366 -0.6696044815914117 -0.304602811521957
v -0.24230615075622997 -0.6140130323444155 -0.21558375782191802
v -0.16670215336092103 -0.6140130323444155 -0.3208817443542283
v -0.1550119150390366 -0.6696044815914117 -0.304602811521957
v -0.16670215336092103 -0.8363513271849181 0.01987176819929415
v -0.1550119150390366 -0.7807597122623344 0.0035930204953604494
v -0.24230615075622997 -0.8363513271849181 -0.08542660283033268
v -0.1550119150390366 -0.7807597122623344 0.0035930204953604494
v -0.2233947583518831 -0.7807597122623344 -0.09164516871511025
v -0.24230615075622997 -0.8363513271849181 -0.08542660283033268
v -0.24230615075622997 -0.8363513271849181 -0.08542660283033268
v -0.2233947583518831 -0.7807597122623344 -0.09164516871511025
v -0.24230615075622997 -0.8363513271849181 -0.21558375782191802
v -0.2233947583518831 -0.7807597122623344 -0.09164516871511025
v -0.2233947583518831 -0.7807597122623344 -0.20936519015706026
v -0.24230615075622997 -0.8363513271849181 -0.21558375782191802
v -0.1550119150390366 -0.7807597122623344 -0.304602811521957
v -0.24230615075622997 -0.8363513271849181 -0.21558375782191802
v -0.2233947583518831 -0.7807597122623344 -0.20936519015706026
v -0.24230615075622997 -0.8363513271849181 -0.21558375782191802
v -0.1550119150390366 -0.7807597122623344 -0.304602811521957
v -0.16670215336092103 -0.8363513271849181 -0.3208817443542283
v -0.04437083761739999 -0.5584354998467478 0.039969385973203764
v -0.2233947583518831 -0.5584354998467478 -0.09164516871511025
v -0.1550119150390366 -0.5584354998467478 0.0035930204953604494
v -0.2233947583518831 -0.5584354998467478 -0.09164516871511025
v -0.04437083761739999 -0.5584354998467478 0.039969385973203764
v -0.2233947583518831 -0.5584354998467478 -0.20936519015706026
v -0.04437083761739999 -0.5584354998467478 -0.34097956149711683
v -0.2233947583518831 -0.5584354998467478 -0.20936519015706026
v -0.04437083761739999 -0.5584354998467478 0.039969385973203764
v -0.2233947583518831 -0.5584354998467478 -0.20936519015706026
v -0.04437083761739999 -0.5584354998467478 -0.34097956149711683
v -0.1550119150390366 -0.5584354998467478 -0.304602811521957
v -0.04437083761739999 -0.5584354998467478 0.039969385973203764
v 0.13465271017737931 -0.5584354998467478 -0.09164516871511025
v -0.04437083761739999 -0.5584354998467478 -0.34097956149711683
v 0.13465271017737931 -0.5584354998467478 -0.09164516871511025
v -0.04437083761739999 -0.5584354998467478 0.039969385973203764
v 0.06627118270839348 -0.5584354998467478 0.0035930204953604494
v -0.04437083761739999 -0.5584354998467478 -0.34097956149711683
v 0.13465271017737931 -0.5584354998467478 -0.09164516871511025
v 0.13465271017737931 -0.5584354998467478 -0.20936519015706026
v -0.04437083761739999 -0.5584354998467478 -0.34097956149711683
v 0.13465271017737931 -0.5584354998467478 -0.20936519015706026
v 0.06627118270839348 -0.5584354998467478 -0.304602811521957
v 0.06627118270839348 -0.8919288596825858 -0.304602811521957
v -0.04437083761739999 -0.8363513271849181 -0.3611041225644682
v 0.0779606610776739 -0.8363513271849181 -0.3208817443542283
v 0.06627118270839348 -0.8919288596825858 -0.304602811521957
v -0.04437083761739999 -0.8919288596825858 -0.34097956149711683
v -0.04437083761739999 -0.8363513271849181 -0.3611041225644682
v -0.1550119150390366 -0.8919288596825858 -0.304602811521957
v -0.04437083761739999 -0.8363513271849181 -0.3611041225644682
v -0.04437083761739999 -0.8919288596825858 -0.34097956149711683
v -0.04437083761739999 -0.8363513271849181 -0.3611041225644682
v -0.1550119150390366 -0.8919288596825858 -0.304602811521957
v -0.16670215336092103 -0.8363513271849181 -0.3208817443542283
v -0.04437083761739999 -0.6140130323444155 -0.3611041225644682
v -0.16670215336092103 -0.6140130323444155 -0.3208817443542283
v -0.1550119150390366 -0.5584354998467478 -0.304602811521957
v -0.04437083761739999 -0.6140130323444155 -0.3611041225644682
v -0.1550119150390366 -0.5584354998467478 -0.304602811521957
v -0.04437083761739999 -0.5584354998467478 -0.34097956149711683
v 0.06627118270839348 -0.5584354998467478 -0.304602811521957
v -0.04437083761739999 -0.6140130323444155 -0.3611041225644682
v -0.04437083761739999 -0.5584354998467478 -0.34097956149711683
v -0.04437083761739999 -0.6140130323444155 -0.3611041225644682
v 0.06627118270839348 -0.5584354998467478 -0.304602811521957
v 0.0779606610776739 -0.6140130323444155 -0.3208817443542283
v -0.04437083761739999 -0.7251821797646667 -0.3611041225644682
v -0.16670215336092103 -0.7251821797646667 -0.3208817443542283
v -0.1550119150390366 -0.6696044815914117 -0.304602811521957
v -0.04437083761739999 -0.7251821797646667 -0.3611041225644682
v -0.1550119150390366 -0.6696044815914117 -0.304602811521957
v -0.04437083761739999 -0.6696044815914117 -0.34097956149711683
v 0.06627118270839348 -0.6696044815914117 -0.304602811521957
v -0.04437083761739999 -0.7251821797646667 -0.3611041225644682
v -0.04437083761739999 -0.6696044815914117 -0.34097956149711683
v -0.04437083761739999 -0.7251821797646667 -0.3611041225644682
v 0.06627118270839348 -0.6696044815914117 -0.304602811521957
v 0.0779606610776739 -0.7251821797646667 -0.3208817443542283
v -0.04437083761739999 -0.7251821797646667 -0.3611041225644682
v -0.1550119150390366 -0.7807597122623344 -0.304602811521957
v -0.16670215336092103 -0.7251821797646667 -0.3208817443542283
v -0.1550119150390366 -0.7807597122623344 -0.304602811521957
v -0.04437083761739999 -0.7251821797646667 -0.3611041225644682
v -0.04437083761739999 -0.7807597122623344 -0.34097956149711683
v 0.06627118270839348 -0.7807597122623344 -0.304602811521957
v -0.04437083761739999 -0.7807597122623344 -0.34097956149711683
v -0.04437083761739999 -0.7251821797646667 -0.3611041225644682
v 0.06627118270839348 -0.7807597122623344 -0.304602811521957
v -0.04437083761739999 -0.7251821797646667 -0.3611041225644682
v 0.0779606610776739 -0.7251821797646667 -0.3208817443542283
v -0.04437083761739999 -0.6140130323444155 -0.3611041225644682
v -0.1550119150390366 -0.6696044815914117 -0.304602811521957
v -0.16670215336092103 -0.6140130323444155 -0.3208817443542283
v -0.1550119150390366 -0.6696044815914117 -0.304602811521957
v -0.04437083761739999 -0.6140130323444155 -0.3611041225644682
v -0.04437083761739999 -0.6696044815914117 -0.34097956149711683
v 0.06627118270839348 -0.6696044815914117 -0.304602811521957
v -0.04437083761739999 -0.6696044815914117 -0.34097956149711683
v -0.04437083761739999 -0.6140130323444155 -0.3611041225644682
v 0.06627118270839348 -0.6696044815914117 -0.304602811521957
v -0.04437083761739999 -0.6140130323444155 -0.3611041225644682
v 0.0779606610776739 -0.6140130323444155 -0.3208817443542283
v -0.04437083761739999 -0.8363513271849181 -0.3611041225644682
v -0.16670215336092103 -0.8363513271849181 -0.3208817443542283
v -0.1550119150390366 -0.7807597122623344 -0.304602811521957
v -0.04437083761739999 -0.8363513271849181 -0.3611041225644682
v -0.1550119150390366 -0.7807597122623344 -0.304602811521957
v -0.04437083761739999 -0.7807597122623344 -0.34097956149711683
v 0.06627118270839348 -0.7807597122623344 -0.304602811521957
v -0.04437083761739999 -0.8363513271849181 -0.3611041225644682
v -0.04437083761739999 -0.7807597122623344 -0.34097956149711683
v -0.04437083761739999 -0.8363513271849181 -0.3611041225644682
v 0.06627118270839348 -0.7807597122623344 -0.304602811521957
v 0.0779606610776739 -0.8363513271849181 -0.3208817443542283
v 0.06627118270839348 -0.8919288596825858 0.0035930204953604494
v 0.15356447903972908 -0.8363513271849181 -0.08542660283033268
v 0.0779606610776739 -0.8363513271849181 0.01987176819929415
v 0.15356447903972908 -0.8363513271849181 -0.08542660283033268
v 0.06627118270839348 -0.8919288596825858 0.0035930204953604494
v 0.13465271017737931 -0.8919288596825858 -0.09164516871511025
v 0.13465271017737931 -0.8919288596825858 -0.09164516871511025
v 0.15356447903972908 -0.8363513271849181 -0.21558375782191802
v 0.15356447903972908 -0.8363513271849181 -0.08542660283033268
v 0.15356447903972908 -0.8363513271849181 -0.21558375782191802
v 0.13465271017737931 -0.8919288596825858 -0.09164516871511025
v 0.13465271017737931 -0.8919288596825858 -0.20936519015706026
v 0.06627118270839348 -0.8919288596825858 -0.304602811521957
v 0.15356447903972908 -0.8363513271849181 -0.21558375782191802
v 0.13465271017737931 -0.8919288596825858 -0.20936519015706026
v 0.15356447903972908 -0.8363513271849181 -0.21558375782191802
v 0.06627118270839348 -0.8919288596825858 -0.304602811521957
v 0.0779606610776739 -0.8363513271849181 -0.3208817443542283
v 0.15356447903972908 -0.6140130323444155 -0.08542660283033268
v 0.06627118270839348 -0.5584354998467478 0.0035930204953604494
v 0.0779606610776739 -0.6140130323444155 0.01987176819929415
v 0.06627118270839348 -0.5584354998467478 0.0035930204953604494
v 0.15356447903972908 -0.6140130323444155 -0.08542660283033268
v 0.13465271017737931 -0.5584354998467478 -0.09164516871511025
v 0.15356447903972908 -0.6140130323444155 -0.08542660283033268
v 0.13465271017737931 -0.5584354998467478 -0.20936519015706026
v 0.13465271017737931 -0.5584354998467478 -0.09164516871511025
v 0.13465271017737931 -0.5584354998467478 -0.20936519015706026
v 0.15356447903972908 -0.6140130323444155 -0.08542660283033268
v 0.15356447903972908 -0.6140130323444155 -0.21558375782191802
v 0.15356447903972908 -0.6140130323444155 -0.21558375782191802
v 0.06627118270839348 -0.5584354998467478 -0.304602811521957
v 0.13465271017737931 -0.5584354998467478 -0.20936519015706026
v 0.06627118270839348 -0.5584354998467478 -0.304602811521957
v 0.15356447903972908 -0.6140130323444155 -0.21558375782191802
v 0.0779606610776739 -0.6140130323444155 -0.3208817443542283
v 0.15356447903972908 -0.7251821797646667 -0.08542660283033268
v 0.06627118270839348 -0.6696044815914117 0.0035930204953604494
v 0.0779606610776739 -0.7251821797646667 0.01987176819929415
v 0.06627118270839348 -0.6696044815914117 0.0035930204953604494
v 0.15356447903972908 -0.7251821797646667 -0.08542660283033268
v 0.13465271017737931 -0.6696044815914117 -0.09164516871511025
v 0.15356447903972908 -0.7251821797646667 -0.08542660283033268
v 0.13465271017737931 -0.6696044815914117 -0.20936519015706026
v 0.13465271017737931 -0.6696044815914117 -0.09164516871511025
v 0.13465271017737931 -0.6696044815914117 -0.20936519015706026
v 0.15356447903972908 -0.7251821797646667 -0.08542660283033268
v 0.15356447903972908 -0.7251821797646667 -0.21558375782191802
v 0.15356447903972908 -0.7251821797646667 -0.21558375782191802
v 0.06627118270839348 -0.6696044815914117 -0.304602811521957
v 0.13465271017737931 -0.6696044815914117 -0.20936519015706026
v 0.06627118270839348 -0.6696044815914117 -0.304602811521957
v 0.15356447903972908 -0.7251821797646667 -0.21558375782191802
v 0.0779606610776739 -0.7251821797646667 -0.3208817443542283
v 0.06627118270839348 -0.7807597122623344 0.0035930204953604494
v 0.15356447903972908 -0.7251821797646667 -0.08542660283033268
v 0.0779606610776739 -0.7251821797646667 0.01987176819929415
v 0.15356447903972908 -0.7251821797646667 -0.08542660283033268
v 0.06627118270839348 -0.7807597122623344 0.0035930204953604494
v 0.13465271017737931 -0.7807597122623344 -0.09164516871511025
v 0.13465271017737931 -0.7807597122623344 -0.09164516871511025
v 0.15356447903972908 -0.7251821797646667 -0.21558375782191802
v 0.15356447903972908 -0.7251821797646667 -0.08542660283033268
v 0.15356447903972908 -0.7251821797646667 -0.21558375782191802
v 0.06627118270839348 -0.7807597122623344 -0.304602811521957
v 0.0779606610776739 -0.7251821797646667 -0.3208817443542283
v 0.15356447903972908 -0.7251821797646667 -0.21558375782191802
v 0.13465271017737931 -0.7807597122623344 -0.09164516871511025
v 0.13465271017737931 -0.7807597122623344 -0.20936519015706026
v 0.06627118270839348 -0.7807597122623344 -0.304602811521957
v 0.15356447903972908 -0.7251821797646667 -0.21558375782191802
v 0.13465271017737931 -0.7807597122623344 -0.20936519015706026
v 0.06627118270839348 -0.6696044815914117 0.0035930204953604494
v 0.15356447903972908 -0.6140130323444155 -0.08542660283033268
v 0.0779606610776739 -0.6140130323444155 0.01987176819929415
v 0.15356447903972908 -0.6140130323444155 -0.08542660283033268
v 0.06627118270839348 -0.6696044815914117 0.0035930204953604494
v 0.13465271017737931 -0.6696044815914117 -0.09164516871511025
v 0.13465271017737931 -0.6696044815914117 -0.09164516871511025
v 0.15356447903972908 -0.6140130323444155 -0.21558375782191802
v 0.15356447903972908 -0.6140130323444155 -0.08542660283033268
v 0.15356447903972908 -0.6140130323444155 -0.21558375782191802
v 0.06627118270839348 -0.6696044815914117 -0.304602811521957
v 0.0779606610776739 -0.6140130323444155 -0.3208817443542283
v 0.15356447903972908 -0.6140130323444155 -0.21558375782191802
v 0.13465271017737931 -0.6696044815914117 -0.09164516871511025
v 0.13465271017737931 -0.6696044815914117 -0.20936519015706026
v 0.06627118270839348 -0.6696044815914117 -0.304602811521957
v 0.15356447903972908 -0.6140130323444155 -0.21558375782191802
v 0.13465271017737931 -0.6696044815914117 -0.20936519015706026
v 0.15356447903972908 -0.8363513271849181 -0.08542660283033268
v 0.06627118270839348 -0.7807597122623344 0.0035930204953604494
v 0.0779606610776739 -0.8363513271849181 0.01987176819929415
v 0.06627118270839348 -0.7807597122623344 0.0035930204953604494
v 0.15356447903972908 -0.8363513271849181 -0.08542660283033268
v 0.13465271017737931 -0.7807597122623344 -0.09164516871511025
v 0.15356447903972908 -0.8363513271849181 -0.08542660283033268
v 0.13465271017737931 -0.7807597122623344 -0.20936519015706026
v 0.13465271017737931 -0.7807597122623344 -0.09164516871511025
v 0.13465271017737931 -0.7807597122623344 -0.20936519015706026
v 0.15356447903972908 -0.8363513271849181 -0.08542660283033268
v 0.15356447903972908 -0.8363513271849181 -0.21558375782191802
v 0.15356447903972908 -0.8363513271849181 -0.21558375782191802
v 0.06627118270839348 -0.7807597122623344 -0.304602811521957
v 0.13465271017737931 -0.7807597122623344 -0.20936519015706026
v 0.06627118270839348 -0.7807597122623344 -0.304602811521957
v 0.15356447903972908 -0.8363513271849181 -0.21558375782191802
v 0.0779606610776739 -0.8363513271849181 -0.3208817443542283
v -0.04437083761739999 -0.8919288596825858 0.039969385973203764
v 0.13465271017737931 -0.8919288596825858 -0.09164516871511025
v 0.06627118270839348 -0.8919288596825858 0.0035930204953604494
v 0.13465271017737931 -0.8919288596825858 -0.09164516871511025
v -0.04437083761739999 -0.8919288596825858 0.039969385973203764
v 0.13465271017737931 -0.8919288596825858 -0.20936519015706026
v -0.04437083761739999 -0.8919288596825858 -0.34097956149711683
v 0.13465271017737931 -0.8919288596825858 -0.20936519015706026
v -0.04437083761739999 -0.8919288596825858 0.039969385973203764
v 0.13465271017737931 -0.8919288596825858 -0.20936519015706026
v -0.04437083761739999 -0.8919288596825858 -0.34097956149711683
v 0.06627118270839348 -0.8919288596825858 -0.304602811521957
v -0.04437083761739999 -0.8919288596825858 0.039969385973203764
v -0.2233947583518831 -0.8919288596825858 -0.09164516871511025
v -0.04437083761739999 -0.8919288596825858 -0.34097956149711683
v -0.2233947583518831 -0.8919288596825858 -0.09164516871511025
v -0.04437083761739999 -0.8919288596825858 0.039969385973203764
v -0.1550119150390366 -0.8919288596825858 0.0035930204953604494
v -0.04437083761739999 -0.8919288596825858 -0.34097956149711683
v -0.2233947583518831 -0.8919288596825858 -0.09164516871511025
v -0.2233947583518831 -0.8919288596825858 -0.20936519015706026
v -0.04437083761739999 -0.8919288596825858 -0.34097956149711683
v -0.2233947583518831 -0.8919288596825858 -0.20936519015706026
v -0.1550119150390366 -0.8919288596825858 -0.304602811521957
v -0.04437083761739999 -0.8363513271849181 0.060093576783879915
v 0.06627118270839348 -0.8919288596825858 0.0035930204953604494
v 0.0779606610776739 -0.8363513271849181 0.01987176819929415
v 0.06627118270839348 -0.8919288596825858 0.0035930204953604494
v -0.04437083761739999 -0.8363513271849181 0.060093576783879915
v -0.04437083761739999 -0.8919288596825858 0.039969385973203764
v -0.04437083761739999 -0.8363513271849181 0.060093576783879915
v -0.1550119150390366 -0.8919288596825858 0.0035930204953604494
v -0.04437083761739999 -0.8919288596825858 0.039969385973203764
v -0.1550119150390366 -0.8919288596825858 0.0035930204953604494
v -0.04437083761739999 -0.8363513271849181 0.060093576783879915
v -0.16670215336092103 -0.8363513271849181 0.01987176819929415
v -0.04437083761739999 -0.6140130323444155 0.060093576783879915
v -0.1550119150390366 -0.5584354998467478 0.0035930204953604494
v -0.16670215336092103 -0.6140130323444155 0.01987176819929415
v -0.1550119150390366 -0.5584354998467478 0.0035930204953604494
v -0.04437083761739999 -0.6140130323444155 0.060093576783879915
v -0.04437083761739999 -0.5584354998467478 0.039969385973203764
v -0.04437083761739999 -0.5584354998467478 0.039969385973203764
v -0.04437083761739999 -0.6140130323444155 0.060093576783879915
v 0.06627118270839348 -0.5584354998467478 0.0035930204953604494
v 0.06627118270839348 -0.5584354998467478 0.0035930204953604494
v -0.04437083761739999 -0.6140130323444155 0.060093576783879915
v 0.0779606610776739 -0.6140130323444155 0.01987176819929415
v -0.04437083761739999 -0.7251821797646667 0.060093576783879915
v -0.1550119150390366 -0.6696044815914117 0.0035930204953604494
v -0.16670215336092103 -0.7251821797646667 0.01987176819929415
v -0.1550119150390366 -0.6696044815914117 0.0035930204953604494
v -0.04437083761739999 -0.7251821797646667 0.060093576783879915
v -0.04437083761739999 -0.6696044815914117 0.039969385973203764
v -0.04437083761739999 -0.6696044815914117 0.039969385973203764
v -0.04437083761739999 -0.7251821797646667 0.060093576783879915
v 0.06627118270839348 -0.6696044815914117 0.0035930204953604494
v 0.06627118270839348 -0.6696044815914117 0.0035930204953604494
v -0.04437083761739999 -0.7251821797646667 0.060093576783879915
v 0.0779606610776739 -0.7251821797646667 0.01987176819929415
v -0.1550119150390366 -0.7807597122623344 0.0035930204953604494
v -0.04437083761739999 -0.7251821797646667 0.060093576783879915
v -0.16670215336092103 -0.7251821797646667 0.01987176819929415
v -0.04437083761739999 -0.7251821797646667 0.060093576783879915
v -0.1550119150390366 -0.7807597122623344 0.0035930204953604494
v -0.04437083761739999 -0.7807597122623344 0.039969385973203764
v 0.06627118270839348 -0.7807597122623344 0.0035930204953604494
v -0.04437083761739999 -0.7251821797646667 0.060093576783879915
v -0.04437083761739999 -0.7807597122623344 0.039969385973203764
v -0.04437083761739999 -0.7251821797646667 0.060093576783879915
v 0.06627118270839348 -0.7807597122623344 0.0035930204953604494
v 0.0779606610776739 -0.7251821797646667 0.01987176819929415
v -0.1550119150390366 -0.6696044815914117 0.0035930204953604494
v -0.04437083761739999 -0.6140130323444155 0.060093576783879915
v -0.16670215336092103 -0.6140130323444155 0.01987176819929415
v -0.04437083761739999 -0.6140130323444155 0.060093576783879915
v -0.1550119150390366 -0.6696044815914117 0.0035930204953604494
v -0.04437083761739999 -0.6696044815914117 0.039969385973203764
v 0.06627118270839348 -0.6696044815914117 0.0035930204953604494
v -0.04437083761739999 -0.6140130323444155 0.060093576783879915
v -0.04437083761739999 -0.6696044815914117 0.039969385973203764
v -0.04437083761739999 -0.6140130323444155 0.060093576783879915
v 0.06627118270839348 -0.6696044815914117 0.0035930204953604494
v 0.0779606610776739 -0.6140130323444155 0.01987176819929415
v -0.04437083761739999 -0.8363513271849181 0.060093576783879915
v -0.1550119150390366 -0.7807597122623344 0.0035930204953604494
v -0.16670215336092103 -0.8363513271849181 0.01987176819929415
v -0.1550119150390366 -0.7807597122623344 0.0035930204953604494
v -0.04437083761739999 -0.8363513271849181 0.060093576783879915
v -0.04437083761739999 -0.7807597122623344 0.039969385973203764
v -0.04437083761739999 -0.7807597122623344 0.039969385973203764
v -0.04437083761739999 -0.8363513271849181 0.060093576783879915
v 0.06627118270839348 -0.7807597122623344 0.0035930204953604494
v 0.06627118270839348 -0.7807597122623344 0.0035930204953604494
v -0.04437083761739999 -0.8363513271849181 0.060093576783879915
v 0.0779606610776739 -0.8363513271849181 0.01987176819929415
vt 24.00429916381836 -1.0099999904632568
vt 24.010099411010742 -1.0149999856948853
vt 24.01110076904297 -1.0099999904632568
vt 24.010099411010742 -1.0149999856948853
vt 24.00429916381836 -1.0099999904632568
vt 24.003799438476562 -1.0149999856948853
vt 24.003799438476562 -1.0149999856948853
vt 24.00429916381836 -1.0099999904632568
vt 23.996200561523438 -1.0149999856948853
vt 24.00429916381836 -1.0099999904632568
vt 23.99570083618164 -1.0099999904632568
vt 23.996200561523438 -1.0149999856948853
vt 23.996200561523438 -1.0149999856948853
vt 23.99570083618164 -1.0099999904632568
vt 23.989900588989258 -1.0149999856948853
vt 23.99570083618164 -1.0099999904632568
vt 23.98889923095703 -1.0099999904632568
vt 23.989900588989258 -1.0149999856948853
vt 24.01110076904297 -0.9900010228157043
vt 24.010099411010742 -0.9850019812583923
vt 24.00429916381836 -0.9900010228157043
vt 24.010099411010742 -0.9850019812583923
vt 24.003799438476562 -0.9850019812583923
vt 24.00429916381836 -0.9900010228157043
vt 24.00429916381836 -0.9900010228157043
vt 24.003799438476562 -0.9850019812583923
vt 23.99570083618164 -0.9900010228157043
vt 24.003799438476562 -0.9850019812583923
vt 23.996200561523438 -0.9850019812583923
vt 23.99570083618164 -0.9900010228157043
vt 23.989900588989258 -0.9850019812583923
vt 23.99570083618164 -0.9900010228157043
vt 23.996200561523438 -0.9850019812583923
vt 23.99570083618164 -0.9900010228157043
vt 23.989900588989258 -0.9850019812583923
vt 23.98889923095703 -0.9900010228157043
vt 24.01110076904297 -1
vt 24.010099411010742 -0.9950010180473328
vt 24.00429916381836 -1
vt 24.010099411010742 -0.9950010180473328
vt 24.003799438476562 -0.9950010180473328
vt 24.00429916381836 -1
vt 24.00429916381836 -1
vt 24.003799438476562 -0.9950010180473328
vt 23.99570083618164 -1
vt 24.003799438476562 -0.9950010180473328
vt 23.996200561523438 -0.9950010180473328
vt 23.99570083618164 -1
vt 23.989900588989258 -0.9950010180473328
vt 23.99570083618164 -1
vt 23.996200561523438 -0.9950010180473328
vt 23.99570083618164 -1
vt 23.989900588989258 -0.9950010180473328
vt 23.98889923095703 -1
vt 24.010099411010742 -1.0049999952316284
vt 24.00429916381836 -1
vt 24.003799438476562 -1.0049999952316284
vt 24.003799438476562 -1.0049999952316284
vt 24.00429916381836 -1
vt 23.996200561523438 -1.0049999952316284
vt 24.00429916381836 -1
vt 24.010099411010742 -1.0049999952316284
vt 24.01110076904297 -1
vt 24.00429916381836 -1
vt 23.99570083618164 -1
vt 23.996200561523438 -1.0049999952316284
vt 23.996200561523438 -1.0049999952316284
vt 23.99570083618164 -1
vt 23.989900588989258 -1.0049999952316284
vt 23.99570083618164 -1
vt 23.98889923095703 -1
vt 23.989900588989258 -1.0049999952316284
vt 24.010099411010742 -0.9950010180473328
vt 24.00429916381836 -0.9900010228157043
vt 24.003799438476562 -0.9950010180473328
vt 24.003799438476562 -0.9950010180473328
vt 24.00429916381836 -0.9900010228157043
vt 23.996200561523438 -0.9950010180473328
vt 24.00429916381836 -0.9900010228157043
vt 24.010099411010742 -0.9950010180473328
vt 24.01110076904297 -0.9900010228157043
vt 24.00429916381836 -0.9900010228157043
vt 23.99570083618164 -0.9900010228157043
vt 23.996200561523438 -0.9950010180473328
vt 23.996200561523438 -0.9950010180473328
vt 23.99570083618164 -0.9900010228157043
vt 23.989900588989258 -0.9950010180473328
vt 23.99570083618164 -0.9900010228157043
vt 23.98889923095703 -0.9900010228157043
vt 23.989900588989258 -0.9950010180473328
vt 24.01110076904297 -1.0099999904632568
vt 24.010099411010742 -1.0049999952316284
vt 24.00429916381836 -1.0099999904632568
vt 24.010099411010742 -1.0049999952316284
vt 24.003799438476562 -1.0049999952316284
vt 24.00429916381836 -1.0099999904632568
vt 24.00429916381836 -1.0099999904632568
vt 24.003799438476562 -1.0049999952316284
vt 23.99570083618164 -1.0099999904632568
vt 24.003799438476562 -1.0049999952316284
vt 23.996200561523438 -1.0049999952316284
vt 23.99570083618164 -1.0099999904632568
vt 23.989900588989258 -1.0049999952316284
vt 23.99570083618164 -1.0099999904632568
vt 23.996200561523438 -1.0049999952316284
vt 23.99570083618164 -1.0099999904632568
vt 23.989900588989258 -1.0049999952316284
vt 23.98889923095703 -1.0099999904632568
vt 24 -1.0124599933624268
vt 23.98819923400879 -1.003849983215332
vt 23.992700576782227 -1.0100799798965454
vt 23.98819923400879 -1.003849983215332
vt 24 -1.0124599933624268
vt 23.98819923400879 -0.9961509704589844
vt 24 -0.987542986869812
vt 23.98819923400879 -0.9961509704589844
vt 24 -1.0124599933624268
vt 23.98819923400879 -0.9961509704589844
vt 24 -0.987542986869812
vt 23.992700576782227 -0.9899219870567322
vt 24 -1.0124599933624268
vt 24.01180076599121 -1.003849983215332
vt 24 -0.987542986869812
vt 24.01180076599121 -1.003849983215332
vt 24 -1.0124599933624268
vt 24.007299423217773 -1.0100799798965454
vt 24 -0.987542986869812
vt 24.01180076599121 -1.003849983215332
vt 24.01180076599121 -0.9961509704589844
vt 24 -0.987542986869812
vt 24.01180076599121 -0.9961509704589844
vt 24.007299423217773 -0.9899219870567322
vt 23.992700576782227 -1.0149999856948853
vt 24 -1.0099999904632568
vt 23.991899490356445 -1.0099999904632568
vt 23.992700576782227 -1.0149999856948853
vt 24 -1.0149999856948853
vt 24 -1.0099999904632568
vt 24.007299423217773 -1.0149999856948853
vt 24 -1.0099999904632568
vt 24 -1.0149999856948853
vt 24 -1.0099999904632568
vt 24.007299423217773 -1.0149999856948853
vt 24.008100509643555 -1.0099999904632568
vt 24 -0.9900010228157043
vt 24.008100509643555 -0.9900010228157043
vt 24.007299423217773 -0.9850019812583923
vt 24 -0.9900010228157043
vt 24.007299423217773 -0.9850019812583923
vt 24 -0.9850019812583923
vt 23.992700576782227 -0.9850019812583923
vt 24 -0.9900010228157043
vt 24 -0.9850019812583923
vt 24 -0.9900010228157043
vt 23.992700576782227 -0.9850019812583923
vt 23.991899490356445 -0.9900010228157043
vt 24 -1
vt 24.008100509643555 -1
vt 24.007299423217773 -0.9950010180473328
vt 24 -1
vt 24.007299423217773 -0.9950010180473328
vt 24 -0.9950010180473328
vt 23.992700576782227 -0.9950010180473328
vt 24 -1
vt 24 -0.9950010180473328
vt 24 -1
vt 23.992700576782227 -0.9950010180473328
vt 23.991899490356445 -1
vt 24 -1
vt 24.007299423217773 -1.0049999952316284
vt 24.008100509643555 -1
vt 24.007299423217773 -1.0049999952316284
vt 24 -1
vt 24 -1.0049999952316284
vt 23.992700576782227 -1.0049999952316284
vt 24 -1.0049999952316284
vt 24 -1
vt 23.992700576782227 -1.0049999952316284
vt 24 -1
vt 23.991899490356445 -1
vt 24 -0.9900010228157043
vt 24.007299423217773 -0.9950010180473328
vt 24.008100509643555 -0.9900010228157043
vt 24.007299423217773 -0.9950010180473328
vt 24 -0.9900010228157043
vt 24 -0.9950010180473328
vt 23.992700576782227 -0.9950010180473328
vt 24 -0.9950010180473328
vt 24 -0.9900010228157043
vt 23.992700576782227 -0.9950010180473328
vt 24 -0.9900010228157043
vt 23.991899490356445 -0.9900010228157043
vt 24 -1.0099999904632568
vt 24.008100509643555 -1.0099999904632568
vt 24.007299423217773 -1.0049999952316284
vt 24 -1.0099999904632568
vt 24.007299423217773 -1.0049999952316284
vt 24 -1.0049999952316284
vt 23.992700576782227 -1.0049999952316284
vt 24 -1.0099999904632568
vt 24 -1.0049999952316284
vt 24 -1.0099999904632568
vt 23.992700576782227 -1.0049999952316284
vt 23.991899490356445 -1.0099999904632568
vt 23.989900588989258 -1.0149999856948853
vt 23.99570083618164 -1.0099999904632568
vt 23.98889923095703 -1.0099999904632568
vt 23.99570083618164 -1.0099999904632568
vt 23.989900588989258 -1.0149999856948853
vt 23.996200561523438 -1.0149999856948853
vt 23.996200561523438 -1.0149999856948853
vt 24.00429916381836 -1.0099999904632568
vt 23.99570083618164 -1.0099999904632568
vt 24.00429916381836 -1.0099999904632568
vt 23.996200561523438 -1.0149999856948853
vt 24.003799438476562 -1.0149999856948853
vt 24.010099411010742 -1.0149999856948853
vt 24.00429916381836 -1.0099999904632568
vt 24.003799438476562 -1.0149999856948853
vt 24.00429916381836 -1.0099999904632568
vt 24.010099411010742 -1.0149999856948853
vt 24.01110076904297 -1.0099999904632568
vt 23.99570083618164 -0.9900010228157043
vt 23.989900588989258 -0.9850019812583923
vt 23.98889923095703 -0.9900010228157043
vt 23.989900588989258 -0.9850019812583923
vt 23.99570083618164 -0.9900010228157043
vt 23.996200561523438 -0.9850019812583923
vt 23.99570083618164 -0.9900010228157043
vt 24.003799438476562 -0.9850019812583923
vt 23.996200561523438 -0.9850019812583923
vt 24.003799438476562 -0.9850019812583923
vt 23.99570083618164 -0.9900010228157043
vt 24.00429916381836 -0.9900010228157043
vt 24.00429916381836 -0.9900010228157043
vt 24.010099411010742 -0.9850019812583923
vt 24.003799438476562 -0.9850019812583923
vt 24.010099411010742 -0.9850019812583923
vt 24.00429916381836 -0.9900010228157043
vt 24.01110076904297 -0.9900010228157043
vt 23.99570083618164 -1
vt 23.989900588989258 -0.9950010180473328
vt 23.98889923095703 -1
vt 23.989900588989258 -0.9950010180473328
vt 23.99570083618164 -1
vt 23.996200561523438 -0.9950010180473328
vt 23.99570083618164 -1
vt 24.003799438476562 -0.9950010180473328
vt 23.996200561523438 -0.9950010180473328
vt 24.003799438476562 -0.9950010180473328
vt 23.99570083618164 -1
vt 24.00429916381836 -1
vt 24.00429916381836 -1
vt 24.010099411010742 -0.9950010180473328
vt 24.003799438476562 -0.9950010180473328
vt 24.010099411010742 -0.9950010180473328
vt 24.00429916381836 -1
vt 24.01110076904297 -1
vt 23.989900588989258 -1.0049999952316284
vt 23.99570083618164 -1
vt 23.98889923095703 -1
vt 23.99570083618164 -1
vt 23.989900588989258 -1.0049999952316284
vt 23.996200561523438 -1.0049999952316284
vt 23.996200561523438 -1.0049999952316284
vt 24.00429916381836 -1
vt 23.99570083618164 -1
vt 24.00429916381836 -1
vt 24.010099411010742 -1.0049999952316284
vt 24.01110076904297 -1
vt 24.00429916381836 -1
vt 23.996200561523438 -1.0049999952316284
vt 24.003799438476562 -1.0049999952316284
vt 24.010099411010742 -1.0049999952316284
vt 24.00429916381836 -1
vt 24.003799438476562 -1.0049999952316284
vt 23.989900588989258 -0.9950010180473328
vt 23.99570083618164 -0.9900010228157043
vt 23.98889923095703 -0.9900010228157043
vt 23.99570083618164 -0.9900010228157043
vt 23.989900588989258 -0.9950010180473328
vt 23.996200561523438 -0.9950010180473328
vt 23.996200561523438 -0.9950010180473328
vt 24.00429916381836 -0.9900010228157043
vt 23.99570083618164 -0.9900010228157043
vt 24.00429916381836 -0.9900010228157043
vt 24.010099411010742 -0.9950010180473328
vt 24.01110076904297 -0.9900010228157043
vt 24.00429916381836 -0.9900010228157043
vt 23.996200561523438 -0.9950010180473328
vt 24.003799438476562 -0.9950010180473328
vt 24.010099411010742 -0.9950010180473328
vt 24.00429916381836 -0.9900010228157043
vt 24.003799438476562 -0.9950010180473328
vt 23.99570083618164 -1.0099999904632568
vt 23.989900588989258 -1.0049999952316284
vt 23.98889923095703 -1.0099999904632568
vt 23.989900588989258 -1.0049999952316284
vt 23.99570083618164 -1.0099999904632568
vt 23.996200561523438 -1.0049999952316284
vt 23.99570083618164 -1.0099999904632568
vt 24.003799438476562 -1.0049999952316284
vt 23.996200561523438 -1.0049999952316284
vt 24.003799438476562 -1.0049999952316284
vt 23.99570083618164 -1.0099999904632568
vt 24.00429916381836 -1.0099999904632568
vt 24.00429916381836 -1.0099999904632568
vt 24.010099411010742 -1.0049999952316284
vt 24.003799438476562 -1.0049999952316284
vt 24.010099411010742 -1.0049999952316284
vt 24.00429916381836 -1.0099999904632568
vt 24.01110076904297 -1.0099999904632568
vt 24 -1.0124599933624268
vt 23.98819923400879 -1.003849983215332
vt 23.992700576782227 -1.0100799798965454
vt 23.98819923400879 -1.003849983215332
vt 24 -1.0124599933624268
vt 23.98819923400879 -0.9961509704589844
vt 24 -0.987542986869812
vt 23.98819923400879 -0.9961509704589844
vt 24 -1.0124599933624268
vt 23.98819923400879 -0.9961509704589844
vt 24 -0.987542986869812
vt 23.992700576782227 -0.9899219870567322
vt 24 -1.0124599933624268
vt 24.01180076599121 -1.003849983215332
vt 24 -0.987542986869812
vt 24.01180076599121 -1.003849983215332
vt 24 -1.0124599933624268
vt 24.007299423217773 -1.0100799798965454
vt 24 -0.987542986869812
vt 24.01180076599121 -1.003849983215332
vt 24.01180076599121 -0.9961509704589844
vt 24 -0.987542986869812
vt 24.01180076599121 -0.9961509704589844
vt 24.007299423217773 -0.9899219870567322
vt 24 -1.0099999904632568
vt 24.007299423217773 -1.0149999856948853
vt 24.008100509643555 -1.0099999904632568
vt 24.007299423217773 -1.0149999856948853
vt 24 -1.0099999904632568
vt 24 -1.0149999856948853
vt 24 -1.0099999904632568
vt 23.992700576782227 -1.0149999856948853
vt 24 -1.0149999856948853
vt 23.992700576782227 -1.0149999856948853
vt 24 -1.0099999904632568
vt 23.991899490356445 -1.0099999904632568
vt 24 -0.9900010228157043
vt 23.992700576782227 -0.9850019812583923
vt 23.991899490356445 -0.9900010228157043
vt 23.992700576782227 -0.9850019812583923
vt 24 -0.9900010228157043
vt 24 -0.9850019812583923
vt 24 -0.9850019812583923
vt 24 -0.9900010228157043
vt 24.007299423217773 -0.9850019812583923
vt 24.007299423217773 -0.9850019812583923
vt 24 -0.9900010228157043
vt 24.008100509643555 -0.9900010228157043
vt 24 -1
vt 23.992700576782227 -0.9950010180473328
vt 23.991899490356445 -1
vt 23.992700576782227 -0.9950010180473328
vt 24 -1
vt 24 -0.9950010180473328
vt 24 -0.9950010180473328
vt 24 -1
vt 24.007299423217773 -0.9950010180473328
vt 24.007299423217773 -0.9950010180473328
vt 24 -1
vt 24.008100509643555 -1
vt 23.992700576782227 -1.0049999952316284
vt 24 -1
vt 23.991899490356445 -1
vt 24 -1
vt 23.992700576782227 -1.0049999952316284
vt 24 -1.0049999952316284
vt 24.007299423217773 -1.0049999952316284
vt 24 -1
vt 24 -1.0049999952316284
vt 24 -1
vt 24.007299423217773 -1.0049999952316284
vt 24.008100509643555 -1
vt 23.992700576782227 -0.9950010180473328
vt 24 -0.9900010228157043
vt 23.991899490356445 -0.9900010228157043
vt 24 -0.9900010228157043
vt 23.992700576782227 -0.9950010180473328
vt 24 -0.9950010180473328
vt 24.007299423217773 -0.9950010180473328
vt 24 -0.9900010228157043
vt 24 -0.9950010180473328
vt 24 -0.9900010228157043
vt 24.007299423217773 -0.9950010180473328
vt 24.008100509643555 -0.9900010228157043
vt 24 -1.0099999904632568
vt 23.992700576782227 -1.0049999952316284
vt 23.991899490356445 -1.0099999904632568
vt 23.992700576782227 -1.0049999952316284
vt 24 -1.0099999904632568
vt 24 -1.0049999952316284
vt 24 -1.0049999952316284
vt 24 -1.0099999904632568
vt 24.007299423217773 -1.0049999952316284
vt 24.007299423217773 -1.0049999952316284
vt 24 -1.0099999904632568
vt 24.008100509643555 -1.0099999904632568
vn -0.8975929813650262 -0.333655719553239 0.28809842174794015
vn -0.558032173818006 -0.33707917336675414 0.7582728558153301
vn -0.558032173818006 -0.33707917336675414 0.7582728558153301
vn -0.558032173818006 -0.33707917336675414 0.7582728558153301
vn -0.8975929813650262 -0.333655719553239 0.28809842174794015
vn -0.8975929813650262 -0.333655719553239 0.28809842174794015
vn -0.8975929813650262 -0.333655719553239 0.28809842174794015
vn -0.8975929813650262 -0.333655719553239 0.28809842174794015
vn -0.8975929813650262 -0.333655719553239 -0.28809842174794015
vn -0.8975929813650262 -0.333655719553239 0.28809842174794015
vn -0.8975929813650262 -0.333655719553239 -0.28809842174794015
vn -0.8975929813650262 -0.333655719553239 -0.28809842174794015
vn -0.8975929813650262 -0.333655719553239 -0.28809842174794015
vn -0.8975929813650262 -0.333655719553239 -0.28809842174794015
vn -0.558032173818006 -0.33707917336675414 -0.7582728558153301
vn -0.8975929813650262 -0.333655719553239 -0.28809842174794015
vn -0.558032173818006 -0.33707917336675414 -0.7582728558153301
vn -0.558032173818006 -0.33707917336675414 -0.7582728558153301
vn -0.558032173818006 0.33707917336675414 0.7582728558153301
vn -0.558032173818006 0.33707917336675414 0.7582728558153301
vn -0.8975929813650262 0.333655719553239 0.28809842174794015
vn -0.558032173818006 0.33707917336675414 0.7582728558153301
vn -0.8975929813650262 0.333655719553239 0.28809842174794015
vn -0.8975929813650262 0.333655719553239 0.28809842174794015
vn -0.8975929813650262 0.333655719553239 0.28809842174794015
vn -0.8975929813650262 0.333655719553239 0.28809842174794015
vn -0.8975929813650262 0.333655719553239 -0.28809842174794015
vn -0.8975929813650262 0.333655719553239 0.28809842174794015
vn -0.8975929813650262 0.333655719553239 -0.28809842174794015
vn -0.8975929813650262 0.333655719553239 -0.28809842174794015
vn -0.558032173818006 0.33707917336675414 -0.7582728558153301
vn -0.8975929813650262 0.333655719553239 -0.28809842174794015
vn -0.8975929813650262 0.333655719553239 -0.28809842174794015
vn -0.8975929813650262 0.333655719553239 -0.28809842174794015
vn -0.558032173818006 0.33707917336675414 -0.7582728558153301
vn -0.558032173818006 0.33707917336675414 -0.7582728558153301
vn -0.558032173818006 0.33707917336675414 0.7582728558153301
vn -0.558032173818006 0.33707917336675414 0.7582728558153301
vn -0.8975929813650262 0.333655719553239 0.28809842174794015
vn -0.558032173818006 0.33707917336675414 0.7582728558153301
vn -0.8975929813650262 0.333655719553239 0.28809842174794015
vn -0.8975929813650262 0.333655719553239 0.28809842174794015
vn -0.8975929813650262 0.333655719553239 0.28809842174794015
vn -0.8975929813650262 0.333655719553239 0.28809842174794015
vn -0.8975929813650262 0.333655719553239 -0.28809842174794015
vn -0.8975929813650262 0.333655719553239 0.28809842174794015
vn -0.8975929813650262 0.333655719553239 -0.28809842174794015
vn -0.8975929813650262 0.333655719553239 -0.28809842174794015
vn -0.558032173818006 0.33707917336675414 -0.7582728558153301
vn -0.8975929813650262 0.333655719553239 -0.28809842174794015
vn -0.8975929813650262 0.333655719553239 -0.28809842174794015
vn -0.8975929813650262 0.333655719553239 -0.28809842174794015
vn -0.558032173818006 0.33707917336675414 -0.7582728558153301
vn -0.558032173818006 0.33707917336675414 -0.7582728558153301
vn -0.558032173818006 -0.33707917336675414 0.7582728558153301
vn -0.8975929813650262 -0.333655719553239 0.28809842174794015
vn -0.8975929813650262 -0.333655719553239 0.28809842174794015
vn -0.8975929813650262 -0.333655719553239 0.28809842174794015
vn -0.8975929813650262 -0.333655719553239 0.28809842174794015
vn -0.8975929813650262 -0.333655719553239 -0.28809842174794015
vn -0.8975929813650262 -0.333655719553239 0.28809842174794015
vn -0.558032173818006 -0.33707917336675414 0.7582728558153301
vn -0.558032173818006 -0.33707917336675414 0.7582728558153301
vn -0.8975929813650262 -0.333655719553239 0.28809842174794015
vn -0.8975929813650262 -0.333655719553239 -0.28809842174794015
vn -0.8975929813650262 -0.333655719553239 -0.28809842174794015
vn -0.8975929813650262 -0.333655719553239 -0.28809842174794015
vn -0.8975929813650262 -0.333655719553239 -0.28809842174794015
vn -0.558032173818006 -0.33707917336675414 -0.7582728558153301
vn -0.8975929813650262 -0.333655719553239 -0.28809842174794015
vn -0.558032173818006 -0.33707917336675414 -0.7582728558153301
vn -0.558032173818006 -0.33707917336675414 -0.7582728558153301
vn -0.558032173818006 -0.33707917336675414 0.7582728558153301
vn -0.8975929813650262 -0.333655719553239 0.28809842174794015
vn -0.8975929813650262 -0.333655719553239 0.28809842174794015
vn -0.8975929813650262 -0.333655719553239 0.28809842174794015
vn -0.8975929813650262 -0.333655719553239 0.28809842174794015
vn -0.8975929813650262 -0.333655719553239 -0.28809842174794015
vn -0.8975929813650262 -0.333655719553239 0.28809842174794015
vn -0.558032173818006 -0.33707917336675414 0.7582728558153301
vn -0.558032173818006 -0.33707917336675414 0.7582728558153301
vn -0.8975929813650262 -0.333655719553239 0.28809842174794015
vn -0.8975929813650262 -0.333655719553239 -0.28809842174794015
vn -0.8975929813650262 -0.333655719553239 -0.28809842174794015
vn -0.8975929813650262 -0.333655719553239 -0.28809842174794015
vn -0.8975929813650262 -0.333655719553239 -0.28809842174794015
vn -0.558032173818006 -0.33707917336675414 -0.7582728558153301
vn -0.8975929813650262 -0.333655719553239 -0.28809842174794015
vn -0.558032173818006 -0.33707917336675414 -0.7582728558153301
vn -0.558032173818006 -0.33707917336675414 -0.7582728558153301
vn -0.558032173818006 0.33707917336675414 0.7582728558153301
vn -0.558032173818006 0.33707917336675414 0.7582728558153301
vn -0.8975929813650262 0.333655719553239 0.28809842174794015
vn -0.558032173818006 0.33707917336675414 0.7582728558153301
vn -0.8975929813650262 0.333655719553239 0.28809842174794015
vn -0.8975929813650262 0.333655719553239 0.28809842174794015
vn -0.8975929813650262 0.333655719553239 0.28809842174794015
vn -0.8975929813650262 0.333655719553239 0.28809842174794015
vn -0.8975929813650262 0.333655719553239 -0.28809842174794015
vn -0.8975929813650262 0.333655719553239 0.28809842174794015
vn -0.8975929813650262 0.333655719553239 -0.28809842174794015
vn -0.8975929813650262 0.333655719553239 -0.28809842174794015
vn -0.558032173818006 0.33707917336675414 -0.7582728558153301
vn -0.8975929813650262 0.333655719553239 -0.28809842174794015
vn -0.8975929813650262 0.333655719553239 -0.28809842174794015
vn -0.8975929813650262 0.333655719553239 -0.28809842174794015
vn -0.558032173818006 0.33707917336675414 -0.7582728558153301
vn -0.558032173818006 0.33707917336675414 -0.7582728558153301
vn 0 1 0
vn 0 1 0
vn 0 1 0
vn 0 1 0
vn 0 1 0
vn 0 1 0
vn 0 1 0
vn 0 1 0
vn 0 1 0
vn 0 1 0
vn 0 1 0
vn 0 1 0
vn 0 1 0
vn 0 1 0
vn 0 1 0
vn 0 1 0
vn 0 1 0
vn 0 1 0
vn 0 1 0
vn 0 1 0
vn 0 1 0
vn 0 1 0
vn 0 1 0
vn 0 1 0
vn 0.558032173818006 -0.33707917336675414 -0.7582728558153301
vn 0 -0.3368825897906868 -0.9415466641096021
vn 0.558032173818006 -0.33707917336675414 -0.7582728558153301
vn 0.558032173818006 -0.33707917336675414 -0.7582728558153301
vn 0 -0.3368825897906868 -0.9415466641096021
vn 0 -0.3368825897906868 -0.9415466641096021
vn -0.558032173818006 -0.33707917336675414 -0.7582728558153301
vn 0 -0.3368825897906868 -0.9415466641096021
vn 0 -0.3368825897906868 -0.9415466641096021
vn 0 -0.3368825897906868 -0.9415466641096021
vn -0.558032173818006 -0.33707917336675414 -0.7582728558153301
vn -0.558032173818006 -0.33707917336675414 -0.7582728558153301
vn 0 0.3368825897906868 -0.9415466641096021
vn -0.558032173818006 0.33707917336675414 -0.7582728558153301
vn -0.558032173818006 0.33707917336675414 -0.7582728558153301
vn 0 0.3368825897906868 -0.9415466641096021
vn -0.558032173818006 0.33707917336675414 -0.7582728558153301
vn 0 0.3368825897906868 -0.9415466641096021
vn 0.558032173818006 0.33707917336675414 -0.7582728558153301
vn 0 0.3368825897906868 -0.9415466641096021
vn 0 0.3368825897906868 -0.9415466641096021
vn 0 0.3368825897906868 -0.9415466641096021
vn 0.558032173818006 0.33707917336675414 -0.7582728558153301
vn 0.558032173818006 0.33707917336675414 -0.7582728558153301
vn 0 0.3368825897906868 -0.9415466641096021
vn -0.558032173818006 0.33707917336675414 -0.7582728558153301
vn -0.558032173818006 0.33707917336675414 -0.7582728558153301
vn 0 0.3368825897906868 -0.9415466641096021
vn -0.558032173818006 0.33707917336675414 -0.7582728558153301
vn 0 0.3368825897906868 -0.9415466641096021
vn 0.558032173818006 0.33707917336675414 -0.7582728558153301
vn 0 0.3368825897906868 -0.9415466641096021
vn 0 0.3368825897906868 -0.9415466641096021
vn 0 0.3368825897906868 -0.9415466641096021
vn 0.558032173818006 0.33707917336675414 -0.7582728558153301
vn 0.558032173818006 0.33707917336675414 -0.7582728558153301
vn 0 -0.3368825897906868 -0.9415466641096021
vn -0.558032173818006 -0.33707917336675414 -0.7582728558153301
vn -0.558032173818006 -0.33707917336675414 -0.7582728558153301
vn -0.558032173818006 -0.33707917336675414 -0.7582728558153301
vn 0 -0.3368825897906868 -0.9415466641096021
vn 0 -0.3368825897906868 -0.9415466641096021
vn 0.558032173818006 -0.33707917336675414 -0.7582728558153301
vn 0 -0.3368825897906868 -0.9415466641096021
vn 0 -0.3368825897906868 -0.9415466641096021
vn 0.558032173818006 -0.33707917336675414 -0.7582728558153301
vn 0 -0.3368825897906868 -0.9415466641096021
vn 0.558032173818006 -0.33707917336675414 -0.7582728558153301
vn 0 -0.3368825897906868 -0.9415466641096021
vn -0.558032173818006 -0.33707917336675414 -0.7582728558153301
vn -0.558032173818006 -0.33707917336675414 -0.7582728558153301
vn -0.558032173818006 -0.33707917336675414 -0.7582728558153301
vn 0 -0.3368825897906868 -0.9415466641096021
vn 0 -0.3368825897906868 -0.9415466641096021
vn 0.558032173818006 -0.33707917336675414 -0.7582728558153301
vn 0 -0.3368825897906868 -0.9415466641096021
vn 0 -0.3368825897906868 -0.9415466641096021
vn 0.558032173818006 -0.33707917336675414 -0.7582728558153301
vn 0 -0.3368825897906868 -0.9415466641096021
vn 0.558032173818006 -0.33707917336675414 -0.7582728558153301
vn 0 0.3368825897906868 -0.9415466641096021
vn -0.558032173818006 0.33707917336675414 -0.7582728558153301
vn -0.558032173818006 0.33707917336675414 -0.7582728558153301
vn 0 0.3368825897906868 -0.9415466641096021
vn -0.558032173818006 0.33707917336675414 -0.7582728558153301
vn 0 0.3368825897906868 -0.9415466641096021
vn 0.558032173818006 0.33707917336675414 -0.7582728558153301
vn 0 0.3368825897906868 -0.9415466641096021
vn 0 0.3368825897906868 -0.9415466641096021
vn 0 0.3368825897906868 -0.9415466641096021
vn 0.558032173818006 0.33707917336675414 -0.7582728558153301
vn 0.558032173818006 0.33707917336675414 -0.7582728558153301
vn 0.558032173818006 -0.33707917336675414 0.7582728558153301
vn 0.8975929813650262 -0.333655719553239 0.28809842174794015
vn 0.558032173818006 -0.33707917336675414 0.7582728558153301
vn 0.8975929813650262 -0.333655719553239 0.28809842174794015
vn 0.558032173818006 -0.33707917336675414 0.7582728558153301
vn 0.8975929813650262 -0.333655719553239 0.28809842174794015
vn 0.8975929813650262 -0.333655719553239 0.28809842174794015
vn 0.8975929813650262 -0.333655719553239 -0.28809842174794015
vn 0.8975929813650262 -0.333655719553239 0.28809842174794015
vn 0.8975929813650262 -0.333655719553239 -0.28809842174794015
vn 0.8975929813650262 -0.333655719553239 0.28809842174794015
vn 0.8975929813650262 -0.333655719553239 -0.28809842174794015
vn 0.558032173818006 -0.33707917336675414 -0.7582728558153301
vn 0.8975929813650262 -0.333655719553239 -0.28809842174794015
vn 0.8975929813650262 -0.333655719553239 -0.28809842174794015
vn 0.8975929813650262 -0.333655719553239 -0.28809842174794015
vn 0.558032173818006 -0.33707917336675414 -0.7582728558153301
vn 0.558032173818006 -0.33707917336675414 -0.7582728558153301
vn 0.8975929813650262 0.333655719553239 0.28809842174794015
vn 0.558032173818006 0.33707917336675414 0.7582728558153301
vn 0.558032173818006 0.33707917336675414 0.7582728558153301
vn 0.558032173818006 0.33707917336675414 0.7582728558153301
vn 0.8975929813650262 0.333655719553239 0.28809842174794015
vn 0.8975929813650262 0.333655719553239 0.28809842174794015
vn 0.8975929813650262 0.333655719553239 0.28809842174794015
vn 0.8975929813650262 0.333655719553239 -0.28809842174794015
vn 0.8975929813650262 0.333655719553239 0.28809842174794015
vn 0.8975929813650262 0.333655719553239 -0.28809842174794015
vn 0.8975929813650262 0.333655719553239 0.28809842174794015
vn 0.8975929813650262 0.333655719553239 -0.28809842174794015
vn 0.8975929813650262 0.333655719553239 -0.28809842174794015
vn 0.558032173818006 0.33707917336675414 -0.7582728558153301
vn 0.8975929813650262 0.333655719553239 -0.28809842174794015
vn 0.558032173818006 0.33707917336675414 -0.7582728558153301
vn 0.8975929813650262 0.333655719553239 -0.28809842174794015
vn 0.558032173818006 0.33707917336675414 -0.7582728558153301
vn 0.8975929813650262 0.333655719553239 0.28809842174794015
vn 0.558032173818006 0.33707917336675414 0.7582728558153301
vn 0.558032173818006 0.33707917336675414 0.7582728558153301
vn 0.558032173818006 0.33707917336675414 0.7582728558153301
vn 0.8975929813650262 0.333655719553239 0.28809842174794015
vn 0.8975929813650262 0.333655719553239 0.28809842174794015
vn 0.8975929813650262 0.333655719553239 0.28809842174794015
vn 0.8975929813650262 0.333655719553239 -0.28809842174794015
vn 0.8975929813650262 0.333655719553239 0.28809842174794015
vn 0.8975929813650262 0.333655719553239 -0.28809842174794015
vn 0.8975929813650262 0.333655719553239 0.28809842174794015
vn 0.8975929813650262 0.333655719553239 -0.28809842174794015
vn 0.8975929813650262 0.333655719553239 -0.28809842174794015
vn 0.558032173818006 0.33707917336675414 -0.7582728558153301
vn 0.8975929813650262 0.333655719553239 -0.28809842174794015
vn 0.558032173818006 0.33707917336675414 -0.7582728558153301
vn 0.8975929813650262 0.333655719553239 -0.28809842174794015
vn 0.558032173818006 0.33707917336675414 -0.7582728558153301
vn 0.558032173818006 -0.33707917336675414 0.7582728558153301
vn 0.8975929813650262 -0.333655719553239 0.28809842174794015
vn 0.558032173818006 -0.33707917336675414 0.7582728558153301
vn 0.8975929813650262 -0.333655719553239 0.28809842174794015
vn 0.558032173818006 -0.33707917336675414 0.7582728558153301
vn 0.8975929813650262 -0.333655719553239 0.28809842174794015
vn 0.8975929813650262 -0.333655719553239 0.28809842174794015
vn 0.8975929813650262 -0.333655719553239 -0.28809842174794015
vn 0.8975929813650262 -0.333655719553239 0.28809842174794015
vn 0.8975929813650262 -0.333655719553239 -0.28809842174794015
vn 0.558032173818006 -0.33707917336675414 -0.7582728558153301
vn 0.558032173818006 -0.33707917336675414 -0.7582728558153301
vn 0.8975929813650262 -0.333655719553239 -0.28809842174794015
vn 0.8975929813650262 -0.333655719553239 0.28809842174794015
vn 0.8975929813650262 -0.333655719553239 -0.28809842174794015
vn 0.558032173818006 -0.33707917336675414 -0.7582728558153301
vn 0.8975929813650262 -0.333655719553239 -0.28809842174794015
vn 0.8975929813650262 -0.333655719553239 -0.28809842174794015
vn 0.558032173818006 -0.33707917336675414 0.7582728558153301
vn 0.8975929813650262 -0.333655719553239 0.28809842174794015
vn 0.558032173818006 -0.33707917336675414 0.7582728558153301
vn 0.8975929813650262 -0.333655719553239 0.28809842174794015
vn 0.558032173818006 -0.33707917336675414 0.7582728558153301
vn 0.8975929813650262 -0.333655719553239 0.28809842174794015
vn 0.8975929813650262 -0.333655719553239 0.28809842174794015
vn 0.8975929813650262 -0.333655719553239 -0.28809842174794015
vn 0.8975929813650262 -0.333655719553239 0.28809842174794015
vn 0.8975929813650262 -0.333655719553239 -0.28809842174794015
vn 0.558032173818006 -0.33707917336675414 -0.7582728558153301
vn 0.558032173818006 -0.33707917336675414 -0.7582728558153301
vn 0.8975929813650262 -0.333655719553239 -0.28809842174794015
vn 0.8975929813650262 -0.333655719553239 0.28809842174794015
vn 0.8975929813650262 -0.333655719553239 -0.28809842174794015
vn 0.558032173818006 -0.33707917336675414 -0.7582728558153301
vn 0.8975929813650262 -0.333655719553239 -0.28809842174794015
vn 0.8975929813650262 -0.333655719553239 -0.28809842174794015
vn 0.8975929813650262 0.333655719553239 0.28809842174794015
vn 0.558032173818006 0.33707917336675414 0.7582728558153301
vn 0.558032173818006 0.33707917336675414 0.7582728558153301
vn 0.558032173818006 0.33707917336675414 0.7582728558153301
vn 0.8975929813650262 0.333655719553239 0.28809842174794015
vn 0.8975929813650262 0.333655719553239 0.28809842174794015
vn 0.8975929813650262 0.333655719553239 0.28809842174794015
vn 0.8975929813650262 0.333655719553239 -0.28809842174794015
vn 0.8975929813650262 0.333655719553239 0.28809842174794015
vn 0.8975929813650262 0.333655719553239 -0.28809842174794015
vn 0.8975929813650262 0.333655719553239 0.28809842174794015
vn 0.8975929813650262 0.333655719553239 -0.28809842174794015
vn 0.8975929813650262 0.333655719553239 -0.28809842174794015
vn 0.558032173818006 0.33707917336675414 -0.7582728558153301
vn 0.8975929813650262 0.333655719553239 -0.28809842174794015
vn 0.558032173818006 0.33707917336675414 -0.7582728558153301
vn 0.8975929813650262 0.333655719553239 -0.28809842174794015
vn 0.558032173818006 0.33707917336675414 -0.7582728558153301
vn 0 -1 0
vn 0 -1 0
vn 0 -1 0
vn 0 -1 0
vn 0 -1 0
vn 0 -1 0
vn 0 -1 0
vn 0 -1 0
vn 0 -1 0
vn 0 -1 0
vn 0 -1 0
vn 0 -1 0
vn 0 -1 0
vn 0 -1 0
vn 0 -1 0
vn 0 -1 0
vn 0 -1 0
vn 0 -1 0
vn 0 -1 0
vn 0 -1 0
vn 0 -1 0
vn 0 -1 0
vn 0 -1 0
vn 0 -1 0
vn 0 -0.3368825897906868 0.9415466641096021
vn 0.558032173818006 -0.33707917336675414 0.7582728558153301
vn 0.558032173818006 -0.33707917336675414 0.7582728558153301
vn 0.558032173818006 -0.33707917336675414 0.7582728558153301
vn 0 -0.3368825897906868 0.9415466641096021
vn 0 -0.3368825897906868 0.9415466641096021
vn 0 -0.3368825897906868 0.9415466641096021
vn -0.558032173818006 -0.33707917336675414 0.7582728558153301
vn 0 -0.3368825897906868 0.9415466641096021
vn -0.558032173818006 -0.33707917336675414 0.7582728558153301
vn 0 -0.3368825897906868 0.9415466641096021
vn -0.558032173818006 -0.33707917336675414 0.7582728558153301
vn 0 0.3368825897906868 0.9415466641096021
vn -0.558032173818006 0.33707917336675414 0.7582728558153301
vn -0.558032173818006 0.33707917336675414 0.7582728558153301
vn -0.558032173818006 0.33707917336675414 0.7582728558153301
vn 0 0.3368825897906868 0.9415466641096021
vn 0 0.3368825897906868 0.9415466641096021
vn 0 0.3368825897906868 0.9415466641096021
vn 0 0.3368825897906868 0.9415466641096021
vn 0.558032173818006 0.33707917336675414 0.7582728558153301
vn 0.558032173818006 0.33707917336675414 0.7582728558153301
vn 0 0.3368825897906868 0.9415466641096021
vn 0.558032173818006 0.33707917336675414 0.7582728558153301
vn 0 0.3368825897906868 0.9415466641096021
vn -0.558032173818006 0.33707917336675414 0.7582728558153301
vn -0.558032173818006 0.33707917336675414 0.7582728558153301
vn -0.558032173818006 0.33707917336675414 0.7582728558153301
vn 0 0.3368825897906868 0.9415466641096021
vn 0 0.3368825897906868 0.9415466641096021
vn 0 0.3368825897906868 0.9415466641096021
vn 0 0.3368825897906868 0.9415466641096021
vn 0.558032173818006 0.33707917336675414 0.7582728558153301
vn 0.558032173818006 0.33707917336675414 0.7582728558153301
vn 0 0.3368825897906868 0.9415466641096021
vn 0.558032173818006 0.33707917336675414 0.7582728558153301
vn -0.558032173818006 -0.33707917336675414 0.7582728558153301
vn 0 -0.3368825897906868 0.9415466641096021
vn -0.558032173818006 -0.33707917336675414 0.7582728558153301
vn 0 -0.3368825897906868 0.9415466641096021
vn -0.558032173818006 -0.33707917336675414 0.7582728558153301
vn 0 -0.3368825897906868 0.9415466641096021
vn 0.558032173818006 -0.33707917336675414 0.7582728558153301
vn 0 -0.3368825897906868 0.9415466641096021
vn 0 -0.3368825897906868 0.9415466641096021
vn 0 -0.3368825897906868 0.9415466641096021
vn 0.558032173818006 -0.33707917336675414 0.7582728558153301
vn 0.558032173818006 -0.33707917336675414 0.7582728558153301
vn -0.558032173818006 -0.33707917336675414 0.7582728558153301
vn 0 -0.3368825897906868 0.9415466641096021
vn -0.558032173818006 -0.33707917336675414 0.7582728558153301
vn 0 -0.3368825897906868 0.9415466641096021
vn -0.558032173818006 -0.33707917336675414 0.7582728558153301
vn 0 -0.3368825897906868 0.9415466641096021
vn 0.558032173818006 -0.33707917336675414 0.7582728558153301
vn 0 -0.3368825897906868 0.9415466641096021
vn 0 -0.3368825897906868 0.9415466641096021
vn 0 -0.3368825897906868 0.9415466641096021
vn 0.558032173818006 -0.33707917336675414 0.7582728558153301
vn 0.558032173818006 -0.33707917336675414 0.7582728558153301
vn 0 0.3368825897906868 0.9415466641096021
vn -0.558032173818006 0.33707917336675414 0.7582728558153301
vn -0.558032173818006 0.33707917336675414 0.7582728558153301
vn -0.558032173818006 0.33707917336675414 0.7582728558153301
vn 0 0.3368825897906868 0.9415466641096021
vn 0 0.3368825897906868 0.9415466641096021
vn 0 0.3368825897906868 0.9415466641096021
vn 0 0.3368825897906868 0.9415466641096021
vn 0.558032173818006 0.33707917336675414 0.7582728558153301
vn 0.558032173818006 0.33707917336675414 0.7582728558153301
vn 0 0.3368825897906868 0.9415466641096021
vn 0.558032173818006 0.33707917336675414 0.7582728558153301
f 1/1/1 2/2/2 3/3/3
f 4/4/4 5/5/5 6/6/6
f 7/7/7 8/8/8 9/9/9
f 10/10/10 11/11/11 12/12/12
f 13/13/13 14/14/14 15/15/15
f 16/16/16 17/17/17 18/18/18
f 19/19/19 20/20/20 21/21/21
f 22/22/22 23/23/23 24/24/24
f 25/25/25 26/26/26 27/27/27
f 28/28/28 29/29/29 30/30/30
f 31/31/31 32/32/32 33/33/33
f 34/34/34 35/35/35 36/36/36
f 37/37/37 38/38/38 39/39/39
f 40/40/40 41/41/41 42/42/42
f 43/43/43 44/44/44 45/45/45
f 46/46/46 47/47/47 48/48/48
f 49/49/49 50/50/50 51/51/51
f 52/52/52 53/53/53 54/54/54
f 55/55/55 56/56/56 57/57/57
f 58/58/58 59/59/59 60/60/60
f 61/61/61 62/62/62 63/63/63
f 64/64/64 65/65/65 66/66/66
f 67/67/67 68/68/68 69/69/69
f 70/70/70 71/71/71 72/72/72
f 73/73/73 74/74/74 75/75/75
f 76/76/76 77/77/77 78/78/78
f 79/79/79 80/80/80 81/81/81
f 82/82/82 83/83/83 84/84/84
f 85/85/85 86/86/86 87/87/87
f 88/88/88 89/89/89 90/90/90
f 91/91/91 92/92/92 93/93/93
f 94/94/94 95/95/95 96/96/96
f 97/97/97 98/98/98 99/99/99
f 100/100/100 101/101/101 102/102/102
f 103/103/103 104/104/104 105/105/105
f 106/106/106 107/107/107 108/108/108
f 109/109/109 110/110/110 111/111/111
f 112/112/112 113/113/113 114/114/114
f 115/115/115 116/116/116 117/117/117
f 118/118/118 119/119/119 120/120/120
f 121/121/121 122/122/122 123/123/123
f 124/124/124 125/125/125 126/126/126
f 127/127/127 128/128/128 129/129/129
f 130/130/130 131/131/131 132/132/132
f 133/133/133 134/134/134 135/135/135
f 136/136/136 137/137/137 138/138/138
f 139/139/139 140/140/140 141/141/141
f 142/142/142 143/143/143 144/144/144
f 145/145/145 146/146/146 147/147/147
f 148/148/148 149/149/149 150/150/150
f 151/151/151 152/152/152 153/153/153
f 154/154/154 155/155/155 156/156/156
f 157/157/157 158/158/158 159/159/159
f 160/160/160 161/161/161 162/162/162
f 163/163/163 164/164/164 165/165/165
f 166/166/166 167/167/167 168/168/168
f 169/169/169 170/170/170 171/171/171
f 172/172/172 173/173/173 174/174/174
f 175/175/175 176/176/176 177/177/177
f 178/178/178 179/179/179 180/180/180
f 181/181/181 182/182/182 183/183/183
f 184/184/184 185/185/185 186/186/186
f 187/187/187 188/188/188 189/189/189
f 190/190/190 191/191/191 192/192/192
f 193/193/193 194/194/194 195/195/195
f 196/196/196 197/197/197 198/198/198
f 199/199/199 200/200/200 201/201/201
f 202/202/202 203/203/203 204/204/204
f 205/205/205 206/206/206 207/207/207
f 208/208/208 209/209/209 210/210/210
f 211/211/211 212/212/212 213/213/213
f 214/214/214 215/215/215 216/216/216
f 217/217/217 218/218/218 219/219/219
f 220/220/220 221/221/221 222/222/222
f 223/223/223 224/224/224 225/225/225
f 226/226/226 227/227/227 228/228/228
f 229/229/229 230/230/230 231/231/231
f 232/232/232 233/233/233 234/234/234
f 235/235/235 236/236/236 237/237/237
f 238/238/238 239/239/239 240/240/240
f 241/241/241 242/242/242 243/243/243
f 244/244/244 245/245/245 246/246/246
f 247/247/247 248/248/248 249/249/249
f 250/250/250 251/251/251 252/252/252
f 253/253/253 254/254/254 255/255/255
f 256/256/256 257/257/257 258/258/258
f 259/259/259 260/260/260 261/261/261
f 262/262/262 263/263/263 264/264/264
f 265/265/265 266/266/266 267/267/267
f 268/268/268 269/269/269 270/270/270
f 271/271/271 272/272/272 273/273/273
f 274/274/274 275/275/275 276/276/276
f 277/277/277 278/278/278 279/279/279
f 280/280/280 281/281/281 282/282/282
f 283/283/283 284/284/284 285/285/285
f 286/286/286 287/287/287 288/288/288
f 289/289/289 290/290/290 291/291/291
f 292/292/292 293/293/293 294/294/294
f 295/295/295 296/296/296 297/297/297
f 298/298/298 299/299/299 300/300/300
f 301/301/301 302/302/302 303/303/303
f 304/304/304 305/305/305 306/306/306
f 307/307/307 308/308/308 309/309/309
f 310/310/310 311/311/311 312/312/312
f 313/313/313 314/314/314 315/315/315
f 316/316/316 317/317/317 318/318/318
f 319/319/319 320/320/320 321/321/321
f 322/322/322 323/323/323 324/324/324
f 325/325/325 326/326/326 327/327/327
f 328/328/328 329/329/329 330/330/330
f 331/331/331 332/332/332 333/333/333
f 334/334/334 335/335/335 336/336/336
f 337/337/337 338/338/338 339/339/339
f 340/340/340 341/341/341 342/342/342
f 343/343/343 344/344/344 345/345/345
f 346/346/346 347/347/347 348/348/348
f 349/349/349 350/350/350 351/351/351
f 352/352/352 353/353/353 354/354/354
f 355/355/355 356/356/356 357/357/357
f 358/358/358 359/359/359 360/360/360
f 361/361/361 362/362/362 363/363/363
f 364/364/364 365/365/365 366/366/366
f 367/367/367 368/368/368 369/369/369
f 370/370/370 371/371/371 372/372/372
f 373/373/373 374/374/374 375/375/375
f 376/376/376 377/377/377 378/378/378
f 379/379/379 380/380/380 381/381/381
f 382/382/382 383/383/383 384/384/384
f 385/385/385 386/386/386 387/387/387
f 388/388/388 389/389/389 390/390/390
f 391/391/391 392/392/392 393/393/393
f 394/394/394 395/395/395 396/396/396
f 397/397/397 398/398/398 399/399/399
f 400/400/400 401/401/401 402/402/402
f 403/403/403 404/404/404 405/405/405
f 406/406/406 407/407/407 408/408/408
o Meshpart1
usemtl Meshpart1Mtl
v -0.22160411299209104 -0.9182098124118905 -0.0922346280225157
v -0.15390502999810257 -0.9182098124118905 0.0020522899056687055
v -0.14394880649381525 -0.8909699293836038 -0.0118175892303512
v -0.22160411299209104 -1.0847757402641238 -0.0922346280225157
v -0.1364159874045313 -1.1107647726087002 -0.022309737763938478
v -0.15390502999810257 -1.0847757402641238 0.0020522899056687055
v -0.15390502999810257 -1.0847757402641238 0.0020522899056687055
v -0.15390502999810257 -0.9182098124118905 0.0020522899056687055
v -0.22160411299209104 -1.0847757402641238 -0.0922346280225157
v -0.22160411299209104 -0.9182098124118905 -0.0922346280225157
v -0.22160411299209104 -1.0847757402641238 -0.0922346280225157
v -0.15390502999810257 -0.9182098124118905 0.0020522899056687055
v -0.1364159874045313 -1.1107647726087002 -0.022309737763938478
v -0.22160411299209104 -1.0847757402641238 -0.0922346280225157
v -0.19330314026211942 -1.1107647726087002 -0.10153854723196683
v -0.14394880649381525 -0.8909699293836038 -0.0118175892303512
v -0.2054901624158832 -0.8909699293836038 -0.09753190629537778
v -0.22160411299209104 -0.9182098124118905 -0.0922346280225157
v -0.22160411299209104 -1.0847757402641238 -0.20877573440981517
v -0.19330314026211942 -1.1107647726087002 -0.10153854723196683
v -0.22160411299209104 -1.0847757402641238 -0.0922346280225157
v -0.22160411299209104 -1.0847757402641238 -0.0922346280225157
v -0.22160411299209104 -0.9182098124118905 -0.0922346280225157
v -0.22160411299209104 -1.0847757402641238 -0.20877573440981517
v -0.19330314026211942 -1.1107647726087002 -0.10153854723196683
v -0.22160411299209104 -1.0847757402641238 -0.20877573440981517
v -0.19330314026211942 -1.1107647726087002 -0.19947187483304968
v -0.1364159874045313 -1.1107647726087002 -0.2787006228883122
v -0.19330314026211942 -1.1107647726087002 -0.19947187483304968
v -0.22160411299209104 -1.0847757402641238 -0.20877573440981517
v -0.22160411299209104 -0.9182098124118905 -0.20877573440981517
v -0.22160411299209104 -0.9182098124118905 -0.0922346280225157
v -0.2054901624158832 -0.8909699293836038 -0.09753190629537778
v -0.22160411299209104 -0.9182098124118905 -0.20877573440981517
v -0.22160411299209104 -1.0847757402641238 -0.20877573440981517
v -0.22160411299209104 -0.9182098124118905 -0.0922346280225157
v -0.2054901624158832 -0.8909699293836038 -0.09753190629537778
v -0.2054901624158832 -0.8909699293836038 -0.20347843655607123
v -0.22160411299209104 -0.9182098124118905 -0.20877573440981517
v -0.14394880649381525 -0.8909699293836038 -0.2891929565502371
v -0.22160411299209104 -0.9182098124118905 -0.20877573440981517
v -0.2054901624158832 -0.8909699293836038 -0.20347843655607123
v -0.22160411299209104 -1.0847757402641238 -0.20877573440981517
v -0.15390502999810257 -1.0847757402641238 -0.3030626434375987
v -0.1364159874045313 -1.1107647726087002 -0.2787006228883122
v -0.22160411299209104 -1.0847757402641238 -0.20877573440981517
v -0.22160411299209104 -0.9182098124118905 -0.20877573440981517
v -0.15390502999810257 -1.0847757402641238 -0.3030626434375987
v -0.22160411299209104 -0.9182098124118905 -0.20877573440981517
v -0.14394880649381525 -0.8909699293836038 -0.2891929565502371
v -0.15390502999810257 -0.9182098124118905 -0.3030626434375987
v -0.15390502999810257 -0.9182098124118905 -0.3030626434375987
v -0.15390502999810257 -1.0847757402641238 -0.3030626434375987
v -0.22160411299209104 -0.9182098124118905 -0.20877573440981517
v 0.047674291059936785 -1.1107647726087002 -0.2787006228883122
v -0.04437083761739999 -1.1107647726087002 -0.30896450635906436
v -0.04437083761739999 -1.0847757402641238 -0.33907585832027387
v -0.1364159874045313 -1.1107647726087002 -0.2787006228883122
v -0.04437083761739999 -1.0847757402641238 -0.33907585832027387
v -0.04437083761739999 -1.1107647726087002 -0.30896450635906436
v -0.04437083761739999 -1.0847757402641238 -0.33907585832027387
v 0.06516430470405761 -1.0847757402641238 -0.3030626434375987
v 0.047674291059936785 -1.1107647726087002 -0.2787006228883122
v -0.04437083761739999 -1.0847757402641238 -0.33907585832027387
v -0.04437083761739999 -0.9182098124118905 -0.33907585832027387
v 0.06516430470405761 -1.0847757402641238 -0.3030626434375987
v 0.06516430470405761 -1.0847757402641238 -0.3030626434375987
v -0.04437083761739999 -0.9182098124118905 -0.33907585832027387
v 0.06516430470405761 -0.9182098124118905 -0.3030626434375987
v -0.04437083761739999 -0.9182098124118905 -0.33907585832027387
v 0.05520749012552274 -0.8909699293836038 -0.2891929565502371
v 0.06516430470405761 -0.9182098124118905 -0.3030626434375987
v 0.05520749012552274 -0.8909699293836038 -0.2891929565502371
v -0.04437083761739999 -0.9182098124118905 -0.33907585832027387
v -0.04437083761739999 -0.8909699293836038 -0.32193298849897994
v -0.04437083761739999 -0.9182098124118905 -0.33907585832027387
v -0.14394880649381525 -0.8909699293836038 -0.2891929565502371
v -0.04437083761739999 -0.8909699293836038 -0.32193298849897994
v -0.04437083761739999 -1.0847757402641238 -0.33907585832027387
v -0.1364159874045313 -1.1107647726087002 -0.2787006228883122
v -0.15390502999810257 -1.0847757402641238 -0.3030626434375987
v -0.15390502999810257 -1.0847757402641238 -0.3030626434375987
v -0.15390502999810257 -0.9182098124118905 -0.3030626434375987
v -0.04437083761739999 -1.0847757402641238 -0.33907585832027387
v -0.04437083761739999 -0.9182098124118905 -0.33907585832027387
v -0.15390502999810257 -0.9182098124118905 -0.3030626434375987
v -0.14394880649381525 -0.8909699293836038 -0.2891929565502371
v -0.04437083761739999 -1.0847757402641238 -0.33907585832027387
v -0.15390502999810257 -0.9182098124118905 -0.3030626434375987
v -0.04437083761739999 -0.9182098124118905 -0.33907585832027387
v 0.1328621351835691 -1.0847757402641238 -0.20877573440981517
v 0.047674291059936785 -1.1107647726087002 -0.2787006228883122
v 0.06516430470405761 -1.0847757402641238 -0.3030626434375987
v 0.047674291059936785 -1.1107647726087002 -0.2787006228883122
v 0.1328621351835691 -1.0847757402641238 -0.20877573440981517
v 0.10455917637375971 -1.1107647726087002 -0.19947187483304968
v 0.1328621351835691 -1.0847757402641238 -0.0922346280225157
v 0.10455917637375971 -1.1107647726087002 -0.19947187483304968
v 0.1328621351835691 -1.0847757402641238 -0.20877573440981517
v 0.10455917637375971 -1.1107647726087002 -0.19947187483304968
v 0.1328621351835691 -1.0847757402641238 -0.0922346280225157
v 0.10455917637375971 -1.1107647726087002 -0.10153854723196683
v 0.06516430470405761 -0.9182098124118905 -0.3030626434375987
v 0.1328621351835691 -1.0847757402641238 -0.20877573440981517
v 0.06516430470405761 -1.0847757402641238 -0.3030626434375987
v 0.1328621351835691 -1.0847757402641238 -0.0922346280225157
v 0.047674291059936785 -1.1107647726087002 -0.022309737763938478
v 0.10455917637375971 -1.1107647726087002 -0.10153854723196683
v 0.1328621351835691 -0.9182098124118905 -0.20877573440981517
v 0.1328621351835691 -1.0847757402641238 -0.0922346280225157
v 0.1328621351835691 -1.0847757402641238 -0.20877573440981517
v 0.1328621351835691 -1.0847757402641238 -0.20877573440981517
v 0.06516430470405761 -0.9182098124118905 -0.3030626434375987
v 0.1328621351835691 -0.9182098124118905 -0.20877573440981517
v 0.1328621351835691 -0.9182098124118905 -0.20877573440981517
v 0.06516430470405761 -0.9182098124118905 -0.3030626434375987
v 0.05520749012552274 -0.8909699293836038 -0.2891929565502371
v 0.1328621351835691 -0.9182098124118905 -0.20877573440981517
v 0.05520749012552274 -0.8909699293836038 -0.2891929565502371
v 0.11675056297754785 -0.8909699293836038 -0.20347843655607123
v 0.11675056297754785 -0.8909699293836038 -0.20347843655607123
v 0.1328621351835691 -0.9182098124118905 -0.0922346280225157
v 0.1328621351835691 -0.9182098124118905 -0.20877573440981517
v 0.1328621351835691 -1.0847757402641238 -0.0922346280225157
v 0.1328621351835691 -0.9182098124118905 -0.20877573440981517
v 0.1328621351835691 -0.9182098124118905 -0.0922346280225157
v 0.1328621351835691 -0.9182098124118905 -0.0922346280225157
v 0.11675056297754785 -0.8909699293836038 -0.20347843655607123
v 0.11675056297754785 -0.8909699293836038 -0.09753190629537778
v 0.05520749012552274 -0.8909699293836038 -0.0118175892303512
v 0.1328621351835691 -0.9182098124118905 -0.0922346280225157
v 0.11675056297754785 -0.8909699293836038 -0.09753190629537778
v 0.1328621351835691 -0.9182098124118905 -0.0922346280225157
v 0.06516430470405761 -1.0847757402641238 0.0020522899056687055
v 0.1328621351835691 -1.0847757402641238 -0.0922346280225157
v 0.047674291059936785 -1.1107647726087002 -0.022309737763938478
v 0.1328621351835691 -1.0847757402641238 -0.0922346280225157
v 0.06516430470405761 -1.0847757402641238 0.0020522899056687055
v 0.1328621351835691 -0.9182098124118905 -0.0922346280225157
v 0.05520749012552274 -0.8909699293836038 -0.0118175892303512
v 0.06516430470405761 -0.9182098124118905 0.0020522899056687055
v 0.06516430470405761 -1.0847757402641238 0.0020522899056687055
v 0.1328621351835691 -0.9182098124118905 -0.0922346280225157
v 0.06516430470405761 -0.9182098124118905 0.0020522899056687055
v -0.1364159874045313 -1.1107647726087002 -0.022309737763938478
v 0.047674291059936785 -1.1107647726087002 -0.022309737763938478
v -0.04437083761739999 -1.1107647726087002 0.007954145706813659
v 0.047674291059936785 -1.1107647726087002 -0.022309737763938478
v -0.1364159874045313 -1.1107647726087002 -0.022309737763938478
v 0.10455917637375971 -1.1107647726087002 -0.10153854723196683
v -0.1364159874045313 -1.1107647726087002 -0.022309737763938478
v 0.10455917637375971 -1.1107647726087002 -0.19947187483304968
v 0.10455917637375971 -1.1107647726087002 -0.10153854723196683
v -0.1364159874045313 -1.1107647726087002 -0.022309737763938478
v -0.1364159874045313 -1.1107647726087002 -0.2787006228883122
v 0.10455917637375971 -1.1107647726087002 -0.19947187483304968
v -0.1364159874045313 -1.1107647726087002 -0.2787006228883122
v 0.047674291059936785 -1.1107647726087002 -0.2787006228883122
v 0.10455917637375971 -1.1107647726087002 -0.19947187483304968
v 0.047674291059936785 -1.1107647726087002 -0.2787006228883122
v -0.1364159874045313 -1.1107647726087002 -0.2787006228883122
v -0.04437083761739999 -1.1107647726087002 -0.30896450635906436
v -0.1364159874045313 -1.1107647726087002 -0.2787006228883122
v -0.1364159874045313 -1.1107647726087002 -0.022309737763938478
v -0.19330314026211942 -1.1107647726087002 -0.19947187483304968
v -0.19330314026211942 -1.1107647726087002 -0.19947187483304968
v -0.1364159874045313 -1.1107647726087002 -0.022309737763938478
v -0.19330314026211942 -1.1107647726087002 -0.10153854723196683
v -0.04437083761739999 -1.0847757402641238 0.03806454354505248
v 0.047674291059936785 -1.1107647726087002 -0.022309737763938478
v 0.06516430470405761 -1.0847757402641238 0.0020522899056687055
v 0.06516430470405761 -0.9182098124118905 0.0020522899056687055
v -0.04437083761739999 -1.0847757402641238 0.03806454354505248
v 0.06516430470405761 -1.0847757402641238 0.0020522899056687055
v 0.047674291059936785 -1.1107647726087002 -0.022309737763938478
v -0.04437083761739999 -1.0847757402641238 0.03806454354505248
v -0.04437083761739999 -1.1107647726087002 0.007954145706813659
v 0.05520749012552274 -0.8909699293836038 -0.0118175892303512
v -0.04437083761739999 -0.9182098124118905 0.03806454354505248
v 0.06516430470405761 -0.9182098124118905 0.0020522899056687055
v -0.04437083761739999 -1.0847757402641238 0.03806454354505248
v 0.06516430470405761 -0.9182098124118905 0.0020522899056687055
v -0.04437083761739999 -0.9182098124118905 0.03806454354505248
v 0.05520749012552274 -0.8909699293836038 -0.0118175892303512
v -0.04437083761739999 -0.8909699293836038 0.020921673723758555
v -0.04437083761739999 -0.9182098124118905 0.03806454354505248
v -0.04437083761739999 -1.0847757402641238 0.03806454354505248
v -0.1364159874045313 -1.1107647726087002 -0.022309737763938478
v -0.04437083761739999 -1.1107647726087002 0.007954145706813659
v -0.14394880649381525 -0.8909699293836038 -0.0118175892303512
v -0.04437083761739999 -0.9182098124118905 0.03806454354505248
v -0.04437083761739999 -0.8909699293836038 0.020921673723758555
v -0.04437083761739999 -1.0847757402641238 0.03806454354505248
v -0.15390502999810257 -1.0847757402641238 0.0020522899056687055
v -0.1364159874045313 -1.1107647726087002 -0.022309737763938478
v -0.04437083761739999 -0.9182098124118905 0.03806454354505248
v -0.15390502999810257 -1.0847757402641238 0.0020522899056687055
v -0.04437083761739999 -1.0847757402641238 0.03806454354505248
v -0.04437083761739999 -0.9182098124118905 0.03806454354505248
v -0.14394880649381525 -0.8909699293836038 -0.0118175892303512
v -0.15390502999810257 -0.9182098124118905 0.0020522899056687055
v -0.15390502999810257 -1.0847757402641238 0.0020522899056687055
v -0.04437083761739999 -0.9182098124118905 0.03806454354505248
v -0.15390502999810257 -0.9182098124118905 0.0020522899056687055
vt 44.00379943847656 1.0074299573898315
vt 44.0099983215332 1.0074299573898315
vt 44.00910186767578 1.0098799467086792
vt 44.00379943847656 0.9924529790878296
vt 44.008399963378906 0.9901160001754761
vt 44.0099983215332 0.9924529790878296
vt 44.0099983215332 0.9924529790878296
vt 44.0099983215332 1.0074299573898315
vt 44.00379943847656 0.9924529790878296
vt 44.00379943847656 1.0074299573898315
vt 44.00379943847656 0.9924529790878296
vt 44.0099983215332 1.0074299573898315
vt 44.008399963378906 0.9901160001754761
vt 44.00379943847656 0.9924529790878296
vt 44.00320053100586 0.9901160001754761
vt 44.00910186767578 1.0098799467086792
vt 44.003501892089844 1.0098799467086792
vt 44.00379943847656 1.0074299573898315
vt 43.99620056152344 0.9924529790878296
vt 44.00320053100586 0.9901160001754761
vt 44.00379943847656 0.9924529790878296
vt 44.00379943847656 0.9924529790878296
vt 44.00379943847656 1.0074299573898315
vt 43.99620056152344 0.9924529790878296
vt 44.00320053100586 0.9901160001754761
vt 43.99620056152344 0.9924529790878296
vt 43.99679946899414 0.9901160001754761
vt 43.991600036621094 0.9901160001754761
vt 43.99679946899414 0.9901160001754761
vt 43.99620056152344 0.9924529790878296
vt 43.99620056152344 1.0074299573898315
vt 44.00379943847656 1.0074299573898315
vt 44.003501892089844 1.0098799467086792
vt 43.99620056152344 1.0074299573898315
vt 43.99620056152344 0.9924529790878296
vt 44.00379943847656 1.0074299573898315
vt 44.003501892089844 1.0098799467086792
vt 43.996498107910156 1.0098799467086792
vt 43.99620056152344 1.0074299573898315
vt 43.99089813232422 1.0098799467086792
vt 43.99620056152344 1.0074299573898315
vt 43.996498107910156 1.0098799467086792
vt 43.99620056152344 0.9924529790878296
vt 43.9900016784668 0.9924529790878296
vt 43.991600036621094 0.9901160001754761
vt 43.99620056152344 0.9924529790878296
vt 43.99620056152344 1.0074299573898315
vt 43.9900016784668 0.9924529790878296
vt 43.99620056152344 1.0074299573898315
vt 43.99089813232422 1.0098799467086792
vt 43.9900016784668 1.0074299573898315
vt 43.9900016784668 1.0074299573898315
vt 43.9900016784668 0.9924529790878296
vt 43.99620056152344 1.0074299573898315
vt 43.993900299072266 0.9901160001754761
vt 44 0.9901160001754761
vt 44 0.9924529790878296
vt 44.006099700927734 0.9901160001754761
vt 44 0.9924529790878296
vt 44 0.9901160001754761
vt 44 0.9924529790878296
vt 43.992801666259766 0.9924529790878296
vt 43.993900299072266 0.9901160001754761
vt 44 0.9924529790878296
vt 44 1.0074299573898315
vt 43.992801666259766 0.9924529790878296
vt 43.992801666259766 0.9924529790878296
vt 44 1.0074299573898315
vt 43.992801666259766 1.0074299573898315
vt 44 1.0074299573898315
vt 43.99340057373047 1.0098799467086792
vt 43.992801666259766 1.0074299573898315
vt 43.99340057373047 1.0098799467086792
vt 44 1.0074299573898315
vt 44 1.0098799467086792
vt 44 1.0074299573898315
vt 44.00659942626953 1.0098799467086792
vt 44 1.0098799467086792
vt 44 0.9924529790878296
vt 44.006099700927734 0.9901160001754761
vt 44.007198333740234 0.9924529790878296
vt 44.007198333740234 0.9924529790878296
vt 44.007198333740234 1.0074299573898315
vt 44 0.9924529790878296
vt 44 1.0074299573898315
vt 44.007198333740234 1.0074299573898315
vt 44.00659942626953 1.0098799467086792
vt 44 0.9924529790878296
vt 44.007198333740234 1.0074299573898315
vt 44 1.0074299573898315
vt 44.00379943847656 0.9924529790878296
vt 44.008399963378906 0.9901160001754761
vt 44.0099983215332 0.9924529790878296
vt 44.008399963378906 0.9901160001754761
vt 44.00379943847656 0.9924529790878296
vt 44.00320053100586 0.9901160001754761
vt 43.99620056152344 0.9924529790878296
vt 44.00320053100586 0.9901160001754761
vt 44.00379943847656 0.9924529790878296
vt 44.00320053100586 0.9901160001754761
vt 43.99620056152344 0.9924529790878296
vt 43.99679946899414 0.9901160001754761
vt 44.0099983215332 1.0074299573898315
vt 44.00379943847656 0.9924529790878296
vt 44.0099983215332 0.9924529790878296
vt 43.99620056152344 0.9924529790878296
vt 43.991600036621094 0.9901160001754761
vt 43.99679946899414 0.9901160001754761
vt 44.00379943847656 1.0074299573898315
vt 43.99620056152344 0.9924529790878296
vt 44.00379943847656 0.9924529790878296
vt 44.00379943847656 0.9924529790878296
vt 44.0099983215332 1.0074299573898315
vt 44.00379943847656 1.0074299573898315
vt 44.00379943847656 1.0074299573898315
vt 44.0099983215332 1.0074299573898315
vt 44.00910186767578 1.0098799467086792
vt 44.00379943847656 1.0074299573898315
vt 44.00910186767578 1.0098799467086792
vt 44.003501892089844 1.0098799467086792
vt 44.003501892089844 1.0098799467086792
vt 43.99620056152344 1.0074299573898315
vt 44.00379943847656 1.0074299573898315
vt 43.99620056152344 0.9924529790878296
vt 44.00379943847656 1.0074299573898315
vt 43.99620056152344 1.0074299573898315
vt 43.99620056152344 1.0074299573898315
vt 44.003501892089844 1.0098799467086792
vt 43.996498107910156 1.0098799467086792
vt 43.99089813232422 1.0098799467086792
vt 43.99620056152344 1.0074299573898315
vt 43.996498107910156 1.0098799467086792
vt 43.99620056152344 1.0074299573898315
vt 43.9900016784668 0.9924529790878296
vt 43.99620056152344 0.9924529790878296
vt 43.991600036621094 0.9901160001754761
vt 43.99620056152344 0.9924529790878296
vt 43.9900016784668 0.9924529790878296
vt 43.99620056152344 1.0074299573898315
vt 43.99089813232422 1.0098799467086792
vt 43.9900016784668 1.0074299573898315
vt 43.9900016784668 0.9924529790878296
vt 43.99620056152344 1.0074299573898315
vt 43.9900016784668 1.0074299573898315
vt 44.006099700927734 0.9916160106658936
vt 43.993900299072266 0.9916160106658936
vt 44 0.989637017250061
vt 43.993900299072266 0.9916160106658936
vt 44.006099700927734 0.9916160106658936
vt 43.9901008605957 0.9967979788780212
vt 44.006099700927734 0.9916160106658936
vt 43.9901008605957 1.0032000541687012
vt 43.9901008605957 0.9967979788780212
vt 44.006099700927734 0.9916160106658936
vt 44.006099700927734 1.0083800554275513
vt 43.9901008605957 1.0032000541687012
vt 44.006099700927734 1.0083800554275513
vt 43.993900299072266 1.0083800554275513
vt 43.9901008605957 1.0032000541687012
vt 43.993900299072266 1.0083800554275513
vt 44.006099700927734 1.0083800554275513
vt 44 1.0103600025177002
vt 44.006099700927734 1.0083800554275513
vt 44.006099700927734 0.9916160106658936
vt 44.0098991394043 1.0032000541687012
vt 44.0098991394043 1.0032000541687012
vt 44.006099700927734 0.9916160106658936
vt 44.0098991394043 0.9967979788780212
vt 44 0.9924529790878296
vt 44.006099700927734 0.9901160001754761
vt 44.007198333740234 0.9924529790878296
vt 44.007198333740234 1.0074299573898315
vt 44 0.9924529790878296
vt 44.007198333740234 0.9924529790878296
vt 44.006099700927734 0.9901160001754761
vt 44 0.9924529790878296
vt 44 0.9901160001754761
vt 44.00659942626953 1.0098799467086792
vt 44 1.0074299573898315
vt 44.007198333740234 1.0074299573898315
vt 44 0.9924529790878296
vt 44.007198333740234 1.0074299573898315
vt 44 1.0074299573898315
vt 44.00659942626953 1.0098799467086792
vt 44 1.0098799467086792
vt 44 1.0074299573898315
vt 44 0.9924529790878296
vt 43.993900299072266 0.9901160001754761
vt 44 0.9901160001754761
vt 43.99340057373047 1.0098799467086792
vt 44 1.0074299573898315
vt 44 1.0098799467086792
vt 44 0.9924529790878296
vt 43.992801666259766 0.9924529790878296
vt 43.993900299072266 0.9901160001754761
vt 44 1.0074299573898315
vt 43.992801666259766 0.9924529790878296
vt 44 0.9924529790878296
vt 44 1.0074299573898315
vt 43.99340057373047 1.0098799467086792
vt 43.992801666259766 1.0074299573898315
vt 43.992801666259766 0.9924529790878296
vt 44 1.0074299573898315
vt 43.992801666259766 1.0074299573898315
vn -0.9476454156060927 0.096596423925383 0.30436375796993925
vn -0.588965747202773 0.0973542476407989 0.8022727086771513
vn -0.5032273778989499 0.5330717359825269 0.6801446393448402
vn -0.9466100360584984 -0.10721221674146045 0.30403121585572507
vn -0.38636755243841187 -0.7554288000622563 0.5291950892244285
vn -0.5883121348389632 -0.10805146549602829 0.8013823761509746
vn -0.5883121348389632 -0.10805146549602829 0.8013823761509746
vn -0.588965747202773 0.0973542476407989 0.8022727086771513
vn -0.9466100360584984 -0.10721221674146045 0.30403121585572507
vn -0.9476454156060927 0.096596423925383 0.30436375796993925
vn -0.9466100360584984 -0.10721221674146045 0.30403121585572507
vn -0.588965747202773 0.0973542476407989 0.8022727086771513
vn -0.38636755243841187 -0.7554288000622563 0.5291950892244285
vn -0.9466100360584984 -0.10721221674146045 0.30403121585572507
vn -0.6236266782519915 -0.7554487272331192 0.20096513800718635
vn -0.5032273778989499 0.5330717359825269 0.6801446393448402
vn -0.8075490931939537 0.528818175327943 0.26118154514522657
vn -0.9476454156060927 0.096596423925383 0.30436375796993925
vn -0.9466100360584984 -0.10721221674146045 -0.30403121585572507
vn -0.6236266782519915 -0.7554487272331192 0.20096513800718635
vn -0.9466100360584984 -0.10721221674146045 0.30403121585572507
vn -0.9466100360584984 -0.10721221674146045 0.30403121585572507
vn -0.9476454156060927 0.096596423925383 0.30436375796993925
vn -0.9466100360584984 -0.10721221674146045 -0.30403121585572507
vn -0.6236266782519915 -0.7554487272331192 0.20096513800718635
vn -0.9466100360584984 -0.10721221674146045 -0.30403121585572507
vn -0.6236266782519915 -0.7554487272331192 -0.20096513800718635
vn -0.38636755243841187 -0.7554288000622563 -0.5291950892244285
vn -0.6236266782519915 -0.7554487272331192 -0.20096513800718635
vn -0.9466100360584984 -0.10721221674146045 -0.30403121585572507
vn -0.9476454156060927 0.096596423925383 -0.30436375796993925
vn -0.9476454156060927 0.096596423925383 0.30436375796993925
vn -0.8075490931939537 0.528818175327943 0.26118154514522657
vn -0.9476454156060927 0.096596423925383 -0.30436375796993925
vn -0.9466100360584984 -0.10721221674146045 -0.30403121585572507
vn -0.9476454156060927 0.096596423925383 0.30436375796993925
vn -0.8075490931939537 0.528818175327943 0.26118154514522657
vn -0.8075490931939537 0.528818175327943 -0.26118154514522657
vn -0.9476454156060927 0.096596423925383 -0.30436375796993925
vn -0.5032273778989499 0.5330717359825269 -0.6801446393448402
vn -0.9476454156060927 0.096596423925383 -0.30436375796993925
vn -0.8075490931939537 0.528818175327943 -0.26118154514522657
vn -0.9466100360584984 -0.10721221674146045 -0.30403121585572507
vn -0.5883121348389632 -0.10805146549602829 -0.8013823761509746
vn -0.38636755243841187 -0.7554288000622563 -0.5291950892244285
vn -0.9466100360584984 -0.10721221674146045 -0.30403121585572507
vn -0.9476454156060927 0.096596423925383 -0.30436375796993925
vn -0.5883121348389632 -0.10805146549602829 -0.8013823761509746
vn -0.9476454156060927 0.096596423925383 -0.30436375796993925
vn -0.5032273778989499 0.5330717359825269 -0.6801446393448402
vn -0.588965747202773 0.0973542476407989 -0.8022727086771513
vn -0.588965747202773 0.0973542476407989 -0.8022727086771513
vn -0.5883121348389632 -0.10805146549602829 -0.8013823761509746
vn -0.9476454156060927 0.096596423925383 -0.30436375796993925
vn 0.38636755243841187 -0.7554288000622563 -0.5291950892244285
vn 0 -0.7581340595845043 -0.6520987254227072
vn 0 -0.10766038674824452 -0.994187729317365
vn -0.38636755243841187 -0.7554288000622563 -0.5291950892244285
vn 0 -0.10766038674824452 -0.994187729317365
vn 0 -0.7581340595845043 -0.6520987254227072
vn 0 -0.10766038674824452 -0.994187729317365
vn 0.5883121348389632 -0.10805146549602829 -0.8013823761509746
vn 0.38636755243841187 -0.7554288000622563 -0.5291950892244285
vn 0 -0.10766038674824452 -0.994187729317365
vn 0 0.09700110701137427 -0.9952842735814568
vn 0.5883121348389632 -0.10805146549602829 -0.8013823761509746
vn 0.5883121348389632 -0.10805146549602829 -0.8013823761509746
vn 0 0.09700110701137427 -0.9952842735814568
vn 0.5852661868644479 0.09674272156300923 -0.80504927572027
vn 0 0.09700110701137427 -0.9952842735814568
vn 0.5032273778989499 0.5330717359825269 -0.6801446393448402
vn 0.5852661868644479 0.09674272156300923 -0.80504927572027
vn 0.5032273778989499 0.5330717359825269 -0.6801446393448402
vn 0 0.09700110701137427 -0.9952842735814568
vn 0 0.5320436148174073 -0.8467169491229207
vn 0 0.09700110701137427 -0.9952842735814568
vn -0.5032273778989499 0.5330717359825269 -0.6801446393448402
vn 0 0.5320436148174073 -0.8467169491229207
vn 0 -0.10766038674824452 -0.994187729317365
vn -0.38636755243841187 -0.7554288000622563 -0.5291950892244285
vn -0.5883121348389632 -0.10805146549602829 -0.8013823761509746
vn -0.5883121348389632 -0.10805146549602829 -0.8013823761509746
vn -0.588965747202773 0.0973542476407989 -0.8022727086771513
vn 0 -0.10766038674824452 -0.994187729317365
vn 0 0.09700110701137427 -0.9952842735814568
vn -0.588965747202773 0.0973542476407989 -0.8022727086771513
vn -0.5032273778989499 0.5330717359825269 -0.6801446393448402
vn 0 -0.10766038674824452 -0.994187729317365
vn -0.588965747202773 0.0973542476407989 -0.8022727086771513
vn 0 0.09700110701137427 -0.9952842735814568
vn 0.9466100360584984 -0.10721221674146045 -0.30403121585572507
vn 0.38636755243841187 -0.7554288000622563 -0.5291950892244285
vn 0.5883121348389632 -0.10805146549602829 -0.8013823761509746
vn 0.38636755243841187 -0.7554288000622563 -0.5291950892244285
vn 0.9466100360584984 -0.10721221674146045 -0.30403121585572507
vn 0.6236266782519915 -0.7554487272331192 -0.20096513800718635
vn 0.9466100360584984 -0.10721221674146045 0.30403121585572507
vn 0.6236266782519915 -0.7554487272331192 -0.20096513800718635
vn 0.9466100360584984 -0.10721221674146045 -0.30403121585572507
vn 0.6236266782519915 -0.7554487272331192 -0.20096513800718635
vn 0.9466100360584984 -0.10721221674146045 0.30403121585572507
vn 0.6236266782519915 -0.7554487272331192 0.20096513800718635
vn 0.5852661868644479 0.09674272156300923 -0.80504927572027
vn 0.9466100360584984 -0.10721221674146045 -0.30403121585572507
vn 0.5883121348389632 -0.10805146549602829 -0.8013823761509746
vn 0.9466100360584984 -0.10721221674146045 0.30403121585572507
vn 0.38636755243841187 -0.7554288000622563 0.5291950892244285
vn 0.6236266782519915 -0.7554487272331192 0.20096513800718635
vn 0.9476454156060927 0.096596423925383 -0.30436375796993925
vn 0.9466100360584984 -0.10721221674146045 0.30403121585572507
vn 0.9466100360584984 -0.10721221674146045 -0.30403121585572507
vn 0.9466100360584984 -0.10721221674146045 -0.30403121585572507
vn 0.5852661868644479 0.09674272156300923 -0.80504927572027
vn 0.9476454156060927 0.096596423925383 -0.30436375796993925
vn 0.9476454156060927 0.096596423925383 -0.30436375796993925
vn 0.5852661868644479 0.09674272156300923 -0.80504927572027
vn 0.5032273778989499 0.5330717359825269 -0.6801446393448402
vn 0.9476454156060927 0.096596423925383 -0.30436375796993925
vn 0.5032273778989499 0.5330717359825269 -0.6801446393448402
vn 0.8075490931939537 0.528818175327943 -0.26118154514522657
vn 0.8075490931939537 0.528818175327943 -0.26118154514522657
vn 0.9476454156060927 0.096596423925383 0.30436375796993925
vn 0.9476454156060927 0.096596423925383 -0.30436375796993925
vn 0.9466100360584984 -0.10721221674146045 0.30403121585572507
vn 0.9476454156060927 0.096596423925383 -0.30436375796993925
vn 0.9476454156060927 0.096596423925383 0.30436375796993925
vn 0.9476454156060927 0.096596423925383 0.30436375796993925
vn 0.8075490931939537 0.528818175327943 -0.26118154514522657
vn 0.8075490931939537 0.528818175327943 0.26118154514522657
vn 0.5032273778989499 0.5330717359825269 0.6801446393448402
vn 0.9476454156060927 0.096596423925383 0.30436375796993925
vn 0.8075490931939537 0.528818175327943 0.26118154514522657
vn 0.9476454156060927 0.096596423925383 0.30436375796993925
vn 0.5883121348389632 -0.10805146549602829 0.8013823761509746
vn 0.9466100360584984 -0.10721221674146045 0.30403121585572507
vn 0.38636755243841187 -0.7554288000622563 0.5291950892244285
vn 0.9466100360584984 -0.10721221674146045 0.30403121585572507
vn 0.5883121348389632 -0.10805146549602829 0.8013823761509746
vn 0.9476454156060927 0.096596423925383 0.30436375796993925
vn 0.5032273778989499 0.5330717359825269 0.6801446393448402
vn 0.5852661868644479 0.09674272156300923 0.80504927572027
vn 0.5883121348389632 -0.10805146549602829 0.8013823761509746
vn 0.9476454156060927 0.096596423925383 0.30436375796993925
vn 0.5852661868644479 0.09674272156300923 0.80504927572027
vn 0 -1 0
vn 0 -1 0
vn 0 -1 0
vn 0 -1 0
vn 0 -1 0
vn 0 -1 0
vn 0 -1 0
vn 0 -1 0
vn 0 -1 0
vn 0 -1 0
vn 0 -1 0
vn 0 -1 0
vn 0 -1 0
vn 0 -1 0
vn 0 -1 0
vn 0 -1 0
vn 0 -1 0
vn 0 -1 0
vn 0 -1 0
vn 0 -1 0
vn 0 -1 0
vn 0 -1 0
vn 0 -1 0
vn 0 -1 0
vn 0 -0.10766038674824452 0.994187729317365
vn 0.38636755243841187 -0.7554288000622563 0.5291950892244285
vn 0.5883121348389632 -0.10805146549602829 0.8013823761509746
vn 0.5852661868644479 0.09674272156300923 0.80504927572027
vn 0 -0.10766038674824452 0.994187729317365
vn 0.5883121348389632 -0.10805146549602829 0.8013823761509746
vn 0.38636755243841187 -0.7554288000622563 0.5291950892244285
vn 0 -0.10766038674824452 0.994187729317365
vn 0 -0.7581340595845043 0.6520987254227072
vn 0.5032273778989499 0.5330717359825269 0.6801446393448402
vn 0 0.09700110701137427 0.9952842735814568
vn 0.5852661868644479 0.09674272156300923 0.80504927572027
vn 0 -0.10766038674824452 0.994187729317365
vn 0.5852661868644479 0.09674272156300923 0.80504927572027
vn 0 0.09700110701137427 0.9952842735814568
vn 0.5032273778989499 0.5330717359825269 0.6801446393448402
vn 0 0.5320436148174073 0.8467169491229207
vn 0 0.09700110701137427 0.9952842735814568
vn 0 -0.10766038674824452 0.994187729317365
vn -0.38636755243841187 -0.7554288000622563 0.5291950892244285
vn 0 -0.7581340595845043 0.6520987254227072
vn -0.5032273778989499 0.5330717359825269 0.6801446393448402
vn 0 0.09700110701137427 0.9952842735814568
vn 0 0.5320436148174073 0.8467169491229207
vn 0 -0.10766038674824452 0.994187729317365
vn -0.5883121348389632 -0.10805146549602829 0.8013823761509746
vn -0.38636755243841187 -0.7554288000622563 0.5291950892244285
vn 0 0.09700110701137427 0.9952842735814568
vn -0.5883121348389632 -0.10805146549602829 0.8013823761509746
vn 0 -0.10766038674824452 0.994187729317365
vn 0 0.09700110701137427 0.9952842735814568
vn -0.5032273778989499 0.5330717359825269 0.6801446393448402
vn -0.588965747202773 0.0973542476407989 0.8022727086771513
vn -0.5883121348389632 -0.10805146549602829 0.8013823761509746
vn 0 0.09700110701137427 0.9952842735814568
vn -0.588965747202773 0.0973542476407989 0.8022727086771513
f 409/409/409 410/410/410 411/411/411
f 412/412/412 413/413/413 414/414/414
f 415/415/415 416/416/416 417/417/417
f 418/418/418 419/419/419 420/420/420
f 421/421/421 422/422/422 423/423/423
f 424/424/424 425/425/425 426/426/426
f 427/427/427 428/428/428 429/429/429
f 430/430/430 431/431/431 432/432/432
f 433/433/433 434/434/434 435/435/435
f 436/436/436 437/437/437 438/438/438
f 439/439/439 440/440/440 441/441/441
f 442/442/442 443/443/443 444/444/444
f 445/445/445 446/446/446 447/447/447
f 448/448/448 449/449/449 450/450/450
f 451/451/451 452/452/452 453/453/453
f 454/454/454 455/455/455 456/456/456
f 457/457/457 458/458/458 459/459/459
f 460/460/460 461/461/461 462/462/462
f 463/463/463 464/464/464 465/465/465
f 466/466/466 467/467/467 468/468/468
f 469/469/469 470/470/470 471/471/471
f 472/472/472 473/473/473 474/474/474
f 475/475/475 476/476/476 477/477/477
f 478/478/478 479/479/479 480/480/480
f 481/481/481 482/482/482 483/483/483
f 484/484/484 485/485/485 486/486/486
f 487/487/487 488/488/488 489/489/489
f 490/490/490 491/491/491 492/492/492
f 493/493/493 494/494/494 495/495/495
f 496/496/496 497/497/497 498/498/498
f 499/499/499 500/500/500 501/501/501
f 502/502/502 503/503/503 504/504/504
f 505/505/505 506/506/506 507/507/507
f 508/508/508 509/509/509 510/510/510
f 511/511/511 512/512/512 513/513/513
f 514/514/514 515/515/515 516/516/516
f 517/517/517 518/518/518 519/519/519
f 520/520/520 521/521/521 522/522/522
f 523/523/523 524/524/524 525/525/525
f 526/526/526 527/527/527 528/528/528
f 529/529/529 530/530/530 531/531/531
f 532/532/532 533/533/533 534/534/534
f 535/535/535 536/536/536 537/537/537
f 538/538/538 539/539/539 540/540/540
f 541/541/541 542/542/542 543/543/543
f 544/544/544 545/545/545 546/546/546
f 547/547/547 548/548/548 549/549/549
f 550/550/550 551/551/551 552/552/552
f 553/553/553 554/554/554 555/555/555
f 556/556/556 557/557/557 558/558/558
f 559/559/559 560/560/560 561/561/561
f 562/562/562 563/563/563 564/564/564
f 565/565/565 566/566/566 567/567/567
f 568/568/568 569/569/569 570/570/570
f 571/571/571 572/572/572 573/573/573
f 574/574/574 575/575/575 576/576/576
f 577/577/577 578/578/578 579/579/579
f 580/580/580 581/581/581 582/582/582
f 583/583/583 584/584/584 585/585/585
f 586/586/586 587/587/587 588/588/588
f 589/589/589 590/590/590 591/591/591
f 592/592/592 593/593/593 594/594/594
f 595/595/595 596/596/596 597/597/597
f 598/598/598 599/599/599 600/600/600
f 601/601/601 602/602/602 603/603/603
f 604/604/604 605/605/605 606/606/606
f 607/607/607 608/608/608 609/609/609
f 610/610/610 611/611/611 612/612/612
