o watahbalon.002
usemtl Meshpart1Mtl.002
v -0.12644000351428986 0.17661400139331818 -0.3019089996814728
v -0.23204299807548523 0.17661400139331818 -0.2312290072441101
v -0.2276490032672882 0.2692820131778717 -0.22658899426460266
v -0.12644000351428986 0.17661400139331818 -0.3019089996814728
v -0.22364500164985657 0.08185400068759918 -0.22290900349617004
v -0.23204299807548523 0.17661400139331818 -0.2312290072441101
v -0.12364500015974045 0.2692820131778717 -0.29586899280548096
v -0.2276490032672882 0.2692820131778717 -0.22658899426460266
v -0.2012449949979782 0.35389798879623413 -0.2001889944076538
v -0.12364500015974045 0.2692820131778717 -0.29586899280548096
v -0.12644000351428986 0.17661400139331818 -0.3019089996814728
v -0.2276490032672882 0.2692820131778717 -0.22658899426460266
v -0.12204600125551224 0.08185400068759918 -0.2910290062427521
v -0.20604200661182404 0.000590000010561198 -0.20518900454044342
v -0.22364500164985657 0.08185400068759918 -0.22290900349617004
v -0.22364500164985657 0.08185400068759918 -0.22290900349617004
v -0.12644000351428986 0.17661400139331818 -0.3019089996814728
v -0.12204600125551224 0.08185400068759918 -0.2910290062427521
v -0.20604200661182404 0.000590000010561198 -0.20518900454044342
v -0.12204600125551224 0.08185400068759918 -0.2910290062427521
v -0.11243899911642075 0.000590000010561198 -0.2679089903831482
v -0.0016479999758303165 0.17661400139331818 -0.3267489969730377
v -0.12644000351428986 0.17661400139331818 -0.3019089996814728
v -0.12364500015974045 0.2692820131778717 -0.29586899280548096
v -0.0016479999758303165 0.17661400139331818 -0.3267489969730377
v -0.12204600125551224 0.08185400068759918 -0.2910290062427521
v -0.12644000351428986 0.17661400139331818 -0.3019089996814728
v -0.10964400321245193 0.35389798879623413 -0.26134899258613586
v -0.12364500015974045 0.2692820131778717 -0.29586899280548096
v -0.2012449949979782 0.35389798879623413 -0.2001889944076538
v -0.0016479999758303165 0.08185400068759918 -0.31499001383781433
v -0.11243899911642075 0.000590000010561198 -0.2679089903831482
v -0.12204600125551224 0.08185400068759918 -0.2910290062427521
v -0.12204600125551224 0.08185400068759918 -0.2910290062427521
v -0.0016479999758303165 0.17661400139331818 -0.3267489969730377
v -0.0016479999758303165 0.08185400068759918 -0.31499001383781433
v -0.11243899911642075 0.000590000010561198 -0.2679089903831482
v -0.0016479999758303165 0.08185400068759918 -0.31499001383781433
v -0.0016479999758303165 0.000590000010561198 -0.2899090051651001
v 0.10915499925613403 0.000590000010561198 -0.2679089903831482
v -0.0016479999758303165 0.000590000010561198 -0.2899090051651001
v -0.0016479999758303165 0.08185400068759918 -0.31499001383781433
v 0.11874999850988388 0.08185800164937973 -0.2910290062427521
v 0.10915499925613403 0.000590000010561198 -0.2679089903831482
v -0.0016479999758303165 0.08185400068759918 -0.31499001383781433
v 0.11874999850988388 0.08185800164937973 -0.2910290062427521
v -0.0016479999758303165 0.08185400068759918 -0.31499001383781433
v -0.0016479999758303165 0.17661400139331818 -0.3267489969730377
v 0.2031490057706833 0.000590000010561198 -0.20518900454044342
v 0.10915499925613403 0.000590000010561198 -0.2679089903831482
v 0.11874999850988388 0.08185800164937973 -0.2910290062427521
v -0.0016479999758303165 0.2692820131778717 -0.3201889991760254
v -0.12364500015974045 0.2692820131778717 -0.29586899280548096
v -0.10964400321245193 0.35389798879623413 -0.26134899258613586
v -0.0016479999758303165 0.2692820131778717 -0.3201889991760254
v -0.0016479999758303165 0.17661400139331818 -0.3267489969730377
v -0.12364500015974045 0.2692820131778717 -0.29586899280548096
v -0.0016479999758303165 0.35389798879623413 -0.2828289866447449
v -0.10964400321245193 0.35389798879623413 -0.26134899258613586
v -0.09244400262832642 0.4055339992046356 -0.21966899931430817
v -0.0016479999758303165 0.35389798879623413 -0.2828289866447449
v -0.0016479999758303165 0.2692820131778717 -0.3201889991760254
v -0.10964400321245193 0.35389798879623413 -0.26134899258613586
v -0.0016479999758303165 0.4055339992046356 -0.23774899542331696
v -0.0016479999758303165 0.35389798879623413 -0.2828289866447449
v -0.09244400262832642 0.4055339992046356 -0.21966899931430817
v 0.0891600027680397 0.4055339992046356 -0.21966899931430817
v -0.0016479999758303165 0.35389798879623413 -0.2828289866447449
v -0.0016479999758303165 0.4055339992046356 -0.23774899542331696
v -0.0016479999758303165 0.35389798879623413 -0.2828289866447449
v 0.0891600027680397 0.4055339992046356 -0.21966899931430817
v 0.10636000335216522 0.35389798879623413 -0.26134899258613586
v 0.10636000335216522 0.35389798879623413 -0.26134899258613586
v -0.0016479999758303165 0.2692820131778717 -0.3201889991760254
v -0.0016479999758303165 0.35389798879623413 -0.2828289866447449
v -0.0016479999758303165 0.2692820131778717 -0.3201889991760254
v 0.10636000335216522 0.35389798879623413 -0.26134899258613586
v 0.1207519993185997 0.2692820131778717 -0.29586899280548096
v 0.1207519993185997 0.2692820131778717 -0.29586899280548096
v -0.0016479999758303165 0.17661400139331818 -0.3267489969730377
v -0.0016479999758303165 0.2692820131778717 -0.3201889991760254
v 0.19794900715351105 0.35389798879623413 -0.2001889944076538
v 0.1207519993185997 0.2692820131778717 -0.29586899280548096
v 0.10636000335216522 0.35389798879623413 -0.26134899258613586
v -0.0016479999758303165 0.17661400139331818 -0.3267489969730377
v 0.1207519993185997 0.2692820131778717 -0.29586899280548096
v 0.12315700203180313 0.17661400139331818 -0.3019089996814728
v 0.12315700203180313 0.17661400139331818 -0.3019089996814728
v 0.11874999850988388 0.08185800164937973 -0.2910290062427521
v -0.0016479999758303165 0.17661400139331818 -0.3267489969730377
v 0.1207519993185997 0.2692820131778717 -0.29586899280548096
v 0.19794900715351105 0.35389798879623413 -0.2001889944076538
v 0.22435300052165985 0.2692820131778717 -0.22658899426460266
v 0.22435300052165985 0.2692820131778717 -0.22658899426460266
v 0.12315700203180313 0.17661400139331818 -0.3019089996814728
v 0.1207519993185997 0.2692820131778717 -0.29586899280548096
v 0.12315700203180313 0.17661400139331818 -0.3019089996814728
v 0.22435300052165985 0.2692820131778717 -0.22658899426460266
v 0.22914999723434448 0.17661400139331818 -0.2312290072441101
v 0.22075200080871582 0.08185800164937973 -0.22290900349617004
v 0.11874999850988388 0.08185800164937973 -0.2910290062427521
v 0.12315700203180313 0.17661400139331818 -0.3019089996814728
v 0.22914999723434448 0.17661400139331818 -0.2312290072441101
v 0.22075200080871582 0.08185800164937973 -0.22290900349617004
v 0.12315700203180313 0.17661400139331818 -0.3019089996814728
v 0.22075200080871582 0.08185800164937973 -0.22290900349617004
v 0.2031490057706833 0.000590000010561198 -0.20518900454044342
v 0.11874999850988388 0.08185800164937973 -0.2910290062427521
v -0.0016479999758303165 0.000590000010561198 -0.2899090051651001
v -0.0016479999758303165 -0.07491400092840195 -0.237868994474411
v -0.09244400262832642 -0.07491400092840195 -0.2198289930820465
v -0.0016479999758303165 0.000590000010561198 -0.2899090051651001
v -0.09244400262832642 -0.07491400092840195 -0.2198289930820465
v -0.11243899911642075 0.000590000010561198 -0.2679089903831482
v 0.0891600027680397 -0.07491400092840195 -0.2198289930820465
v -0.0016479999758303165 0.000590000010561198 -0.2899090051651001
v 0.10915499925613403 0.000590000010561198 -0.2679089903831482
v -0.0016479999758303165 0.000590000010561198 -0.2899090051651001
v 0.0891600027680397 -0.07491400092840195 -0.2198289930820465
v -0.0016479999758303165 -0.07491400092840195 -0.237868994474411
v 0.16635699570178986 -0.07491400092840195 -0.16838900744915009
v 0.10915499925613403 0.000590000010561198 -0.2679089903831482
v 0.2031490057706833 0.000590000010561198 -0.20518900454044342
v 0.10915499925613403 0.000590000010561198 -0.2679089903831482
v 0.16635699570178986 -0.07491400092840195 -0.16838900744915009
v 0.0891600027680397 -0.07491400092840195 -0.2198289930820465
v -0.11243899911642075 0.000590000010561198 -0.2679089903831482
v -0.1692499965429306 -0.07491400092840195 -0.16838900744915009
v -0.20604200661182404 0.000590000010561198 -0.20518900454044342
v -0.11243899911642075 0.000590000010561198 -0.2679089903831482
v -0.09244400262832642 -0.07491400092840195 -0.2198289930820465
v -0.1692499965429306 -0.07491400092840195 -0.16838900744915009
v 0.0011599999852478504 -0.25778600573539734 0.005530999973416328
v -0.0028440000023692846 -0.2587139904499054 0.004770999774336815
v -0.002440999960526824 -0.25535398721694946 0.0023709998931735754
v -0.000048999998398358 -0.2546299993991852 0.0027310000732541084
v 0.0011599999852478504 -0.25778600573539734 0.005530999973416328
v -0.002440999960526824 -0.25535398721694946 0.0023709998931735754
v -0.005640000104904175 -0.2547740042209625 0.0025710000190883875
v -0.0032470000442117453 -0.25273799896240234 0.0010110000148415565
v -0.004443000070750713 -0.2558459937572479 0.0025309999473392963
v -0.0032470000442117453 -0.25273799896240234 0.0010110000148415565
v -0.005640000104904175 -0.2547740042209625 0.0025710000190883875
v -0.004040999803692102 -0.25176599621772766 0.0012509999796748161
v -0.0028440000023692846 -0.24747799336910248 -0.0286289993673563
v -0.014844000339508057 -0.2535859942436218 -0.024468999356031418
v -0.016442999243736267 -0.2503100037574768 -0.024548999965190887
v -0.014844000339508057 -0.2535859942436218 -0.024468999356031418
v -0.0028440000023692846 -0.24747799336910248 -0.0286289993673563
v -0.0016479999758303165 -0.25082600116729736 -0.02814899943768978
v -0.016442999243736267 -0.2503100037574768 -0.024548999965190887
v -0.003650000086054206 -0.2442139983177185 -0.027309000492095947
v -0.0028440000023692846 -0.24747799336910248 -0.0286289993673563
v -0.003650000086054206 -0.2442139983177185 -0.027309000492095947
v -0.016442999243736267 -0.2503100037574768 -0.024548999965190887
v -0.016845999285578728 -0.24700599908828735 -0.02310900017619133
v -0.0016479999758303165 -0.25082600116729736 -0.02814899943768978
v -0.012047999538481236 -0.2564460039138794 -0.022669000551104546
v -0.014844000339508057 -0.2535859942436218 -0.024468999356031418
v -0.012047999538481236 -0.2564460039138794 -0.022669000551104546
v -0.0016479999758303165 -0.25082600116729736 -0.02814899943768978
v -0.00043899999582208693 -0.25387799739837646 -0.02570899948477745
v 0.011157000437378883 -0.24533000588417053 -0.025188999250531197
v -0.0016479999758303165 -0.25082600116729736 -0.02814899943768978
v -0.0028440000023692846 -0.24747799336910248 -0.0286289993673563
v -0.0028440000023692846 -0.24747799336910248 -0.0286289993673563
v 0.009960999712347984 -0.24207399785518646 -0.024149000644683838
v 0.011157000437378883 -0.24533000588417053 -0.025188999250531197
v 0.009960999712347984 -0.24207399785518646 -0.024149000644683838
v -0.0028440000023692846 -0.24747799336910248 -0.0286289993673563
v -0.003650000086054206 -0.2442139983177185 -0.027309000492095947
v -0.0016479999758303165 -0.25082600116729736 -0.02814899943768978
v 0.011157000437378883 -0.24533000588417053 -0.025188999250531197
v 0.01155999954789877 -0.248758003115654 -0.024748999625444412
v 0.011157000437378883 -0.2519820034503937 -0.02262900024652481
v -0.0016479999758303165 -0.25082600116729736 -0.02814899943768978
v 0.01155999954789877 -0.248758003115654 -0.024748999625444412
v -0.0016479999758303165 -0.25082600116729736 -0.02814899943768978
v 0.011157000437378883 -0.2519820034503937 -0.02262900024652481
v -0.00043899999582208693 -0.25387799739837646 -0.02570899948477745
v -0.021239999681711197 -0.28823399543762207 -0.013949000276625156
v -0.011242999695241451 -0.26381799578666687 -0.008228999562561512
v -0.012047999538481236 -0.2894819974899292 -0.019828999415040016
v -0.018848000094294548 -0.31177398562431335 -0.03286899998784065
v -0.021239999681711197 -0.28823399543762207 -0.013949000276625156
v -0.012047999538481236 -0.2894819974899292 -0.019828999415040016
v -0.018848000094294548 -0.31177398562431335 -0.03286899998784065
v -0.033642999827861786 -0.30974599719047546 -0.023308999836444855
v -0.021239999681711197 -0.28823399543762207 -0.013949000276625156
v -0.016442999243736267 -0.2503100037574768 -0.024548999965190887
v -0.0244510006159544 -0.25630998611450195 -0.014549000188708305
v -0.02604999952018261 -0.25307801365852356 -0.014108999632298946
v -0.0244510006159544 -0.25630998611450195 -0.014549000188708305
v -0.016442999243736267 -0.2503100037574768 -0.024548999965190887
v -0.014844000339508057 -0.2535859942436218 -0.024468999356031418
v 0.015552000142633915 -0.31177398562431335 -0.03286899998784065
v 0.01795700006186962 -0.28823399543762207 -0.013949000276625156
v 0.030358999967575073 -0.30974599719047546 -0.023308999836444855
v 0.01795700006186962 -0.28823399543762207 -0.013949000276625156
v 0.015552000142633915 -0.31177398562431335 -0.03286899998784065
v 0.009154999628663063 -0.2894819974899292 -0.019828999415040016
v 0.009154999628663063 -0.2894819974899292 -0.019828999415040016
v 0.007958999834954739 -0.26381799578666687 -0.008228999562561512
v 0.01795700006186962 -0.28823399543762207 -0.013949000276625156
v -0.0016479999758303165 -0.3124859929084778 -0.0361890010535717
v 0.009154999628663063 -0.2894819974899292 -0.019828999415040016
v 0.015552000142633915 -0.31177398562431335 -0.03286899998784065
v 0.007958999834954739 -0.26381799578666687 -0.008228999562561512
v 0.003148999996483326 -0.24467800557613373 -0.0123089998960495
v 0.007555999793112278 -0.2446659952402115 -0.009588999673724174
v 0.007958999834954739 -0.26381799578666687 -0.008228999562561512
v 0.009154999628663063 -0.2894819974899292 -0.019828999415040016
v 0.0035520000383257866 -0.26443400979042053 -0.011149000376462936
v 0.003148999996483326 -0.24467800557613373 -0.0123089998960495
v 0.007958999834954739 -0.26381799578666687 -0.008228999562561512
v 0.0035520000383257866 -0.26443400979042053 -0.011149000376462936
v 0.009154999628663063 -0.2894819974899292 -0.019828999415040016
v -0.0016479999758303165 -0.3124859929084778 -0.0361890010535717
v -0.0016479999758303165 -0.28992199897766113 -0.021909000352025032
v -0.0016479999758303165 -0.28992199897766113 -0.021909000352025032
v 0.0035520000383257866 -0.26443400979042053 -0.011149000376462936
v 0.009154999628663063 -0.2894819974899292 -0.019828999415040016
v -0.0016479999758303165 -0.3124859929084778 -0.0361890010535717
v -0.012047999538481236 -0.2894819974899292 -0.019828999415040016
v -0.0016479999758303165 -0.28992199897766113 -0.021909000352025032
v 0.0035520000383257866 -0.26443400979042053 -0.011149000376462936
v -0.0016479999758303165 -0.28992199897766113 -0.021909000352025032
v -0.0016479999758303165 -0.26464998722076416 -0.012148999609053135
v -0.012047999538481236 -0.2894819974899292 -0.019828999415040016
v -0.0016479999758303165 -0.3124859929084778 -0.0361890010535717
v -0.018848000094294548 -0.31177398562431335 -0.03286899998784065
v 0.0035520000383257866 -0.26443400979042053 -0.011149000376462936
v -0.0016479999758303165 -0.24468199908733368 -0.013268999755382538
v 0.003148999996483326 -0.24467800557613373 -0.0123089998960495
v -0.0016479999758303165 -0.24468199908733368 -0.013268999755382538
v 0.0035520000383257866 -0.26443400979042053 -0.011149000376462936
v -0.0016479999758303165 -0.26464998722076416 -0.012148999609053135
v -0.0016479999758303165 -0.28992199897766113 -0.021909000352025032
v -0.00684799998998642 -0.26443400979042053 -0.011149000376462936
v -0.0016479999758303165 -0.26464998722076416 -0.012148999609053135
v -0.00684799998998642 -0.26443400979042053 -0.011149000376462936
v -0.0016479999758303165 -0.24468199908733368 -0.013268999755382538
v -0.0016479999758303165 -0.26464998722076416 -0.012148999609053135
v -0.00684799998998642 -0.26443400979042053 -0.011149000376462936
v -0.0016479999758303165 -0.28992199897766113 -0.021909000352025032
v -0.012047999538481236 -0.2894819974899292 -0.019828999415040016
v -0.0016479999758303165 -0.24468199908733368 -0.013268999755382538
v -0.00684799998998642 -0.26443400979042053 -0.011149000376462936
v -0.006444999948143959 -0.24467800557613373 -0.0123089998960495
v -0.011242999695241451 -0.26381799578666687 -0.008228999562561512
v -0.006444999948143959 -0.24467800557613373 -0.0123089998960495
v -0.00684799998998642 -0.26443400979042053 -0.011149000376462936
v -0.012047999538481236 -0.2894819974899292 -0.019828999415040016
v -0.011242999695241451 -0.26381799578666687 -0.008228999562561512
v -0.00684799998998642 -0.26443400979042053 -0.011149000376462936
v -0.006444999948143959 -0.24467800557613373 -0.0123089998960495
v -0.011242999695241451 -0.26381799578666687 -0.008228999562561512
v -0.01044899970293045 -0.2446659952402115 -0.009588999673724174
v 0.0159549992531538 -0.2642019987106323 -0.013709000311791897
v 0.005956999957561493 -0.2619059979915619 -0.02326899953186512
v 0.007555999793112278 -0.2589940130710602 -0.024309000000357628
v 0.0159549992531538 -0.2642019987106323 -0.013709000311791897
v 0.007555999793112278 -0.2589940130710602 -0.024309000000357628
v 0.01755400002002716 -0.2612980008125305 -0.0146289998665452
v 0.007555999793112278 -0.2589940130710602 -0.024309000000357628
v 0.01795700006186962 -0.25800201296806335 -0.0146289998665452
v 0.01755400002002716 -0.2612980008125305 -0.0146289998665452
v 0.01795700006186962 -0.25800201296806335 -0.0146289998665452
v 0.007555999793112278 -0.2589940130710602 -0.024309000000357628
v 0.008349999785423279 -0.2558099925518036 -0.023869000375270844
v 0.0007570000016130507 -0.2492540031671524 0.000770999991800636
v 0.002759000053629279 -0.2525700032711029 0.00025099999038502574
v -0.000048999998398358 -0.25024598836898804 0.001851000008173287
v -0.00725100003182888 -0.25382199883461 0.0012509999796748161
v -0.005249000154435635 -0.25084200501441956 0.000291000003926456
v -0.006444999948143959 -0.25405800342559814 0.002010999945923686
v -0.006444999948143959 -0.25405800342559814 0.002010999945923686
v -0.005249000154435635 -0.25084200501441956 0.000291000003926456
v -0.004846000112593174 -0.2510739862918854 0.0009710000013001263
v 0.005956999957561493 -0.2619059979915619 -0.02326899953186512
v -0.00725100003182888 -0.2579619884490967 -0.026309000328183174
v -0.005640000104904175 -0.2550260126590729 -0.02758900076150894
v 0.005956999957561493 -0.2619059979915619 -0.02326899953186512
v -0.005640000104904175 -0.2550260126590729 -0.02758900076150894
v 0.007555999793112278 -0.2589940130710602 -0.024309000000357628
v 0.007555999793112278 -0.2589940130710602 -0.024309000000357628
v -0.005640000104904175 -0.2550260126590729 -0.02758900076150894
v -0.004040999803692102 -0.25201401114463806 -0.027148999273777008
v 0.007555999793112278 -0.2589940130710602 -0.024309000000357628
v -0.004040999803692102 -0.25201401114463806 -0.027148999273777008
v 0.008349999785423279 -0.2558099925518036 -0.023869000375270844
v -0.004040999803692102 -0.25201401114463806 -0.027148999273777008
v 0.008349999785423279 -0.2526699900627136 -0.021788999438285828
v 0.008349999785423279 -0.2558099925518036 -0.023869000375270844
v 0.008349999785423279 -0.2526699900627136 -0.021788999438285828
v -0.004040999803692102 -0.25201401114463806 -0.027148999273777008
v -0.002440999960526824 -0.2492779940366745 -0.024788999930024147
v 0.001550000044517219 -0.25360599160194397 0.0018909999635070562
v 0.0011599999852478504 -0.25778600573539734 0.005530999973416328
v -0.000048999998398358 -0.2546299993991852 0.0027310000732541084
v 0.0011599999852478504 -0.25778600573539734 0.005530999973416328
v 0.001550000044517219 -0.25360599160194397 0.0018909999635070562
v 0.005150999873876572 -0.2565459907054901 0.003891000058501959
v 0.001550000044517219 -0.25360599160194397 0.0018909999635070562
v -0.000048999998398358 -0.2546299993991852 0.0027310000732541084
v -0.0012450000504031777 -0.2511900067329407 0.002211000071838498
v -0.000048999998398358 -0.25024598836898804 0.001851000008173287
v 0.001550000044517219 -0.25360599160194397 0.0018909999635070562
v -0.0012450000504031777 -0.2511900067329407 0.002211000071838498
v -0.004040999803692102 -0.2555620074272156 0.0008110000053420663
v -0.003650000086054206 -0.25199800729751587 0.0008110000053420663
v -0.002440999960526824 -0.25535398721694946 0.0023709998931735754
v -0.0028440000023692846 -0.2518340051174164 0.001851000008173287
v -0.002440999960526824 -0.25535398721694946 0.0023709998931735754
v -0.003650000086054206 -0.25199800729751587 0.0008110000053420663
v -0.0012450000504031777 -0.2511900067329407 0.002211000071838498
v -0.000048999998398358 -0.2546299993991852 0.0027310000732541084
v -0.0028440000023692846 -0.2518340051174164 0.001851000008173287
v -0.000048999998398358 -0.2546299993991852 0.0027310000732541084
v -0.002440999960526824 -0.25535398721694946 0.0023709998931735754
v -0.0028440000023692846 -0.2518340051174164 0.001851000008173287
v -0.004846000112593174 -0.2510739862918854 0.0009710000013001263
v -0.002440999960526824 -0.24868200719356537 0.0017310000257566571
v -0.004040999803692102 -0.25176599621772766 0.0012509999796748161
v -0.002440999960526824 -0.24868200719356537 0.0017310000257566571
v -0.004846000112593174 -0.2510739862918854 0.0009710000013001263
v -0.004040999803692102 -0.2478020042181015 0.0014909999445080757
v -0.018445000052452087 -0.25047001242637634 -0.02366900071501732
v -0.02724600024521351 -0.24653400480747223 -0.013628999702632427
v -0.02524399943649769 -0.24370600283145905 -0.014069000259041786
v -0.018445000052452087 -0.25047001242637634 -0.02366900071501732
v -0.02524399943649769 -0.24370600283145905 -0.014069000259041786
v -0.016442999243736267 -0.24759800732135773 -0.023629000410437584
v -0.006444999948143959 -0.25405800342559814 0.002010999945923686
v -0.004040999803692102 -0.25176599621772766 0.0012509999796748161
v -0.005640000104904175 -0.2547740042209625 0.0025710000190883875
v -0.004040999803692102 -0.25176599621772766 0.0012509999796748161
v -0.006444999948143959 -0.25405800342559814 0.002010999945923686
v -0.004846000112593174 -0.2510739862918854 0.0009710000013001263
v -0.00043899999582208693 -0.24587799608707428 0.00445100013166666
v -0.004040999803692102 -0.2478020042181015 0.0014909999445080757
v -0.004040999803692102 -0.24452200531959534 0.0038509999867528677
v -0.004040999803692102 -0.2478020042181015 0.0014909999445080757
v -0.00043899999582208693 -0.24587799608707428 0.00445100013166666
v -0.002440999960526824 -0.24868200719356537 0.0017310000257566571
v -0.005249000154435635 -0.25084200501441956 0.000291000003926456
v -0.004040999803692102 -0.2478020042181015 0.0014909999445080757
v -0.004846000112593174 -0.2510739862918854 0.0009710000013001263
v -0.004040999803692102 -0.2478020042181015 0.0014909999445080757
v -0.005249000154435635 -0.25084200501441956 0.000291000003926456
v -0.005249000154435635 -0.24744200706481934 0.000291000003926456
v -0.00725100003182888 -0.2579619884490967 -0.026309000328183174
v -0.01924999989569187 -0.25350600481033325 -0.02222900092601776
v -0.018445000052452087 -0.25047001242637634 -0.02366900071501732
v -0.00725100003182888 -0.2579619884490967 -0.026309000328183174
v -0.018445000052452087 -0.25047001242637634 -0.02366900071501732
v -0.005640000104904175 -0.2550260126590729 -0.02758900076150894
v -0.005640000104904175 -0.2550260126590729 -0.02758900076150894
v -0.018445000052452087 -0.25047001242637634 -0.02366900071501732
v -0.016442999243736267 -0.24759800732135773 -0.023629000410437584
v -0.005640000104904175 -0.2550260126590729 -0.02758900076150894
v -0.016442999243736267 -0.24759800732135773 -0.023629000410437584
v -0.004040999803692102 -0.25201401114463806 -0.027148999273777008
v -0.004040999803692102 -0.25201401114463806 -0.027148999273777008
v -0.016442999243736267 -0.24759800732135773 -0.023629000410437584
v -0.013244999572634697 -0.24526600539684296 -0.021869000047445297
v -0.004040999803692102 -0.25201401114463806 -0.027148999273777008
v -0.013244999572634697 -0.24526600539684296 -0.021869000047445297
v -0.002440999960526824 -0.2492779940366745 -0.024788999930024147
v 0.021959999576210976 -0.2479179948568344 -0.015189000405371189
v 0.011157000437378883 -0.24533000588417053 -0.025188999250531197
v 0.021959999576210976 -0.24445000290870667 -0.015149000100791454
v 0.011157000437378883 -0.24533000588417053 -0.025188999250531197
v 0.02075199969112873 -0.24119800329208374 -0.014189000241458416
v 0.021959999576210976 -0.24445000290870667 -0.015149000100791454
v 0.011157000437378883 -0.24533000588417053 -0.025188999250531197
v 0.021959999576210976 -0.2479179948568344 -0.015189000405371189
v 0.01155999954789877 -0.248758003115654 -0.024748999625444412
v 0.02075199969112873 -0.24119800329208374 -0.014189000241458416
v 0.011157000437378883 -0.24533000588417053 -0.025188999250531197
v 0.009960999712347984 -0.24207399785518646 -0.024149000644683838
v -0.004040999803692102 -0.2484939992427826 0.002930999966338277
v -0.003650000086054206 -0.25199800729751587 0.0008110000053420663
v -0.005249000154435635 -0.24866199493408203 0.0018110000528395176
v -0.003650000086054206 -0.25199800729751587 0.0008110000053420663
v -0.004040999803692102 -0.2484939992427826 0.002930999966338277
v -0.0028440000023692846 -0.2518340051174164 0.001851000008173287
v -0.004040999803692102 -0.25176599621772766 0.0012509999796748161
v -0.0012450000504031777 -0.2497979998588562 0.0010509999701753259
v -0.0032470000442117453 -0.25273799896240234 0.0010110000148415565
v -0.0012450000504031777 -0.2497979998588562 0.0010509999701753259
v -0.004040999803692102 -0.25176599621772766 0.0012509999796748161
v -0.002440999960526824 -0.24868200719356537 0.0017310000257566571
v -0.00043899999582208693 -0.24587799608707428 0.00445100013166666
v -0.0012450000504031777 -0.2497979998588562 0.0010509999701753259
v -0.002440999960526824 -0.24868200719356537 0.0017310000257566571
v -0.0012450000504031777 -0.2497979998588562 0.0010509999701753259
v -0.00043899999582208693 -0.24587799608707428 0.00445100013166666
v 0.002759000053629279 -0.24746200442314148 0.002971000038087368
v -0.002440999960526824 -0.24784600734710693 0.003570999950170517
v -0.0012450000504031777 -0.2511900067329407 0.002211000071838498
v -0.004040999803692102 -0.2484939992427826 0.002930999966338277
v -0.0012450000504031777 -0.2511900067329407 0.002211000071838498
v -0.0028440000023692846 -0.2518340051174164 0.001851000008173287
v -0.004040999803692102 -0.2484939992427826 0.002930999966338277
v -0.0008420000085607171 -0.2468540072441101 0.003410999896004796
v -0.000048999998398358 -0.25024598836898804 0.001851000008173287
v -0.002440999960526824 -0.24784600734710693 0.003570999950170517
v -0.000048999998398358 -0.25024598836898804 0.001851000008173287
v -0.0012450000504031777 -0.2511900067329407 0.002211000071838498
v -0.002440999960526824 -0.24784600734710693 0.003570999950170517
v -0.0032470000442117453 -0.25273799896240234 0.0010110000148415565
v -0.00043899999582208693 -0.2508220076560974 -0.00022899999748915434
v -0.0028440000023692846 -0.25371798872947693 0.000291000003926456
v -0.03804900124669075 -0.3085300028324127 -0.006909000221639872
v -0.033642999827861786 -0.30974599719047546 -0.023308999836444855
v -0.02965099923312664 -0.3111819922924042 -0.019388999789953232
v -0.018848000094294548 -0.31177398562431335 -0.03286899998784065
v -0.02965099923312664 -0.3111819922924042 -0.019388999789953232
v -0.033642999827861786 -0.30974599719047546 -0.023308999836444855
v -0.033642999827861786 -0.30974599719047546 -0.023308999836444855
v -0.03804900124669075 -0.3085300028324127 -0.006909000221639872
v -0.04324999824166298 -0.30671799182891846 -0.008988999761641026
v -0.02965099923312664 -0.3111819922924042 -0.019388999789953232
v -0.018848000094294548 -0.31177398562431335 -0.03286899998784065
v -0.016845999285578728 -0.31295400857925415 -0.02774900011718273
v -0.04124800115823746 -0.30539798736572266 0.00785099994391203
v -0.04324999824166298 -0.30671799182891846 -0.008988999761641026
v -0.03804900124669075 -0.3085300028324127 -0.006909000221639872
v -0.0016479999758303165 -0.3124859929084778 -0.0361890010535717
v -0.016845999285578728 -0.31295400857925415 -0.02774900011718273
v -0.018848000094294548 -0.31177398562431335 -0.03286899998784065
v -0.04324999824166298 -0.30671799182891846 -0.008988999761641026
v -0.04124800115823746 -0.30539798736572266 0.00785099994391203
v -0.04685100167989731 -0.3031420111656189 0.00785099994391203
v -0.016845999285578728 -0.31295400857925415 -0.02774900011718273
v -0.0016479999758303165 -0.3124859929084778 -0.0361890010535717
v -0.0016479999758303165 -0.3135739862918854 -0.030709000304341316
v -0.04124800115823746 -0.30539798736572266 0.00785099994391203
v -0.04324999824166298 -0.29956600069999695 0.024731000885367393
v -0.04685100167989731 -0.3031420111656189 0.00785099994391203
v -0.0016479999758303165 -0.3124859929084778 -0.0361890010535717
v 0.01355000026524067 -0.31295400857925415 -0.02774900011718273
v -0.0016479999758303165 -0.3135739862918854 -0.030709000304341316
v -0.04324999824166298 -0.29956600069999695 0.024731000885367393
v -0.04124800115823746 -0.30539798736572266 0.00785099994391203
v -0.03804900124669075 -0.30226999521255493 0.022610999643802643
v 0.01355000026524067 -0.31295400857925415 -0.02774900011718273
v -0.0016479999758303165 -0.3124859929084778 -0.0361890010535717
v 0.015552000142633915 -0.31177398562431335 -0.03286899998784065
v -0.03804900124669075 -0.30226999521255493 0.022610999643802643
v -0.033642999827861786 -0.29653400182724 0.03901100158691406
v -0.04324999824166298 -0.29956600069999695 0.024731000885367393
v 0.026355000212788582 -0.3111819922924042 -0.019388999789953232
v 0.01355000026524067 -0.31295400857925415 -0.02774900011718273
v 0.015552000142633915 -0.31177398562431335 -0.03286899998784065
v -0.033642999827861786 -0.29653400182724 0.03901100158691406
v -0.03804900124669075 -0.30226999521255493 0.022610999643802643
v -0.02965099923312664 -0.2996180057525635 0.035130999982357025
v 0.015552000142633915 -0.31177398562431335 -0.03286899998784065
v 0.030358999967575073 -0.30974599719047546 -0.023308999836444855
v 0.026355000212788582 -0.3111819922924042 -0.019388999789953232
v -0.02965099923312664 -0.2996180057525635 0.035130999982357025
v -0.018848000094294548 -0.2945060133934021 0.04857100173830986
v -0.033642999827861786 -0.29653400182724 0.03901100158691406
v 0.03475299850106239 -0.3085300028324127 -0.006909000221639872
v 0.026355000212788582 -0.3111819922924042 -0.019388999789953232
v 0.030358999967575073 -0.30974599719047546 -0.023308999836444855
v -0.018848000094294548 -0.2945060133934021 0.04857100173830986
v -0.02965099923312664 -0.2996180057525635 0.035130999982357025
v -0.016845999285578728 -0.2978459894657135 0.043490998446941376
v 0.030358999967575073 -0.30974599719047546 -0.023308999836444855
v 0.03995399922132492 -0.30671799182891846 -0.008988999761641026
v 0.03475299850106239 -0.3085300028324127 -0.006909000221639872
v 0.03995399922132492 -0.30671799182891846 -0.008988999761641026
v 0.0379519984126091 -0.30539798736572266 0.00785099994391203
v 0.03475299850106239 -0.3085300028324127 -0.006909000221639872
v 0.03995399922132492 -0.30671799182891846 -0.008988999761641026
v 0.04355499893426895 -0.3031420111656189 0.00785099994391203
v 0.0379519984126091 -0.30539798736572266 0.00785099994391203
v -0.0016479999758303165 -0.2937979996204376 0.051931001245975494
v -0.018848000094294548 -0.2945060133934021 0.04857100173830986
v -0.016845999285578728 -0.2978459894657135 0.043490998446941376
v -0.0016479999758303165 -0.2937979996204376 0.051931001245975494
v -0.016845999285578728 -0.2978459894657135 0.043490998446941376
v -0.0016479999758303165 -0.29722198843955994 0.046411000192165375
v 0.01355000026524067 -0.2978459894657135 0.043490998446941376
v -0.0016479999758303165 -0.2937979996204376 0.051931001245975494
v -0.0016479999758303165 -0.29722198843955994 0.046411000192165375
v -0.0016479999758303165 -0.2937979996204376 0.051931001245975494
v 0.01355000026524067 -0.2978459894657135 0.043490998446941376
v 0.015552000142633915 -0.2945060133934021 0.04857100173830986
v 0.026355000212788582 -0.2996180057525635 0.035130999982357025
v 0.015552000142633915 -0.2945060133934021 0.04857100173830986
v 0.01355000026524067 -0.2978459894657135 0.043490998446941376
v 0.015552000142633915 -0.2945060133934021 0.04857100173830986
v 0.026355000212788582 -0.2996180057525635 0.035130999982357025
v 0.030358999967575073 -0.29653400182724 0.03901100158691406
v 0.03475299850106239 -0.30226999521255493 0.022610999643802643
v 0.030358999967575073 -0.29653400182724 0.03901100158691406
v 0.026355000212788582 -0.2996180057525635 0.035130999982357025
v 0.030358999967575073 -0.29653400182724 0.03901100158691406
v 0.03475299850106239 -0.30226999521255493 0.022610999643802643
v 0.03995399922132492 -0.29956600069999695 0.024731000885367393
v 0.0379519984126091 -0.30539798736572266 0.00785099994391203
v 0.03995399922132492 -0.29956600069999695 0.024731000885367393
v 0.03475299850106239 -0.30226999521255493 0.022610999643802643
v 0.03995399922132492 -0.29956600069999695 0.024731000885367393
v 0.0379519984126091 -0.30539798736572266 0.00785099994391203
v 0.04355499893426895 -0.3031420111656189 0.00785099994391203
v -0.04124800115823746 -0.30539798736572266 0.00785099994391203
v -0.03804900124669075 -0.3085300028324127 -0.006909000221639872
v -0.0016479999758303165 -0.27616599202156067 0.004131000023335218
v -0.03804900124669075 -0.30226999521255493 0.022610999643802643
v -0.04124800115823746 -0.30539798736572266 0.00785099994391203
v -0.0016479999758303165 -0.27616599202156067 0.004131000023335218
v -0.02965099923312664 -0.2996180057525635 0.035130999982357025
v -0.03804900124669075 -0.30226999521255493 0.022610999643802643
v -0.0016479999758303165 -0.27616599202156067 0.004131000023335218
v -0.016845999285578728 -0.2978459894657135 0.043490998446941376
v -0.02965099923312664 -0.2996180057525635 0.035130999982357025
v -0.0016479999758303165 -0.27616599202156067 0.004131000023335218
v -0.0016479999758303165 -0.29722198843955994 0.046411000192165375
v -0.016845999285578728 -0.2978459894657135 0.043490998446941376
v -0.0016479999758303165 -0.27616599202156067 0.004131000023335218
v 0.01355000026524067 -0.2978459894657135 0.043490998446941376
v -0.0016479999758303165 -0.29722198843955994 0.046411000192165375
v -0.0016479999758303165 -0.27616599202156067 0.004131000023335218
v 0.026355000212788582 -0.2996180057525635 0.035130999982357025
v 0.01355000026524067 -0.2978459894657135 0.043490998446941376
v -0.0016479999758303165 -0.27616599202156067 0.004131000023335218
v 0.03475299850106239 -0.30226999521255493 0.022610999643802643
v 0.026355000212788582 -0.2996180057525635 0.035130999982357025
v -0.0016479999758303165 -0.27616599202156067 0.004131000023335218
v 0.0379519984126091 -0.30539798736572266 0.00785099994391203
v 0.03475299850106239 -0.30226999521255493 0.022610999643802643
v -0.0016479999758303165 -0.27616599202156067 0.004131000023335218
v 0.016759999096393585 -0.26186200976371765 0.01281100045889616
v 0.015552000142633915 -0.2661939859390259 0.000770999991800636
v 0.019958000630140305 -0.26416999101638794 -0.00038899999344721437
v 0.015552000142633915 -0.2661939859390259 0.000770999991800636
v 0.016759999096393585 -0.26186200976371765 0.01281100045889616
v 0.012756000272929668 -0.2639339864253998 0.012411000207066536
v 0.012756000272929668 -0.2639339864253998 0.012411000207066536
v 0.0063599999994039536 -0.2654539942741394 0.001851000008173287
v 0.015552000142633915 -0.2661939859390259 0.000770999991800636
v 0.0063599999994039536 -0.2654539942741394 0.001851000008173287
v 0.012756000272929668 -0.2639339864253998 0.012411000207066536
v 0.004358000122010708 -0.26375800371170044 0.009650999680161476
v -0.0016479999758303165 -0.26041799783706665 0.004530999809503555
v 0.0063599999994039536 -0.2654539942741394 0.001851000008173287
v 0.004358000122010708 -0.26375800371170044 0.009650999680161476
v 0.0063599999994039536 -0.2654539942741394 0.001851000008173287
v -0.0016479999758303165 -0.26041799783706665 0.004530999809503555
v -0.0008420000085607171 -0.2614859938621521 0.001091000041924417
v 0.0007570000016130507 -0.2559019923210144 0.026050999760627747
v -0.013244999572634697 -0.25804200768470764 0.022890999913215637
v -0.01044899970293045 -0.26085400581359863 0.01933100074529648
v 0.0007570000016130507 -0.2559019923210144 0.026050999760627747
v -0.01044899970293045 -0.26085400581359863 0.01933100074529648
v 0.0019529999699443579 -0.258789986371994 0.022130999714136124
v 0.0019529999699443579 -0.258789986371994 0.022130999714136124
v -0.01044899970293045 -0.26085400581359863 0.01933100074529648
v -0.005640000104904175 -0.2615100145339966 0.011571000330150127
v 0.0019529999699443579 -0.258789986371994 0.022130999714136124
v -0.005640000104904175 -0.2615100145339966 0.011571000330150127
v 0.002759000053629279 -0.2599779963493347 0.013411000370979309
v -0.005640000104904175 -0.2615100145339966 0.011571000330150127
v 0.0011599999852478504 -0.25778600573539734 0.005530999973416328
v 0.002759000053629279 -0.2599779963493347 0.013411000370979309
v 0.0011599999852478504 -0.25778600573539734 0.005530999973416328
v -0.005640000104904175 -0.2615100145339966 0.011571000330150127
v -0.0028440000023692846 -0.2587139904499054 0.004770999774336815
v 0.021557999774813652 -0.2535940110683441 0.009170999750494957
v 0.01355000026524067 -0.25613000988960266 0.01829100027680397
v 0.010754000395536423 -0.25797799229621887 0.010691000148653984
v 0.021557999774813652 -0.2535940110683441 0.009170999750494957
v 0.010754000395536423 -0.25797799229621887 0.010691000148653984
v 0.0159549992531538 -0.25606998801231384 0.00445100013166666
v 0.010754000395536423 -0.25797799229621887 0.010691000148653984
v 0.007153000216931105 -0.25537800788879395 0.0006510000093840063
v 0.0159549992531538 -0.25606998801231384 0.00445100013166666
v 0.007153000216931105 -0.25537800788879395 0.0006510000093840063
v 0.010754000395536423 -0.25797799229621887 0.010691000148653984
v 0.005150999873876572 -0.2565459907054901 0.003891000058501959
v 0.0019529999699443579 -0.258789986371994 0.022130999714136124
v 0.01355000026524067 -0.25613000988960266 0.01829100027680397
v 0.01395300030708313 -0.2531140148639679 0.02185099944472313
v 0.01395300030708313 -0.2531140148639679 0.02185099944472313
v 0.0007570000016130507 -0.2559019923210144 0.026050999760627747
v 0.0019529999699443579 -0.258789986371994 0.022130999714136124
v 0.01355000026524067 -0.25613000988960266 0.01829100027680397
v 0.0019529999699443579 -0.258789986371994 0.022130999714136124
v 0.002759000053629279 -0.2599779963493347 0.013411000370979309
v 0.002759000053629279 -0.2599779963493347 0.013411000370979309
v 0.010754000395536423 -0.25797799229621887 0.010691000148653984
v 0.01355000026524067 -0.25613000988960266 0.01829100027680397
v 0.002759000053629279 -0.2599779963493347 0.013411000370979309
v 0.005150999873876572 -0.2565459907054901 0.003891000058501959
v 0.010754000395536423 -0.25797799229621887 0.010691000148653984
v 0.005150999873876572 -0.2565459907054901 0.003891000058501959
v 0.002759000053629279 -0.2599779963493347 0.013411000370979309
v 0.0011599999852478504 -0.25778600573539734 0.005530999973416328
v 0.004358000122010708 -0.25456199049949646 -0.008189000189304352
v 0.015149000100791454 -0.254254013299942 -0.011389000341296196
v 0.0063599999994039536 -0.25434601306915283 -0.006029000040143728
v 0.015149000100791454 -0.254254013299942 -0.011389000341296196
v 0.004358000122010708 -0.25456199049949646 -0.008189000189304352
v 0.009154999628663063 -0.2547740042209625 -0.016989000141620636
v 0.004358000122010708 -0.25456199049949646 -0.008189000189304352
v 0.0063599999994039536 -0.25434601306915283 -0.006029000040143728
v 0.0019529999699443579 -0.25145798921585083 -0.0030690000858157873
v 0.0011599999852478504 -0.2516219913959503 -0.004188999999314547
v 0.004358000122010708 -0.25456199049949646 -0.008189000189304352
v 0.0019529999699443579 -0.25145798921585083 -0.0030690000858157873
v -0.008849999867379665 -0.26057401299476624 -0.02246900089085102
v -0.01924999989569187 -0.25350600481033325 -0.02222900092601776
v -0.00725100003182888 -0.2579619884490967 -0.026309000328183174
v -0.01924999989569187 -0.25350600481033325 -0.02222900092601776
v -0.008849999867379665 -0.26057401299476624 -0.02246900089085102
v -0.019641000777482986 -0.2564539909362793 -0.018709000200033188
v -0.009643999859690666 -0.2616260051727295 -0.013669000007212162
v -0.019641000777482986 -0.2564539909362793 -0.018709000200033188
v -0.008849999867379665 -0.26057401299476624 -0.02246900089085102
v -0.019641000777482986 -0.2564539909362793 -0.018709000200033188
v -0.009643999859690666 -0.2616260051727295 -0.013669000007212162
v -0.016845999285578728 -0.25869399309158325 -0.011068999767303467
v -0.009643999859690666 -0.2616260051727295 -0.013669000007212162
v -0.01083999965339899 -0.258105993270874 -0.004228999838232994
v -0.016845999285578728 -0.25869399309158325 -0.011068999767303467
v -0.01083999965339899 -0.258105993270874 -0.004228999838232994
v -0.009643999859690666 -0.2616260051727295 -0.013669000007212162
v -0.008043999783694744 -0.25968998670578003 -0.005708999931812286
v 0.026355000212788582 -0.3111819922924042 -0.019388999789953232
v 0.03475299850106239 -0.3085300028324127 -0.006909000221639872
v -0.0016479999758303165 -0.27616599202156067 0.004131000023335218
v 0.03475299850106239 -0.3085300028324127 -0.006909000221639872
v 0.0379519984126091 -0.30539798736572266 0.00785099994391203
v -0.0016479999758303165 -0.27616599202156067 0.004131000023335218
v 0.01355000026524067 -0.31295400857925415 -0.02774900011718273
v 0.026355000212788582 -0.3111819922924042 -0.019388999789953232
v -0.0016479999758303165 -0.27616599202156067 0.004131000023335218
v -0.02965099923312664 -0.3111819922924042 -0.019388999789953232
v -0.016845999285578728 -0.31295400857925415 -0.02774900011718273
v -0.0016479999758303165 -0.27616599202156067 0.004131000023335218
v -0.03804900124669075 -0.3085300028324127 -0.006909000221639872
v -0.02965099923312664 -0.3111819922924042 -0.019388999789953232
v -0.0016479999758303165 -0.27616599202156067 0.004131000023335218
v -0.016845999285578728 -0.25869399309158325 -0.011068999767303467
v -0.01083999965339899 -0.258105993270874 -0.004228999838232994
v -0.021642999723553658 -0.25620999932289124 -0.005148999858647585
v -0.012842000462114811 -0.25679799914360046 -0.0013490000274032354
v -0.021642999723553658 -0.25620999932289124 -0.005148999858647585
v -0.01083999965339899 -0.258105993270874 -0.004228999838232994
v -0.01083999965339899 -0.258105993270874 -0.004228999838232994
v -0.008043999783694744 -0.2547459900379181 -0.0010290000354871154
v -0.012842000462114811 -0.25679799914360046 -0.0013490000274032354
v -0.008043999783694744 -0.2547459900379181 -0.0010290000354871154
v -0.01083999965339899 -0.258105993270874 -0.004228999838232994
v -0.00725100003182888 -0.2557699978351593 -0.0023089998867362738
v -0.02844199910759926 -0.25100600719451904 0.001411000033840537
v -0.026440000161528587 -0.25298601388931274 -0.009948999620974064
v -0.021642999723553658 -0.25620999932289124 -0.005148999858647585
v -0.021642999723553658 -0.25620999932289124 -0.005148999858647585
v -0.022839000448584557 -0.2547619938850403 0.0023709998931735754
v -0.02844199910759926 -0.25100600719451904 0.001411000033840537
v -0.022839000448584557 -0.2547619938850403 0.0023709998931735754
v -0.021642999723553658 -0.25620999932289124 -0.005148999858647585
v -0.012842000462114811 -0.25679799914360046 -0.0013490000274032354
v -0.012842000462114811 -0.2561019957065582 0.0017709999810904264
v -0.022839000448584557 -0.2547619938850403 0.0023709998931735754
v -0.012842000462114811 -0.25679799914360046 -0.0013490000274032354
v -0.012842000462114811 -0.25679799914360046 -0.0013490000274032354
v -0.0076419999822974205 -0.2540619969367981 0.000291000003926456
v -0.012842000462114811 -0.2561019957065582 0.0017709999810904264
v -0.0076419999822974205 -0.2540619969367981 0.000291000003926456
v -0.012842000462114811 -0.25679799914360046 -0.0013490000274032354
v -0.008043999783694744 -0.2547459900379181 -0.0010290000354871154
v 0.0159549992531538 -0.25606998801231384 0.00445100013166666
v 0.0239499993622303 -0.2518180012702942 -0.002669000066816807
v 0.021557999774813652 -0.2535940110683441 0.009170999750494957
v 0.0239499993622303 -0.2518180012702942 -0.002669000066816807
v 0.0159549992531538 -0.25606998801231384 0.00445100013166666
v 0.01755400002002716 -0.254721999168396 -0.0035890000872313976
v 0.007153000216931105 -0.25537800788879395 0.0006510000093840063
v 0.01755400002002716 -0.254721999168396 -0.0035890000872313976
v 0.0159549992531538 -0.25606998801231384 0.00445100013166666
v 0.01755400002002716 -0.254721999168396 -0.0035890000872313976
v 0.007153000216931105 -0.25537800788879395 0.0006510000093840063
v 0.007555999793112278 -0.2546060085296631 -0.003029000014066696
v 0.007153000216931105 -0.25537800788879395 0.0006510000093840063
v 0.002759000053629279 -0.25179800391197205 -0.0015490000369027257
v 0.007555999793112278 -0.2546060085296631 -0.003029000014066696
v 0.002759000053629279 -0.25179800391197205 -0.0015490000369027257
v 0.007153000216931105 -0.25537800788879395 0.0006510000093840063
v 0.002759000053629279 -0.2525700032711029 0.00025099999038502574
v -0.004443000070750713 -0.2588939964771271 0.006690999958664179
v -0.0076419999822974205 -0.2582859992980957 0.016891000792384148
v -0.0076419999822974205 -0.2574380040168762 0.007050999905914068
v -0.0076419999822974205 -0.2582859992980957 0.016891000792384148
v -0.004443000070750713 -0.2588939964771271 0.006690999958664179
v -0.0008420000085607171 -0.26112601161003113 0.015050999820232391
v -0.0076419999822974205 -0.2574380040168762 0.007050999905914068
v -0.005640000104904175 -0.2547740042209625 0.0025710000190883875
v -0.004443000070750713 -0.2588939964771271 0.006690999958664179
v -0.004443000070750713 -0.2558459937572479 0.0025309999473392963
v -0.004443000070750713 -0.2588939964771271 0.006690999958664179
v -0.005640000104904175 -0.2547740042209625 0.0025710000190883875
v -0.00043899999582208693 -0.25387799739837646 -0.02570899948477745
v -0.006444999948143959 -0.25807398557662964 -0.01710899919271469
v -0.012047999538481236 -0.2564460039138794 -0.022669000551104546
v -0.006444999948143959 -0.25807398557662964 -0.01710899919271469
v -0.00043899999582208693 -0.25387799739837646 -0.02570899948477745
v 0.0011599999852478504 -0.2561579942703247 -0.019108999520540237
v 0.0011599999852478504 -0.2561579942703247 -0.019108999520540237
v -0.0028440000023692846 -0.2563900053501129 -0.008829000405967236
v -0.006444999948143959 -0.25807398557662964 -0.01710899919271469
v -0.0028440000023692846 -0.2563900053501129 -0.008829000405967236
v 0.0011599999852478504 -0.2561579942703247 -0.019108999520540237
v 0.0011599999852478504 -0.255266010761261 -0.00938900001347065
v -0.00043899999582208693 -0.2522740066051483 -0.00482900021597743
v -0.0028440000023692846 -0.2563900053501129 -0.008829000405967236
v 0.0011599999852478504 -0.255266010761261 -0.00938900001347065
v -0.0028440000023692846 -0.2563900053501129 -0.008829000405967236
v -0.00043899999582208693 -0.2522740066051483 -0.00482900021597743
v -0.002440999960526824 -0.25326600670814514 -0.004668999928981066
v -0.0076419999822974205 -0.2540619969367981 0.000291000003926456
v -0.011645999737083912 -0.25602999329566956 0.004211000166833401
v -0.012842000462114811 -0.2561019957065582 0.0017709999810904264
v -0.011645999737083912 -0.25602999329566956 0.004211000166833401
v -0.0076419999822974205 -0.2540619969367981 0.000291000003926456
v -0.00725100003182888 -0.25382199883461 0.0012509999796748161
v 0.011157000437378883 -0.2519820034503937 -0.02262900024652481
v 0.0011599999852478504 -0.2561579942703247 -0.019108999520540237
v -0.00043899999582208693 -0.25387799739837646 -0.02570899948477745
v 0.0011599999852478504 -0.2561579942703247 -0.019108999520540237
v 0.011157000437378883 -0.2519820034503937 -0.02262900024652481
v 0.009154999628663063 -0.2547740042209625 -0.016989000141620636
v 0.009154999628663063 -0.2547740042209625 -0.016989000141620636
v 0.0011599999852478504 -0.255266010761261 -0.00938900001347065
v 0.0011599999852478504 -0.2561579942703247 -0.019108999520540237
v 0.0011599999852478504 -0.255266010761261 -0.00938900001347065
v 0.009154999628663063 -0.2547740042209625 -0.016989000141620636
v 0.004358000122010708 -0.25456199049949646 -0.008189000189304352
v 0.0011599999852478504 -0.255266010761261 -0.00938900001347065
v 0.004358000122010708 -0.25456199049949646 -0.008189000189304352
v 0.0011599999852478504 -0.2516219913959503 -0.004188999999314547
v -0.00043899999582208693 -0.2522740066051483 -0.00482900021597743
v 0.0011599999852478504 -0.255266010761261 -0.00938900001347065
v 0.0011599999852478504 -0.2516219913959503 -0.004188999999314547
v -0.03924600034952164 -0.1850779950618744 0.0901309996843338
v -0.012842000462114811 -0.2365259975194931 0.025970999151468277
v -0.0016479999758303165 -0.1850779950618744 0.09761100262403488
v -0.0016479999758303165 -0.1850779950618744 0.09761100262403488
v -0.06763900071382523 -0.1328819990158081 0.15905100107192993
v -0.03924600034952164 -0.1850779950618744 0.0901309996843338
v -0.012842000462114811 -0.2365259975194931 0.025970999151468277
v -0.01044899970293045 -0.24457000195980072 0.008290999568998814
v -0.006444999948143959 -0.24455399811267853 0.011051000095903873
v 0.003148999996483326 -0.24455399811267853 0.011051000095903873
v -0.0016479999758303165 -0.23677800595760345 0.028170999139547348
v -0.0016479999758303165 -0.24455000460147858 0.012010999955236912
v -0.0016479999758303165 -0.24455000460147858 0.012010999955236912
v -0.0016479999758303165 -0.23677800595760345 0.028170999139547348
v -0.006444999948143959 -0.24455399811267853 0.011051000095903873
v -0.012842000462114811 -0.2365259975194931 0.025970999151468277
v -0.006444999948143959 -0.24455399811267853 0.011051000095903873
v -0.0016479999758303165 -0.23677800595760345 0.028170999139547348
v -0.0016479999758303165 -0.23677800595760345 0.028170999139547348
v -0.0016479999758303165 -0.1850779950618744 0.09761100262403488
v -0.012842000462114811 -0.2365259975194931 0.025970999151468277
v -0.0016479999758303165 -0.23677800595760345 0.028170999139547348
v 0.003148999996483326 -0.24455399811267853 0.011051000095903873
v 0.009557999670505524 -0.2365259975194931 0.025970999151468277
v 0.007555999793112278 -0.24457000195980072 0.008290999568998814
v 0.009557999670505524 -0.2365259975194931 0.025970999151468277
v 0.003148999996483326 -0.24455399811267853 0.011051000095903873
v 0.009557999670505524 -0.2365259975194931 0.025970999151468277
v -0.0016479999758303165 -0.1850779950618744 0.09761100262403488
v -0.0016479999758303165 -0.23677800595760345 0.028170999139547348
v 0.010351999662816525 -0.24458999931812286 0.004211000166833401
v 0.01875000074505806 -0.23580199480056763 0.019731000065803528
v 0.007555999793112278 -0.24457000195980072 0.008290999568998814
v 0.009557999670505524 -0.2365259975194931 0.025970999151468277
v 0.007555999793112278 -0.24457000195980072 0.008290999568998814
v 0.01875000074505806 -0.23580199480056763 0.019731000065803528
v 0.011157000437378883 -0.2446179986000061 -0.0006290000164881349
v 0.025158999487757683 -0.23472599685192108 0.010370999574661255
v 0.010351999662816525 -0.24458999931812286 0.004211000166833401
v 0.01875000074505806 -0.23580199480056763 0.019731000065803528
v 0.010351999662816525 -0.24458999931812286 0.004211000166833401
v 0.025158999487757683 -0.23472599685192108 0.010370999574661255
v 0.025158999487757683 -0.23472599685192108 0.010370999574661255
v 0.011157000437378883 -0.2446179986000061 -0.0006290000164881349
v 0.02755099907517433 -0.23345400393009186 -0.0006290000164881349
v 0.01875000074505806 -0.23580199480056763 0.019731000065803528
v 0.03595000132918358 -0.1850779950618744 0.0901309996843338
v 0.009557999670505524 -0.2365259975194931 0.025970999151468277
v -0.0016479999758303165 -0.1850779950618744 0.09761100262403488
v 0.009557999670505524 -0.2365259975194931 0.025970999151468277
v 0.03595000132918358 -0.1850779950618744 0.0901309996843338
v 0.025158999487757683 -0.23472599685192108 0.010370999574661255
v 0.06795699894428253 -0.1850779950618744 0.06881099939346313
v 0.01875000074505806 -0.23580199480056763 0.019731000065803528
v 0.03595000132918358 -0.1850779950618744 0.0901309996843338
v 0.01875000074505806 -0.23580199480056763 0.019731000065803528
v 0.06795699894428253 -0.1850779950618744 0.06881099939346313
v 0.02755099907517433 -0.23345400393009186 -0.0006290000164881349
v 0.0891600027680397 -0.1850779950618744 0.03697099909186363
v 0.025158999487757683 -0.23472599685192108 0.010370999574661255
v 0.06795699894428253 -0.1850779950618744 0.06881099939346313
v 0.025158999487757683 -0.23472599685192108 0.010370999574661255
v 0.0891600027680397 -0.1850779950618744 0.03697099909186363
v 0.0891600027680397 -0.1850779950618744 0.03697099909186363
v 0.02755099907517433 -0.23345400393009186 -0.0006290000164881349
v 0.09675300121307373 -0.1850779950618744 -0.0006290000164881349
v 0.1207519993185997 -0.1328819990158081 0.12157099694013596
v 0.03595000132918358 -0.1850779950618744 0.0901309996843338
v 0.06795699894428253 -0.1850779950618744 0.06881099939346313
v 0.0891600027680397 -0.1850779950618744 0.03697099909186363
v 0.1207519993185997 -0.1328819990158081 0.12157099694013596
v 0.06795699894428253 -0.1850779950618744 0.06881099939346313
v 0.03595000132918358 -0.1850779950618744 0.0901309996843338
v 0.06475800275802612 -0.1328819990158081 0.15905100107192993
v -0.0016479999758303165 -0.1850779950618744 0.09761100262403488
v 0.1207519993185997 -0.1328819990158081 0.12157099694013596
v 0.06475800275802612 -0.1328819990158081 0.15905100107192993
v 0.03595000132918358 -0.1850779950618744 0.0901309996843338
v 0.09675300121307373 -0.1850779950618744 -0.0006290000164881349
v 0.1579589992761612 -0.1328819990158081 0.06553100049495697
v 0.0891600027680397 -0.1850779950618744 0.03697099909186363
v 0.1207519993185997 -0.1328819990158081 0.12157099694013596
v 0.0891600027680397 -0.1850779950618744 0.03697099909186363
v 0.1579589992761612 -0.1328819990158081 0.06553100049495697
v 0.1579589992761612 -0.1328819990158081 0.06553100049495697
v 0.09675300121307373 -0.1850779950618744 -0.0006290000164881349
v 0.17115500569343567 -0.1328819990158081 -0.0006290000164881349
v 0.16635699570178986 -0.07491400092840195 0.16713100671768188
v 0.06475800275802612 -0.1328819990158081 0.15905100107192993
v 0.1207519993185997 -0.1328819990158081 0.12157099694013596
v 0.1579589992761612 -0.1328819990158081 0.06553100049495697
v 0.16635699570178986 -0.07491400092840195 0.16713100671768188
v 0.1207519993185997 -0.1328819990158081 0.12157099694013596
v 0.16635699570178986 -0.07491400092840195 0.16713100671768188
v 0.1579589992761612 -0.1328819990158081 0.06553100049495697
v 0.2175540030002594 -0.07491400092840195 0.09017100185155869
v 0.17115500569343567 -0.1328819990158081 -0.0006290000164881349
v 0.2175540030002594 -0.07491400092840195 0.09017100185155869
v 0.1579589992761612 -0.1328819990158081 0.06553100049495697
v 0.2175540030002594 -0.07491400092840195 0.09017100185155869
v 0.17115500569343567 -0.1328819990158081 -0.0006290000164881349
v 0.23555900156497955 -0.07491400092840195 -0.0006290000164881349
v 0.06475800275802612 -0.1328819990158081 0.15905100107192993
v 0.16635699570178986 -0.07491400092840195 0.16713100671768188
v 0.0891600027680397 -0.07491400092840195 0.2185710072517395
v -0.0016479999758303165 -0.1328819990158081 0.17221100628376007
v 0.06475800275802612 -0.1328819990158081 0.15905100107192993
v 0.0891600027680397 -0.07491400092840195 0.2185710072517395
v 0.06475800275802612 -0.1328819990158081 0.15905100107192993
v -0.0016479999758303165 -0.1328819990158081 0.17221100628376007
v -0.0016479999758303165 -0.1850779950618744 0.09761100262403488
v 0.0891600027680397 -0.07491400092840195 0.2185710072517395
v -0.0016479999758303165 -0.07491400092840195 0.2366109937429428
v -0.0016479999758303165 -0.1328819990158081 0.17221100628376007
v -0.06763900071382523 -0.1328819990158081 0.15905100107192993
v -0.0016479999758303165 -0.1850779950618744 0.09761100262403488
v -0.0016479999758303165 -0.1328819990158081 0.17221100628376007
v -0.09244400262832642 -0.07491400092840195 0.2185710072517395
v -0.0016479999758303165 -0.1328819990158081 0.17221100628376007
v -0.0016479999758303165 -0.07491400092840195 0.2366109937429428
v -0.0016479999758303165 -0.1328819990158081 0.17221100628376007
v -0.09244400262832642 -0.07491400092840195 0.2185710072517395
v -0.06763900071382523 -0.1328819990158081 0.15905100107192993
v -0.014844000339508057 -0.2535859942436218 -0.024468999356031418
v -0.020447000861167908 -0.25904199481010437 -0.014108999632298946
v -0.0244510006159544 -0.25630998611450195 -0.014549000188708305
v -0.020447000861167908 -0.25904199481010437 -0.014108999632298946
v -0.014844000339508057 -0.2535859942436218 -0.024468999356031418
v -0.012047999538481236 -0.2564460039138794 -0.022669000551104546
v -0.012047999538481236 -0.2564460039138794 -0.022669000551104546
v -0.01243900042027235 -0.2600420117378235 -0.011308999732136726
v -0.020447000861167908 -0.25904199481010437 -0.014108999632298946
v -0.01243900042027235 -0.2600420117378235 -0.011308999732136726
v -0.012047999538481236 -0.2564460039138794 -0.022669000551104546
v -0.006444999948143959 -0.25807398557662964 -0.01710899919271469
v -0.006444999948143959 -0.25807398557662964 -0.01710899919271469
v -0.0028440000023692846 -0.2563900053501129 -0.008829000405967236
v -0.01243900042027235 -0.2600420117378235 -0.011308999732136726
v -0.01243900042027235 -0.2600420117378235 -0.011308999732136726
v -0.0028440000023692846 -0.2563900053501129 -0.008829000405967236
v -0.005640000104904175 -0.25764200091362 -0.006269000004976988
v -0.020044000819325447 -0.26166999340057373 0.01041099987924099
v -0.013244999572634697 -0.25804200768470764 0.022890999913215637
v -0.023645000532269478 -0.2589220106601715 0.01293100044131279
v -0.013244999572634697 -0.25804200768470764 0.022890999913215637
v -0.020044000819325447 -0.26166999340057373 0.01041099987924099
v -0.01044899970293045 -0.26085400581359863 0.01933100074529648
v -0.012047999538481236 -0.2620980143547058 0.005450999829918146
v -0.01044899970293045 -0.26085400581359863 0.01933100074529648
v -0.020044000819325447 -0.26166999340057373 0.01041099987924099
v -0.01044899970293045 -0.26085400581359863 0.01933100074529648
v -0.012047999538481236 -0.2620980143547058 0.005450999829918146
v -0.005640000104904175 -0.2615100145339966 0.011571000330150127
v -0.012047999538481236 -0.2620980143547058 0.005450999829918146
v -0.0028440000023692846 -0.2587139904499054 0.004770999774336815
v -0.005640000104904175 -0.2615100145339966 0.011571000330150127
v -0.0028440000023692846 -0.2587139904499054 0.004770999774336815
v -0.012047999538481236 -0.2620980143547058 0.005450999829918146
v -0.006041999906301498 -0.2590259909629822 0.001851000008173287
v -0.0016479999758303165 -0.1328819990158081 -0.17346900701522827
v -0.09244400262832642 -0.07491400092840195 -0.2198289930820465
v -0.0016479999758303165 -0.07491400092840195 -0.237868994474411
v 0.0891600027680397 -0.07491400092840195 -0.2198289930820465
v -0.0016479999758303165 -0.1328819990158081 -0.17346900701522827
v -0.0016479999758303165 -0.07491400092840195 -0.237868994474411
v -0.09244400262832642 -0.07491400092840195 -0.2198289930820465
v -0.0016479999758303165 -0.1328819990158081 -0.17346900701522827
v -0.06763900071382523 -0.1328819990158081 -0.16030900180339813
v -0.09244400262832642 -0.07491400092840195 -0.2198289930820465
v -0.06763900071382523 -0.1328819990158081 -0.16030900180339813
v -0.1692499965429306 -0.07491400092840195 -0.16838900744915009
v -0.0016479999758303165 -0.1328819990158081 -0.17346900701522827
v 0.0891600027680397 -0.07491400092840195 -0.2198289930820465
v 0.06475800275802612 -0.1328819990158081 -0.16030900180339813
v 0.16635699570178986 -0.07491400092840195 -0.16838900744915009
v 0.06475800275802612 -0.1328819990158081 -0.16030900180339813
v 0.0891600027680397 -0.07491400092840195 -0.2198289930820465
v -0.0016479999758303165 -0.1850779950618744 -0.09886900335550308
v -0.06763900071382523 -0.1328819990158081 -0.16030900180339813
v -0.0016479999758303165 -0.1328819990158081 -0.17346900701522827
v 0.06475800275802612 -0.1328819990158081 -0.16030900180339813
v -0.0016479999758303165 -0.1850779950618744 -0.09886900335550308
v -0.0016479999758303165 -0.1328819990158081 -0.17346900701522827
v -0.1692499965429306 -0.07491400092840195 -0.16838900744915009
v -0.06763900071382523 -0.1328819990158081 -0.16030900180339813
v -0.12364500015974045 -0.1328819990158081 -0.12282899767160416
v 0.06475800275802612 -0.1328819990158081 -0.16030900180339813
v 0.16635699570178986 -0.07491400092840195 -0.16838900744915009
v 0.1207519993185997 -0.1328819990158081 -0.12282899767160416
v 0.1207519993185997 -0.1328819990158081 -0.12282899767160416
v 0.16635699570178986 -0.07491400092840195 -0.16838900744915009
v 0.1579589992761612 -0.1328819990158081 -0.06678900122642517
v 0.16635699570178986 -0.07491400092840195 -0.16838900744915009
v 0.2175540030002594 -0.07491400092840195 -0.09142900258302689
v 0.1579589992761612 -0.1328819990158081 -0.06678900122642517
v 0.23555900156497955 -0.07491400092840195 -0.0006290000164881349
v 0.1579589992761612 -0.1328819990158081 -0.06678900122642517
v 0.2175540030002594 -0.07491400092840195 -0.09142900258302689
v 0.1579589992761612 -0.1328819990158081 -0.06678900122642517
v 0.23555900156497955 -0.07491400092840195 -0.0006290000164881349
v 0.17115500569343567 -0.1328819990158081 -0.0006290000164881349
v 0.17115500569343567 -0.1328819990158081 -0.0006290000164881349
v 0.09675300121307373 -0.1850779950618744 -0.0006290000164881349
v 0.1579589992761612 -0.1328819990158081 -0.06678900122642517
v 0.1207519993185997 -0.1328819990158081 -0.12282899767160416
v 0.03595000132918358 -0.1850779950618744 -0.091389000415802
v 0.06475800275802612 -0.1328819990158081 -0.16030900180339813
v -0.0016479999758303165 -0.1850779950618744 -0.09886900335550308
v 0.06475800275802612 -0.1328819990158081 -0.16030900180339813
v 0.03595000132918358 -0.1850779950618744 -0.091389000415802
v 0.1579589992761612 -0.1328819990158081 -0.06678900122642517
v 0.06795699894428253 -0.1850779950618744 -0.07006900012493134
v 0.1207519993185997 -0.1328819990158081 -0.12282899767160416
v 0.03595000132918358 -0.1850779950618744 -0.091389000415802
v 0.1207519993185997 -0.1328819990158081 -0.12282899767160416
v 0.06795699894428253 -0.1850779950618744 -0.07006900012493134
v 0.1579589992761612 -0.1328819990158081 -0.06678900122642517
v 0.09675300121307373 -0.1850779950618744 -0.0006290000164881349
v 0.0891600027680397 -0.1850779950618744 -0.03822899982333183
v 0.06795699894428253 -0.1850779950618744 -0.07006900012493134
v 0.1579589992761612 -0.1328819990158081 -0.06678900122642517
v 0.0891600027680397 -0.1850779950618744 -0.03822899982333183
v 0.09675300121307373 -0.1850779950618744 -0.0006290000164881349
v 0.02755099907517433 -0.23345400393009186 -0.0006290000164881349
v 0.0891600027680397 -0.1850779950618744 -0.03822899982333183
v 0.0891600027680397 -0.1850779950618744 -0.03822899982333183
v 0.02755099907517433 -0.23345400393009186 -0.0006290000164881349
v 0.025158999487757683 -0.23218199610710144 -0.011629000306129456
v 0.0891600027680397 -0.1850779950618744 -0.03822899982333183
v 0.025158999487757683 -0.23218199610710144 -0.011629000306129456
v 0.06795699894428253 -0.1850779950618744 -0.07006900012493134
v 0.02755099907517433 -0.23345400393009186 -0.0006290000164881349
v 0.011157000437378883 -0.2446179986000061 -0.0006290000164881349
v 0.025158999487757683 -0.23218199610710144 -0.011629000306129456
v 0.03595000132918358 -0.1850779950618744 -0.091389000415802
v 0.06795699894428253 -0.1850779950618744 -0.07006900012493134
v 0.01875000074505806 -0.23110200464725494 -0.02098900079727173
v 0.01875000074505806 -0.23110200464725494 -0.02098900079727173
v 0.06795699894428253 -0.1850779950618744 -0.07006900012493134
v 0.025158999487757683 -0.23218199610710144 -0.011629000306129456
v 0.025158999487757683 -0.23218199610710144 -0.011629000306129456
v 0.011157000437378883 -0.2446179986000061 -0.0006290000164881349
v 0.010351999662816525 -0.2446420043706894 -0.005468999966979027
v 0.025158999487757683 -0.23218199610710144 -0.011629000306129456
v 0.010351999662816525 -0.2446420043706894 -0.005468999966979027
v 0.01875000074505806 -0.23110200464725494 -0.02098900079727173
v 0.009557999670505524 -0.23038199543952942 -0.027228999882936478
v 0.03595000132918358 -0.1850779950618744 -0.091389000415802
v 0.01875000074505806 -0.23110200464725494 -0.02098900079727173
v 0.009557999670505524 -0.23038199543952942 -0.027228999882936478
v -0.0016479999758303165 -0.1850779950618744 -0.09886900335550308
v 0.03595000132918358 -0.1850779950618744 -0.091389000415802
v 0.007555999793112278 -0.2446659952402115 -0.009588999673724174
v 0.01875000074505806 -0.23110200464725494 -0.02098900079727173
v 0.010351999662816525 -0.2446420043706894 -0.005468999966979027
v 0.009557999670505524 -0.23038199543952942 -0.027228999882936478
v 0.01875000074505806 -0.23110200464725494 -0.02098900079727173
v 0.007555999793112278 -0.2446659952402115 -0.009588999673724174
v 0.003148999996483326 -0.24467800557613373 -0.0123089998960495
v 0.009557999670505524 -0.23038199543952942 -0.027228999882936478
v 0.007555999793112278 -0.2446659952402115 -0.009588999673724174
v -0.0016479999758303165 -0.23013000190258026 -0.02942899987101555
v 0.003148999996483326 -0.24467800557613373 -0.0123089998960495
v -0.0016479999758303165 -0.24468199908733368 -0.013268999755382538
v 0.003148999996483326 -0.24467800557613373 -0.0123089998960495
v -0.0016479999758303165 -0.23013000190258026 -0.02942899987101555
v 0.009557999670505524 -0.23038199543952942 -0.027228999882936478
v -0.0016479999758303165 -0.1850779950618744 -0.09886900335550308
v 0.009557999670505524 -0.23038199543952942 -0.027228999882936478
v -0.0016479999758303165 -0.23013000190258026 -0.02942899987101555
v -0.006444999948143959 -0.24467800557613373 -0.0123089998960495
v -0.0016479999758303165 -0.23013000190258026 -0.02942899987101555
v -0.0016479999758303165 -0.24468199908733368 -0.013268999755382538
v -0.012842000462114811 -0.23038199543952942 -0.027228999882936478
v -0.0016479999758303165 -0.1850779950618744 -0.09886900335550308
v -0.0016479999758303165 -0.23013000190258026 -0.02942899987101555
v -0.0016479999758303165 -0.23013000190258026 -0.02942899987101555
v -0.006444999948143959 -0.24467800557613373 -0.0123089998960495
v -0.012842000462114811 -0.23038199543952942 -0.027228999882936478
v 0.019958000630140305 -0.26416999101638794 -0.00038899999344721437
v 0.011951000429689884 -0.26634201407432556 -0.011188999749720097
v 0.0159549992531538 -0.2642019987106323 -0.013709000311791897
v 0.011951000429689884 -0.26634201407432556 -0.011188999749720097
v 0.019958000630140305 -0.26416999101638794 -0.00038899999344721437
v 0.015552000142633915 -0.2661939859390259 0.000770999991800636
v 0.015552000142633915 -0.2661939859390259 0.000770999991800636
v 0.003955000080168247 -0.2656500041484833 -0.0061889998614788055
v 0.011951000429689884 -0.26634201407432556 -0.011188999749720097
v 0.003955000080168247 -0.2656500041484833 -0.0061889998614788055
v 0.015552000142633915 -0.2661939859390259 0.000770999991800636
v 0.0063599999994039536 -0.2654539942741394 0.001851000008173287
v 0.0063599999994039536 -0.2654539942741394 0.001851000008173287
v -0.0008420000085607171 -0.2614859938621521 0.001091000041924417
v 0.003955000080168247 -0.2656500041484833 -0.0061889998614788055
v 0.003955000080168247 -0.2656500041484833 -0.0061889998614788055
v -0.0008420000085607171 -0.2614859938621521 0.001091000041924417
v -0.0016479999758303165 -0.26172199845314026 -0.002549000084400177
v -0.0008420000085607171 -0.26112601161003113 0.015050999820232391
v -0.006041999906301498 -0.25628599524497986 0.023530999198555946
v -0.0076419999822974205 -0.2582859992980957 0.016891000792384148
v -0.006041999906301498 -0.25628599524497986 0.023530999198555946
v -0.0008420000085607171 -0.26112601161003113 0.015050999820232391
v 0.0047610001638531685 -0.26030200719833374 0.020610999315977097
v -0.01044899970293045 -0.2446659952402115 -0.009588999673724174
v -0.012842000462114811 -0.23038199543952942 -0.027228999882936478
v -0.006444999948143959 -0.24467800557613373 -0.0123089998960495
v -0.0016479999758303165 -0.1850779950618744 -0.09886900335550308
v -0.012842000462114811 -0.23038199543952942 -0.027228999882936478
v -0.03924600034952164 -0.1850779950618744 -0.091389000415802
v -0.06763900071382523 -0.1328819990158081 -0.16030900180339813
v -0.0016479999758303165 -0.1850779950618744 -0.09886900335550308
v -0.03924600034952164 -0.1850779950618744 -0.091389000415802
v -0.06763900071382523 -0.1328819990158081 -0.16030900180339813
v -0.03924600034952164 -0.1850779950618744 -0.091389000415802
v -0.12364500015974045 -0.1328819990158081 -0.12282899767160416
v -0.022045999765396118 -0.23110200464725494 -0.02098900079727173
v -0.03924600034952164 -0.1850779950618744 -0.091389000415802
v -0.012842000462114811 -0.23038199543952942 -0.027228999882936478
v -0.012842000462114811 -0.23038199543952942 -0.027228999882936478
v -0.01044899970293045 -0.2446659952402115 -0.009588999673724174
v -0.022045999765396118 -0.23110200464725494 -0.02098900079727173
v -0.12364500015974045 -0.1328819990158081 -0.12282899767160416
v -0.03924600034952164 -0.1850779950618744 -0.091389000415802
v -0.07084999978542328 -0.1850779950618744 -0.07006900012493134
v -0.03924600034952164 -0.1850779950618744 -0.091389000415802
v -0.022045999765396118 -0.23110200464725494 -0.02098900079727173
v -0.07084999978542328 -0.1850779950618744 -0.07006900012493134
v -0.09244400262832642 -0.1850779950618744 -0.03822899982333183
v -0.12364500015974045 -0.1328819990158081 -0.12282899767160416
v -0.07084999978542328 -0.1850779950618744 -0.07006900012493134
v -0.02844199910759926 -0.23218199610710144 -0.011629000306129456
v -0.07084999978542328 -0.1850779950618744 -0.07006900012493134
v -0.022045999765396118 -0.23110200464725494 -0.02098900079727173
v -0.07084999978542328 -0.1850779950618744 -0.07006900012493134
v -0.02844199910759926 -0.23218199610710144 -0.011629000306129456
v -0.09244400262832642 -0.1850779950618744 -0.03822899982333183
v -0.013244999572634697 -0.2446420043706894 -0.005468999966979027
v -0.022045999765396118 -0.23110200464725494 -0.02098900079727173
v -0.01044899970293045 -0.2446659952402115 -0.009588999673724174
v -0.022045999765396118 -0.23110200464725494 -0.02098900079727173
v -0.013244999572634697 -0.2446420043706894 -0.005468999966979027
v -0.02844199910759926 -0.23218199610710144 -0.011629000306129456
v -0.12364500015974045 -0.1328819990158081 -0.12282899767160416
v -0.09244400262832642 -0.1850779950618744 -0.03822899982333183
v -0.1612430065870285 -0.1328819990158081 -0.06678900122642517
v -0.1612430065870285 -0.1328819990158081 -0.06678900122642517
v -0.1692499965429306 -0.07491400092840195 -0.16838900744915009
v -0.12364500015974045 -0.1328819990158081 -0.12282899767160416
v -0.1692499965429306 -0.07491400092840195 -0.16838900744915009
v -0.1612430065870285 -0.1328819990158081 -0.06678900122642517
v -0.22085000574588776 -0.07491400092840195 -0.09142900258302689
v -0.17445099353790283 -0.1328819990158081 -0.0006290000164881349
v -0.22085000574588776 -0.07491400092840195 -0.09142900258302689
v -0.1612430065870285 -0.1328819990158081 -0.06678900122642517
v -0.22085000574588776 -0.07491400092840195 -0.09142900258302689
v -0.17445099353790283 -0.1328819990158081 -0.0006290000164881349
v -0.23884299397468567 -0.07491400092840195 -0.0006290000164881349
v -0.17445099353790283 -0.1328819990158081 -0.0006290000164881349
v -0.22085000574588776 -0.07491400092840195 0.09017100185155869
v -0.23884299397468567 -0.07491400092840195 -0.0006290000164881349
v -0.1612430065870285 -0.1328819990158081 -0.06678900122642517
v -0.09964600205421448 -0.1850779950618744 -0.0006290000164881349
v -0.17445099353790283 -0.1328819990158081 -0.0006290000164881349
v -0.09964600205421448 -0.1850779950618744 -0.0006290000164881349
v -0.1612430065870285 -0.1328819990158081 -0.06678900122642517
v -0.09244400262832642 -0.1850779950618744 -0.03822899982333183
v -0.22085000574588776 -0.07491400092840195 0.09017100185155869
v -0.17445099353790283 -0.1328819990158081 -0.0006290000164881349
v -0.1612430065870285 -0.1328819990158081 0.06553100049495697
v -0.09964600205421448 -0.1850779950618744 -0.0006290000164881349
v -0.1612430065870285 -0.1328819990158081 0.06553100049495697
v -0.17445099353790283 -0.1328819990158081 -0.0006290000164881349
v -0.1612430065870285 -0.1328819990158081 0.06553100049495697
v -0.1692499965429306 -0.07491400092840195 0.16713100671768188
v -0.22085000574588776 -0.07491400092840195 0.09017100185155869
v -0.09244400262832642 -0.1850779950618744 -0.03822899982333183
v -0.03044399991631508 -0.23345400393009186 -0.0006290000164881349
v -0.09964600205421448 -0.1850779950618744 -0.0006290000164881349
v -0.03044399991631508 -0.23345400393009186 -0.0006290000164881349
v -0.09244400262832642 -0.1850779950618744 -0.03822899982333183
v -0.02844199910759926 -0.23218199610710144 -0.011629000306129456
v -0.1612430065870285 -0.1328819990158081 0.06553100049495697
v -0.09964600205421448 -0.1850779950618744 -0.0006290000164881349
v -0.09244400262832642 -0.1850779950618744 0.03697099909186363
v -0.03044399991631508 -0.23345400393009186 -0.0006290000164881349
v -0.09244400262832642 -0.1850779950618744 0.03697099909186363
v -0.09964600205421448 -0.1850779950618744 -0.0006290000164881349
v -0.1692499965429306 -0.07491400092840195 0.16713100671768188
v -0.1612430065870285 -0.1328819990158081 0.06553100049495697
v -0.12364500015974045 -0.1328819990158081 0.12157099694013596
v -0.09244400262832642 -0.1850779950618744 0.03697099909186363
v -0.12364500015974045 -0.1328819990158081 0.12157099694013596
v -0.1612430065870285 -0.1328819990158081 0.06553100049495697
v -0.06763900071382523 -0.1328819990158081 0.15905100107192993
v -0.1692499965429306 -0.07491400092840195 0.16713100671768188
v -0.12364500015974045 -0.1328819990158081 0.12157099694013596
v -0.1692499965429306 -0.07491400092840195 0.16713100671768188
v -0.06763900071382523 -0.1328819990158081 0.15905100107192993
v -0.09244400262832642 -0.07491400092840195 0.2185710072517395
v -0.12364500015974045 -0.1328819990158081 0.12157099694013596
v -0.09244400262832642 -0.1850779950618744 0.03697099909186363
v -0.07084999978542328 -0.1850779950618744 0.06881099939346313
v -0.02844199910759926 -0.23218199610710144 -0.011629000306129456
v -0.014050000347197056 -0.2446179986000061 -0.0006290000164881349
v -0.03044399991631508 -0.23345400393009186 -0.0006290000164881349
v -0.014050000347197056 -0.2446179986000061 -0.0006290000164881349
v -0.02844199910759926 -0.23218199610710144 -0.011629000306129456
v -0.013244999572634697 -0.2446420043706894 -0.005468999966979027
v -0.09244400262832642 -0.1850779950618744 0.03697099909186363
v -0.03044399991631508 -0.23345400393009186 -0.0006290000164881349
v -0.02844199910759926 -0.23472599685192108 0.010370999574661255
v -0.014050000347197056 -0.2446179986000061 -0.0006290000164881349
v -0.02844199910759926 -0.23472599685192108 0.010370999574661255
v -0.03044399991631508 -0.23345400393009186 -0.0006290000164881349
v -0.02844199910759926 -0.23472599685192108 0.010370999574661255
v -0.07084999978542328 -0.1850779950618744 0.06881099939346313
v -0.09244400262832642 -0.1850779950618744 0.03697099909186363
v -0.02844199910759926 -0.23472599685192108 0.010370999574661255
v -0.014050000347197056 -0.2446179986000061 -0.0006290000164881349
v -0.013244999572634697 -0.24458999931812286 0.004211000166833401
v -0.07084999978542328 -0.1850779950618744 0.06881099939346313
v -0.02844199910759926 -0.23472599685192108 0.010370999574661255
v -0.022045999765396118 -0.23580199480056763 0.019731000065803528
v -0.013244999572634697 -0.24458999931812286 0.004211000166833401
v -0.022045999765396118 -0.23580199480056763 0.019731000065803528
v -0.02844199910759926 -0.23472599685192108 0.010370999574661255
v -0.03924600034952164 -0.1850779950618744 0.0901309996843338
v -0.12364500015974045 -0.1328819990158081 0.12157099694013596
v -0.07084999978542328 -0.1850779950618744 0.06881099939346313
v -0.022045999765396118 -0.23580199480056763 0.019731000065803528
v -0.03924600034952164 -0.1850779950618744 0.0901309996843338
v -0.07084999978542328 -0.1850779950618744 0.06881099939346313
v -0.12364500015974045 -0.1328819990158081 0.12157099694013596
v -0.03924600034952164 -0.1850779950618744 0.0901309996843338
v -0.06763900071382523 -0.1328819990158081 0.15905100107192993
v -0.022045999765396118 -0.23580199480056763 0.019731000065803528
v -0.013244999572634697 -0.24458999931812286 0.004211000166833401
v -0.01044899970293045 -0.24457000195980072 0.008290999568998814
v -0.03924600034952164 -0.1850779950618744 0.0901309996843338
v -0.022045999765396118 -0.23580199480056763 0.019731000065803528
v -0.012842000462114811 -0.2365259975194931 0.025970999151468277
v -0.01044899970293045 -0.24457000195980072 0.008290999568998814
v -0.012842000462114811 -0.2365259975194931 0.025970999151468277
v -0.022045999765396118 -0.23580199480056763 0.019731000065803528
v 0.005956999957561493 -0.2619059979915619 -0.02326899953186512
v 0.0159549992531538 -0.2642019987106323 -0.013709000311791897
v 0.011951000429689884 -0.26634201407432556 -0.011188999749720097
v 0.011951000429689884 -0.26634201407432556 -0.011188999749720097
v 0.002759000053629279 -0.26424598693847656 -0.01978899911046028
v 0.005956999957561493 -0.2619059979915619 -0.02326899953186512
v 0.002759000053629279 -0.26424598693847656 -0.01978899911046028
v 0.011951000429689884 -0.26634201407432556 -0.011188999749720097
v 0.003955000080168247 -0.2656500041484833 -0.0061889998614788055
v 0.003955000080168247 -0.2656500041484833 -0.0061889998614788055
v -0.002051000017672777 -0.26421400904655457 -0.01194899994879961
v 0.002759000053629279 -0.26424598693847656 -0.01978899911046028
v 0.003955000080168247 -0.2656500041484833 -0.0061889998614788055
v -0.004443000070750713 -0.26104599237442017 -0.005109000019729137
v -0.002051000017672777 -0.26421400904655457 -0.01194899994879961
v -0.004443000070750713 -0.26104599237442017 -0.005109000019729137
v 0.003955000080168247 -0.2656500041484833 -0.0061889998614788055
v -0.0016479999758303165 -0.26172199845314026 -0.002549000084400177
v 0.005150999873876572 -0.2565459907054901 0.003891000058501959
v 0.002759000053629279 -0.2525700032711029 0.00025099999038502574
v 0.007153000216931105 -0.25537800788879395 0.0006510000093840063
v 0.002759000053629279 -0.2525700032711029 0.00025099999038502574
v 0.005150999873876572 -0.2565459907054901 0.003891000058501959
v 0.001550000044517219 -0.25360599160194397 0.0018909999635070562
v -0.02764900028705597 -0.25827398896217346 -0.0008689999813213944
v -0.020044000819325447 -0.26166999340057373 0.01041099987924099
v -0.023645000532269478 -0.2589220106601715 0.01293100044131279
v -0.020044000819325447 -0.26166999340057373 0.01041099987924099
v -0.02764900028705597 -0.25827398896217346 -0.0008689999813213944
v -0.023645000532269478 -0.2609820067882538 -0.0019890000112354755
v -0.023645000532269478 -0.2609820067882538 -0.0019890000112354755
v -0.012047999538481236 -0.2620980143547058 0.005450999829918146
v -0.020044000819325447 -0.26166999340057373 0.01041099987924099
v -0.012047999538481236 -0.2620980143547058 0.005450999829918146
v -0.023645000532269478 -0.2609820067882538 -0.0019890000112354755
v -0.014844000339508057 -0.26153799891471863 -0.0030690000858157873
v -0.00725100003182888 -0.2586260139942169 -0.0023089998867362738
v -0.012047999538481236 -0.2620980143547058 0.005450999829918146
v -0.014844000339508057 -0.26153799891471863 -0.0030690000858157873
v -0.012047999538481236 -0.2620980143547058 0.005450999829918146
v -0.00725100003182888 -0.2586260139942169 -0.0023089998867362738
v -0.006041999906301498 -0.2590259909629822 0.001851000008173287
v 0.007958999834954739 -0.25797000527381897 0.022370999678969383
v 0.012756000272929668 -0.2639339864253998 0.012411000207066536
v 0.016759999096393585 -0.26186200976371765 0.01281100045889616
v 0.012756000272929668 -0.2639339864253998 0.012411000207066536
v 0.007958999834954739 -0.25797000527381897 0.022370999678969383
v 0.0047610001638531685 -0.26030200719833374 0.020610999315977097
v 0.0047610001638531685 -0.26030200719833374 0.020610999315977097
v 0.004358000122010708 -0.26375800371170044 0.009650999680161476
v 0.012756000272929668 -0.2639339864253998 0.012411000207066536
v 0.004358000122010708 -0.26375800371170044 0.009650999680161476
v 0.0047610001638531685 -0.26030200719833374 0.020610999315977097
v -0.0008420000085607171 -0.26112601161003113 0.015050999820232391
v 0.004358000122010708 -0.26375800371170044 0.009650999680161476
v -0.0008420000085607171 -0.26112601161003113 0.015050999820232391
v -0.004443000070750713 -0.2588939964771271 0.006690999958664179
v 0.004358000122010708 -0.26375800371170044 0.009650999680161476
v -0.004443000070750713 -0.2588939964771271 0.006690999958664179
v -0.0016479999758303165 -0.26041799783706665 0.004530999809503555
v -0.00725100003182888 -0.2579619884490967 -0.026309000328183174
v 0.005956999957561493 -0.2619059979915619 -0.02326899953186512
v 0.002759000053629279 -0.26424598693847656 -0.01978899911046028
v 0.002759000053629279 -0.26424598693847656 -0.01978899911046028
v -0.008849999867379665 -0.26057401299476624 -0.02246900089085102
v -0.00725100003182888 -0.2579619884490967 -0.026309000328183174
v -0.002051000017672777 -0.26421400904655457 -0.01194899994879961
v -0.008849999867379665 -0.26057401299476624 -0.02246900089085102
v 0.002759000053629279 -0.26424598693847656 -0.01978899911046028
v -0.008849999867379665 -0.26057401299476624 -0.02246900089085102
v -0.002051000017672777 -0.26421400904655457 -0.01194899994879961
v -0.009643999859690666 -0.2616260051727295 -0.013669000007212162
v -0.002051000017672777 -0.26421400904655457 -0.01194899994879961
v -0.008043999783694744 -0.25968998670578003 -0.005708999931812286
v -0.009643999859690666 -0.2616260051727295 -0.013669000007212162
v -0.008043999783694744 -0.25968998670578003 -0.005708999931812286
v -0.002051000017672777 -0.26421400904655457 -0.01194899994879961
v -0.004443000070750713 -0.26104599237442017 -0.005109000019729137
v -0.0028440000023692846 -0.2563900053501129 -0.008829000405967236
v -0.002440999960526824 -0.25326600670814514 -0.004668999928981066
v -0.005640000104904175 -0.25764200091362 -0.006269000004976988
v -0.0244510006159544 -0.25630998611450195 -0.014549000188708305
v -0.023645000532269478 -0.2609820067882538 -0.0019890000112354755
v -0.02764900028705597 -0.25827398896217346 -0.0008689999813213944
v -0.023645000532269478 -0.2609820067882538 -0.0019890000112354755
v -0.0244510006159544 -0.25630998611450195 -0.014549000188708305
v -0.020447000861167908 -0.25904199481010437 -0.014108999632298946
v -0.020447000861167908 -0.25904199481010437 -0.014108999632298946
v -0.014844000339508057 -0.26153799891471863 -0.0030690000858157873
v -0.023645000532269478 -0.2609820067882538 -0.0019890000112354755
v -0.014844000339508057 -0.26153799891471863 -0.0030690000858157873
v -0.020447000861167908 -0.25904199481010437 -0.014108999632298946
v -0.01243900042027235 -0.2600420117378235 -0.011308999732136726
v -0.014844000339508057 -0.26153799891471863 -0.0030690000858157873
v -0.01243900042027235 -0.2600420117378235 -0.011308999732136726
v -0.005640000104904175 -0.25764200091362 -0.006269000004976988
v -0.00725100003182888 -0.2586260139942169 -0.0023089998867362738
v -0.014844000339508057 -0.26153799891471863 -0.0030690000858157873
v -0.005640000104904175 -0.25764200091362 -0.006269000004976988
v -0.026440000161528587 -0.25298601388931274 -0.009948999620974064
v -0.019641000777482986 -0.2564539909362793 -0.018709000200033188
v -0.016845999285578728 -0.25869399309158325 -0.011068999767303467
v -0.026440000161528587 -0.25298601388931274 -0.009948999620974064
v -0.016845999285578728 -0.25869399309158325 -0.011068999767303467
v -0.021642999723553658 -0.25620999932289124 -0.005148999858647585
v -0.016845999285578728 -0.2528980076313019 0.020531000569462776
v -0.0076419999822974205 -0.2582859992980957 0.016891000792384148
v -0.006041999906301498 -0.25628599524497986 0.023530999198555946
v -0.0076419999822974205 -0.2582859992980957 0.016891000792384148
v -0.016845999285578728 -0.2528980076313019 0.020531000569462776
v -0.014844000339508057 -0.255950003862381 0.014891000464558601
v -0.014844000339508057 -0.255950003862381 0.014891000464558601
v -0.0076419999822974205 -0.2574380040168762 0.007050999905914068
v -0.0076419999822974205 -0.2582859992980957 0.016891000792384148
v -0.0076419999822974205 -0.2574380040168762 0.007050999905914068
v -0.014844000339508057 -0.255950003862381 0.014891000464558601
v -0.01004599966108799 -0.25645801424980164 0.006010999903082848
v -0.01004599966108799 -0.25645801424980164 0.006010999903082848
v -0.006444999948143959 -0.25405800342559814 0.002010999945923686
v -0.0076419999822974205 -0.2574380040168762 0.007050999905914068
v -0.0076419999822974205 -0.2574380040168762 0.007050999905914068
v -0.006444999948143959 -0.25405800342559814 0.002010999945923686
v -0.005640000104904175 -0.2547740042209625 0.0025710000190883875
v 0.019958000630140305 -0.2512339949607849 -0.014228999614715576
v 0.0239499993622303 -0.2518180012702942 -0.002669000066816807
v 0.01755400002002716 -0.254721999168396 -0.0035890000872313976
v 0.019958000630140305 -0.2512339949607849 -0.014228999614715576
v 0.01755400002002716 -0.254721999168396 -0.0035890000872313976
v 0.015149000100791454 -0.254254013299942 -0.011389000341296196
v 0.01755400002002716 -0.254721999168396 -0.0035890000872313976
v 0.007555999793112278 -0.2546060085296631 -0.003029000014066696
v 0.015149000100791454 -0.254254013299942 -0.011389000341296196
v 0.0063599999994039536 -0.25434601306915283 -0.006029000040143728
v 0.015149000100791454 -0.254254013299942 -0.011389000341296196
v 0.007555999793112278 -0.2546060085296631 -0.003029000014066696
v 0.007555999793112278 -0.2546060085296631 -0.003029000014066696
v 0.0019529999699443579 -0.25145798921585083 -0.0030690000858157873
v 0.0063599999994039536 -0.25434601306915283 -0.006029000040143728
v 0.0019529999699443579 -0.25145798921585083 -0.0030690000858157873
v 0.007555999793112278 -0.2546060085296631 -0.003029000014066696
v 0.002759000053629279 -0.25179800391197205 -0.0015490000369027257
v -0.022839000448584557 -0.2547619938850403 0.0023709998931735754
v -0.024840999394655228 -0.25097399950027466 0.012490999884903431
v -0.02844199910759926 -0.25100600719451904 0.001411000033840537
v -0.024840999394655228 -0.25097399950027466 0.012490999884903431
v -0.022839000448584557 -0.2547619938850403 0.0023709998931735754
v -0.020447000861167908 -0.25466999411582947 0.009650999680161476
v -0.012842000462114811 -0.2561019957065582 0.0017709999810904264
v -0.020447000861167908 -0.25466999411582947 0.009650999680161476
v -0.022839000448584557 -0.2547619938850403 0.0023709998931735754
v -0.020447000861167908 -0.25466999411582947 0.009650999680161476
v -0.012842000462114811 -0.2561019957065582 0.0017709999810904264
v -0.011645999737083912 -0.25602999329566956 0.004211000166833401
v 0.019958000630140305 -0.2512339949607849 -0.014228999614715576
v 0.009154999628663063 -0.2547740042209625 -0.016989000141620636
v 0.011157000437378883 -0.2519820034503937 -0.02262900024652481
v 0.009154999628663063 -0.2547740042209625 -0.016989000141620636
v 0.019958000630140305 -0.2512339949607849 -0.014228999614715576
v 0.015149000100791454 -0.254254013299942 -0.011389000341296196
v -0.014844000339508057 -0.255950003862381 0.014891000464558601
v -0.024840999394655228 -0.25097399950027466 0.012490999884903431
v -0.020447000861167908 -0.25466999411582947 0.009650999680161476
v -0.024840999394655228 -0.25097399950027466 0.012490999884903431
v -0.014844000339508057 -0.255950003862381 0.014891000464558601
v -0.016845999285578728 -0.2528980076313019 0.020531000569462776
v -0.020447000861167908 -0.25466999411582947 0.009650999680161476
v -0.01004599966108799 -0.25645801424980164 0.006010999903082848
v -0.014844000339508057 -0.255950003862381 0.014891000464558601
v -0.01004599966108799 -0.25645801424980164 0.006010999903082848
v -0.020447000861167908 -0.25466999411582947 0.009650999680161476
v -0.011645999737083912 -0.25602999329566956 0.004211000166833401
v -0.00725100003182888 -0.25382199883461 0.0012509999796748161
v -0.01004599966108799 -0.25645801424980164 0.006010999903082848
v -0.011645999737083912 -0.25602999329566956 0.004211000166833401
v -0.01004599966108799 -0.25645801424980164 0.006010999903082848
v -0.00725100003182888 -0.25382199883461 0.0012509999796748161
v -0.006444999948143959 -0.25405800342559814 0.002010999945923686
v -0.29204100370407104 0.08185400068759918 -0.12090899795293808
v -0.20604200661182404 0.000590000010561198 -0.20518900454044342
v -0.2688480019569397 0.000590000010561198 -0.11134900152683258
v -0.2276490032672882 0.2692820131778717 0.22533099353313446
v -0.2968510091304779 0.2692820131778717 0.12165100127458572
v -0.30284398794174194 0.17661400139331818 0.12417100369930267
v -0.2968510091304779 0.2692820131778717 0.12165100127458572
v -0.32764899730682373 0.17661400139331818 -0.0006290000164881349
v -0.30284398794174194 0.17661400139331818 0.12417100369930267
v -0.2968510091304779 0.2692820131778717 0.12165100127458572
v -0.2276490032672882 0.2692820131778717 0.22533099353313446
v -0.2012449949979782 0.35389798879623413 0.1989309936761856
v -0.2968510091304779 0.2692820131778717 0.12165100127458572
v -0.32124000787734985 0.2692820131778717 -0.0006290000164881349
v -0.32764899730682373 0.17661400139331818 -0.0006290000164881349
v -0.2012449949979782 0.35389798879623413 0.1989309936761856
v -0.2624390125274658 0.35389798879623413 0.1073710024356842
v -0.2968510091304779 0.2692820131778717 0.12165100127458572
v -0.2624390125274658 0.35389798879623413 0.1073710024356842
v -0.32124000787734985 0.2692820131778717 -0.0006290000164881349
v -0.2968510091304779 0.2692820131778717 0.12165100127458572
v -0.2624390125274658 0.35389798879623413 0.1073710024356842
v -0.2836430072784424 0.35389798879623413 -0.0006290000164881349
v -0.32124000787734985 0.2692820131778717 -0.0006290000164881349
v -0.2836430072784424 0.35389798879623413 -0.0006290000164881349
v -0.2624390125274658 0.35389798879623413 0.1073710024356842
v -0.22044700384140015 0.4055339992046356 0.09009099751710892
v -0.22044700384140015 0.4055339992046356 0.09009099751710892
v -0.23884299397468567 0.4055339992046356 -0.0006290000164881349
v -0.2836430072784424 0.35389798879623413 -0.0006290000164881349
v -0.22044700384140015 0.4055339992046356 -0.09134899824857712
v -0.2836430072784424 0.35389798879623413 -0.0006290000164881349
v -0.23884299397468567 0.4055339992046356 -0.0006290000164881349
v -0.2836430072784424 0.35389798879623413 -0.0006290000164881349
v -0.22044700384140015 0.4055339992046356 -0.09134899824857712
v -0.2624390125274658 0.35389798879623413 -0.1086290031671524
v -0.2624390125274658 0.35389798879623413 -0.1086290031671524
v -0.32124000787734985 0.2692820131778717 -0.0006290000164881349
v -0.2836430072784424 0.35389798879623413 -0.0006290000164881349
v -0.32124000787734985 0.2692820131778717 -0.0006290000164881349
v -0.2624390125274658 0.35389798879623413 -0.1086290031671524
v -0.2968510091304779 0.2692820131778717 -0.12290900200605392
v -0.2012449949979782 0.35389798879623413 -0.2001889944076538
v -0.2968510091304779 0.2692820131778717 -0.12290900200605392
v -0.2624390125274658 0.35389798879623413 -0.1086290031671524
v -0.2968510091304779 0.2692820131778717 -0.12290900200605392
v -0.32764899730682373 0.17661400139331818 -0.0006290000164881349
v -0.32124000787734985 0.2692820131778717 -0.0006290000164881349
v -0.32764899730682373 0.17661400139331818 -0.0006290000164881349
v -0.2968510091304779 0.2692820131778717 -0.12290900200605392
v -0.30284398794174194 0.17661400139331818 -0.12542900443077087
v -0.32764899730682373 0.17661400139331818 -0.0006290000164881349
v -0.30284398794174194 0.17661400139331818 -0.12542900443077087
v -0.29204100370407104 0.08185400068759918 -0.12090899795293808
v -0.2968510091304779 0.2692820131778717 -0.12290900200605392
v -0.2012449949979782 0.35389798879623413 -0.2001889944076538
v -0.2276490032672882 0.2692820131778717 -0.22658899426460266
v -0.2276490032672882 0.2692820131778717 -0.22658899426460266
v -0.30284398794174194 0.17661400139331818 -0.12542900443077087
v -0.2968510091304779 0.2692820131778717 -0.12290900200605392
v -0.30284398794174194 0.17661400139331818 -0.12542900443077087
v -0.2276490032672882 0.2692820131778717 -0.22658899426460266
v -0.23204299807548523 0.17661400139331818 -0.2312290072441101
v -0.30284398794174194 0.17661400139331818 -0.12542900443077087
v -0.22364500164985657 0.08185400068759918 -0.22290900349617004
v -0.29204100370407104 0.08185400068759918 -0.12090899795293808
v -0.30284398794174194 0.17661400139331818 -0.12542900443077087
v -0.23204299807548523 0.17661400139331818 -0.2312290072441101
v -0.22364500164985657 0.08185400068759918 -0.22290900349617004
v -0.29204100370407104 0.08185400068759918 -0.12090899795293808
v -0.22364500164985657 0.08185400068759918 -0.22290900349617004
v -0.20604200661182404 0.000590000010561198 -0.20518900454044342
v -0.1692499965429306 -0.07491400092840195 -0.16838900744915009
v -0.2688480019569397 0.000590000010561198 -0.11134900152683258
v -0.20604200661182404 0.000590000010561198 -0.20518900454044342
v -0.2688480019569397 0.000590000010561198 -0.11134900152683258
v -0.1692499965429306 -0.07491400092840195 -0.16838900744915009
v -0.22085000574588776 -0.07491400092840195 -0.09142900258302689
v -0.20604200661182404 0.000590000010561198 0.20393100380897522
v -0.2688480019569397 0.000590000010561198 0.11009100079536438
v -0.1692499965429306 -0.07491400092840195 0.16713100671768188
v -0.1692499965429306 -0.07491400092840195 0.16713100671768188
v -0.2688480019569397 0.000590000010561198 0.11009100079536438
v -0.22085000574588776 -0.07491400092840195 0.09017100185155869
v -0.29084500670433044 0.000590000010561198 -0.0006290000164881349
v -0.22085000574588776 -0.07491400092840195 0.09017100185155869
v -0.2688480019569397 0.000590000010561198 0.11009100079536438
v -0.22085000574588776 -0.07491400092840195 0.09017100185155869
v -0.29084500670433044 0.000590000010561198 -0.0006290000164881349
v -0.23884299397468567 -0.07491400092840195 -0.0006290000164881349
v -0.29084500670433044 0.000590000010561198 -0.0006290000164881349
v -0.22085000574588776 -0.07491400092840195 -0.09142900258302689
v -0.23884299397468567 -0.07491400092840195 -0.0006290000164881349
v -0.22085000574588776 -0.07491400092840195 -0.09142900258302689
v -0.29084500670433044 0.000590000010561198 -0.0006290000164881349
v -0.2688480019569397 0.000590000010561198 -0.11134900152683258
v -0.29204100370407104 0.08185400068759918 0.11965099722146988
v -0.20604200661182404 0.000590000010561198 0.20393100380897522
v -0.22364500164985657 0.08185400068759918 0.22165100276470184
v -0.20604200661182404 0.000590000010561198 0.20393100380897522
v -0.29204100370407104 0.08185400068759918 0.11965099722146988
v -0.2688480019569397 0.000590000010561198 0.11009100079536438
v -0.30284398794174194 0.17661400139331818 0.12417100369930267
v -0.22364500164985657 0.08185400068759918 0.22165100276470184
v -0.23204299807548523 0.17661400139331818 0.2299710065126419
v -0.22364500164985657 0.08185400068759918 0.22165100276470184
v -0.30284398794174194 0.17661400139331818 0.12417100369930267
v -0.29204100370407104 0.08185400068759918 0.11965099722146988
v -0.2276490032672882 0.2692820131778717 0.22533099353313446
v -0.30284398794174194 0.17661400139331818 0.12417100369930267
v -0.23204299807548523 0.17661400139331818 0.2299710065126419
v -0.3160400092601776 0.08185400068759918 -0.0006290000164881349
v -0.2688480019569397 0.000590000010561198 0.11009100079536438
v -0.29204100370407104 0.08185400068759918 0.11965099722146988
v -0.2688480019569397 0.000590000010561198 0.11009100079536438
v -0.3160400092601776 0.08185400068759918 -0.0006290000164881349
v -0.29084500670433044 0.000590000010561198 -0.0006290000164881349
v -0.3160400092601776 0.08185400068759918 -0.0006290000164881349
v -0.2688480019569397 0.000590000010561198 -0.11134900152683258
v -0.29084500670433044 0.000590000010561198 -0.0006290000164881349
v -0.29204100370407104 0.08185400068759918 0.11965099722146988
v -0.32764899730682373 0.17661400139331818 -0.0006290000164881349
v -0.3160400092601776 0.08185400068759918 -0.0006290000164881349
v -0.32764899730682373 0.17661400139331818 -0.0006290000164881349
v -0.29204100370407104 0.08185400068759918 0.11965099722146988
v -0.30284398794174194 0.17661400139331818 0.12417100369930267
v -0.3160400092601776 0.08185400068759918 -0.0006290000164881349
v -0.29204100370407104 0.08185400068759918 -0.12090899795293808
v -0.2688480019569397 0.000590000010561198 -0.11134900152683258
v -0.32764899730682373 0.17661400139331818 -0.0006290000164881349
v -0.29204100370407104 0.08185400068759918 -0.12090899795293808
v -0.3160400092601776 0.08185400068759918 -0.0006290000164881349
v -0.026440000161528587 -0.25298601388931274 -0.009948999620974064
v -0.03044399991631508 -0.24754999577999115 0.000610999995842576
v -0.02764900028705597 -0.24971400201320648 -0.012388999573886395
v -0.03044399991631508 -0.24754999577999115 0.000610999995842576
v -0.026440000161528587 -0.25298601388931274 -0.009948999620974064
v -0.02844199910759926 -0.25100600719451904 0.001411000033840537
v 0.0007570000016130507 -0.2492540031671524 0.000770999991800636
v 0.002759000053629279 -0.25179800391197205 -0.0015490000369027257
v 0.002759000053629279 -0.2525700032711029 0.00025099999038502574
v 0.002759000053629279 -0.25179800391197205 -0.0015490000369027257
v 0.0007570000016130507 -0.2492540031671524 0.000770999991800636
v 0.0011599999852478504 -0.24847400188446045 -0.0006689999718219042
v -0.02924799919128418 -0.28416600823402405 0.005251000169664621
v -0.014050000347197056 -0.2628979980945587 -0.0039090001955628395
v -0.02724600024521351 -0.28637000918388367 -0.005148999858647585
v -0.011242999695241451 -0.26381799578666687 -0.008228999562561512
v -0.02724600024521351 -0.28637000918388367 -0.005148999858647585
v -0.014050000347197056 -0.2628979980945587 -0.0039090001955628395
v -0.02724600024521351 -0.28637000918388367 -0.005148999858647585
v -0.04685100167989731 -0.3031420111656189 0.00785099994391203
v -0.02924799919128418 -0.28416600823402405 0.005251000169664621
v -0.02724600024521351 -0.28637000918388367 -0.005148999858647585
v -0.011242999695241451 -0.26381799578666687 -0.008228999562561512
v -0.021239999681711197 -0.28823399543762207 -0.013949000276625156
v -0.04685100167989731 -0.3031420111656189 0.00785099994391203
v -0.02724600024521351 -0.28637000918388367 -0.005148999858647585
v -0.04324999824166298 -0.30671799182891846 -0.008988999761641026
v -0.021239999681711197 -0.28823399543762207 -0.013949000276625156
v -0.04324999824166298 -0.30671799182891846 -0.008988999761641026
v -0.02724600024521351 -0.28637000918388367 -0.005148999858647585
v -0.04324999824166298 -0.30671799182891846 -0.008988999761641026
v -0.021239999681711197 -0.28823399543762207 -0.013949000276625156
v -0.033642999827861786 -0.30974599719047546 -0.023308999836444855
v -0.04685100167989731 -0.3031420111656189 0.00785099994391203
v -0.02724600024521351 -0.28196200728416443 0.01561100035905838
v -0.02924799919128418 -0.28416600823402405 0.005251000169664621
v -0.014050000347197056 -0.26072999835014343 0.0063310000114142895
v -0.02924799919128418 -0.28416600823402405 0.005251000169664621
v -0.02724600024521351 -0.28196200728416443 0.01561100035905838
v -0.02724600024521351 -0.28196200728416443 0.01561100035905838
v -0.04685100167989731 -0.3031420111656189 0.00785099994391203
v -0.04324999824166298 -0.29956600069999695 0.024731000885367393
v -0.02724600024521351 -0.28196200728416443 0.01561100035905838
v -0.011242999695241451 -0.2598060071468353 0.010691000148653984
v -0.014050000347197056 -0.26072999835014343 0.0063310000114142895
v -0.01044899970293045 -0.24457000195980072 0.008290999568998814
v -0.014050000347197056 -0.26072999835014343 0.0063310000114142895
v -0.011242999695241451 -0.2598060071468353 0.010691000148653984
v -0.011242999695241451 -0.2598060071468353 0.010691000148653984
v -0.02724600024521351 -0.28196200728416443 0.01561100035905838
v -0.021239999681711197 -0.2800939977169037 0.024411000311374664
v -0.02604999952018261 -0.25307801365852356 -0.014108999632298946
v -0.016845999285578728 -0.24700599908828735 -0.02310900017619133
v -0.016442999243736267 -0.2503100037574768 -0.024548999965190887
v -0.016845999285578728 -0.24700599908828735 -0.02310900017619133
v -0.02604999952018261 -0.25307801365852356 -0.014108999632298946
v -0.02604999952018261 -0.2496979981660843 -0.012869000434875488
v -0.016845999285578728 -0.2439900040626526 -0.019548999145627022
v -0.02604999952018261 -0.2496979981660843 -0.012869000434875488
v -0.0244510006159544 -0.24652199447155 -0.010428999550640583
v -0.02604999952018261 -0.2496979981660843 -0.012869000434875488
v -0.016845999285578728 -0.2439900040626526 -0.019548999145627022
v -0.016845999285578728 -0.24700599908828735 -0.02310900017619133
v -0.014441000297665596 -0.24813400208950043 0.02137099951505661
v -0.024840999394655228 -0.25220200419425964 0.013930999673902988
v -0.014844000339508057 -0.25136199593544006 0.02349100075662136
v -0.024840999394655228 -0.25220200419425964 0.013930999673902988
v -0.014441000297665596 -0.24813400208950043 0.02137099951505661
v -0.023242000490427017 -0.24888600409030914 0.01297099981456995
v -0.0008420000085607171 -0.2614859938621521 0.001091000041924417
v -0.0032470000442117453 -0.25812599062919617 -0.0015490000369027257
v -0.0016479999758303165 -0.26172199845314026 -0.002549000084400177
v -0.0032470000442117453 -0.25812599062919617 -0.0015490000369027257
v -0.0008420000085607171 -0.2614859938621521 0.001091000041924417
v -0.0028440000023692846 -0.25783801078796387 0.00013099999341648072
v -0.01044899970293045 -0.2446659952402115 -0.009588999673724174
v -0.014050000347197056 -0.2628979980945587 -0.0039090001955628395
v -0.013244999572634697 -0.2446420043706894 -0.005468999966979027
v -0.014050000347197056 -0.2628979980945587 -0.0039090001955628395
v -0.01044899970293045 -0.2446659952402115 -0.009588999673724174
v -0.011242999695241451 -0.26381799578666687 -0.008228999562561512
v -0.013244999572634697 -0.2446420043706894 -0.005468999966979027
v -0.015247000381350517 -0.2618139982223511 0.0012110000243410468
v -0.014050000347197056 -0.2446179986000061 -0.0006290000164881349
v -0.015247000381350517 -0.2618139982223511 0.0012110000243410468
v -0.013244999572634697 -0.2446420043706894 -0.005468999966979027
v -0.014050000347197056 -0.2628979980945587 -0.0039090001955628395
v -0.014050000347197056 -0.2446179986000061 -0.0006290000164881349
v -0.015247000381350517 -0.2618139982223511 0.0012110000243410468
v -0.013244999572634697 -0.24458999931812286 0.004211000166833401
v -0.013244999572634697 -0.24458999931812286 0.004211000166833401
v -0.015247000381350517 -0.2618139982223511 0.0012110000243410468
v -0.014050000347197056 -0.26072999835014343 0.0063310000114142895
v -0.013244999572634697 -0.24458999931812286 0.004211000166833401
v -0.014050000347197056 -0.26072999835014343 0.0063310000114142895
v -0.01044899970293045 -0.24457000195980072 0.008290999568998814
v -0.02924799919128418 -0.28416600823402405 0.005251000169664621
v -0.014050000347197056 -0.26072999835014343 0.0063310000114142895
v -0.015247000381350517 -0.2618139982223511 0.0012110000243410468
v -0.014050000347197056 -0.2628979980945587 -0.0039090001955628395
v -0.02924799919128418 -0.28416600823402405 0.005251000169664621
v -0.015247000381350517 -0.2618139982223511 0.0012110000243410468
v -0.000048999998398358 -0.25024598836898804 0.001851000008173287
v 0.002759000053629279 -0.2525700032711029 0.00025099999038502574
v 0.001550000044517219 -0.25360599160194397 0.0018909999635070562
v -0.02924799919128418 -0.2550419867038727 -0.00006900000153109431
v -0.023645000532269478 -0.2589220106601715 0.01293100044131279
v -0.024840999394655228 -0.2556700110435486 0.013891000300645828
v -0.023645000532269478 -0.2589220106601715 0.01293100044131279
v -0.02924799919128418 -0.2550419867038727 -0.00006900000153109431
v -0.02764900028705597 -0.25827398896217346 -0.0008689999813213944
v -0.024840999394655228 -0.2556700110435486 0.013891000300645828
v -0.02884499914944172 -0.25159400701522827 0.0006510000093840063
v -0.02924799919128418 -0.2550419867038727 -0.00006900000153109431
v -0.02884499914944172 -0.25159400701522827 0.0006510000093840063
v -0.024840999394655228 -0.2556700110435486 0.013891000300645828
v -0.024840999394655228 -0.25220200419425964 0.013930999673902988
v -0.023242000490427017 -0.24888600409030914 0.01297099981456995
v -0.02884499914944172 -0.25159400701522827 0.0006510000093840063
v -0.024840999394655228 -0.25220200419425964 0.013930999673902988
v -0.023242000490427017 -0.24888600409030914 0.01297099981456995
v -0.026843000203371048 -0.24829800426959991 0.001411000033840537
v -0.02884499914944172 -0.25159400701522827 0.0006510000093840063
v -0.004443000070750713 -0.2588939964771271 0.006690999958664179
v -0.004443000070750713 -0.2558459937572479 0.0025309999473392963
v -0.0016479999758303165 -0.26041799783706665 0.004530999809503555
v -0.0016479999758303165 -0.26041799783706665 0.004530999809503555
v -0.004443000070750713 -0.2558459937572479 0.0025309999473392963
v -0.0032470000442117453 -0.256989985704422 0.0016509999986737967
v -0.004443000070750713 -0.2558459937572479 0.0025309999473392963
v -0.0028440000023692846 -0.25371798872947693 0.000291000003926456
v -0.0032470000442117453 -0.256989985704422 0.0016509999986737967
v -0.0028440000023692846 -0.25371798872947693 0.000291000003926456
v -0.004443000070750713 -0.2558459937572479 0.0025309999473392963
v -0.0032470000442117453 -0.25273799896240234 0.0010110000148415565
v 0.0007570000016130507 -0.24812200665473938 -0.002068999921903014
v 0.002759000053629279 -0.25179800391197205 -0.0015490000369027257
v 0.0011599999852478504 -0.24847400188446045 -0.0006689999718219042
v 0.002759000053629279 -0.25179800391197205 -0.0015490000369027257
v 0.0007570000016130507 -0.24812200665473938 -0.002068999921903014
v 0.0019529999699443579 -0.25145798921585083 -0.0030690000858157873
v -0.02604999952018261 -0.25307801365852356 -0.014108999632298946
v -0.02764900028705597 -0.25827398896217346 -0.0008689999813213944
v -0.02924799919128418 -0.2550419867038727 -0.00006900000153109431
v -0.02764900028705597 -0.25827398896217346 -0.0008689999813213944
v -0.02604999952018261 -0.25307801365852356 -0.014108999632298946
v -0.0244510006159544 -0.25630998611450195 -0.014549000188708305
v -0.02924799919128418 -0.2550419867038727 -0.00006900000153109431
v -0.02604999952018261 -0.2496979981660843 -0.012869000434875488
v -0.02604999952018261 -0.25307801365852356 -0.014108999632298946
v -0.02604999952018261 -0.2496979981660843 -0.012869000434875488
v -0.02924799919128418 -0.2550419867038727 -0.00006900000153109431
v -0.02884499914944172 -0.25159400701522827 0.0006510000093840063
v -0.0244510006159544 -0.24652199447155 -0.010428999550640583
v -0.02884499914944172 -0.25159400701522827 0.0006510000093840063
v -0.026843000203371048 -0.24829800426959991 0.001411000033840537
v -0.02884499914944172 -0.25159400701522827 0.0006510000093840063
v -0.0244510006159544 -0.24652199447155 -0.010428999550640583
v -0.02604999952018261 -0.2496979981660843 -0.012869000434875488
v -0.0028440000023692846 -0.25783801078796387 0.00013099999341648072
v -0.0008420000085607171 -0.2614859938621521 0.001091000041924417
v -0.0032470000442117453 -0.256989985704422 0.0016509999986737967
v -0.0008420000085607171 -0.2614859938621521 0.001091000041924417
v -0.0016479999758303165 -0.26041799783706665 0.004530999809503555
v -0.0032470000442117453 -0.256989985704422 0.0016509999986737967
v -0.0032470000442117453 -0.256989985704422 0.0016509999986737967
v -0.002440999960526824 -0.2544420063495636 -0.0006290000164881349
v -0.0028440000023692846 -0.25783801078796387 0.00013099999341648072
v -0.002440999960526824 -0.2544420063495636 -0.0006290000164881349
v -0.0032470000442117453 -0.256989985704422 0.0016509999986737967
v -0.0028440000023692846 -0.25371798872947693 0.000291000003926456
v -0.004443000070750713 -0.2577660083770752 -0.0027489999774843454
v -0.0016479999758303165 -0.26172199845314026 -0.002549000084400177
v -0.0032470000442117453 -0.25812599062919617 -0.0015490000369027257
v -0.0016479999758303165 -0.26172199845314026 -0.002549000084400177
v -0.004443000070750713 -0.2577660083770752 -0.0027489999774843454
v -0.004443000070750713 -0.26104599237442017 -0.005109000019729137
v -0.026440000161528587 -0.24756599962711334 0.013371000066399574
v -0.016845999285578728 -0.2528980076313019 0.020531000569462776
v -0.016845999285578728 -0.24975800514221191 0.022610999643802643
v -0.016845999285578728 -0.2528980076313019 0.020531000569462776
v -0.026440000161528587 -0.24756599962711334 0.013371000066399574
v -0.024840999394655228 -0.25097399950027466 0.012490999884903431
v 0.001550000044517219 -0.24492999911308289 0.00009100000170292333
v 0.0007570000016130507 -0.24455800652503967 -0.002068999921903014
v 0.0007570000016130507 -0.24812200665473938 -0.002068999921903014
v 0.001550000044517219 -0.24492999911308289 0.00009100000170292333
v 0.0007570000016130507 -0.24812200665473938 -0.002068999921903014
v 0.0011599999852478504 -0.24847400188446045 -0.0006689999718219042
v -0.0028440000023692846 -0.25472599267959595 -0.0015490000369027257
v -0.0028440000023692846 -0.25783801078796387 0.00013099999341648072
v -0.002440999960526824 -0.2544420063495636 -0.0006290000164881349
v -0.0028440000023692846 -0.25783801078796387 0.00013099999341648072
v -0.0028440000023692846 -0.25472599267959595 -0.0015490000369027257
v -0.0032470000442117453 -0.25812599062919617 -0.0015490000369027257
v -0.02764900028705597 -0.24971400201320648 -0.012388999573886395
v -0.030042000114917755 -0.24425800144672394 -0.00006900000153109431
v -0.02724600024521351 -0.24653400480747223 -0.013628999702632427
v -0.030042000114917755 -0.24425800144672394 -0.00006900000153109431
v -0.02764900028705597 -0.24971400201320648 -0.012388999573886395
v -0.03044399991631508 -0.24754999577999115 0.000610999995842576
v -0.02844199910759926 -0.24139800667762756 -0.0008689999813213944
v -0.02724600024521351 -0.24653400480747223 -0.013628999702632427
v -0.030042000114917755 -0.24425800144672394 -0.00006900000153109431
v -0.02724600024521351 -0.24653400480747223 -0.013628999702632427
v -0.02844199910759926 -0.24139800667762756 -0.0008689999813213944
v -0.02524399943649769 -0.24370600283145905 -0.014069000259041786
v -0.01924999989569187 -0.25350600481033325 -0.02222900092601776
v -0.02724600024521351 -0.24653400480747223 -0.013628999702632427
v -0.018445000052452087 -0.25047001242637634 -0.02366900071501732
v -0.02724600024521351 -0.24653400480747223 -0.013628999702632427
v -0.01924999989569187 -0.25350600481033325 -0.02222900092601776
v -0.02764900028705597 -0.24971400201320648 -0.012388999573886395
v -0.02764900028705597 -0.24971400201320648 -0.012388999573886395
v -0.019641000777482986 -0.2564539909362793 -0.018709000200033188
v -0.026440000161528587 -0.25298601388931274 -0.009948999620974064
v -0.019641000777482986 -0.2564539909362793 -0.018709000200033188
v -0.02764900028705597 -0.24971400201320648 -0.012388999573886395
v -0.01924999989569187 -0.25350600481033325 -0.02222900092601776
v 0.003955000080168247 -0.24149000644683838 0.0010509999701753259
v 0.002759000053629279 -0.24108999967575073 -0.003108999924734235
v 0.0007570000016130507 -0.24455800652503967 -0.002068999921903014
v 0.003955000080168247 -0.24149000644683838 0.0010509999701753259
v 0.0007570000016130507 -0.24455800652503967 -0.002068999921903014
v 0.001550000044517219 -0.24492999911308289 0.00009100000170292333
v -0.0008420000085607171 -0.2447659969329834 -0.003628999926149845
v 0.0007570000016130507 -0.24455800652503967 -0.002068999921903014
v 0.002759000053629279 -0.24108999967575073 -0.003108999924734235
v -0.00043899999582208693 -0.24140599370002747 -0.006029000040143728
v -0.0008420000085607171 -0.2447659969329834 -0.003628999926149845
v 0.002759000053629279 -0.24108999967575073 -0.003108999924734235
v -0.02604999952018261 -0.24426999688148499 0.013371000066399574
v -0.030042000114917755 -0.24425800144672394 -0.00006900000153109431
v -0.03044399991631508 -0.24754999577999115 0.000610999995842576
v -0.0244510006159544 -0.24136599898338318 0.012450999580323696
v -0.030042000114917755 -0.24425800144672394 -0.00006900000153109431
v -0.02604999952018261 -0.24426999688148499 0.013371000066399574
v -0.02604999952018261 -0.24426999688148499 0.013371000066399574
v -0.03044399991631508 -0.24754999577999115 0.000610999995842576
v -0.026440000161528587 -0.24756599962711334 0.013371000066399574
v -0.0244510006159544 -0.24136599898338318 0.012450999580323696
v -0.02844199910759926 -0.24139800667762756 -0.0008689999813213944
v -0.030042000114917755 -0.24425800144672394 -0.00006900000153109431
v -0.03044399991631508 -0.24754999577999115 0.000610999995842576
v -0.024840999394655228 -0.25097399950027466 0.012490999884903431
v -0.026440000161528587 -0.24756599962711334 0.013371000066399574
v -0.024840999394655228 -0.25097399950027466 0.012490999884903431
v -0.03044399991631508 -0.24754999577999115 0.000610999995842576
v -0.02844199910759926 -0.25100600719451904 0.001411000033840537
v 0.0007570000016130507 -0.24577799439430237 0.002130999928340316
v 0.0011599999852478504 -0.24847400188446045 -0.0006689999718219042
v 0.0007570000016130507 -0.2492540031671524 0.000770999991800636
v 0.0011599999852478504 -0.24847400188446045 -0.0006689999718219042
v 0.0007570000016130507 -0.24577799439430237 0.002130999928340316
v 0.001550000044517219 -0.24492999911308289 0.00009100000170292333
v -0.0008420000085607171 -0.2468540072441101 0.003410999896004796
v 0.0007570000016130507 -0.2492540031671524 0.000770999991800636
v -0.000048999998398358 -0.25024598836898804 0.001851000008173287
v 0.0007570000016130507 -0.2492540031671524 0.000770999991800636
v -0.0008420000085607171 -0.2468540072441101 0.003410999896004796
v 0.0007570000016130507 -0.24577799439430237 0.002130999928340316
v 0.0007570000016130507 -0.24577799439430237 0.002130999928340316
v 0.003955000080168247 -0.24149000644683838 0.0010509999701753259
v 0.001550000044517219 -0.24492999911308289 0.00009100000170292333
v 0.003955000080168247 -0.24149000644683838 0.0010509999701753259
v 0.0007570000016130507 -0.24577799439430237 0.002130999928340316
v 0.002759000053629279 -0.24247799813747406 0.005011000204831362
v -0.0008420000085607171 -0.2468540072441101 0.003410999896004796
v 0.002759000053629279 -0.24247799813747406 0.005011000204831362
v 0.0007570000016130507 -0.24577799439430237 0.002130999928340316
v -0.0008420000085607171 -0.2515060007572174 -0.0015490000369027257
v -0.0028440000023692846 -0.25371798872947693 0.000291000003926456
v -0.00043899999582208693 -0.2508220076560974 -0.00022899999748915434
v -0.0028440000023692846 -0.25371798872947693 0.000291000003926456
v -0.0008420000085607171 -0.2515060007572174 -0.0015490000369027257
v -0.002440999960526824 -0.2544420063495636 -0.0006290000164881349
v -0.0012450000504031777 -0.2517459988594055 -0.002509000012651086
v -0.0028440000023692846 -0.25472599267959595 -0.0015490000369027257
v -0.0008420000085607171 -0.2515060007572174 -0.0015490000369027257
v -0.0028440000023692846 -0.25472599267959595 -0.0015490000369027257
v -0.002440999960526824 -0.2544420063495636 -0.0006290000164881349
v -0.0008420000085607171 -0.2515060007572174 -0.0015490000369027257
v -0.00043899999582208693 -0.2508220076560974 -0.00022899999748915434
v -0.0032470000442117453 -0.25273799896240234 0.0010110000148415565
v -0.0012450000504031777 -0.2497979998588562 0.0010509999701753259
v -0.12364500015974045 0.2692820131778717 0.29461100697517395
v -0.2012449949979782 0.35389798879623413 0.1989309936761856
v -0.2276490032672882 0.2692820131778717 0.22533099353313446
v -0.2012449949979782 0.35389798879623413 0.1989309936761856
v -0.12364500015974045 0.2692820131778717 0.29461100697517395
v -0.10964400321245193 0.35389798879623413 0.26009100675582886
v -0.0016479999758303165 0.2692820131778717 0.3189310133457184
v -0.10964400321245193 0.35389798879623413 0.26009100675582886
v -0.12364500015974045 0.2692820131778717 0.29461100697517395
v -0.10964400321245193 0.35389798879623413 0.26009100675582886
v -0.0016479999758303165 0.2692820131778717 0.3189310133457184
v -0.0016479999758303165 0.35389798879623413 0.28157100081443787
v -0.0016479999758303165 0.35389798879623413 0.28157100081443787
v -0.09244400262832642 0.4055339992046356 0.21841099858283997
v -0.10964400321245193 0.35389798879623413 0.26009100675582886
v -0.0016479999758303165 0.2692820131778717 0.3189310133457184
v 0.10636000335216522 0.35389798879623413 0.26009100675582886
v -0.0016479999758303165 0.35389798879623413 0.28157100081443787
v 0.10636000335216522 0.35389798879623413 0.26009100675582886
v -0.0016479999758303165 0.2692820131778717 0.3189310133457184
v 0.1207519993185997 0.2692820131778717 0.29461100697517395
v 0.1207519993185997 0.2692820131778717 0.29461100697517395
v 0.19794900715351105 0.35389798879623413 0.1989309936761856
v 0.10636000335216522 0.35389798879623413 0.26009100675582886
v 0.0891600027680397 0.4055339992046356 0.21841099858283997
v -0.0016479999758303165 0.35389798879623413 0.28157100081443787
v 0.10636000335216522 0.35389798879623413 0.26009100675582886
v -0.0016479999758303165 0.35389798879623413 0.28157100081443787
v 0.0891600027680397 0.4055339992046356 0.21841099858283997
v -0.0016479999758303165 0.4055339992046356 0.23649099469184875
v -0.09244400262832642 0.4055339992046356 0.21841099858283997
v -0.0016479999758303165 0.35389798879623413 0.28157100081443787
v -0.0016479999758303165 0.4055339992046356 0.23649099469184875
v 0.2031490057706833 0.000590000010561198 0.20393100380897522
v 0.10915499925613403 0.000590000010561198 0.2666510045528412
v 0.16635699570178986 -0.07491400092840195 0.16713100671768188
v 0.16635699570178986 -0.07491400092840195 0.16713100671768188
v 0.10915499925613403 0.000590000010561198 0.2666510045528412
v 0.0891600027680397 -0.07491400092840195 0.2185710072517395
v 0.10915499925613403 0.000590000010561198 0.2666510045528412
v -0.0016479999758303165 0.000590000010561198 0.2886509895324707
v 0.0891600027680397 -0.07491400092840195 0.2185710072517395
v 0.0891600027680397 -0.07491400092840195 0.2185710072517395
v -0.0016479999758303165 0.000590000010561198 0.2886509895324707
v -0.0016479999758303165 -0.07491400092840195 0.2366109937429428
v -0.0016479999758303165 0.000590000010561198 0.2886509895324707
v -0.09244400262832642 -0.07491400092840195 0.2185710072517395
v -0.0016479999758303165 -0.07491400092840195 0.2366109937429428
v -0.09244400262832642 -0.07491400092840195 0.2185710072517395
v -0.0016479999758303165 0.000590000010561198 0.2886509895324707
v -0.11243899911642075 0.000590000010561198 0.2666510045528412
v -0.11243899911642075 0.000590000010561198 0.2666510045528412
v -0.1692499965429306 -0.07491400092840195 0.16713100671768188
v -0.09244400262832642 -0.07491400092840195 0.2185710072517395
v -0.1692499965429306 -0.07491400092840195 0.16713100671768188
v -0.11243899911642075 0.000590000010561198 0.2666510045528412
v -0.20604200661182404 0.000590000010561198 0.20393100380897522
v 0.22435300052165985 0.2692820131778717 0.22533099353313446
v 0.12315700203180313 0.17661400139331818 0.30065101385116577
v 0.22914999723434448 0.17661400139331818 0.2299710065126419
v 0.12315700203180313 0.17661400139331818 0.30065101385116577
v 0.22075200080871582 0.08185800164937973 0.22165100276470184
v 0.22914999723434448 0.17661400139331818 0.2299710065126419
v 0.19794900715351105 0.35389798879623413 0.1989309936761856
v 0.1207519993185997 0.2692820131778717 0.29461100697517395
v 0.22435300052165985 0.2692820131778717 0.22533099353313446
v 0.12315700203180313 0.17661400139331818 0.30065101385116577
v 0.22435300052165985 0.2692820131778717 0.22533099353313446
v 0.1207519993185997 0.2692820131778717 0.29461100697517395
v 0.22075200080871582 0.08185800164937973 0.22165100276470184
v 0.12315700203180313 0.17661400139331818 0.30065101385116577
v 0.11874999850988388 0.08185800164937973 0.28981098532676697
v 0.11874999850988388 0.08185800164937973 0.28981098532676697
v 0.2031490057706833 0.000590000010561198 0.20393100380897522
v 0.22075200080871582 0.08185800164937973 0.22165100276470184
v 0.2031490057706833 0.000590000010561198 0.20393100380897522
v 0.11874999850988388 0.08185800164937973 0.28981098532676697
v 0.10915499925613403 0.000590000010561198 0.2666510045528412
v -0.0016479999758303165 0.17661400139331818 0.3254910111427307
v 0.11874999850988388 0.08185800164937973 0.28981098532676697
v 0.12315700203180313 0.17661400139331818 0.30065101385116577
v 0.1207519993185997 0.2692820131778717 0.29461100697517395
v -0.0016479999758303165 0.17661400139331818 0.3254910111427307
v 0.12315700203180313 0.17661400139331818 0.30065101385116577
v -0.0016479999758303165 0.08185400068759918 0.31373101472854614
v 0.10915499925613403 0.000590000010561198 0.2666510045528412
v 0.11874999850988388 0.08185800164937973 0.28981098532676697
v 0.11874999850988388 0.08185800164937973 0.28981098532676697
v -0.0016479999758303165 0.17661400139331818 0.3254910111427307
v -0.0016479999758303165 0.08185400068759918 0.31373101472854614
v 0.10915499925613403 0.000590000010561198 0.2666510045528412
v -0.0016479999758303165 0.08185400068759918 0.31373101472854614
v -0.0016479999758303165 0.000590000010561198 0.2886509895324707
v -0.0016479999758303165 0.08185400068759918 0.31373101472854614
v -0.11243899911642075 0.000590000010561198 0.2666510045528412
v -0.0016479999758303165 0.000590000010561198 0.2886509895324707
v -0.11243899911642075 0.000590000010561198 0.2666510045528412
v -0.0016479999758303165 0.08185400068759918 0.31373101472854614
v -0.12204600125551224 0.08185400068759918 0.28981098532676697
v -0.0016479999758303165 0.17661400139331818 0.3254910111427307
v -0.12204600125551224 0.08185400068759918 0.28981098532676697
v -0.0016479999758303165 0.08185400068759918 0.31373101472854614
v -0.12204600125551224 0.08185400068759918 0.28981098532676697
v -0.20604200661182404 0.000590000010561198 0.20393100380897522
v -0.11243899911642075 0.000590000010561198 0.2666510045528412
v -0.0016479999758303165 0.17661400139331818 0.3254910111427307
v 0.1207519993185997 0.2692820131778717 0.29461100697517395
v -0.0016479999758303165 0.2692820131778717 0.3189310133457184
v -0.20604200661182404 0.000590000010561198 0.20393100380897522
v -0.12204600125551224 0.08185400068759918 0.28981098532676697
v -0.22364500164985657 0.08185400068759918 0.22165100276470184
v -0.12204600125551224 0.08185400068759918 0.28981098532676697
v -0.0016479999758303165 0.17661400139331818 0.3254910111427307
v -0.12644000351428986 0.17661400139331818 0.30065101385116577
v -0.12644000351428986 0.17661400139331818 0.30065101385116577
v -0.22364500164985657 0.08185400068759918 0.22165100276470184
v -0.12204600125551224 0.08185400068759918 0.28981098532676697
v -0.0016479999758303165 0.17661400139331818 0.3254910111427307
v -0.12364500015974045 0.2692820131778717 0.29461100697517395
v -0.12644000351428986 0.17661400139331818 0.30065101385116577
v -0.12364500015974045 0.2692820131778717 0.29461100697517395
v -0.0016479999758303165 0.17661400139331818 0.3254910111427307
v -0.0016479999758303165 0.2692820131778717 0.3189310133457184
v -0.22364500164985657 0.08185400068759918 0.22165100276470184
v -0.12644000351428986 0.17661400139331818 0.30065101385116577
v -0.23204299807548523 0.17661400139331818 0.2299710065126419
v -0.2276490032672882 0.2692820131778717 0.22533099353313446
v -0.12644000351428986 0.17661400139331818 0.30065101385116577
v -0.12364500015974045 0.2692820131778717 0.29461100697517395
v -0.12644000351428986 0.17661400139331818 0.30065101385116577
v -0.2276490032672882 0.2692820131778717 0.22533099353313446
v -0.23204299807548523 0.17661400139331818 0.2299710065126419
v -0.0016479999758303165 -0.3135739862918854 -0.030709000304341316
v 0.01355000026524067 -0.31295400857925415 -0.02774900011718273
v -0.0016479999758303165 -0.27616599202156067 0.004131000023335218
v -0.016845999285578728 -0.31295400857925415 -0.02774900011718273
v -0.0016479999758303165 -0.3135739862918854 -0.030709000304341316
v -0.0016479999758303165 -0.27616599202156067 0.004131000023335218
v -0.005640000104904175 -0.2518500089645386 -0.0015490000369027257
v -0.008043999783694744 -0.2547459900379181 -0.0010290000354871154
v -0.005249000154435635 -0.25282999873161316 -0.0022690000478178263
v -0.00043899999582208693 -0.2522740066051483 -0.00482900021597743
v -0.0032470000442117453 -0.24987000226974487 -0.003108999924734235
v -0.002440999960526824 -0.25326600670814514 -0.004668999928981066
v -0.0032470000442117453 -0.24987000226974487 -0.003108999924734235
v -0.00043899999582208693 -0.2522740066051483 -0.00482900021597743
v -0.0016479999758303165 -0.24892599880695343 -0.003469000104814768
v 0.0011599999852478504 -0.2516219913959503 -0.004188999999314547
v -0.0016479999758303165 -0.24892599880695343 -0.003469000104814768
v -0.00043899999582208693 -0.2522740066051483 -0.00482900021597743
v -0.0016479999758303165 -0.24892599880695343 -0.003469000104814768
v 0.0011599999852478504 -0.2516219913959503 -0.004188999999314547
v -0.00043899999582208693 -0.24828599393367767 -0.003108999924734235
v -0.00684799998998642 -0.2591939866542816 0.013570999726653099
v -0.01044899970293045 -0.24457000195980072 0.008290999568998814
v -0.011242999695241451 -0.2598060071468353 0.010691000148653984
v -0.0016479999758303165 -0.2784099876880646 0.032370999455451965
v -0.00684799998998642 -0.2591939866542816 0.013570999726653099
v -0.012047999538481236 -0.27884599566459656 0.0302910003811121
v -0.01044899970293045 -0.24457000195980072 0.008290999568998814
v -0.00684799998998642 -0.2591939866542816 0.013570999726653099
v -0.006444999948143959 -0.24455399811267853 0.011051000095903873
v -0.00684799998998642 -0.2591939866542816 0.013570999726653099
v -0.0016479999758303165 -0.2784099876880646 0.032370999455451965
v -0.0016479999758303165 -0.258978009223938 0.014611000195145607
v -0.0016479999758303165 -0.258978009223938 0.014611000195145607
v -0.006444999948143959 -0.24455399811267853 0.011051000095903873
v -0.00684799998998642 -0.2591939866542816 0.013570999726653099
v -0.0016479999758303165 -0.258978009223938 0.014611000195145607
v -0.0016479999758303165 -0.2784099876880646 0.032370999455451965
v 0.0035520000383257866 -0.2591939866542816 0.013570999726653099
v 0.009154999628663063 -0.27884599566459656 0.0302910003811121
v 0.0035520000383257866 -0.2591939866542816 0.013570999726653099
v -0.0016479999758303165 -0.2784099876880646 0.032370999455451965
v -0.006444999948143959 -0.24455399811267853 0.011051000095903873
v -0.0016479999758303165 -0.258978009223938 0.014611000195145607
v -0.0016479999758303165 -0.24455000460147858 0.012010999955236912
v 0.007958999834954739 -0.2598060071468353 0.010691000148653984
v 0.007555999793112278 -0.24457000195980072 0.008290999568998814
v 0.0035520000383257866 -0.2591939866542816 0.013570999726653099
v 0.0035520000383257866 -0.2591939866542816 0.013570999726653099
v 0.003148999996483326 -0.24455399811267853 0.011051000095903873
v -0.0016479999758303165 -0.258978009223938 0.014611000195145607
v -0.0016479999758303165 -0.24455000460147858 0.012010999955236912
v -0.0016479999758303165 -0.258978009223938 0.014611000195145607
v 0.003148999996483326 -0.24455399811267853 0.011051000095903873
v 0.003148999996483326 -0.24455399811267853 0.011051000095903873
v 0.0035520000383257866 -0.2591939866542816 0.013570999726653099
v 0.007555999793112278 -0.24457000195980072 0.008290999568998814
v -0.023645000532269478 -0.2589220106601715 0.01293100044131279
v -0.013244999572634697 -0.25804200768470764 0.022890999913215637
v -0.014441000297665596 -0.2547900080680847 0.02397100068628788
v -0.014441000297665596 -0.2547900080680847 0.02397100068628788
v -0.024840999394655228 -0.2556700110435486 0.013891000300645828
v -0.023645000532269478 -0.2589220106601715 0.01293100044131279
v -0.014441000297665596 -0.2547900080680847 0.02397100068628788
v -0.024840999394655228 -0.25220200419425964 0.013930999673902988
v -0.024840999394655228 -0.2556700110435486 0.013891000300645828
v -0.024840999394655228 -0.25220200419425964 0.013930999673902988
v -0.014441000297665596 -0.2547900080680847 0.02397100068628788
v -0.014844000339508057 -0.25136199593544006 0.02349100075662136
v 0.007958999834954739 -0.25797000527381897 0.022370999678969383
v -0.0028440000023692846 -0.250542014837265 0.02633100003004074
v -0.004443000070750713 -0.25355398654937744 0.025891000404953957
v -0.004443000070750713 -0.25355398654937744 0.025891000404953957
v 0.0047610001638531685 -0.26030200719833374 0.020610999315977097
v 0.007958999834954739 -0.25797000527381897 0.022370999678969383
v 0.0047610001638531685 -0.26030200719833374 0.020610999315977097
v -0.004443000070750713 -0.25355398654937744 0.025891000404953957
v -0.006041999906301498 -0.25628599524497986 0.023530999198555946
v -0.0028440000023692846 -0.250542014837265 0.02633100003004074
v 0.007958999834954739 -0.25797000527381897 0.022370999678969383
v 0.009960999712347984 -0.25509798526763916 0.022410999983549118
v 0.009960999712347984 -0.25509798526763916 0.022410999983549118
v -0.0012450000504031777 -0.24760599434375763 0.025090999901294708
v -0.0028440000023692846 -0.250542014837265 0.02633100003004074
v -0.0012450000504031777 -0.24760599434375763 0.025090999901294708
v 0.009960999712347984 -0.25509798526763916 0.022410999983549118
v 0.010754000395536423 -0.25206199288368225 0.02097100019454956
v -0.008043999783694744 -0.25968998670578003 -0.005708999931812286
v -0.00725100003182888 -0.2557699978351593 -0.0023089998867362738
v -0.01083999965339899 -0.258105993270874 -0.004228999838232994
v -0.00725100003182888 -0.2557699978351593 -0.0023089998867362738
v -0.008043999783694744 -0.25968998670578003 -0.005708999931812286
v -0.006041999906301498 -0.25688600540161133 -0.002988999942317605
v -0.006041999906301498 -0.25688600540161133 -0.002988999942317605
v -0.004443000070750713 -0.25380200147628784 -0.002509000012651086
v -0.00725100003182888 -0.2557699978351593 -0.0023089998867362738
v -0.005249000154435635 -0.25282999873161316 -0.0022690000478178263
v -0.00725100003182888 -0.2557699978351593 -0.0023089998867362738
v -0.004443000070750713 -0.25380200147628784 -0.002509000012651086
v 0.016759999096393585 -0.26186200976371765 0.01281100045889616
v 0.009960999712347984 -0.25509798526763916 0.022410999983549118
v 0.007958999834954739 -0.25797000527381897 0.022370999678969383
v 0.009960999712347984 -0.25509798526763916 0.022410999983549118
v 0.016759999096393585 -0.26186200976371765 0.01281100045889616
v 0.01875000074505806 -0.2590300142765045 0.012370999902486801
v -0.004443000070750713 -0.2577660083770752 -0.0027489999774843454
v -0.008043999783694744 -0.25968998670578003 -0.005708999931812286
v -0.004443000070750713 -0.26104599237442017 -0.005109000019729137
v -0.008043999783694744 -0.25968998670578003 -0.005708999931812286
v -0.004443000070750713 -0.2577660083770752 -0.0027489999774843454
v -0.006041999906301498 -0.25688600540161133 -0.002988999942317605
v -0.004443000070750713 -0.25380200147628784 -0.002509000012651086
v -0.002051000017672777 -0.25150999426841736 -0.0032689999788999557
v -0.0028440000023692846 -0.250793993473053 -0.003829000052064657
v -0.003650000086054206 -0.2544940114021301 -0.002228999976068735
v -0.002051000017672777 -0.25150999426841736 -0.0032689999788999557
v -0.004443000070750713 -0.25380200147628784 -0.002509000012651086
v 0.0007570000016130507 -0.24812200665473938 -0.002068999921903014
v 0.0011599999852478504 -0.2516219913959503 -0.004188999999314547
v 0.0019529999699443579 -0.25145798921585083 -0.0030690000858157873
v -0.00043899999582208693 -0.24828599393367767 -0.003108999924734235
v 0.0011599999852478504 -0.2516219913959503 -0.004188999999314547
v 0.0007570000016130507 -0.24812200665473938 -0.002068999921903014
v -0.0028440000023692846 -0.25472599267959595 -0.0015490000369027257
v -0.004443000070750713 -0.2577660083770752 -0.0027489999774843454
v -0.0032470000442117453 -0.25812599062919617 -0.0015490000369027257
v -0.004443000070750713 -0.2577660083770752 -0.0027489999774843454
v -0.0028440000023692846 -0.25472599267959595 -0.0015490000369027257
v -0.003650000086054206 -0.2544940114021301 -0.002228999976068735
v -0.026440000161528587 -0.24756599962711334 0.013371000066399574
v -0.016845999285578728 -0.24975800514221191 0.022610999643802643
v -0.016039999201893806 -0.24657399952411652 0.023050999268889427
v -0.016039999201893806 -0.24657399952411652 0.023050999268889427
v -0.02604999952018261 -0.24426999688148499 0.013371000066399574
v -0.026440000161528587 -0.24756599962711334 0.013371000066399574
v -0.016039999201893806 -0.24657399952411652 0.023050999268889427
v -0.0244510006159544 -0.24136599898338318 0.012450999580323696
v -0.02604999952018261 -0.24426999688148499 0.013371000066399574
v -0.004443000070750713 -0.2577660083770752 -0.0027489999774843454
v -0.003650000086054206 -0.2544940114021301 -0.002228999976068735
v -0.006041999906301498 -0.25688600540161133 -0.002988999942317605
v -0.006041999906301498 -0.25688600540161133 -0.002988999942317605
v -0.003650000086054206 -0.2544940114021301 -0.002228999976068735
v -0.004443000070750713 -0.25380200147628784 -0.002509000012651086
v -0.0028440000023692846 -0.24548999965190887 -0.0039889998733997345
v -0.00043899999582208693 -0.24828599393367767 -0.003108999924734235
v -0.0008420000085607171 -0.2447659969329834 -0.003628999926149845
v -0.00043899999582208693 -0.24828599393367767 -0.003108999924734235
v -0.0028440000023692846 -0.24548999965190887 -0.0039889998733997345
v -0.0016479999758303165 -0.24892599880695343 -0.003469000104814768
v -0.004443000070750713 -0.25355398654937744 0.025891000404953957
v -0.016039999201893806 -0.24657399952411652 0.023050999268889427
v -0.016845999285578728 -0.24975800514221191 0.022610999643802643
v -0.016039999201893806 -0.24657399952411652 0.023050999268889427
v -0.004443000070750713 -0.25355398654937744 0.025891000404953957
v -0.0028440000023692846 -0.250542014837265 0.02633100003004074
v -0.004443000070750713 -0.25355398654937744 0.025891000404953957
v -0.016845999285578728 -0.24975800514221191 0.022610999643802643
v -0.016845999285578728 -0.2528980076313019 0.020531000569462776
v -0.016845999285578728 -0.2528980076313019 0.020531000569462776
v -0.006041999906301498 -0.25628599524497986 0.023530999198555946
v -0.004443000070750713 -0.25355398654937744 0.025891000404953957
v -0.014441000297665596 -0.2436619997024536 0.02201100066304207
v -0.0028440000023692846 -0.250542014837265 0.02633100003004074
v -0.0012450000504031777 -0.24760599434375763 0.025090999901294708
v -0.0028440000023692846 -0.250542014837265 0.02633100003004074
v -0.014441000297665596 -0.2436619997024536 0.02201100066304207
v -0.016039999201893806 -0.24657399952411652 0.023050999268889427
v 0.0007570000016130507 -0.24812200665473938 -0.002068999921903014
v -0.0008420000085607171 -0.2447659969329834 -0.003628999926149845
v -0.00043899999582208693 -0.24828599393367767 -0.003108999924734235
v -0.0008420000085607171 -0.2447659969329834 -0.003628999926149845
v 0.0007570000016130507 -0.24812200665473938 -0.002068999921903014
v 0.0007570000016130507 -0.24455800652503967 -0.002068999921903014
v 0.02115499973297119 -0.2438099980354309 0.01329100038856268
v 0.013159000314772129 -0.2498060017824173 0.023290999233722687
v 0.02315700054168701 -0.2470420002937317 0.01285099983215332
v 0.02115499973297119 -0.2438099980354309 0.01329100038856268
v 0.01155999954789877 -0.24653400480747223 0.023211000487208366
v 0.013159000314772129 -0.2498060017824173 0.023290999233722687
v -0.004846000112593174 -0.24651400744915009 -0.003148999996483326
v -0.0016479999758303165 -0.24892599880695343 -0.003469000104814768
v -0.0028440000023692846 -0.24548999965190887 -0.0039889998733997345
v -0.0016479999758303165 -0.24892599880695343 -0.003469000104814768
v -0.004846000112593174 -0.24651400744915009 -0.003148999996483326
v -0.0032470000442117453 -0.24987000226974487 -0.003108999924734235
v -0.004443000070750713 -0.24233399331569672 -0.0067889997735619545
v -0.004846000112593174 -0.24651400744915009 -0.003148999996483326
v -0.0028440000023692846 -0.24548999965190887 -0.0039889998733997345
v -0.004443000070750713 -0.24233399331569672 -0.0067889997735619545
v -0.008043999783694744 -0.24357399344444275 -0.005148999858647585
v -0.004846000112593174 -0.24651400744915009 -0.003148999996483326
v -0.0028440000023692846 -0.25472599267959595 -0.0015490000369027257
v -0.002051000017672777 -0.25150999426841736 -0.0032689999788999557
v -0.003650000086054206 -0.2544940114021301 -0.002228999976068735
v -0.002051000017672777 -0.25150999426841736 -0.0032689999788999557
v -0.0028440000023692846 -0.25472599267959595 -0.0015490000369027257
v -0.0012450000504031777 -0.2517459988594055 -0.002509000012651086
v -0.013244999572634697 -0.25804200768470764 0.022890999913215637
v 0.0007570000016130507 -0.2559019923210144 0.026050999760627747
v -0.00043899999582208693 -0.2526420056819916 0.02737100049853325
v -0.00043899999582208693 -0.2526420056819916 0.02737100049853325
v -0.014441000297665596 -0.2547900080680847 0.02397100068628788
v -0.013244999572634697 -0.25804200768470764 0.022890999913215637
v -0.014441000297665596 -0.2547900080680847 0.02397100068628788
v -0.00043899999582208693 -0.2526420056819916 0.02737100049853325
v -0.0012450000504031777 -0.2492939978837967 0.02689100056886673
v -0.0012450000504031777 -0.2492939978837967 0.02689100056886673
v -0.014844000339508057 -0.25136199593544006 0.02349100075662136
v -0.014441000297665596 -0.2547900080680847 0.02397100068628788
v -0.0012450000504031777 -0.2492939978837967 0.02689100056886673
v -0.014441000297665596 -0.24813400208950043 0.02137099951505661
v -0.014844000339508057 -0.25136199593544006 0.02349100075662136
v -0.014441000297665596 -0.24813400208950043 0.02137099951505661
v -0.0012450000504031777 -0.2492939978837967 0.02689100056886673
v -0.0028440000023692846 -0.2462420016527176 0.024491000920534134
v -0.0032470000442117453 -0.24987000226974487 -0.003108999924734235
v -0.005640000104904175 -0.2475460022687912 -0.0015089999651536345
v -0.004040999803692102 -0.25086599588394165 -0.0020290000829845667
v 0.0007570000016130507 -0.2559019923210144 0.026050999760627747
v 0.01395300030708313 -0.2531140148639679 0.02185099944472313
v 0.013159000314772129 -0.2498060017824173 0.023290999233722687
v 0.013159000314772129 -0.2498060017824173 0.023290999233722687
v -0.00043899999582208693 -0.2526420056819916 0.02737100049853325
v 0.0007570000016130507 -0.2559019923210144 0.026050999760627747
v -0.00043899999582208693 -0.2526420056819916 0.02737100049853325
v 0.013159000314772129 -0.2498060017824173 0.023290999233722687
v 0.01155999954789877 -0.24653400480747223 0.023211000487208366
v 0.01155999954789877 -0.24653400480747223 0.023211000487208366
v -0.0012450000504031777 -0.2492939978837967 0.02689100056886673
v -0.00043899999582208693 -0.2526420056819916 0.02737100049853325
v -0.0012450000504031777 -0.2492939978837967 0.02689100056886673
v 0.01155999954789877 -0.24653400480747223 0.023211000487208366
v 0.008751999586820602 -0.24367399513721466 0.021410999819636345
v 0.008751999586820602 -0.24367399513721466 0.021410999819636345
v -0.0028440000023692846 -0.2462420016527176 0.024491000920534134
v -0.0012450000504031777 -0.2492939978837967 0.02689100056886673
v -0.0244510006159544 -0.24136599898338318 0.012450999580323696
v -0.016039999201893806 -0.24657399952411652 0.023050999268889427
v -0.014441000297665596 -0.2436619997024536 0.02201100066304207
v -0.004443000070750713 -0.25380200147628784 -0.002509000012651086
v -0.0028440000023692846 -0.250793993473053 -0.003829000052064657
v -0.005249000154435635 -0.25282999873161316 -0.0022690000478178263
v -0.005249000154435635 -0.25282999873161316 -0.0022690000478178263
v -0.0028440000023692846 -0.250793993473053 -0.003829000052064657
v -0.004040999803692102 -0.24972200393676758 -0.003788999980315566
v -0.004443000070750713 -0.24233399331569672 -0.0067889997735619545
v -0.0008420000085607171 -0.2447659969329834 -0.003628999926149845
v -0.00043899999582208693 -0.24140599370002747 -0.006029000040143728
v -0.0008420000085607171 -0.2447659969329834 -0.003628999926149845
v -0.004443000070750713 -0.24233399331569672 -0.0067889997735619545
v -0.0028440000023692846 -0.24548999965190887 -0.0039889998733997345
v -0.10964400321245193 0.35389798879623413 0.26009100675582886
v -0.1692499965429306 0.4055339992046356 0.16701099276542664
v -0.2012449949979782 0.35389798879623413 0.1989309936761856
v -0.2624390125274658 0.35389798879623413 0.1073710024356842
v -0.2012449949979782 0.35389798879623413 0.1989309936761856
v -0.1692499965429306 0.4055339992046356 0.16701099276542664
v -0.1692499965429306 0.4055339992046356 0.16701099276542664
v -0.10964400321245193 0.35389798879623413 0.26009100675582886
v -0.09244400262832642 0.4055339992046356 0.21841099858283997
v -0.1692499965429306 0.4055339992046356 0.16701099276542664
v -0.22044700384140015 0.4055339992046356 0.09009099751710892
v -0.2624390125274658 0.35389798879623413 0.1073710024356842
v 0.10636000335216522 0.35389798879623413 0.26009100675582886
v 0.19794900715351105 0.35389798879623413 0.1989309936761856
v 0.16595500707626343 0.4055339992046356 0.16701099276542664
v 0.16595500707626343 0.4055339992046356 0.16701099276542664
v 0.0891600027680397 0.4055339992046356 0.21841099858283997
v 0.10636000335216522 0.35389798879623413 0.26009100675582886
v 0.16595500707626343 0.4055339992046356 0.16701099276542664
v 0.06875000149011612 0.44697800278663635 0.1686909943819046
v 0.0891600027680397 0.4055339992046356 0.21841099858283997
v 0.06875000149011612 0.44697800278663635 0.1686909943819046
v -0.0016479999758303165 0.4055339992046356 0.23649099469184875
v 0.0891600027680397 0.4055339992046356 0.21841099858283997
v 0.06875000149011612 0.44697800278663635 0.1686909943819046
v 0.16595500707626343 0.4055339992046356 0.16701099276542664
v 0.12795400619506836 0.44697800278663635 0.12897099554538727
v 0.2175540030002594 0.4055339992046356 0.09009099751710892
v 0.12795400619506836 0.44697800278663635 0.12897099554538727
v 0.16595500707626343 0.4055339992046356 0.16701099276542664
v -0.0016479999758303165 0.4055339992046356 0.23649099469184875
v 0.06875000149011612 0.44697800278663635 0.1686909943819046
v -0.0016479999758303165 0.44697800278663635 0.18265099823474884
v 0.12795400619506836 0.44697800278663635 0.12897099554538727
v 0.2175540030002594 0.4055339992046356 0.09009099751710892
v 0.16795699298381805 0.44697800278663635 0.06949099898338318
v 0.2175540030002594 0.4055339992046356 0.09009099751710892
v 0.18155500292778015 0.44697800278663635 -0.0006290000164881349
v 0.16795699298381805 0.44697800278663635 0.06949099898338318
v 0.12795400619506836 0.44697800278663635 0.12897099554538727
v 0.04794900119304657 0.4749859869480133 0.11897099763154984
v 0.06875000149011612 0.44697800278663635 0.1686909943819046
v 0.04794900119304657 0.4749859869480133 0.11897099763154984
v -0.0016479999758303165 0.44697800278663635 0.18265099823474884
v 0.06875000149011612 0.44697800278663635 0.1686909943819046
v 0.16795699298381805 0.44697800278663635 0.06949099898338318
v 0.08995400369167328 0.4749859869480133 0.09089100360870361
v 0.12795400619506836 0.44697800278663635 0.12897099554538727
v 0.04794900119304657 0.4749859869480133 0.11897099763154984
v 0.12795400619506836 0.44697800278663635 0.12897099554538727
v 0.08995400369167328 0.4749859869480133 0.09089100360870361
v 0.18155500292778015 0.44697800278663635 -0.0006290000164881349
v 0.11795700341463089 0.4749859869480133 0.04889100044965744
v 0.16795699298381805 0.44697800278663635 0.06949099898338318
v 0.08995400369167328 0.4749859869480133 0.09089100360870361
v 0.16795699298381805 0.44697800278663635 0.06949099898338318
v 0.11795700341463089 0.4749859869480133 0.04889100044965744
v 0.11795700341463089 0.4749859869480133 0.04889100044965744
v 0.18155500292778015 0.44697800278663635 -0.0006290000164881349
v 0.12795400619506836 0.4749859869480133 -0.0006290000164881349
v 0.12795400619506836 0.4749859869480133 -0.0006290000164881349
v 0.061156999319791794 0.49304598569869995 -0.0006290000164881349
v 0.11795700341463089 0.4749859869480133 0.04889100044965744
v 0.11795700341463089 0.4749859869480133 0.04889100044965744
v 0.061156999319791794 0.49304598569869995 -0.0006290000164881349
v 0.056359998881816864 0.49304598569869995 0.023370999842882156
v 0.08995400369167328 0.4749859869480133 0.09089100360870361
v 0.11795700341463089 0.4749859869480133 0.04889100044965744
v 0.056359998881816864 0.49304598569869995 0.023370999842882156
v 0.056359998881816864 0.49304598569869995 0.023370999842882156
v 0.061156999319791794 0.49304598569869995 -0.0006290000164881349
v -0.0016479999758303165 0.5001459717750549 -0.0006290000164881349
v 0.04274899885058403 0.49304598569869995 0.0436910018324852
v 0.08995400369167328 0.4749859869480133 0.09089100360870361
v 0.056359998881816864 0.49304598569869995 0.023370999842882156
v 0.04274899885058403 0.49304598569869995 0.0436910018324852
v 0.056359998881816864 0.49304598569869995 0.023370999842882156
v -0.0016479999758303165 0.5001459717750549 -0.0006290000164881349
v 0.02235100045800209 0.49304598569869995 0.057291001081466675
v 0.08995400369167328 0.4749859869480133 0.09089100360870361
v 0.04274899885058403 0.49304598569869995 0.0436910018324852
v 0.08995400369167328 0.4749859869480133 0.09089100360870361
v 0.02235100045800209 0.49304598569869995 0.057291001081466675
v 0.04794900119304657 0.4749859869480133 0.11897099763154984
v 0.02235100045800209 0.49304598569869995 0.057291001081466675
v 0.04274899885058403 0.49304598569869995 0.0436910018324852
v -0.0016479999758303165 0.5001459717750549 -0.0006290000164881349
v -0.0016479999758303165 0.49304598569869995 0.06205099821090698
v 0.04794900119304657 0.4749859869480133 0.11897099763154984
v 0.02235100045800209 0.49304598569869995 0.057291001081466675
v -0.0016479999758303165 0.49304598569869995 0.06205099821090698
v 0.02235100045800209 0.49304598569869995 0.057291001081466675
v -0.0016479999758303165 0.5001459717750549 -0.0006290000164881349
v 0.04794900119304657 0.4749859869480133 0.11897099763154984
v -0.0016479999758303165 0.49304598569869995 0.06205099821090698
v -0.0016479999758303165 0.4749859869480133 0.12881100177764893
v -0.0016479999758303165 0.44697800278663635 0.18265099823474884
v 0.04794900119304657 0.4749859869480133 0.11897099763154984
v -0.0016479999758303165 0.4749859869480133 0.12881100177764893
v -0.0016479999758303165 0.49304598569869995 0.06205099821090698
v -0.05124500021338463 0.4749859869480133 0.11897099763154984
v -0.0016479999758303165 0.4749859869480133 0.12881100177764893
v -0.05124500021338463 0.4749859869480133 0.11897099763154984
v -0.0016479999758303165 0.44697800278663635 0.18265099823474884
v -0.0016479999758303165 0.4749859869480133 0.12881100177764893
v -0.02564699947834015 0.49304598569869995 0.057291001081466675
v -0.0016479999758303165 0.49304598569869995 0.06205099821090698
v -0.0016479999758303165 0.5001459717750549 -0.0006290000164881349
v -0.05124500021338463 0.4749859869480133 0.11897099763154984
v -0.0016479999758303165 0.49304598569869995 0.06205099821090698
v -0.02564699947834015 0.49304598569869995 0.057291001081466675
v -0.0016479999758303165 0.44697800278663635 0.18265099823474884
v -0.05124500021338463 0.4749859869480133 0.11897099763154984
v -0.07164300233125687 0.44697800278663635 0.1686909943819046
v -0.07164300233125687 0.44697800278663635 0.1686909943819046
v -0.0016479999758303165 0.4055339992046356 0.23649099469184875
v -0.0016479999758303165 0.44697800278663635 0.18265099823474884
v -0.0016479999758303165 0.4055339992046356 0.23649099469184875
v -0.07164300233125687 0.44697800278663635 0.1686909943819046
v -0.09244400262832642 0.4055339992046356 0.21841099858283997
v -0.13124999403953552 0.44697800278663635 0.12897099554538727
v -0.09244400262832642 0.4055339992046356 0.21841099858283997
v -0.07164300233125687 0.44697800278663635 0.1686909943819046
v -0.07164300233125687 0.44697800278663635 0.1686909943819046
v -0.05124500021338463 0.4749859869480133 0.11897099763154984
v -0.13124999403953552 0.44697800278663635 0.12897099554538727
v -0.09244400262832642 0.4055339992046356 0.21841099858283997
v -0.13124999403953552 0.44697800278663635 0.12897099554538727
v -0.1692499965429306 0.4055339992046356 0.16701099276542664
v -0.05124500021338463 0.4749859869480133 0.11897099763154984
v -0.02564699947834015 0.49304598569869995 0.057291001081466675
v -0.09324999898672104 0.4749859869480133 0.09089100360870361
v -0.13124999403953552 0.44697800278663635 0.12897099554538727
v -0.05124500021338463 0.4749859869480133 0.11897099763154984
v -0.09324999898672104 0.4749859869480133 0.09089100360870361
v -0.09324999898672104 0.4749859869480133 0.09089100360870361
v -0.02564699947834015 0.49304598569869995 0.057291001081466675
v -0.04604500159621239 0.49304598569869995 0.0436910018324852
v -0.04604500159621239 0.49304598569869995 0.0436910018324852
v -0.02564699947834015 0.49304598569869995 0.057291001081466675
v -0.0016479999758303165 0.5001459717750549 -0.0006290000164881349
v -0.12123999744653702 0.4749859869480133 0.04889100044965744
v -0.13124999403953552 0.44697800278663635 0.12897099554538727
v -0.09324999898672104 0.4749859869480133 0.09089100360870361
v -0.09324999898672104 0.4749859869480133 0.09089100360870361
v -0.04604500159621239 0.49304598569869995 0.0436910018324852
v -0.12123999744653702 0.4749859869480133 0.04889100044965744
v -0.1708499938249588 0.44697800278663635 0.06949099898338318
v -0.1692499965429306 0.4055339992046356 0.16701099276542664
v -0.13124999403953552 0.44697800278663635 0.12897099554538727
v -0.13124999403953552 0.44697800278663635 0.12897099554538727
v -0.12123999744653702 0.4749859869480133 0.04889100044965744
v -0.1708499938249588 0.44697800278663635 0.06949099898338318
v -0.1692499965429306 0.4055339992046356 0.16701099276542664
v -0.1708499938249588 0.44697800278663635 0.06949099898338318
v -0.22044700384140015 0.4055339992046356 0.09009099751710892
v -0.05964399874210358 0.49304598569869995 0.023370999842882156
v -0.04604500159621239 0.49304598569869995 0.0436910018324852
v -0.0016479999758303165 0.5001459717750549 -0.0006290000164881349
v -0.05964399874210358 0.49304598569869995 0.023370999842882156
v -0.12123999744653702 0.4749859869480133 0.04889100044965744
v -0.04604500159621239 0.49304598569869995 0.0436910018324852
v -0.23884299397468567 0.4055339992046356 -0.0006290000164881349
v -0.22044700384140015 0.4055339992046356 0.09009099751710892
v -0.1708499938249588 0.44697800278663635 0.06949099898338318
v -0.1848510056734085 0.44697800278663635 -0.0006290000164881349
v -0.1708499938249588 0.44697800278663635 0.06949099898338318
v -0.12123999744653702 0.4749859869480133 0.04889100044965744
v -0.1708499938249588 0.44697800278663635 0.06949099898338318
v -0.1848510056734085 0.44697800278663635 -0.0006290000164881349
v -0.23884299397468567 0.4055339992046356 -0.0006290000164881349
v -0.12123999744653702 0.4749859869480133 0.04889100044965744
v -0.1308470070362091 0.4749859869480133 -0.0006290000164881349
v -0.1848510056734085 0.44697800278663635 -0.0006290000164881349
v -0.0644410029053688 0.49304598569869995 -0.0006290000164881349
v -0.12123999744653702 0.4749859869480133 0.04889100044965744
v -0.05964399874210358 0.49304598569869995 0.023370999842882156
v -0.12123999744653702 0.4749859869480133 0.04889100044965744
v -0.0644410029053688 0.49304598569869995 -0.0006290000164881349
v -0.1308470070362091 0.4749859869480133 -0.0006290000164881349
v -0.0644410029053688 0.49304598569869995 -0.0006290000164881349
v -0.05964399874210358 0.49304598569869995 0.023370999842882156
v -0.0016479999758303165 0.5001459717750549 -0.0006290000164881349
v -0.12123999744653702 0.4749859869480133 -0.05014900118112564
v -0.1848510056734085 0.44697800278663635 -0.0006290000164881349
v -0.1308470070362091 0.4749859869480133 -0.0006290000164881349
v -0.0644410029053688 0.49304598569869995 -0.0006290000164881349
v -0.12123999744653702 0.4749859869480133 -0.05014900118112564
v -0.1308470070362091 0.4749859869480133 -0.0006290000164881349
v -0.1708499938249588 0.44697800278663635 -0.07074899971485138
v -0.23884299397468567 0.4055339992046356 -0.0006290000164881349
v -0.1848510056734085 0.44697800278663635 -0.0006290000164881349
v -0.1848510056734085 0.44697800278663635 -0.0006290000164881349
v -0.12123999744653702 0.4749859869480133 -0.05014900118112564
v -0.1708499938249588 0.44697800278663635 -0.07074899971485138
v -0.05964399874210358 0.49304598569869995 -0.024629000574350357
v -0.0644410029053688 0.49304598569869995 -0.0006290000164881349
v -0.0016479999758303165 0.5001459717750549 -0.0006290000164881349
v -0.12123999744653702 0.4749859869480133 -0.05014900118112564
v -0.0644410029053688 0.49304598569869995 -0.0006290000164881349
v -0.05964399874210358 0.49304598569869995 -0.024629000574350357
v -0.04604500159621239 0.49304598569869995 -0.0449489988386631
v -0.12123999744653702 0.4749859869480133 -0.05014900118112564
v -0.05964399874210358 0.49304598569869995 -0.024629000574350357
v -0.04604500159621239 0.49304598569869995 -0.0449489988386631
v -0.05964399874210358 0.49304598569869995 -0.024629000574350357
v -0.0016479999758303165 0.5001459717750549 -0.0006290000164881349
v -0.23884299397468567 0.4055339992046356 -0.0006290000164881349
v -0.1708499938249588 0.44697800278663635 -0.07074899971485138
v -0.22044700384140015 0.4055339992046356 -0.09134899824857712
v -0.12123999744653702 0.4749859869480133 -0.05014900118112564
v -0.13124999403953552 0.44697800278663635 -0.13022899627685547
v -0.1708499938249588 0.44697800278663635 -0.07074899971485138
v -0.1708499938249588 0.44697800278663635 -0.07074899971485138
v -0.1692499965429306 0.4055339992046356 -0.16826899349689484
v -0.22044700384140015 0.4055339992046356 -0.09134899824857712
v -0.1692499965429306 0.4055339992046356 -0.16826899349689484
v -0.1708499938249588 0.44697800278663635 -0.07074899971485138
v -0.13124999403953552 0.44697800278663635 -0.13022899627685547
v -0.22044700384140015 0.4055339992046356 -0.09134899824857712
v -0.2012449949979782 0.35389798879623413 -0.2001889944076538
v -0.2624390125274658 0.35389798879623413 -0.1086290031671524
v -0.2012449949979782 0.35389798879623413 -0.2001889944076538
v -0.22044700384140015 0.4055339992046356 -0.09134899824857712
v -0.1692499965429306 0.4055339992046356 -0.16826899349689484
v -0.1692499965429306 0.4055339992046356 -0.16826899349689484
v -0.10964400321245193 0.35389798879623413 -0.26134899258613586
v -0.2012449949979782 0.35389798879623413 -0.2001889944076538
v -0.10964400321245193 0.35389798879623413 -0.26134899258613586
v -0.1692499965429306 0.4055339992046356 -0.16826899349689484
v -0.09244400262832642 0.4055339992046356 -0.21966899931430817
v -0.13124999403953552 0.44697800278663635 -0.13022899627685547
v -0.09244400262832642 0.4055339992046356 -0.21966899931430817
v -0.1692499965429306 0.4055339992046356 -0.16826899349689484
v -0.09244400262832642 0.4055339992046356 -0.21966899931430817
v -0.13124999403953552 0.44697800278663635 -0.13022899627685547
v -0.07164300233125687 0.44697800278663635 -0.1699489951133728
v -0.0016479999758303165 0.4055339992046356 -0.23774899542331696
v -0.09244400262832642 0.4055339992046356 -0.21966899931430817
v -0.07164300233125687 0.44697800278663635 -0.1699489951133728
v -0.13124999403953552 0.44697800278663635 -0.13022899627685547
v -0.05124500021338463 0.4749859869480133 -0.12022899836301804
v -0.07164300233125687 0.44697800278663635 -0.1699489951133728
v -0.0016479999758303165 0.4055339992046356 -0.23774899542331696
v -0.07164300233125687 0.44697800278663635 -0.1699489951133728
v -0.0016479999758303165 0.44697800278663635 -0.18390899896621704
v -0.0016479999758303165 0.44697800278663635 -0.18390899896621704
v -0.07164300233125687 0.44697800278663635 -0.1699489951133728
v -0.05124500021338463 0.4749859869480133 -0.12022899836301804
v 0.06875000149011612 0.44697800278663635 -0.1699489951133728
v -0.0016479999758303165 0.4055339992046356 -0.23774899542331696
v -0.0016479999758303165 0.44697800278663635 -0.18390899896621704
v -0.0016479999758303165 0.4055339992046356 -0.23774899542331696
v 0.06875000149011612 0.44697800278663635 -0.1699489951133728
v 0.0891600027680397 0.4055339992046356 -0.21966899931430817
v -0.0016479999758303165 0.44697800278663635 -0.18390899896621704
v 0.04794900119304657 0.4749859869480133 -0.12022899836301804
v 0.06875000149011612 0.44697800278663635 -0.1699489951133728
v 0.12795400619506836 0.44697800278663635 -0.13022899627685547
v 0.0891600027680397 0.4055339992046356 -0.21966899931430817
v 0.06875000149011612 0.44697800278663635 -0.1699489951133728
v 0.04794900119304657 0.4749859869480133 -0.12022899836301804
v 0.12795400619506836 0.44697800278663635 -0.13022899627685547
v 0.06875000149011612 0.44697800278663635 -0.1699489951133728
v 0.04794900119304657 0.4749859869480133 -0.12022899836301804
v -0.0016479999758303165 0.44697800278663635 -0.18390899896621704
v -0.0016479999758303165 0.4749859869480133 -0.13006900250911713
v -0.0016479999758303165 0.44697800278663635 -0.18390899896621704
v -0.05124500021338463 0.4749859869480133 -0.12022899836301804
v -0.0016479999758303165 0.4749859869480133 -0.13006900250911713
v 0.04794900119304657 0.4749859869480133 -0.12022899836301804
v -0.0016479999758303165 0.4749859869480133 -0.13006900250911713
v -0.0016479999758303165 0.49304598569869995 -0.06330899894237518
v -0.05124500021338463 0.4749859869480133 -0.12022899836301804
v -0.0016479999758303165 0.49304598569869995 -0.06330899894237518
v -0.0016479999758303165 0.4749859869480133 -0.13006900250911713
v 0.16595500707626343 0.4055339992046356 -0.16826899349689484
v 0.10636000335216522 0.35389798879623413 -0.26134899258613586
v 0.0891600027680397 0.4055339992046356 -0.21966899931430817
v 0.0891600027680397 0.4055339992046356 -0.21966899931430817
v 0.12795400619506836 0.44697800278663635 -0.13022899627685547
v 0.16595500707626343 0.4055339992046356 -0.16826899349689484
v 0.10636000335216522 0.35389798879623413 -0.26134899258613586
v 0.16595500707626343 0.4055339992046356 -0.16826899349689484
v 0.19794900715351105 0.35389798879623413 -0.2001889944076538
v 0.12795400619506836 0.44697800278663635 -0.13022899627685547
v 0.2175540030002594 0.4055339992046356 -0.09134899824857712
v 0.16595500707626343 0.4055339992046356 -0.16826899349689484
v 0.16595500707626343 0.4055339992046356 -0.16826899349689484
v 0.2591550052165985 0.35389798879623413 -0.1086290031671524
v 0.19794900715351105 0.35389798879623413 -0.2001889944076538
v 0.2591550052165985 0.35389798879623413 -0.1086290031671524
v 0.16595500707626343 0.4055339992046356 -0.16826899349689484
v 0.2175540030002594 0.4055339992046356 -0.09134899824857712
v 0.2175540030002594 0.4055339992046356 -0.09134899824857712
v 0.18155500292778015 0.44697800278663635 -0.0006290000164881349
v 0.23555900156497955 0.4055339992046356 -0.0006290000164881349
v 0.18155500292778015 0.44697800278663635 -0.0006290000164881349
v 0.2175540030002594 0.4055339992046356 -0.09134899824857712
v 0.16795699298381805 0.44697800278663635 -0.07074899971485138
v 0.2175540030002594 0.4055339992046356 -0.09134899824857712
v 0.12795400619506836 0.44697800278663635 -0.13022899627685547
v 0.16795699298381805 0.44697800278663635 -0.07074899971485138
v 0.11795700341463089 0.4749859869480133 -0.05014900118112564
v 0.18155500292778015 0.44697800278663635 -0.0006290000164881349
v 0.16795699298381805 0.44697800278663635 -0.07074899971485138
v 0.18155500292778015 0.44697800278663635 -0.0006290000164881349
v 0.11795700341463089 0.4749859869480133 -0.05014900118112564
v 0.12795400619506836 0.4749859869480133 -0.0006290000164881349
v 0.11795700341463089 0.4749859869480133 -0.05014900118112564
v 0.061156999319791794 0.49304598569869995 -0.0006290000164881349
v 0.12795400619506836 0.4749859869480133 -0.0006290000164881349
v 0.08995400369167328 0.4749859869480133 -0.09214899688959122
v 0.16795699298381805 0.44697800278663635 -0.07074899971485138
v 0.12795400619506836 0.44697800278663635 -0.13022899627685547
v 0.16795699298381805 0.44697800278663635 -0.07074899971485138
v 0.08995400369167328 0.4749859869480133 -0.09214899688959122
v 0.11795700341463089 0.4749859869480133 -0.05014900118112564
v 0.12795400619506836 0.44697800278663635 -0.13022899627685547
v 0.04794900119304657 0.4749859869480133 -0.12022899836301804
v 0.08995400369167328 0.4749859869480133 -0.09214899688959122
v 0.061156999319791794 0.49304598569869995 -0.0006290000164881349
v 0.11795700341463089 0.4749859869480133 -0.05014900118112564
v 0.056359998881816864 0.49304598569869995 -0.024629000574350357
v 0.08995400369167328 0.4749859869480133 -0.09214899688959122
v 0.056359998881816864 0.49304598569869995 -0.024629000574350357
v 0.11795700341463089 0.4749859869480133 -0.05014900118112564
v 0.061156999319791794 0.49304598569869995 -0.0006290000164881349
v 0.056359998881816864 0.49304598569869995 -0.024629000574350357
v -0.0016479999758303165 0.5001459717750549 -0.0006290000164881349
v 0.056359998881816864 0.49304598569869995 -0.024629000574350357
v 0.08995400369167328 0.4749859869480133 -0.09214899688959122
v 0.04274899885058403 0.49304598569869995 -0.0449489988386631
v 0.056359998881816864 0.49304598569869995 -0.024629000574350357
v 0.04274899885058403 0.49304598569869995 -0.0449489988386631
v -0.0016479999758303165 0.5001459717750549 -0.0006290000164881349
v 0.08995400369167328 0.4749859869480133 -0.09214899688959122
v 0.04794900119304657 0.4749859869480133 -0.12022899836301804
v 0.02235100045800209 0.49304598569869995 -0.058549001812934875
v 0.08995400369167328 0.4749859869480133 -0.09214899688959122
v 0.02235100045800209 0.49304598569869995 -0.058549001812934875
v 0.04274899885058403 0.49304598569869995 -0.0449489988386631
v 0.04274899885058403 0.49304598569869995 -0.0449489988386631
v 0.02235100045800209 0.49304598569869995 -0.058549001812934875
v -0.0016479999758303165 0.5001459717750549 -0.0006290000164881349
v 0.02235100045800209 0.49304598569869995 -0.058549001812934875
v 0.04794900119304657 0.4749859869480133 -0.12022899836301804
v -0.0016479999758303165 0.49304598569869995 -0.06330899894237518
v 0.02235100045800209 0.49304598569869995 -0.058549001812934875
v -0.0016479999758303165 0.49304598569869995 -0.06330899894237518
v -0.0016479999758303165 0.5001459717750549 -0.0006290000164881349
v -0.0016479999758303165 0.49304598569869995 -0.06330899894237518
v -0.02564699947834015 0.49304598569869995 -0.058549001812934875
v -0.0016479999758303165 0.5001459717750549 -0.0006290000164881349
v -0.0016479999758303165 0.49304598569869995 -0.06330899894237518
v -0.05124500021338463 0.4749859869480133 -0.12022899836301804
v -0.02564699947834015 0.49304598569869995 -0.058549001812934875
v -0.09324999898672104 0.4749859869480133 -0.09214899688959122
v -0.02564699947834015 0.49304598569869995 -0.058549001812934875
v -0.05124500021338463 0.4749859869480133 -0.12022899836301804
v -0.05124500021338463 0.4749859869480133 -0.12022899836301804
v -0.13124999403953552 0.44697800278663635 -0.13022899627685547
v -0.09324999898672104 0.4749859869480133 -0.09214899688959122
v -0.13124999403953552 0.44697800278663635 -0.13022899627685547
v -0.12123999744653702 0.4749859869480133 -0.05014900118112564
v -0.09324999898672104 0.4749859869480133 -0.09214899688959122
v -0.12123999744653702 0.4749859869480133 -0.05014900118112564
v -0.04604500159621239 0.49304598569869995 -0.0449489988386631
v -0.09324999898672104 0.4749859869480133 -0.09214899688959122
v -0.02564699947834015 0.49304598569869995 -0.058549001812934875
v -0.09324999898672104 0.4749859869480133 -0.09214899688959122
v -0.04604500159621239 0.49304598569869995 -0.0449489988386631
v -0.02564699947834015 0.49304598569869995 -0.058549001812934875
v -0.04604500159621239 0.49304598569869995 -0.0449489988386631
v -0.0016479999758303165 0.5001459717750549 -0.0006290000164881349
v 0.2591550052165985 0.35389798879623413 0.1073710024356842
v 0.16595500707626343 0.4055339992046356 0.16701099276542664
v 0.19794900715351105 0.35389798879623413 0.1989309936761856
v 0.16595500707626343 0.4055339992046356 0.16701099276542664
v 0.2591550052165985 0.35389798879623413 0.1073710024356842
v 0.2175540030002594 0.4055339992046356 0.09009099751710892
v 0.2175540030002594 0.4055339992046356 0.09009099751710892
v 0.23555900156497955 0.4055339992046356 -0.0006290000164881349
v 0.18155500292778015 0.44697800278663635 -0.0006290000164881349
v -0.04324999824166298 -0.29956600069999695 0.024731000885367393
v -0.021239999681711197 -0.2800939977169037 0.024411000311374664
v -0.02724600024521351 -0.28196200728416443 0.01561100035905838
v -0.021239999681711197 -0.2800939977169037 0.024411000311374664
v -0.04324999824166298 -0.29956600069999695 0.024731000885367393
v -0.033642999827861786 -0.29653400182724 0.03901100158691406
v -0.021239999681711197 -0.2800939977169037 0.024411000311374664
v -0.00684799998998642 -0.2591939866542816 0.013570999726653099
v -0.011242999695241451 -0.2598060071468353 0.010691000148653984
v -0.033642999827861786 -0.29653400182724 0.03901100158691406
v -0.012047999538481236 -0.27884599566459656 0.0302910003811121
v -0.021239999681711197 -0.2800939977169037 0.024411000311374664
v -0.012047999538481236 -0.27884599566459656 0.0302910003811121
v -0.00684799998998642 -0.2591939866542816 0.013570999726653099
v -0.021239999681711197 -0.2800939977169037 0.024411000311374664
v -0.033642999827861786 -0.29653400182724 0.03901100158691406
v -0.018848000094294548 -0.2945060133934021 0.04857100173830986
v -0.012047999538481236 -0.27884599566459656 0.0302910003811121
v -0.0016479999758303165 -0.2784099876880646 0.032370999455451965
v -0.012047999538481236 -0.27884599566459656 0.0302910003811121
v -0.018848000094294548 -0.2945060133934021 0.04857100173830986
v -0.0016479999758303165 -0.2937979996204376 0.051931001245975494
v -0.0016479999758303165 -0.2784099876880646 0.032370999455451965
v -0.018848000094294548 -0.2945060133934021 0.04857100173830986
v 0.015552000142633915 -0.2945060133934021 0.04857100173830986
v -0.0016479999758303165 -0.2784099876880646 0.032370999455451965
v -0.0016479999758303165 -0.2937979996204376 0.051931001245975494
v -0.0016479999758303165 -0.2784099876880646 0.032370999455451965
v 0.015552000142633915 -0.2945060133934021 0.04857100173830986
v 0.009154999628663063 -0.27884599566459656 0.0302910003811121
v 0.030358999967575073 -0.29653400182724 0.03901100158691406
v 0.009154999628663063 -0.27884599566459656 0.0302910003811121
v 0.015552000142633915 -0.2945060133934021 0.04857100173830986
v 0.009154999628663063 -0.27884599566459656 0.0302910003811121
v 0.030358999967575073 -0.29653400182724 0.03901100158691406
v 0.01795700006186962 -0.2800939977169037 0.024411000311374664
v 0.01795700006186962 -0.2800939977169037 0.024411000311374664
v 0.0035520000383257866 -0.2591939866542816 0.013570999726653099
v 0.009154999628663063 -0.27884599566459656 0.0302910003811121
v 0.03995399922132492 -0.29956600069999695 0.024731000885367393
v 0.01795700006186962 -0.2800939977169037 0.024411000311374664
v 0.030358999967575073 -0.29653400182724 0.03901100158691406
v 0.01795700006186962 -0.2800939977169037 0.024411000311374664
v 0.03995399922132492 -0.29956600069999695 0.024731000885367393
v 0.0239499993622303 -0.28196200728416443 0.01561100035905838
v 0.0035520000383257866 -0.2591939866542816 0.013570999726653099
v 0.01795700006186962 -0.2800939977169037 0.024411000311374664
v 0.007958999834954739 -0.2598060071468353 0.010691000148653984
v -0.023242000490427017 -0.24888600409030914 0.01297099981456995
v -0.014441000297665596 -0.24813400208950043 0.02137099951505661
v -0.012047999538481236 -0.24534200131893158 0.015730999410152435
v -0.023242000490427017 -0.24888600409030914 0.01297099981456995
v -0.012047999538481236 -0.24534200131893158 0.015730999410152435
v -0.018042000010609627 -0.24586600065231323 0.010130999609827995
v 0.016357000917196274 -0.25459399819374084 -0.013748999685049057
v 0.014355000108480453 -0.2508060038089752 -0.003628999926149845
v 0.019958000630140305 -0.25456199049949646 -0.002669000066816807
v 0.014355000108480453 -0.2508060038089752 -0.003628999926149845
v 0.016357000917196274 -0.25459399819374084 -0.013748999685049057
v 0.011951000429689884 -0.2508940100669861 -0.010909000411629677
v 0.011951000429689884 -0.2508940100669861 -0.010909000411629677
v 0.004358000122010708 -0.24946600198745728 -0.003029000014066696
v 0.014355000108480453 -0.2508060038089752 -0.003628999926149845
v 0.004358000122010708 -0.24946600198745728 -0.003029000014066696
v 0.011951000429689884 -0.2508940100669861 -0.010909000411629677
v 0.003148999996483326 -0.24953800439834595 -0.005468999966979027
v 0.0063599999994039536 -0.24961799383163452 -0.016148999333381653
v 0.011951000429689884 -0.2508940100669861 -0.010909000411629677
v 0.016357000917196274 -0.25459399819374084 -0.013748999685049057
v 0.0063599999994039536 -0.24961799383163452 -0.016148999333381653
v 0.016357000917196274 -0.25459399819374084 -0.013748999685049057
v 0.008349999785423279 -0.2526699900627136 -0.021788999438285828
v 0.001550000044517219 -0.24910999834537506 -0.007269000168889761
v 0.011951000429689884 -0.2508940100669861 -0.010909000411629677
v 0.0063599999994039536 -0.24961799383163452 -0.016148999333381653
v 0.003148999996483326 -0.24953800439834595 -0.005468999966979027
v 0.011951000429689884 -0.2508940100669861 -0.010909000411629677
v 0.001550000044517219 -0.24910999834537506 -0.007269000168889761
v 0.001550000044517219 -0.24910999834537506 -0.007269000168889761
v -0.0012450000504031777 -0.2517459988594055 -0.002509000012651086
v 0.003148999996483326 -0.24953800439834595 -0.005468999966979027
v -0.0012450000504031777 -0.2517459988594055 -0.002509000012651086
v 0.001550000044517219 -0.24910999834537506 -0.007269000168889761
v -0.002051000017672777 -0.25150999426841736 -0.0032689999788999557
v -0.023242000490427017 -0.24888600409030914 0.01297099981456995
v -0.020447000861167908 -0.24539799988269806 0.002331000054255128
v -0.026843000203371048 -0.24829800426959991 0.001411000033840537
v -0.020447000861167908 -0.24539799988269806 0.002331000054255128
v -0.023242000490427017 -0.24888600409030914 0.01297099981456995
v -0.018042000010609627 -0.24586600065231323 0.010130999609827995
v -0.018042000010609627 -0.24586600065231323 0.010130999609827995
v -0.01083999965339899 -0.24551400542259216 0.0017709999810904264
v -0.020447000861167908 -0.24539799988269806 0.002331000054255128
v -0.01083999965339899 -0.24551400542259216 0.0017709999810904264
v -0.018042000010609627 -0.24586600065231323 0.010130999609827995
v -0.009643999859690666 -0.24577400088310242 0.004770999774336815
v -0.005249000154435635 -0.24866199493408203 0.0018110000528395176
v -0.01083999965339899 -0.24551400542259216 0.0017709999810904264
v -0.009643999859690666 -0.24577400088310242 0.004770999774336815
v -0.01083999965339899 -0.24551400542259216 0.0017709999810904264
v -0.005249000154435635 -0.24866199493408203 0.0018110000528395176
v -0.006041999906301498 -0.248321995139122 0.000291000003926456
v 0.018358999863266945 -0.25258201360702515 0.008690999820828438
v 0.008349999785423279 -0.24687400460243225 0.00981099996715784
v 0.011157000437378883 -0.2491140067577362 0.017450999468564987
v 0.008349999785423279 -0.24687400460243225 0.00981099996715784
v 0.018358999863266945 -0.25258201360702515 0.008690999820828438
v 0.013159000314772129 -0.24935799837112427 0.003891000058501959
v -0.00043899999582208693 -0.2472819983959198 -0.0181489996612072
v 0.008349999785423279 -0.2526699900627136 -0.021788999438285828
v -0.002440999960526824 -0.2492779940366745 -0.024788999930024147
v 0.008349999785423279 -0.2526699900627136 -0.021788999438285828
v -0.00043899999582208693 -0.2472819983959198 -0.0181489996612072
v 0.0063599999994039536 -0.24961799383163452 -0.016148999333381653
v -0.0008420000085607171 -0.24812999367713928 -0.008309000171720982
v 0.0063599999994039536 -0.24961799383163452 -0.016148999333381653
v -0.00043899999582208693 -0.2472819983959198 -0.0181489996612072
v 0.0063599999994039536 -0.24961799383163452 -0.016148999333381653
v -0.0008420000085607171 -0.24812999367713928 -0.008309000171720982
v 0.001550000044517219 -0.24910999834537506 -0.007269000168889761
v -0.0008420000085607171 -0.24812999367713928 -0.008309000171720982
v -0.002051000017672777 -0.25150999426841736 -0.0032689999788999557
v 0.001550000044517219 -0.24910999834537506 -0.007269000168889761
v -0.002051000017672777 -0.25150999426841736 -0.0032689999788999557
v -0.0008420000085607171 -0.24812999367713928 -0.008309000171720982
v -0.0028440000023692846 -0.250793993473053 -0.003829000052064657
v -0.026843000203371048 -0.24829800426959991 0.001411000033840537
v -0.01924999989569187 -0.24404999613761902 -0.005669000092893839
v -0.0244510006159544 -0.24652199447155 -0.010428999550640583
v -0.01924999989569187 -0.24404999613761902 -0.005669000092893839
v -0.026843000203371048 -0.24829800426959991 0.001411000033840537
v -0.020447000861167908 -0.24539799988269806 0.002331000054255128
v -0.020447000861167908 -0.24539799988269806 0.002331000054255128
v -0.01044899970293045 -0.2447420060634613 -0.001908999984152615
v -0.01924999989569187 -0.24404999613761902 -0.005669000092893839
v -0.01044899970293045 -0.2447420060634613 -0.001908999984152615
v -0.020447000861167908 -0.24539799988269806 0.002331000054255128
v -0.01083999965339899 -0.24551400542259216 0.0017709999810904264
v -0.006041999906301498 -0.248321995139122 0.000291000003926456
v -0.01044899970293045 -0.2447420060634613 -0.001908999984152615
v -0.01083999965339899 -0.24551400542259216 0.0017709999810904264
v -0.005640000104904175 -0.2475460022687912 -0.0015089999651536345
v -0.01044899970293045 -0.2447420060634613 -0.001908999984152615
v -0.006041999906301498 -0.248321995139122 0.000291000003926456
v -0.016442999243736267 -0.24759800732135773 -0.023629000410437584
v -0.02524399943649769 -0.24370600283145905 -0.014069000259041786
v -0.021239999681711197 -0.24163399636745453 -0.013669000007212162
v -0.021239999681711197 -0.24163399636745453 -0.013669000007212162
v -0.013244999572634697 -0.24526600539684296 -0.021869000047445297
v -0.016442999243736267 -0.24759800732135773 -0.023629000410437584
v -0.021239999681711197 -0.24163399636745453 -0.013669000007212162
v -0.012842000462114811 -0.24180999398231506 -0.010909000411629677
v -0.013244999572634697 -0.24526600539684296 -0.021869000047445297
v -0.012842000462114811 -0.24180999398231506 -0.010909000411629677
v -0.0076419999822974205 -0.24444200098514557 -0.016309000551700592
v -0.013244999572634697 -0.24526600539684296 -0.021869000047445297
v -0.012842000462114811 -0.24180999398231506 -0.010909000411629677
v -0.004040999803692102 -0.24667400121688843 -0.007949000224471092
v -0.0076419999822974205 -0.24444200098514557 -0.016309000551700592
v -0.004040999803692102 -0.24667400121688843 -0.007949000224471092
v -0.012842000462114811 -0.24180999398231506 -0.010909000411629677
v -0.006444999948143959 -0.24514999985694885 -0.005789000075310469
v -0.0012450000504031777 -0.24760599434375763 0.025090999901294708
v -0.011242999695241451 -0.24132199585437775 0.01853100024163723
v -0.014441000297665596 -0.2436619997024536 0.02201100066304207
v -0.011242999695241451 -0.24132199585437775 0.01853100024163723
v -0.0012450000504031777 -0.24760599434375763 0.025090999901294708
v 0.0003539999888744205 -0.24499399960041046 0.02121100015938282
v 0.0003539999888744205 -0.24499399960041046 0.02121100015938282
v -0.006444999948143959 -0.24135400354862213 0.010691000148653984
v -0.011242999695241451 -0.24132199585437775 0.01853100024163723
v -0.006444999948143959 -0.24135400354862213 0.010691000148653984
v 0.0003539999888744205 -0.24499399960041046 0.02121100015938282
v 0.0011599999852478504 -0.2439420074224472 0.012411000207066536
v 0.0011599999852478504 -0.2439420074224472 0.012411000207066536
v -0.00043899999582208693 -0.24587799608707428 0.00445100013166666
v -0.006444999948143959 -0.24135400354862213 0.010691000148653984
v -0.00043899999582208693 -0.24587799608707428 0.00445100013166666
v -0.004040999803692102 -0.24452200531959534 0.0038509999867528677
v -0.006444999948143959 -0.24135400354862213 0.010691000148653984
v 0.024755999445915222 -0.24184200167655945 -0.00038899999344721437
v 0.02075199969112873 -0.24119800329208374 -0.014189000241458416
v 0.016759999096393585 -0.23844599723815918 -0.011668999679386616
v 0.016759999096393585 -0.23844599723815918 -0.011668999679386616
v 0.02034899964928627 -0.23913800716400146 0.0007309999782592058
v 0.024755999445915222 -0.24184200167655945 -0.00038899999344721437
v 0.02034899964928627 -0.23913800716400146 0.0007309999782592058
v 0.016759999096393585 -0.23844599723815918 -0.011668999679386616
v 0.009154999628663063 -0.23802199959754944 -0.0067090000957250595
v 0.02034899964928627 -0.23913800716400146 0.0007309999782592058
v 0.009154999628663063 -0.23802199959754944 -0.0067090000957250595
v 0.01155999954789877 -0.23858200013637543 0.0018110000528395176
v 0.009154999628663063 -0.23802199959754944 -0.0067090000957250595
v 0.003955000080168247 -0.24149000644683838 0.0010509999701753259
v 0.01155999954789877 -0.23858200013637543 0.0018110000528395176
v 0.003955000080168247 -0.24149000644683838 0.0010509999701753259
v 0.009154999628663063 -0.23802199959754944 -0.0067090000957250595
v 0.002759000053629279 -0.24108999967575073 -0.003108999924734235
v -0.002440999960526824 -0.2492779940366745 -0.024788999930024147
v -0.013244999572634697 -0.24526600539684296 -0.021869000047445297
v -0.0076419999822974205 -0.24444200098514557 -0.016309000551700592
v -0.002440999960526824 -0.2492779940366745 -0.024788999930024147
v -0.0076419999822974205 -0.24444200098514557 -0.016309000551700592
v -0.00043899999582208693 -0.2472819983959198 -0.0181489996612072
v -0.020447000861167908 -0.23922599852085114 0.00993099994957447
v -0.02844199910759926 -0.24139800667762756 -0.0008689999813213944
v -0.0244510006159544 -0.24136599898338318 0.012450999580323696
v -0.02844199910759926 -0.24139800667762756 -0.0008689999813213944
v -0.020447000861167908 -0.23922599852085114 0.00993099994957447
v -0.023645000532269478 -0.23937399685382843 -0.0020290000829845667
v -0.01243900042027235 -0.23991799354553223 0.0049310000613331795
v -0.023645000532269478 -0.23937399685382843 -0.0020290000829845667
v -0.020447000861167908 -0.23922599852085114 0.00993099994957447
v -0.023645000532269478 -0.23937399685382843 -0.0020290000829845667
v -0.01243900042027235 -0.23991799354553223 0.0049310000613331795
v -0.014844000339508057 -0.2401140034198761 -0.003108999924734235
v -0.01243900042027235 -0.23991799354553223 0.0049310000613331795
v -0.0076419999822974205 -0.2440820038318634 -0.002348999958485365
v -0.014844000339508057 -0.2401140034198761 -0.003108999924734235
v -0.0076419999822974205 -0.2440820038318634 -0.002348999958485365
v -0.01243900042027235 -0.23991799354553223 0.0049310000613331795
v -0.00684799998998642 -0.24384599924087524 0.0012910000514239073
v 0.009960999712347984 -0.24207399785518646 -0.024149000644683838
v 0.016759999096393585 -0.23844599723815918 -0.011668999679386616
v 0.02075199969112873 -0.24119800329208374 -0.014189000241458416
v 0.016759999096393585 -0.23844599723815918 -0.011668999679386616
v 0.009960999712347984 -0.24207399785518646 -0.024149000644683838
v 0.007153000216931105 -0.23926599323749542 -0.02058899961411953
v 0.007153000216931105 -0.23926599323749542 -0.02058899961411953
v 0.009154999628663063 -0.23802199959754944 -0.0067090000957250595
v 0.016759999096393585 -0.23844599723815918 -0.011668999679386616
v 0.009154999628663063 -0.23802199959754944 -0.0067090000957250595
v 0.007153000216931105 -0.23926599323749542 -0.02058899961411953
v 0.002759000053629279 -0.23860600590705872 -0.012829000130295753
v -0.00043899999582208693 -0.24140599370002747 -0.006029000040143728
v 0.009154999628663063 -0.23802199959754944 -0.0067090000957250595
v 0.002759000053629279 -0.23860600590705872 -0.012829000130295753
v 0.002759000053629279 -0.24108999967575073 -0.003108999924734235
v 0.009154999628663063 -0.23802199959754944 -0.0067090000957250595
v -0.00043899999582208693 -0.24140599370002747 -0.006029000040143728
v 0.01155999954789877 -0.24653400480747223 0.023211000487208366
v 0.02115499973297119 -0.2438099980354309 0.01329100038856268
v 0.01755400002002716 -0.24107399582862854 0.01285099983215332
v 0.01155999954789877 -0.24653400480747223 0.023211000487208366
v 0.01755400002002716 -0.24107399582862854 0.01285099983215332
v 0.008751999586820602 -0.24367399513721466 0.021410999819636345
v 0.009557999670505524 -0.24007399380207062 0.0100509999319911
v 0.008751999586820602 -0.24367399513721466 0.021410999819636345
v 0.01755400002002716 -0.24107399582862854 0.01285099983215332
v 0.008751999586820602 -0.24367399513721466 0.021410999819636345
v 0.009557999670505524 -0.24007399380207062 0.0100509999319911
v 0.0035520000383257866 -0.24204599857330322 0.01585100032389164
v 0.009557999670505524 -0.24007399380207062 0.0100509999319911
v -0.00043899999582208693 -0.24372999370098114 0.00761099997907877
v 0.0035520000383257866 -0.24204599857330322 0.01585100032389164
v -0.00043899999582208693 -0.24372999370098114 0.00761099997907877
v 0.009557999670505524 -0.24007399380207062 0.0100509999319911
v 0.002759000053629279 -0.24247799813747406 0.005011000204831362
v 0.002759000053629279 -0.24247799813747406 0.005011000204831362
v -0.0008420000085607171 -0.2468540072441101 0.003410999896004796
v -0.00043899999582208693 -0.24372999370098114 0.00761099997907877
v -0.014441000297665596 -0.24813400208950043 0.02137099951505661
v -0.0028440000023692846 -0.2462420016527176 0.024491000920534134
v -0.004443000070750713 -0.2439579963684082 0.017851000651717186
v -0.014441000297665596 -0.24813400208950043 0.02137099951505661
v -0.004443000070750713 -0.2439579963684082 0.017851000651717186
v -0.012047999538481236 -0.24534200131893158 0.015730999410152435
v -0.004443000070750713 -0.2439579963684082 0.017851000651717186
v -0.004040999803692102 -0.24485400319099426 0.008131000213325024
v -0.012047999538481236 -0.24534200131893158 0.015730999410152435
v -0.012047999538481236 -0.24534200131893158 0.015730999410152435
v -0.004040999803692102 -0.24485400319099426 0.008131000213325024
v -0.00725100003182888 -0.2455579936504364 0.006930999923497438
v -0.004040999803692102 -0.24485400319099426 0.008131000213325024
v -0.004040999803692102 -0.2484939992427826 0.002930999966338277
v -0.00725100003182888 -0.2455579936504364 0.006930999923497438
v -0.004040999803692102 -0.2484939992427826 0.002930999966338277
v -0.004040999803692102 -0.24485400319099426 0.008131000213325024
v -0.002440999960526824 -0.24784600734710693 0.003570999950170517
v -0.004846000112593174 -0.24651400744915009 -0.003148999996483326
v -0.008043999783694744 -0.24357399344444275 -0.005148999858647585
v -0.005640000104904175 -0.2475460022687912 -0.0015089999651536345
v -0.01044899970293045 -0.2447420060634613 -0.001908999984152615
v -0.005640000104904175 -0.2475460022687912 -0.0015089999651536345
v -0.008043999783694744 -0.24357399344444275 -0.005148999858647585
v 0.0035520000383257866 -0.24204599857330322 0.01585100032389164
v -0.0028440000023692846 -0.2462420016527176 0.024491000920534134
v 0.008751999586820602 -0.24367399513721466 0.021410999819636345
v 0.0035520000383257866 -0.24204599857330322 0.01585100032389164
v -0.004443000070750713 -0.2439579963684082 0.017851000651717186
v -0.0028440000023692846 -0.2462420016527176 0.024491000920534134
v -0.00043899999582208693 -0.24372999370098114 0.00761099997907877
v -0.004443000070750713 -0.2439579963684082 0.017851000651717186
v 0.0035520000383257866 -0.24204599857330322 0.01585100032389164
v -0.004040999803692102 -0.24485400319099426 0.008131000213325024
v -0.004443000070750713 -0.2439579963684082 0.017851000651717186
v -0.00043899999582208693 -0.24372999370098114 0.00761099997907877
v -0.00043899999582208693 -0.24372999370098114 0.00761099997907877
v -0.002440999960526824 -0.24784600734710693 0.003570999950170517
v -0.004040999803692102 -0.24485400319099426 0.008131000213325024
v -0.002440999960526824 -0.24784600734710693 0.003570999950170517
v -0.00043899999582208693 -0.24372999370098114 0.00761099997907877
v -0.0008420000085607171 -0.2468540072441101 0.003410999896004796
v -0.014441000297665596 -0.2436619997024536 0.02201100066304207
v -0.020447000861167908 -0.23922599852085114 0.00993099994957447
v -0.0244510006159544 -0.24136599898338318 0.012450999580323696
v -0.020447000861167908 -0.23922599852085114 0.00993099994957447
v -0.014441000297665596 -0.2436619997024536 0.02201100066304207
v -0.011242999695241451 -0.24132199585437775 0.01853100024163723
v -0.011242999695241451 -0.24132199585437775 0.01853100024163723
v -0.01243900042027235 -0.23991799354553223 0.0049310000613331795
v -0.020447000861167908 -0.23922599852085114 0.00993099994957447
v -0.01243900042027235 -0.23991799354553223 0.0049310000613331795
v -0.011242999695241451 -0.24132199585437775 0.01853100024163723
v -0.006444999948143959 -0.24135400354862213 0.010691000148653984
v -0.01243900042027235 -0.23991799354553223 0.0049310000613331795
v -0.006444999948143959 -0.24135400354862213 0.010691000148653984
v -0.004040999803692102 -0.24452200531959534 0.0038509999867528677
v -0.01243900042027235 -0.23991799354553223 0.0049310000613331795
v -0.004040999803692102 -0.24452200531959534 0.0038509999867528677
v -0.00684799998998642 -0.24384599924087524 0.0012910000514239073
v 0.01155999954789877 -0.23858200013637543 0.0018110000528395176
v 0.002759000053629279 -0.24247799813747406 0.005011000204831362
v 0.009557999670505524 -0.24007399380207062 0.0100509999319911
v 0.002759000053629279 -0.24247799813747406 0.005011000204831362
v 0.01155999954789877 -0.23858200013637543 0.0018110000528395176
v 0.003955000080168247 -0.24149000644683838 0.0010509999701753259
v 0.01755400002002716 -0.24107399582862854 0.01285099983215332
v 0.01155999954789877 -0.23858200013637543 0.0018110000528395176
v 0.009557999670505524 -0.24007399380207062 0.0100509999319911
v 0.01755400002002716 -0.24107399582862854 0.01285099983215332
v 0.02034899964928627 -0.23913800716400146 0.0007309999782592058
v 0.01155999954789877 -0.23858200013637543 0.0018110000528395176
v 0.02115499973297119 -0.2438099980354309 0.01329100038856268
v 0.02034899964928627 -0.23913800716400146 0.0007309999782592058
v 0.01755400002002716 -0.24107399582862854 0.01285099983215332
v 0.02115499973297119 -0.2438099980354309 0.01329100038856268
v 0.024755999445915222 -0.24184200167655945 -0.00038899999344721437
v 0.02034899964928627 -0.23913800716400146 0.0007309999782592058
v 0.004358000122010708 -0.24876999855041504 0.00009100000170292333
v -0.0008420000085607171 -0.2515060007572174 -0.0015490000369027257
v -0.00043899999582208693 -0.2508220076560974 -0.00022899999748915434
v 0.004358000122010708 -0.24946600198745728 -0.003029000014066696
v -0.0008420000085607171 -0.2515060007572174 -0.0015490000369027257
v 0.004358000122010708 -0.24876999855041504 0.00009100000170292333
v 0.004358000122010708 -0.24876999855041504 0.00009100000170292333
v 0.014355000108480453 -0.2508060038089752 -0.003628999926149845
v 0.004358000122010708 -0.24946600198745728 -0.003029000014066696
v 0.014355000108480453 -0.2508060038089752 -0.003628999926149845
v 0.004358000122010708 -0.24876999855041504 0.00009100000170292333
v 0.013159000314772129 -0.24935799837112427 0.003891000058501959
v 0.013159000314772129 -0.24935799837112427 0.003891000058501959
v 0.019958000630140305 -0.25456199049949646 -0.002669000066816807
v 0.014355000108480453 -0.2508060038089752 -0.003628999926149845
v 0.019958000630140305 -0.25456199049949646 -0.002669000066816807
v 0.013159000314772129 -0.24935799837112427 0.003891000058501959
v 0.018358999863266945 -0.25258201360702515 0.008690999820828438
v -0.00043899999582208693 -0.24587799608707428 0.00445100013166666
v 0.0011599999852478504 -0.2439420074224472 0.012411000207066536
v 0.002759000053629279 -0.24746200442314148 0.002971000038087368
v 0.002759000053629279 -0.24746200442314148 0.002971000038087368
v 0.0011599999852478504 -0.2439420074224472 0.012411000207066536
v 0.008349999785423279 -0.24687400460243225 0.00981099996715784
v 0.0011599999852478504 -0.2439420074224472 0.012411000207066536
v 0.011157000437378883 -0.2491140067577362 0.017450999468564987
v 0.008349999785423279 -0.24687400460243225 0.00981099996715784
v 0.011157000437378883 -0.2491140067577362 0.017450999468564987
v 0.0011599999852478504 -0.2439420074224472 0.012411000207066536
v 0.0003539999888744205 -0.24499399960041046 0.02121100015938282
v 0.0003539999888744205 -0.24499399960041046 0.02121100015938282
v 0.010754000395536423 -0.25206199288368225 0.02097100019454956
v 0.011157000437378883 -0.2491140067577362 0.017450999468564987
v 0.010754000395536423 -0.25206199288368225 0.02097100019454956
v 0.0003539999888744205 -0.24499399960041046 0.02121100015938282
v -0.0012450000504031777 -0.24760599434375763 0.025090999901294708
v -0.006041999906301498 -0.24014200270175934 -0.014669000171124935
v -0.013647000305354595 -0.24213799834251404 -0.01194899994879961
v -0.008043999783694744 -0.24357399344444275 -0.005148999858647585
v -0.006041999906301498 -0.24014200270175934 -0.014669000171124935
v -0.008043999783694744 -0.24357399344444275 -0.005148999858647585
v -0.004443000070750713 -0.24233399331569672 -0.0067889997735619545
v -0.006041999906301498 -0.24014200270175934 -0.014669000171124935
v -0.016845999285578728 -0.2439900040626526 -0.019548999145627022
v -0.013647000305354595 -0.24213799834251404 -0.01194899994879961
v -0.016845999285578728 -0.2439900040626526 -0.019548999145627022
v -0.006041999906301498 -0.24014200270175934 -0.014669000171124935
v -0.005249000154435635 -0.24132999777793884 -0.023389000445604324
v -0.005249000154435635 -0.24132999777793884 -0.023389000445604324
v -0.016845999285578728 -0.24700599908828735 -0.02310900017619133
v -0.016845999285578728 -0.2439900040626526 -0.019548999145627022
v -0.016845999285578728 -0.24700599908828735 -0.02310900017619133
v -0.005249000154435635 -0.24132999777793884 -0.023389000445604324
v -0.003650000086054206 -0.2442139983177185 -0.027309000492095947
v -0.0028440000023692846 -0.250793993473053 -0.003829000052064657
v -0.004040999803692102 -0.24667400121688843 -0.007949000224471092
v -0.004040999803692102 -0.24972200393676758 -0.003788999980315566
v -0.004040999803692102 -0.24667400121688843 -0.007949000224471092
v -0.0028440000023692846 -0.250793993473053 -0.003829000052064657
v -0.0008420000085607171 -0.24812999367713928 -0.008309000171720982
v -0.00043899999582208693 -0.2472819983959198 -0.0181489996612072
v -0.004040999803692102 -0.24667400121688843 -0.007949000224471092
v -0.0008420000085607171 -0.24812999367713928 -0.008309000171720982
v -0.004040999803692102 -0.24667400121688843 -0.007949000224471092
v -0.00043899999582208693 -0.2472819983959198 -0.0181489996612072
v -0.0076419999822974205 -0.24444200098514557 -0.016309000551700592
v -0.0008420000085607171 -0.2515060007572174 -0.0015490000369027257
v 0.003148999996483326 -0.24953800439834595 -0.005468999966979027
v -0.0012450000504031777 -0.2517459988594055 -0.002509000012651086
v 0.003148999996483326 -0.24953800439834595 -0.005468999966979027
v -0.0008420000085607171 -0.2515060007572174 -0.0015490000369027257
v 0.004358000122010708 -0.24946600198745728 -0.003029000014066696
v 0.002759000053629279 -0.23860600590705872 -0.012829000130295753
v -0.004443000070750713 -0.24233399331569672 -0.0067889997735619545
v -0.00043899999582208693 -0.24140599370002747 -0.006029000040143728
v -0.004443000070750713 -0.24233399331569672 -0.0067889997735619545
v 0.002759000053629279 -0.23860600590705872 -0.012829000130295753
v -0.006041999906301498 -0.24014200270175934 -0.014669000171124935
v 0.002759000053629279 -0.23860600590705872 -0.012829000130295753
v -0.005249000154435635 -0.24132999777793884 -0.023389000445604324
v -0.006041999906301498 -0.24014200270175934 -0.014669000171124935
v -0.005249000154435635 -0.24132999777793884 -0.023389000445604324
v 0.002759000053629279 -0.23860600590705872 -0.012829000130295753
v 0.007153000216931105 -0.23926599323749542 -0.02058899961411953
v -0.003650000086054206 -0.2442139983177185 -0.027309000492095947
v 0.007153000216931105 -0.23926599323749542 -0.02058899961411953
v 0.009960999712347984 -0.24207399785518646 -0.024149000644683838
v 0.007153000216931105 -0.23926599323749542 -0.02058899961411953
v -0.003650000086054206 -0.2442139983177185 -0.027309000492095947
v -0.005249000154435635 -0.24132999777793884 -0.023389000445604324
v -0.01924999989569187 -0.24404999613761902 -0.005669000092893839
v -0.01044899970293045 -0.2447420060634613 -0.001908999984152615
v -0.013647000305354595 -0.24213799834251404 -0.01194899994879961
v -0.01044899970293045 -0.2447420060634613 -0.001908999984152615
v -0.008043999783694744 -0.24357399344444275 -0.005148999858647585
v -0.013647000305354595 -0.24213799834251404 -0.01194899994879961
v -0.013647000305354595 -0.24213799834251404 -0.01194899994879961
v -0.0244510006159544 -0.24652199447155 -0.010428999550640583
v -0.01924999989569187 -0.24404999613761902 -0.005669000092893839
v -0.0244510006159544 -0.24652199447155 -0.010428999550640583
v -0.013647000305354595 -0.24213799834251404 -0.01194899994879961
v -0.016845999285578728 -0.2439900040626526 -0.019548999145627022
v -0.006444999948143959 -0.24514999985694885 -0.005789000075310469
v -0.014844000339508057 -0.2401140034198761 -0.003108999924734235
v -0.0076419999822974205 -0.2440820038318634 -0.002348999958485365
v -0.014844000339508057 -0.2401140034198761 -0.003108999924734235
v -0.006444999948143959 -0.24514999985694885 -0.005789000075310469
v -0.012842000462114811 -0.24180999398231506 -0.010909000411629677
v -0.014844000339508057 -0.2401140034198761 -0.003108999924734235
v -0.012842000462114811 -0.24180999398231506 -0.010909000411629677
v -0.021239999681711197 -0.24163399636745453 -0.013669000007212162
v -0.014844000339508057 -0.2401140034198761 -0.003108999924734235
v -0.021239999681711197 -0.24163399636745453 -0.013669000007212162
v -0.023645000532269478 -0.23937399685382843 -0.0020290000829845667
v -0.023645000532269478 -0.23937399685382843 -0.0020290000829845667
v -0.021239999681711197 -0.24163399636745453 -0.013669000007212162
v -0.02524399943649769 -0.24370600283145905 -0.014069000259041786
v -0.023645000532269478 -0.23937399685382843 -0.0020290000829845667
v -0.02524399943649769 -0.24370600283145905 -0.014069000259041786
v -0.02844199910759926 -0.24139800667762756 -0.0008689999813213944
v 0.002759000053629279 -0.24746200442314148 0.002971000038087368
v -0.00043899999582208693 -0.2508220076560974 -0.00022899999748915434
v -0.0012450000504031777 -0.2497979998588562 0.0010509999701753259
v 0.002759000053629279 -0.24746200442314148 0.002971000038087368
v 0.004358000122010708 -0.24876999855041504 0.00009100000170292333
v -0.00043899999582208693 -0.2508220076560974 -0.00022899999748915434
v 0.002759000053629279 -0.24746200442314148 0.002971000038087368
v 0.013159000314772129 -0.24935799837112427 0.003891000058501959
v 0.004358000122010708 -0.24876999855041504 0.00009100000170292333
v 0.013159000314772129 -0.24935799837112427 0.003891000058501959
v 0.002759000053629279 -0.24746200442314148 0.002971000038087368
v 0.008349999785423279 -0.24687400460243225 0.00981099996715784
v -0.00725100003182888 -0.2455579936504364 0.006930999923497438
v -0.005249000154435635 -0.24866199493408203 0.0018110000528395176
v -0.009643999859690666 -0.24577400088310242 0.004770999774336815
v -0.005249000154435635 -0.24866199493408203 0.0018110000528395176
v -0.00725100003182888 -0.2455579936504364 0.006930999923497438
v -0.004040999803692102 -0.2484939992427826 0.002930999966338277
v -0.018042000010609627 -0.24586600065231323 0.010130999609827995
v -0.00725100003182888 -0.2455579936504364 0.006930999923497438
v -0.009643999859690666 -0.24577400088310242 0.004770999774336815
v -0.018042000010609627 -0.24586600065231323 0.010130999609827995
v -0.012047999538481236 -0.24534200131893158 0.015730999410152435
v -0.00725100003182888 -0.2455579936504364 0.006930999923497438
v 0.22914999723434448 0.17661400139331818 -0.2312290072441101
v 0.22435300052165985 0.2692820131778717 -0.22658899426460266
v 0.2995609939098358 0.17661400139331818 -0.12542900443077087
v 0.2995609939098358 0.17661400139331818 -0.12542900443077087
v 0.22075200080871582 0.08185800164937973 -0.22290900349617004
v 0.22914999723434448 0.17661400139331818 -0.2312290072441101
v 0.22435300052165985 0.2692820131778717 -0.22658899426460266
v 0.19794900715351105 0.35389798879623413 -0.2001889944076538
v 0.29355499148368835 0.2692820131778717 -0.12290900200605392
v 0.2995609939098358 0.17661400139331818 -0.12542900443077087
v 0.22435300052165985 0.2692820131778717 -0.22658899426460266
v 0.29355499148368835 0.2692820131778717 -0.12290900200605392
v 0.29355499148368835 0.2692820131778717 -0.12290900200605392
v 0.19794900715351105 0.35389798879623413 -0.2001889944076538
v 0.2591550052165985 0.35389798879623413 -0.1086290031671524
v 0.2995609939098358 0.17661400139331818 -0.12542900443077087
v 0.29355499148368835 0.2692820131778717 -0.12290900200605392
v 0.324755996465683 0.17661400139331818 -0.0006290000164881349
v 0.29355499148368835 0.2692820131778717 -0.12290900200605392
v 0.2591550052165985 0.35389798879623413 -0.1086290031671524
v 0.3179570138454437 0.2692820131778717 -0.0006290000164881349
v 0.324755996465683 0.17661400139331818 -0.0006290000164881349
v 0.29355499148368835 0.2692820131778717 -0.12290900200605392
v 0.3179570138454437 0.2692820131778717 -0.0006290000164881349
v 0.3179570138454437 0.2692820131778717 -0.0006290000164881349
v 0.2591550052165985 0.35389798879623413 -0.1086290031671524
v 0.28075000643730164 0.35389798879623413 -0.0006290000164881349
v 0.2591550052165985 0.35389798879623413 -0.1086290031671524
v 0.2175540030002594 0.4055339992046356 -0.09134899824857712
v 0.28075000643730164 0.35389798879623413 -0.0006290000164881349
v 0.28075000643730164 0.35389798879623413 -0.0006290000164881349
v 0.2175540030002594 0.4055339992046356 -0.09134899824857712
v 0.23555900156497955 0.4055339992046356 -0.0006290000164881349
v 0.324755996465683 0.17661400139331818 -0.0006290000164881349
v 0.28875699639320374 0.08185800164937973 -0.12090899795293808
v 0.2995609939098358 0.17661400139331818 -0.12542900443077087
v 0.22075200080871582 0.08185800164937973 -0.22290900349617004
v 0.2995609939098358 0.17661400139331818 -0.12542900443077087
v 0.28875699639320374 0.08185800164937973 -0.12090899795293808
v 0.28875699639320374 0.08185800164937973 -0.12090899795293808
v 0.2031490057706833 0.000590000010561198 -0.20518900454044342
v 0.22075200080871582 0.08185800164937973 -0.22290900349617004
v 0.28875699639320374 0.08185800164937973 -0.12090899795293808
v 0.324755996465683 0.17661400139331818 -0.0006290000164881349
v 0.3127560019493103 0.08185800164937973 -0.0006290000164881349
v 0.2031490057706833 0.000590000010561198 -0.20518900454044342
v 0.28875699639320374 0.08185800164937973 -0.12090899795293808
v 0.26555201411247253 0.000590000010561198 -0.11134900152683258
v 0.3127560019493103 0.08185800164937973 -0.0006290000164881349
v 0.26555201411247253 0.000590000010561198 -0.11134900152683258
v 0.28875699639320374 0.08185800164937973 -0.12090899795293808
v 0.26555201411247253 0.000590000010561198 -0.11134900152683258
v 0.3127560019493103 0.08185800164937973 -0.0006290000164881349
v 0.28756099939346313 0.000590000010561198 -0.0006290000164881349
v 0.2175540030002594 -0.07491400092840195 -0.09142900258302689
v 0.16635699570178986 -0.07491400092840195 -0.16838900744915009
v 0.26555201411247253 0.000590000010561198 -0.11134900152683258
v 0.16635699570178986 -0.07491400092840195 -0.16838900744915009
v 0.2031490057706833 0.000590000010561198 -0.20518900454044342
v 0.26555201411247253 0.000590000010561198 -0.11134900152683258
v 0.23555900156497955 -0.07491400092840195 -0.0006290000164881349
v 0.2175540030002594 -0.07491400092840195 -0.09142900258302689
v 0.28756099939346313 0.000590000010561198 -0.0006290000164881349
v 0.2175540030002594 -0.07491400092840195 -0.09142900258302689
v 0.26555201411247253 0.000590000010561198 -0.11134900152683258
v 0.28756099939346313 0.000590000010561198 -0.0006290000164881349
v 0.28756099939346313 0.000590000010561198 -0.0006290000164881349
v 0.2175540030002594 -0.07491400092840195 0.09017100185155869
v 0.23555900156497955 -0.07491400092840195 -0.0006290000164881349
v 0.2175540030002594 -0.07491400092840195 0.09017100185155869
v 0.28756099939346313 0.000590000010561198 -0.0006290000164881349
v 0.26555201411247253 0.000590000010561198 0.11009100079536438
v 0.26555201411247253 0.000590000010561198 0.11009100079536438
v 0.16635699570178986 -0.07491400092840195 0.16713100671768188
v 0.2175540030002594 -0.07491400092840195 0.09017100185155869
v 0.16635699570178986 -0.07491400092840195 0.16713100671768188
v 0.26555201411247253 0.000590000010561198 0.11009100079536438
v 0.2031490057706833 0.000590000010561198 0.20393100380897522
v 0.26555201411247253 0.000590000010561198 0.11009100079536438
v 0.28875699639320374 0.08185800164937973 0.11965099722146988
v 0.2031490057706833 0.000590000010561198 0.20393100380897522
v 0.28756099939346313 0.000590000010561198 -0.0006290000164881349
v 0.3127560019493103 0.08185800164937973 -0.0006290000164881349
v 0.26555201411247253 0.000590000010561198 0.11009100079536438
v 0.26555201411247253 0.000590000010561198 0.11009100079536438
v 0.3127560019493103 0.08185800164937973 -0.0006290000164881349
v 0.28875699639320374 0.08185800164937973 0.11965099722146988
v 0.3127560019493103 0.08185800164937973 -0.0006290000164881349
v 0.324755996465683 0.17661400139331818 -0.0006290000164881349
v 0.28875699639320374 0.08185800164937973 0.11965099722146988
v 0.2031490057706833 0.000590000010561198 0.20393100380897522
v 0.28875699639320374 0.08185800164937973 0.11965099722146988
v 0.22075200080871582 0.08185800164937973 0.22165100276470184
v 0.28875699639320374 0.08185800164937973 0.11965099722146988
v 0.324755996465683 0.17661400139331818 -0.0006290000164881349
v 0.2995609939098358 0.17661400139331818 0.12417100369930267
v 0.28875699639320374 0.08185800164937973 0.11965099722146988
v 0.2995609939098358 0.17661400139331818 0.12417100369930267
v 0.22075200080871582 0.08185800164937973 0.22165100276470184
v 0.324755996465683 0.17661400139331818 -0.0006290000164881349
v 0.29355499148368835 0.2692820131778717 0.12165100127458572
v 0.2995609939098358 0.17661400139331818 0.12417100369930267
v 0.29355499148368835 0.2692820131778717 0.12165100127458572
v 0.324755996465683 0.17661400139331818 -0.0006290000164881349
v 0.3179570138454437 0.2692820131778717 -0.0006290000164881349
v 0.22075200080871582 0.08185800164937973 0.22165100276470184
v 0.2995609939098358 0.17661400139331818 0.12417100369930267
v 0.22914999723434448 0.17661400139331818 0.2299710065126419
v 0.22435300052165985 0.2692820131778717 0.22533099353313446
v 0.2995609939098358 0.17661400139331818 0.12417100369930267
v 0.29355499148368835 0.2692820131778717 0.12165100127458572
v 0.2995609939098358 0.17661400139331818 0.12417100369930267
v 0.22435300052165985 0.2692820131778717 0.22533099353313446
v 0.22914999723434448 0.17661400139331818 0.2299710065126419
v 0.3179570138454437 0.2692820131778717 -0.0006290000164881349
v 0.2591550052165985 0.35389798879623413 0.1073710024356842
v 0.29355499148368835 0.2692820131778717 0.12165100127458572
v 0.2591550052165985 0.35389798879623413 0.1073710024356842
v 0.3179570138454437 0.2692820131778717 -0.0006290000164881349
v 0.28075000643730164 0.35389798879623413 -0.0006290000164881349
v 0.29355499148368835 0.2692820131778717 0.12165100127458572
v 0.19794900715351105 0.35389798879623413 0.1989309936761856
v 0.22435300052165985 0.2692820131778717 0.22533099353313446
v 0.19794900715351105 0.35389798879623413 0.1989309936761856
v 0.29355499148368835 0.2692820131778717 0.12165100127458572
v 0.2591550052165985 0.35389798879623413 0.1073710024356842
v 0.28075000643730164 0.35389798879623413 -0.0006290000164881349
v 0.2175540030002594 0.4055339992046356 0.09009099751710892
v 0.2591550052165985 0.35389798879623413 0.1073710024356842
v 0.2175540030002594 0.4055339992046356 0.09009099751710892
v 0.28075000643730164 0.35389798879623413 -0.0006290000164881349
v 0.23555900156497955 0.4055339992046356 -0.0006290000164881349
v -0.00725100003182888 -0.2557699978351593 -0.0023089998867362738
v -0.005249000154435635 -0.25282999873161316 -0.0022690000478178263
v -0.008043999783694744 -0.2547459900379181 -0.0010290000354871154
v -0.008043999783694744 -0.2547459900379181 -0.0010290000354871154
v -0.005640000104904175 -0.2518500089645386 -0.0015490000369027257
v -0.0076419999822974205 -0.2540619969367981 0.000291000003926456
v -0.005640000104904175 -0.2511259913444519 -0.0005890000029467046
v -0.0076419999822974205 -0.2540619969367981 0.000291000003926456
v -0.005640000104904175 -0.2518500089645386 -0.0015490000369027257
v 0.02315700054168701 -0.25042200088500977 0.011610999703407288
v 0.02595200017094612 -0.24852600693702698 -0.001908999984152615
v 0.026355000212788582 -0.24507799744606018 -0.0011889999732375145
v 0.026355000212788582 -0.24507799744606018 -0.0011889999732375145
v 0.02315700054168701 -0.2470420002937317 0.01285099983215332
v 0.02315700054168701 -0.25042200088500977 0.011610999703407288
v 0.02595200017094612 -0.24852600693702698 -0.001908999984152615
v 0.02315700054168701 -0.25042200088500977 0.011610999703407288
v 0.021557999774813652 -0.2535940110683441 0.009170999750494957
v 0.021557999774813652 -0.2535940110683441 0.009170999750494957
v 0.0239499993622303 -0.2518180012702942 -0.002669000066816807
v 0.02595200017094612 -0.24852600693702698 -0.001908999984152615
v -0.0076419999822974205 -0.2540619969367981 0.000291000003926456
v -0.005249000154435635 -0.25084200501441956 0.000291000003926456
v -0.00725100003182888 -0.25382199883461 0.0012509999796748161
v -0.005249000154435635 -0.25084200501441956 0.000291000003926456
v -0.0076419999822974205 -0.2540619969367981 0.000291000003926456
v -0.005640000104904175 -0.2511259913444519 -0.0005890000029467046
v 0.04355499893426895 -0.3031420111656189 0.00785099994391203
v 0.0239499993622303 -0.28196200728416443 0.01561100035905838
v 0.03995399922132492 -0.29956600069999695 0.024731000885367393
v 0.0239499993622303 -0.28196200728416443 0.01561100035905838
v 0.04355499893426895 -0.3031420111656189 0.00785099994391203
v 0.026355000212788582 -0.28416600823402405 0.005251000169664621
v 0.0239499993622303 -0.28196200728416443 0.01561100035905838
v 0.007958999834954739 -0.2598060071468353 0.010691000148653984
v 0.01795700006186962 -0.2800939977169037 0.024411000311374664
v 0.026355000212788582 -0.28416600823402405 0.005251000169664621
v 0.011157000437378883 -0.2607260048389435 0.0063310000114142895
v 0.0239499993622303 -0.28196200728416443 0.01561100035905838
v 0.007958999834954739 -0.2598060071468353 0.010691000148653984
v 0.0239499993622303 -0.28196200728416443 0.01561100035905838
v 0.011157000437378883 -0.2607260048389435 0.0063310000114142895
v 0.011157000437378883 -0.2607260048389435 0.0063310000114142895
v 0.026355000212788582 -0.28416600823402405 0.005251000169664621
v 0.01235399954020977 -0.2618139982223511 0.0012110000243410468
v 0.011157000437378883 -0.2607260048389435 0.0063310000114142895
v 0.007555999793112278 -0.24457000195980072 0.008290999568998814
v 0.007958999834954739 -0.2598060071468353 0.010691000148653984
v 0.01235399954020977 -0.2618139982223511 0.0012110000243410468
v 0.010351999662816525 -0.24458999931812286 0.004211000166833401
v 0.011157000437378883 -0.2607260048389435 0.0063310000114142895
v 0.007555999793112278 -0.24457000195980072 0.008290999568998814
v 0.011157000437378883 -0.2607260048389435 0.0063310000114142895
v 0.010351999662816525 -0.24458999931812286 0.004211000166833401
v 0.010351999662816525 -0.24458999931812286 0.004211000166833401
v 0.01235399954020977 -0.2618139982223511 0.0012110000243410468
v 0.011157000437378883 -0.2446179986000061 -0.0006290000164881349
v 0.01235399954020977 -0.2618139982223511 0.0012110000243410468
v 0.010351999662816525 -0.2446420043706894 -0.005468999966979027
v 0.011157000437378883 -0.2446179986000061 -0.0006290000164881349
v 0.011157000437378883 -0.2628979980945587 -0.0039090001955628395
v 0.010351999662816525 -0.2446420043706894 -0.005468999966979027
v 0.01235399954020977 -0.2618139982223511 0.0012110000243410468
v 0.011157000437378883 -0.2628979980945587 -0.0039090001955628395
v 0.007555999793112278 -0.2446659952402115 -0.009588999673724174
v 0.010351999662816525 -0.2446420043706894 -0.005468999966979027
v 0.026355000212788582 -0.28416600823402405 0.005251000169664621
v 0.011157000437378883 -0.2628979980945587 -0.0039090001955628395
v 0.01235399954020977 -0.2618139982223511 0.0012110000243410468
v 0.007958999834954739 -0.26381799578666687 -0.008228999562561512
v 0.007555999793112278 -0.2446659952402115 -0.009588999673724174
v 0.011157000437378883 -0.2628979980945587 -0.0039090001955628395
v 0.0239499993622303 -0.28637000918388367 -0.005148999858647585
v 0.011157000437378883 -0.2628979980945587 -0.0039090001955628395
v 0.026355000212788582 -0.28416600823402405 0.005251000169664621
v 0.0239499993622303 -0.28637000918388367 -0.005148999858647585
v 0.007958999834954739 -0.26381799578666687 -0.008228999562561512
v 0.011157000437378883 -0.2628979980945587 -0.0039090001955628395
v 0.04355499893426895 -0.3031420111656189 0.00785099994391203
v 0.0239499993622303 -0.28637000918388367 -0.005148999858647585
v 0.026355000212788582 -0.28416600823402405 0.005251000169664621
v 0.04355499893426895 -0.3031420111656189 0.00785099994391203
v 0.03995399922132492 -0.30671799182891846 -0.008988999761641026
v 0.0239499993622303 -0.28637000918388367 -0.005148999858647585
v 0.01795700006186962 -0.28823399543762207 -0.013949000276625156
v 0.0239499993622303 -0.28637000918388367 -0.005148999858647585
v 0.03995399922132492 -0.30671799182891846 -0.008988999761641026
v 0.01795700006186962 -0.28823399543762207 -0.013949000276625156
v 0.007958999834954739 -0.26381799578666687 -0.008228999562561512
v 0.0239499993622303 -0.28637000918388367 -0.005148999858647585
v 0.030358999967575073 -0.30974599719047546 -0.023308999836444855
v 0.01795700006186962 -0.28823399543762207 -0.013949000276625156
v 0.03995399922132492 -0.30671799182891846 -0.008988999761641026
v 0.0159549992531538 -0.2642019987106323 -0.013709000311791897
v 0.021557999774813652 -0.2613059878349304 -0.0011889999732375145
v 0.019958000630140305 -0.26416999101638794 -0.00038899999344721437
v 0.021557999774813652 -0.2613059878349304 -0.0011889999732375145
v 0.0159549992531538 -0.2642019987106323 -0.013709000311791897
v 0.01755400002002716 -0.2612980008125305 -0.0146289998665452
v 0.01755400002002716 -0.2612980008125305 -0.0146289998665452
v 0.021959999576210976 -0.25801798701286316 -0.0018690000288188457
v 0.021557999774813652 -0.2613059878349304 -0.0011889999732375145
v 0.021959999576210976 -0.25801798701286316 -0.0018690000288188457
v 0.01755400002002716 -0.2612980008125305 -0.0146289998665452
v 0.01795700006186962 -0.25800201296806335 -0.0146289998665452
v 0.021959999576210976 -0.25801798701286316 -0.0018690000288188457
v 0.01795700006186962 -0.25800201296806335 -0.0146289998665452
v 0.016357000917196274 -0.25459399819374084 -0.013748999685049057
v 0.021959999576210976 -0.25801798701286316 -0.0018690000288188457
v 0.016357000917196274 -0.25459399819374084 -0.013748999685049057
v 0.019958000630140305 -0.25456199049949646 -0.002669000066816807
v 0.01795700006186962 -0.25800201296806335 -0.0146289998665452
v 0.008349999785423279 -0.2558099925518036 -0.023869000375270844
v 0.008349999785423279 -0.2526699900627136 -0.021788999438285828
v 0.008349999785423279 -0.2526699900627136 -0.021788999438285828
v 0.016357000917196274 -0.25459399819374084 -0.013748999685049057
v 0.01795700006186962 -0.25800201296806335 -0.0146289998665452
v -0.00725100003182888 -0.2586260139942169 -0.0023089998867362738
v -0.004040999803692102 -0.2555620074272156 0.0008110000053420663
v -0.006041999906301498 -0.2590259909629822 0.001851000008173287
v -0.004040999803692102 -0.2555620074272156 0.0008110000053420663
v -0.00725100003182888 -0.2586260139942169 -0.0023089998867362738
v -0.004443000070750713 -0.25518599152565 -0.0013490000274032354
v 0.01875000074505806 -0.2590300142765045 0.012370999902486801
v 0.010754000395536423 -0.25206199288368225 0.02097100019454956
v 0.009960999712347984 -0.25509798526763916 0.022410999983549118
v 0.010754000395536423 -0.25206199288368225 0.02097100019454956
v 0.01875000074505806 -0.2590300142765045 0.012370999902486801
v 0.01955600082874298 -0.2558540105819702 0.011130999773740768
v 0.01955600082874298 -0.2558540105819702 0.011130999773740768
v 0.011157000437378883 -0.2491140067577362 0.017450999468564987
v 0.010754000395536423 -0.25206199288368225 0.02097100019454956
v 0.011157000437378883 -0.2491140067577362 0.017450999468564987
v 0.01955600082874298 -0.2558540105819702 0.011130999773740768
v 0.018358999863266945 -0.25258201360702515 0.008690999820828438
v -0.004040999803692102 -0.25433799624443054 -0.0033889999613165855
v -0.00725100003182888 -0.2586260139942169 -0.0023089998867362738
v -0.005640000104904175 -0.25764200091362 -0.006269000004976988
v -0.00725100003182888 -0.2586260139942169 -0.0023089998867362738
v -0.004040999803692102 -0.25433799624443054 -0.0033889999613165855
v -0.004443000070750713 -0.25518599152565 -0.0013490000274032354
v -0.004040999803692102 -0.25433799624443054 -0.0033889999613165855
v -0.004443000070750713 -0.25164198875427246 -0.0005890000029467046
v -0.004443000070750713 -0.25518599152565 -0.0013490000274032354
v -0.004443000070750713 -0.25164198875427246 -0.0005890000029467046
v -0.004040999803692102 -0.25433799624443054 -0.0033889999613165855
v -0.004040999803692102 -0.25086599588394165 -0.0020290000829845667
v -0.004040999803692102 -0.25086599588394165 -0.0020290000829845667
v -0.002440999960526824 -0.25326600670814514 -0.004668999928981066
v -0.0032470000442117453 -0.24987000226974487 -0.003108999924734235
v -0.002440999960526824 -0.25326600670814514 -0.004668999928981066
v -0.004040999803692102 -0.25086599588394165 -0.0020290000829845667
v -0.004040999803692102 -0.25433799624443054 -0.0033889999613165855
v -0.005640000104904175 -0.25764200091362 -0.006269000004976988
v -0.002440999960526824 -0.25326600670814514 -0.004668999928981066
v -0.004040999803692102 -0.25433799624443054 -0.0033889999613165855
v 0.019958000630140305 -0.26416999101638794 -0.00038899999344721437
v 0.01875000074505806 -0.2590300142765045 0.012370999902486801
v 0.016759999096393585 -0.26186200976371765 0.01281100045889616
v 0.01875000074505806 -0.2590300142765045 0.012370999902486801
v 0.019958000630140305 -0.26416999101638794 -0.00038899999344721437
v 0.021557999774813652 -0.2613059878349304 -0.0011889999732375145
v 0.021557999774813652 -0.2613059878349304 -0.0011889999732375145
v 0.01955600082874298 -0.2558540105819702 0.011130999773740768
v 0.01875000074505806 -0.2590300142765045 0.012370999902486801
v 0.01955600082874298 -0.2558540105819702 0.011130999773740768
v 0.021557999774813652 -0.2613059878349304 -0.0011889999732375145
v 0.021959999576210976 -0.25801798701286316 -0.0018690000288188457
v -0.006041999906301498 -0.2590259909629822 0.001851000008173287
v -0.002440999960526824 -0.25535398721694946 0.0023709998931735754
v -0.0028440000023692846 -0.2587139904499054 0.004770999774336815
v -0.002440999960526824 -0.25535398721694946 0.0023709998931735754
v -0.006041999906301498 -0.2590259909629822 0.001851000008173287
v -0.004040999803692102 -0.2555620074272156 0.0008110000053420663
v -0.006041999906301498 -0.248321995139122 0.000291000003926456
v -0.004040999803692102 -0.25086599588394165 -0.0020290000829845667
v -0.005640000104904175 -0.2475460022687912 -0.0015089999651536345
v -0.004040999803692102 -0.25086599588394165 -0.0020290000829845667
v -0.006041999906301498 -0.248321995139122 0.000291000003926456
v -0.004443000070750713 -0.25164198875427246 -0.0005890000029467046
v -0.005640000104904175 -0.2511259913444519 -0.0005890000029467046
v -0.005640000104904175 -0.24773000180721283 -0.0013889999827370048
v -0.005249000154435635 -0.25084200501441956 0.000291000003926456
v -0.005249000154435635 -0.25084200501441956 0.000291000003926456
v -0.005640000104904175 -0.24773000180721283 -0.0013889999827370048
v -0.005249000154435635 -0.24744200706481934 0.000291000003926456
v -0.004443000070750713 -0.25518599152565 -0.0013490000274032354
v -0.003650000086054206 -0.25199800729751587 0.0008110000053420663
v -0.004040999803692102 -0.2555620074272156 0.0008110000053420663
v -0.003650000086054206 -0.25199800729751587 0.0008110000053420663
v -0.004443000070750713 -0.25518599152565 -0.0013490000274032354
v -0.004443000070750713 -0.25164198875427246 -0.0005890000029467046
v 0.02595200017094612 -0.24852600693702698 -0.001908999984152615
v 0.021959999576210976 -0.2479179948568344 -0.015189000405371189
v 0.021959999576210976 -0.24445000290870667 -0.015149000100791454
v 0.02595200017094612 -0.24852600693702698 -0.001908999984152615
v 0.019958000630140305 -0.2512339949607849 -0.014228999614715576
v 0.021959999576210976 -0.2479179948568344 -0.015189000405371189
v 0.02595200017094612 -0.24852600693702698 -0.001908999984152615
v 0.021959999576210976 -0.24445000290870667 -0.015149000100791454
v 0.026355000212788582 -0.24507799744606018 -0.0011889999732375145
v 0.026355000212788582 -0.24507799744606018 -0.0011889999732375145
v 0.021959999576210976 -0.24445000290870667 -0.015149000100791454
v 0.02075199969112873 -0.24119800329208374 -0.014189000241458416
v 0.019958000630140305 -0.2512339949607849 -0.014228999614715576
v 0.02595200017094612 -0.24852600693702698 -0.001908999984152615
v 0.0239499993622303 -0.2518180012702942 -0.002669000066816807
v 0.02075199969112873 -0.24119800329208374 -0.014189000241458416
v 0.024755999445915222 -0.24184200167655945 -0.00038899999344721437
v 0.026355000212788582 -0.24507799744606018 -0.0011889999732375145
v -0.00684799998998642 -0.24384599924087524 0.0012910000514239073
v -0.004040999803692102 -0.2478020042181015 0.0014909999445080757
v -0.005249000154435635 -0.24744200706481934 0.000291000003926456
v -0.004040999803692102 -0.2478020042181015 0.0014909999445080757
v -0.00684799998998642 -0.24384599924087524 0.0012910000514239073
v -0.004040999803692102 -0.24452200531959534 0.0038509999867528677
v -0.005640000104904175 -0.2518500089645386 -0.0015490000369027257
v -0.005249000154435635 -0.2485779970884323 -0.0029090000316500664
v -0.005640000104904175 -0.2511259913444519 -0.0005890000029467046
v -0.005640000104904175 -0.24773000180721283 -0.0013889999827370048
v -0.005640000104904175 -0.2511259913444519 -0.0005890000029467046
v -0.005249000154435635 -0.2485779970884323 -0.0029090000316500664
v -0.005249000154435635 -0.2485779970884323 -0.0029090000316500664
v -0.0076419999822974205 -0.2440820038318634 -0.002348999958485365
v -0.005640000104904175 -0.24773000180721283 -0.0013889999827370048
v -0.0076419999822974205 -0.2440820038318634 -0.002348999958485365
v -0.005249000154435635 -0.2485779970884323 -0.0029090000316500664
v -0.006444999948143959 -0.24514999985694885 -0.005789000075310469
v -0.005249000154435635 -0.24744200706481934 0.000291000003926456
v -0.0076419999822974205 -0.2440820038318634 -0.002348999958485365
v -0.00684799998998642 -0.24384599924087524 0.0012910000514239073
v -0.005640000104904175 -0.24773000180721283 -0.0013889999827370048
v -0.0076419999822974205 -0.2440820038318634 -0.002348999958485365
v -0.005249000154435635 -0.24744200706481934 0.000291000003926456
v 0.021959999576210976 -0.2479179948568344 -0.015189000405371189
v 0.011157000437378883 -0.2519820034503937 -0.02262900024652481
v 0.01155999954789877 -0.248758003115654 -0.024748999625444412
v 0.011157000437378883 -0.2519820034503937 -0.02262900024652481
v 0.021959999576210976 -0.2479179948568344 -0.015189000405371189
v 0.019958000630140305 -0.2512339949607849 -0.014228999614715576
v 0.01395300030708313 -0.2531140148639679 0.02185099944472313
v 0.02315700054168701 -0.25042200088500977 0.011610999703407288
v 0.02315700054168701 -0.2470420002937317 0.01285099983215332
v 0.02315700054168701 -0.2470420002937317 0.01285099983215332
v 0.013159000314772129 -0.2498060017824173 0.023290999233722687
v 0.01395300030708313 -0.2531140148639679 0.02185099944472313
v 0.02315700054168701 -0.25042200088500977 0.011610999703407288
v 0.01395300030708313 -0.2531140148639679 0.02185099944472313
v 0.01355000026524067 -0.25613000988960266 0.01829100027680397
v 0.01355000026524067 -0.25613000988960266 0.01829100027680397
v 0.021557999774813652 -0.2535940110683441 0.009170999750494957
v 0.02315700054168701 -0.25042200088500977 0.011610999703407288
v -0.005249000154435635 -0.25282999873161316 -0.0022690000478178263
v -0.004040999803692102 -0.24972200393676758 -0.003788999980315566
v -0.005640000104904175 -0.2518500089645386 -0.0015490000369027257
v -0.005249000154435635 -0.2485779970884323 -0.0029090000316500664
v -0.005640000104904175 -0.2518500089645386 -0.0015490000369027257
v -0.004040999803692102 -0.24972200393676758 -0.003788999980315566
v -0.004040999803692102 -0.24972200393676758 -0.003788999980315566
v -0.006444999948143959 -0.24514999985694885 -0.005789000075310469
v -0.005249000154435635 -0.2485779970884323 -0.0029090000316500664
v -0.006444999948143959 -0.24514999985694885 -0.005789000075310469
v -0.004040999803692102 -0.24972200393676758 -0.003788999980315566
v -0.004040999803692102 -0.24667400121688843 -0.007949000224471092
v -0.006041999906301498 -0.248321995139122 0.000291000003926456
v -0.003650000086054206 -0.25199800729751587 0.0008110000053420663
v -0.004443000070750713 -0.25164198875427246 -0.0005890000029467046
v -0.003650000086054206 -0.25199800729751587 0.0008110000053420663
v -0.006041999906301498 -0.248321995139122 0.000291000003926456
v -0.005249000154435635 -0.24866199493408203 0.0018110000528395176
v -0.005640000104904175 -0.2475460022687912 -0.0015089999651536345
v -0.0032470000442117453 -0.24987000226974487 -0.003108999924734235
v -0.004846000112593174 -0.24651400744915009 -0.003148999996483326
v 0.02315700054168701 -0.2470420002937317 0.01285099983215332
v 0.024755999445915222 -0.24184200167655945 -0.00038899999344721437
v 0.02115499973297119 -0.2438099980354309 0.01329100038856268
v 0.02315700054168701 -0.2470420002937317 0.01285099983215332
v 0.026355000212788582 -0.24507799744606018 -0.0011889999732375145
v 0.024755999445915222 -0.24184200167655945 -0.00038899999344721437
v 0.018358999863266945 -0.25258201360702515 0.008690999820828438
v 0.021959999576210976 -0.25801798701286316 -0.0018690000288188457
v 0.019958000630140305 -0.25456199049949646 -0.002669000066816807
v 0.021959999576210976 -0.25801798701286316 -0.0018690000288188457
v 0.018358999863266945 -0.25258201360702515 0.008690999820828438
v 0.01955600082874298 -0.2558540105819702 0.011130999773740768
vt 47.96099853515625 -13.026000022888184
vt 47.92789840698242 -13.026000022888184
vt 47.92940139770508 -13.055000305175781
vt 47.96099853515625 -13.026000022888184
vt 47.93050003051758 -12.996399879455566
vt 47.92789840698242 -13.026000022888184
vt 47.96179962158203 -13.055000305175781
vt 47.92940139770508 -13.055000305175781
vt 47.937599182128906 -13.081399917602539
vt 47.96179962158203 -13.055000305175781
vt 47.96099853515625 -13.026000022888184
vt 47.92940139770508 -13.055000305175781
vt 47.962398529052734 -12.996399879455566
vt 47.936100006103516 -12.970999717712402
vt 47.93050003051758 -12.996399879455566
vt 47.93050003051758 -12.996399879455566
vt 47.96099853515625 -13.026000022888184
vt 47.962398529052734 -12.996399879455566
vt 47.936100006103516 -12.970999717712402
vt 47.962398529052734 -12.996399879455566
vt 47.96540069580078 -12.970999717712402
vt 48 -13.026000022888184
vt 47.96099853515625 -13.026000022888184
vt 47.96179962158203 -13.055000305175781
vt 48 -13.026000022888184
vt 47.962398529052734 -12.996399879455566
vt 47.96099853515625 -13.026000022888184
vt 47.96630096435547 -13.081399917602539
vt 47.96179962158203 -13.055000305175781
vt 47.937599182128906 -13.081399917602539
vt 48 -12.996399879455566
vt 47.96540069580078 -12.970999717712402
vt 47.962398529052734 -12.996399879455566
vt 47.962398529052734 -12.996399879455566
vt 48 -13.026000022888184
vt 48 -12.996399879455566
vt 47.96540069580078 -12.970999717712402
vt 48 -12.996399879455566
vt 48 -12.970999717712402
vt 48.03459930419922 -12.970999717712402
vt 48 -12.970999717712402
vt 48 -12.996399879455566
vt 48.037601470947266 -12.996399879455566
vt 48.03459930419922 -12.970999717712402
vt 48 -12.996399879455566
vt 48.037601470947266 -12.996399879455566
vt 48 -12.996399879455566
vt 48 -13.026000022888184
vt 48.063899993896484 -12.970999717712402
vt 48.03459930419922 -12.970999717712402
vt 48.037601470947266 -12.996399879455566
vt 48 -13.055000305175781
vt 47.96179962158203 -13.055000305175781
vt 47.96630096435547 -13.081399917602539
vt 48 -13.055000305175781
vt 48 -13.026000022888184
vt 47.96179962158203 -13.055000305175781
vt 48 -13.081399917602539
vt 47.96630096435547 -13.081399917602539
vt 47.97159957885742 -13.097599983215332
vt 48 -13.081399917602539
vt 48 -13.055000305175781
vt 47.96630096435547 -13.081399917602539
vt 48 -13.097599983215332
vt 48 -13.081399917602539
vt 47.97159957885742 -13.097599983215332
vt 48.02840042114258 -13.097599983215332
vt 48 -13.081399917602539
vt 48 -13.097599983215332
vt 48 -13.081399917602539
vt 48.02840042114258 -13.097599983215332
vt 48.03369903564453 -13.081399917602539
vt 48.03369903564453 -13.081399917602539
vt 48 -13.055000305175781
vt 48 -13.081399917602539
vt 48 -13.055000305175781
vt 48.03369903564453 -13.081399917602539
vt 48.03820037841797 -13.055000305175781
vt 48.03820037841797 -13.055000305175781
vt 48 -13.026000022888184
vt 48 -13.055000305175781
vt 48.062400817871094 -13.081399917602539
vt 48.03820037841797 -13.055000305175781
vt 48.03369903564453 -13.081399917602539
vt 48 -13.026000022888184
vt 48.03820037841797 -13.055000305175781
vt 48.03900146484375 -13.026000022888184
vt 48.03900146484375 -13.026000022888184
vt 48.037601470947266 -12.996399879455566
vt 48 -13.026000022888184
vt 48.03820037841797 -13.055000305175781
vt 48.062400817871094 -13.081399917602539
vt 48.07059860229492 -13.055000305175781
vt 48.07059860229492 -13.055000305175781
vt 48.03900146484375 -13.026000022888184
vt 48.03820037841797 -13.055000305175781
vt 48.03900146484375 -13.026000022888184
vt 48.07059860229492 -13.055000305175781
vt 48.07210159301758 -13.026000022888184
vt 48.06949996948242 -12.996399879455566
vt 48.037601470947266 -12.996399879455566
vt 48.03900146484375 -13.026000022888184
vt 48.07210159301758 -13.026000022888184
vt 48.06949996948242 -12.996399879455566
vt 48.03900146484375 -13.026000022888184
vt 48.06949996948242 -12.996399879455566
vt 48.063899993896484 -12.970999717712402
vt 48.037601470947266 -12.996399879455566
vt 48 -12.970999717712402
vt 48 -12.947400093078613
vt 47.97159957885742 -12.947400093078613
vt 48 -12.970999717712402
vt 47.97159957885742 -12.947400093078613
vt 47.96540069580078 -12.970999717712402
vt 48.02840042114258 -12.947400093078613
vt 48 -12.970999717712402
vt 48.03459930419922 -12.970999717712402
vt 48 -12.970999717712402
vt 48.02840042114258 -12.947400093078613
vt 48 -12.947400093078613
vt 48.052398681640625 -12.947400093078613
vt 48.03459930419922 -12.970999717712402
vt 48.063899993896484 -12.970999717712402
vt 48.03459930419922 -12.970999717712402
vt 48.052398681640625 -12.947400093078613
vt 48.02840042114258 -12.947400093078613
vt 47.96540069580078 -12.970999717712402
vt 47.947601318359375 -12.947400093078613
vt 47.936100006103516 -12.970999717712402
vt 47.96540069580078 -12.970999717712402
vt 47.97159957885742 -12.947400093078613
vt 47.947601318359375 -12.947400093078613
vt 48.00090026855469 -12.890299797058105
vt 47.99959945678711 -12.890000343322754
vt 47.99980163574219 -12.89109992980957
vt 48.00040054321289 -12.891300201416016
vt 48.00090026855469 -12.890299797058105
vt 47.99980163574219 -12.89109992980957
vt 47.99879837036133 -12.891200065612793
vt 47.9995002746582 -12.891900062561035
vt 47.99909973144531 -12.890899658203125
vt 47.9995002746582 -12.891900062561035
vt 47.99879837036133 -12.891200065612793
vt 47.99919891357422 -12.892200469970703
vt 47.99959945678711 -12.893500328063965
vt 47.99580001831055 -12.891599655151367
vt 47.995399475097656 -12.892600059509277
vt 47.99580001831055 -12.891599655151367
vt 47.99959945678711 -12.893500328063965
vt 48 -12.892499923706055
vt 47.995399475097656 -12.892600059509277
vt 47.999298095703125 -12.894499778747559
vt 47.99959945678711 -12.893500328063965
vt 47.999298095703125 -12.894499778747559
vt 47.995399475097656 -12.892600059509277
vt 47.995201110839844 -12.893699645996094
vt 48 -12.892499923706055
vt 47.996700286865234 -12.890700340270996
vt 47.99580001831055 -12.891599655151367
vt 47.996700286865234 -12.890700340270996
vt 48 -12.892499923706055
vt 48.00040054321289 -12.891500473022461
vt 48.00400161743164 -12.894200325012207
vt 48 -12.892499923706055
vt 47.99959945678711 -12.893500328063965
vt 47.99959945678711 -12.893500328063965
vt 48.00360107421875 -12.8951997756958
vt 48.00400161743164 -12.894200325012207
vt 48.00360107421875 -12.8951997756958
vt 47.99959945678711 -12.893500328063965
vt 47.999298095703125 -12.894499778747559
vt 48 -12.892499923706055
vt 48.00400161743164 -12.894200325012207
vt 48.00410079956055 -12.893099784851074
vt 48.00400161743164 -12.89210033416748
vt 48 -12.892499923706055
vt 48.00410079956055 -12.893099784851074
vt 48 -12.892499923706055
vt 48.00400161743164 -12.89210033416748
vt 48.00040054321289 -12.891500473022461
vt 47.993900299072266 -12.880800247192383
vt 47.99700164794922 -12.888400077819824
vt 47.996700286865234 -12.880399703979492
vt 47.994598388671875 -12.87339973449707
vt 47.993900299072266 -12.880800247192383
vt 47.996700286865234 -12.880399703979492
vt 47.994598388671875 -12.87339973449707
vt 47.9900016784668 -12.874099731445312
vt 47.993900299072266 -12.880800247192383
vt 47.995399475097656 -12.892600059509277
vt 47.99290084838867 -12.890800476074219
vt 47.9922981262207 -12.891799926757812
vt 47.99290084838867 -12.890800476074219
vt 47.995399475097656 -12.892600059509277
vt 47.99580001831055 -12.891599655151367
vt 48.005401611328125 -12.87339973449707
vt 48.006099700927734 -12.880800247192383
vt 48.0099983215332 -12.874099731445312
vt 48.006099700927734 -12.880800247192383
vt 48.005401611328125 -12.87339973449707
vt 48.003299713134766 -12.880399703979492
vt 48.003299713134766 -12.880399703979492
vt 48.00299835205078 -12.888400077819824
vt 48.006099700927734 -12.880800247192383
vt 48 -12.873200416564941
vt 48.003299713134766 -12.880399703979492
vt 48.005401611328125 -12.87339973449707
vt 48.00299835205078 -12.888400077819824
vt 48.00149917602539 -12.894399642944336
vt 48.00279998779297 -12.894399642944336
vt 48.00299835205078 -12.888400077819824
vt 48.003299713134766 -12.880399703979492
vt 48.0015983581543 -12.888199806213379
vt 48.00149917602539 -12.894399642944336
vt 48.00299835205078 -12.888400077819824
vt 48.0015983581543 -12.888199806213379
vt 48.003299713134766 -12.880399703979492
vt 48 -12.873200416564941
vt 48 -12.880200386047363
vt 48 -12.880200386047363
vt 48.0015983581543 -12.888199806213379
vt 48.003299713134766 -12.880399703979492
vt 48 -12.873200416564941
vt 47.996700286865234 -12.880399703979492
vt 48 -12.880200386047363
vt 48.0015983581543 -12.888199806213379
vt 48 -12.880200386047363
vt 48 -12.888099670410156
vt 47.996700286865234 -12.880399703979492
vt 48 -12.873200416564941
vt 47.994598388671875 -12.87339973449707
vt 48.0015983581543 -12.888199806213379
vt 48 -12.894399642944336
vt 48.00149917602539 -12.894399642944336
vt 48 -12.894399642944336
vt 48.0015983581543 -12.888199806213379
vt 48 -12.888099670410156
vt 48 -12.880200386047363
vt 47.9984016418457 -12.888199806213379
vt 48 -12.888099670410156
vt 47.9984016418457 -12.888199806213379
vt 48 -12.894399642944336
vt 48 -12.888099670410156
vt 47.9984016418457 -12.888199806213379
vt 48 -12.880200386047363
vt 47.996700286865234 -12.880399703979492
vt 48 -12.894399642944336
vt 47.9984016418457 -12.888199806213379
vt 47.99850082397461 -12.894399642944336
vt 47.99700164794922 -12.888400077819824
vt 47.99850082397461 -12.894399642944336
vt 47.9984016418457 -12.888199806213379
vt 47.996700286865234 -12.880399703979492
vt 47.99700164794922 -12.888400077819824
vt 47.9984016418457 -12.888199806213379
vt 47.99850082397461 -12.894399642944336
vt 47.99700164794922 -12.888400077819824
vt 47.99720001220703 -12.894399642944336
vt 48.005401611328125 -12.888299942016602
vt 48.00230026245117 -12.888999938964844
vt 48.00279998779297 -12.889900207519531
vt 48.005401611328125 -12.888299942016602
vt 48.00279998779297 -12.889900207519531
vt 48.00600051879883 -12.889200210571289
vt 48.00279998779297 -12.889900207519531
vt 48.00600051879883 -12.890199661254883
vt 48.00600051879883 -12.889200210571289
vt 48.00600051879883 -12.890199661254883
vt 48.00279998779297 -12.889900207519531
vt 48.00310134887695 -12.890899658203125
vt 48.00080108642578 -12.892999649047852
vt 48.00130081176758 -12.891900062561035
vt 48.0004997253418 -12.892600059509277
vt 47.99829864501953 -12.891500473022461
vt 47.99879837036133 -12.892499923706055
vt 47.99850082397461 -12.891500473022461
vt 47.99850082397461 -12.891500473022461
vt 47.99879837036133 -12.892499923706055
vt 47.999000549316406 -12.892399787902832
vt 48.00230026245117 -12.888999938964844
vt 47.99829864501953 -12.890199661254883
vt 47.99869918823242 -12.891200065612793
vt 48.00230026245117 -12.888999938964844
vt 47.99869918823242 -12.891200065612793
vt 48.00279998779297 -12.889900207519531
vt 48.00279998779297 -12.889900207519531
vt 47.99869918823242 -12.891200065612793
vt 47.99919891357422 -12.89210033416748
vt 48.00279998779297 -12.889900207519531
vt 47.99919891357422 -12.89210033416748
vt 48.00310134887695 -12.890899658203125
vt 47.99919891357422 -12.89210033416748
vt 48.00310134887695 -12.891900062561035
vt 48.00310134887695 -12.890899658203125
vt 48.00310134887695 -12.891900062561035
vt 47.99919891357422 -12.89210033416748
vt 47.999698638916016 -12.892900466918945
vt 48.000999450683594 -12.891599655151367
vt 48.00090026855469 -12.890299797058105
vt 48.00040054321289 -12.891300201416016
vt 48.00090026855469 -12.890299797058105
vt 48.000999450683594 -12.891599655151367
vt 48.00210189819336 -12.890700340270996
vt 48.000999450683594 -12.891599655151367
vt 48.00040054321289 -12.891300201416016
vt 48.000099182128906 -12.892399787902832
vt 48.0004997253418 -12.892600059509277
vt 48.000999450683594 -12.891599655151367
vt 48.000099182128906 -12.892399787902832
vt 47.99919891357422 -12.890999794006348
vt 47.999298095703125 -12.89210033416748
vt 47.99980163574219 -12.89109992980957
vt 47.99959945678711 -12.892200469970703
vt 47.99980163574219 -12.89109992980957
vt 47.999298095703125 -12.89210033416748
vt 48.000099182128906 -12.892399787902832
vt 48.00040054321289 -12.891300201416016
vt 47.99959945678711 -12.892200469970703
vt 48.00040054321289 -12.891300201416016
vt 47.99980163574219 -12.89109992980957
vt 47.99959945678711 -12.892200469970703
vt 47.999000549316406 -12.892399787902832
vt 47.999698638916016 -12.893099784851074
vt 47.99919891357422 -12.892200469970703
vt 47.999698638916016 -12.893099784851074
vt 47.999000549316406 -12.892399787902832
vt 47.99919891357422 -12.893400192260742
vt 47.99470138549805 -12.892600059509277
vt 47.992000579833984 -12.893799781799316
vt 47.99259948730469 -12.894700050354004
vt 47.99470138549805 -12.892600059509277
vt 47.99259948730469 -12.894700050354004
vt 47.99530029296875 -12.893500328063965
vt 47.99850082397461 -12.891500473022461
vt 47.99919891357422 -12.892200469970703
vt 47.99879837036133 -12.891200065612793
vt 47.99919891357422 -12.892200469970703
vt 47.99850082397461 -12.891500473022461
vt 47.999000549316406 -12.892399787902832
vt 48.000301361083984 -12.894000053405762
vt 47.99919891357422 -12.893400192260742
vt 47.99919891357422 -12.894399642944336
vt 47.99919891357422 -12.893400192260742
vt 48.000301361083984 -12.894000053405762
vt 47.999698638916016 -12.893099784851074
vt 47.99879837036133 -12.892499923706055
vt 47.99919891357422 -12.893400192260742
vt 47.999000549316406 -12.892399787902832
vt 47.99919891357422 -12.893400192260742
vt 47.99879837036133 -12.892499923706055
vt 47.9989013671875 -12.893500328063965
vt 47.99829864501953 -12.890199661254883
vt 47.99440002441406 -12.891599655151367
vt 47.99470138549805 -12.892600059509277
vt 47.99829864501953 -12.890199661254883
vt 47.99470138549805 -12.892600059509277
vt 47.99869918823242 -12.891200065612793
vt 47.99869918823242 -12.891200065612793
vt 47.99470138549805 -12.892600059509277
vt 47.99530029296875 -12.893500328063965
vt 47.99869918823242 -12.891200065612793
vt 47.99530029296875 -12.893500328063965
vt 47.99919891357422 -12.89210033416748
vt 47.99919891357422 -12.89210033416748
vt 47.99530029296875 -12.893500328063965
vt 47.996299743652344 -12.894200325012207
vt 47.99919891357422 -12.89210033416748
vt 47.996299743652344 -12.894200325012207
vt 47.999698638916016 -12.892900466918945
vt 48.007301330566406 -12.893400192260742
vt 48.00400161743164 -12.894200325012207
vt 48.007301330566406 -12.894499778747559
vt 48.00400161743164 -12.894200325012207
vt 48.006900787353516 -12.895500183105469
vt 48.007301330566406 -12.894499778747559
vt 48.00400161743164 -12.894200325012207
vt 48.007301330566406 -12.893400192260742
vt 48.00410079956055 -12.893099784851074
vt 48.006900787353516 -12.895500183105469
vt 48.00400161743164 -12.894200325012207
vt 48.00360107421875 -12.8951997756958
vt 47.99919891357422 -12.893199920654297
vt 47.999298095703125 -12.89210033416748
vt 47.9989013671875 -12.893099784851074
vt 47.999298095703125 -12.89210033416748
vt 47.99919891357422 -12.893199920654297
vt 47.99959945678711 -12.892200469970703
vt 47.99919891357422 -12.892200469970703
vt 48.000099182128906 -12.892800331115723
vt 47.9995002746582 -12.891900062561035
vt 48.000099182128906 -12.892800331115723
vt 47.99919891357422 -12.892200469970703
vt 47.999698638916016 -12.893099784851074
vt 48.000301361083984 -12.894000053405762
vt 48.000099182128906 -12.892800331115723
vt 47.999698638916016 -12.893099784851074
vt 48.000099182128906 -12.892800331115723
vt 48.000301361083984 -12.894000053405762
vt 48.00130081176758 -12.893500328063965
vt 47.999698638916016 -12.893400192260742
vt 48.000099182128906 -12.892399787902832
vt 47.99919891357422 -12.893199920654297
vt 48.000099182128906 -12.892399787902832
vt 47.99959945678711 -12.892200469970703
vt 47.99919891357422 -12.893199920654297
vt 48.000301361083984 -12.893699645996094
vt 48.0004997253418 -12.892600059509277
vt 47.999698638916016 -12.893400192260742
vt 48.0004997253418 -12.892600059509277
vt 48.000099182128906 -12.892399787902832
vt 47.999698638916016 -12.893400192260742
vt 47.9995002746582 -12.891900062561035
vt 48.000301361083984 -12.892499923706055
vt 47.99959945678711 -12.891599655151367
vt 47.99800109863281 -12.98859977722168
vt 47.99290084838867 -12.989999771118164
vt 47.99409866333008 -12.991299629211426
vt 47.989898681640625 -12.994600296020508
vt 47.99409866333008 -12.991299629211426
vt 47.99290084838867 -12.989999771118164
vt 47.99290084838867 -12.989999771118164
vt 47.99800109863281 -12.98859977722168
vt 47.997398376464844 -12.987000465393066
vt 47.99409866333008 -12.991299629211426
vt 47.989898681640625 -12.994600296020508
vt 47.99150085449219 -12.99530029296875
vt 48.00270080566406 -12.987700462341309
vt 47.997398376464844 -12.987000465393066
vt 47.99800109863281 -12.98859977722168
vt 47.98889923095703 -13
vt 47.99150085449219 -12.99530029296875
vt 47.989898681640625 -12.994600296020508
vt 47.997398376464844 -12.987000465393066
vt 48.00270080566406 -12.987700462341309
vt 48.00270080566406 -12.985899925231934
vt 47.99150085449219 -12.99530029296875
vt 47.98889923095703 -13
vt 47.9906005859375 -13
vt 48.00270080566406 -12.987700462341309
vt 48.00790023803711 -12.987000465393066
vt 48.00270080566406 -12.985899925231934
vt 47.98889923095703 -13
vt 47.99150085449219 -13.00469970703125
vt 47.9906005859375 -13
vt 48.00790023803711 -12.987000465393066
vt 48.00270080566406 -12.987700462341309
vt 48.007301330566406 -12.98859977722168
vt 47.99150085449219 -13.00469970703125
vt 47.98889923095703 -13
vt 47.989898681640625 -13.005399703979492
vt 48.007301330566406 -12.98859977722168
vt 48.01240158081055 -12.989999771118164
vt 48.00790023803711 -12.987000465393066
vt 47.99409866333008 -13.008700370788574
vt 47.99150085449219 -13.00469970703125
vt 47.989898681640625 -13.005399703979492
vt 48.01240158081055 -12.989999771118164
vt 48.007301330566406 -12.98859977722168
vt 48.011199951171875 -12.991299629211426
vt 47.989898681640625 -13.005399703979492
vt 47.99290084838867 -13.010000228881836
vt 47.99409866333008 -13.008700370788574
vt 48.011199951171875 -12.991299629211426
vt 48.01539993286133 -12.994600296020508
vt 48.01240158081055 -12.989999771118164
vt 47.99800109863281 -13.01140022277832
vt 47.99409866333008 -13.008700370788574
vt 47.99290084838867 -13.010000228881836
vt 48.01539993286133 -12.994600296020508
vt 48.011199951171875 -12.991299629211426
vt 48.01380157470703 -12.99530029296875
vt 47.99290084838867 -13.010000228881836
vt 47.997398376464844 -13.012999534606934
vt 47.99800109863281 -13.01140022277832
vt 47.997398376464844 -13.012999534606934
vt 48.00270080566406 -13.012299537658691
vt 47.99800109863281 -13.01140022277832
vt 47.997398376464844 -13.012999534606934
vt 48.00270080566406 -13.014100074768066
vt 48.00270080566406 -13.012299537658691
vt 48.01639938354492 -13
vt 48.01539993286133 -12.994600296020508
vt 48.01380157470703 -12.99530029296875
vt 48.01639938354492 -13
vt 48.01380157470703 -12.99530029296875
vt 48.01470184326172 -13
vt 48.01380157470703 -13.00469970703125
vt 48.01639938354492 -13
vt 48.01470184326172 -13
vt 48.01639938354492 -13
vt 48.01380157470703 -13.00469970703125
vt 48.01539993286133 -13.005399703979492
vt 48.011199951171875 -13.008700370788574
vt 48.01539993286133 -13.005399703979492
vt 48.01380157470703 -13.00469970703125
vt 48.01539993286133 -13.005399703979492
vt 48.011199951171875 -13.008700370788574
vt 48.01240158081055 -13.010000228881836
vt 48.007301330566406 -13.01140022277832
vt 48.01240158081055 -13.010000228881836
vt 48.011199951171875 -13.008700370788574
vt 48.01240158081055 -13.010000228881836
vt 48.007301330566406 -13.01140022277832
vt 48.00790023803711 -13.012999534606934
vt 48.00270080566406 -13.012299537658691
vt 48.00790023803711 -13.012999534606934
vt 48.007301330566406 -13.01140022277832
vt 48.00790023803711 -13.012999534606934
vt 48.00270080566406 -13.012299537658691
vt 48.00270080566406 -13.014100074768066
vt 48.00270080566406 -12.987700462341309
vt 47.99800109863281 -12.98859977722168
vt 48.00149917602539 -13
vt 48.007301330566406 -12.98859977722168
vt 48.00270080566406 -12.987700462341309
vt 48.00149917602539 -13
vt 48.011199951171875 -12.991299629211426
vt 48.007301330566406 -12.98859977722168
vt 48.00149917602539 -13
vt 48.01380157470703 -12.99530029296875
vt 48.011199951171875 -12.991299629211426
vt 48.00149917602539 -13
vt 48.01470184326172 -13
vt 48.01380157470703 -12.99530029296875
vt 48.00149917602539 -13
vt 48.01380157470703 -13.00469970703125
vt 48.01470184326172 -13
vt 48.00149917602539 -13
vt 48.011199951171875 -13.008700370788574
vt 48.01380157470703 -13.00469970703125
vt 48.00149917602539 -13
vt 48.007301330566406 -13.01140022277832
vt 48.011199951171875 -13.008700370788574
vt 48.00149917602539 -13
vt 48.00270080566406 -13.012299537658691
vt 48.007301330566406 -13.01140022277832
vt 48.00149917602539 -13
vt 48.00419998168945 -13.005800247192383
vt 48.00040054321289 -13.00529956817627
vt 48.000099182128906 -13.006699562072754
vt 48.00040054321289 -13.00529956817627
vt 48.00419998168945 -13.005800247192383
vt 48.00410079956055 -13.004400253295898
vt 48.00410079956055 -13.004400253295898
vt 48.00080108642578 -13.0024995803833
vt 48.00040054321289 -13.00529956817627
vt 48.00080108642578 -13.0024995803833
vt 48.00410079956055 -13.004400253295898
vt 48.00320053100586 -13.001899719238281
vt 48.0015983581543 -12.999899864196777
vt 48.00080108642578 -13.0024995803833
vt 48.00320053100586 -13.001899719238281
vt 48.00080108642578 -13.0024995803833
vt 48.0015983581543 -12.999899864196777
vt 48.0004997253418 -13.000200271606445
vt 48.00830078125 -13.000699996948242
vt 48.007301330566406 -12.996399879455566
vt 48.00619888305664 -12.997200012207031
vt 48.00830078125 -13.000699996948242
vt 48.00619888305664 -12.997200012207031
vt 48.00709915161133 -13.001099586486816
vt 48.00709915161133 -13.001099586486816
vt 48.00619888305664 -12.997200012207031
vt 48.00379943847656 -12.998700141906738
vt 48.00709915161133 -13.001099586486816
vt 48.00379943847656 -12.998700141906738
vt 48.004398345947266 -13.001399993896484
vt 48.00379943847656 -12.998700141906738
vt 48.00189971923828 -13.000900268554688
vt 48.004398345947266 -13.001399993896484
vt 48.00189971923828 -13.000900268554688
vt 48.00379943847656 -12.998700141906738
vt 48.00170135498047 -12.999600410461426
vt 48.00310134887695 -13.007200241088867
vt 48.00590133666992 -13.00469970703125
vt 48.003501892089844 -13.003800392150879
vt 48.00310134887695 -13.007200241088867
vt 48.003501892089844 -13.003800392150879
vt 48.0015983581543 -13.005499839782715
vt 48.003501892089844 -13.003800392150879
vt 48.00040054321289 -13.002799987792969
vt 48.0015983581543 -13.005499839782715
vt 48.00040054321289 -13.002799987792969
vt 48.003501892089844 -13.003800392150879
vt 48.001399993896484 -13.002099990844727
vt 48.00709915161133 -13.001099586486816
vt 48.00590133666992 -13.00469970703125
vt 48.00699996948242 -13.004799842834473
vt 48.00699996948242 -13.004799842834473
vt 48.00830078125 -13.000699996948242
vt 48.00709915161133 -13.001099586486816
vt 48.00590133666992 -13.00469970703125
vt 48.00709915161133 -13.001099586486816
vt 48.004398345947266 -13.001399993896484
vt 48.004398345947266 -13.001399993896484
vt 48.003501892089844 -13.003800392150879
vt 48.00590133666992 -13.00469970703125
vt 48.004398345947266 -13.001399993896484
vt 48.001399993896484 -13.002099990844727
vt 48.003501892089844 -13.003800392150879
vt 48.001399993896484 -13.002099990844727
vt 48.004398345947266 -13.001399993896484
vt 48.00189971923828 -13.000900268554688
vt 47.99760055541992 -13.001799583435059
vt 47.99660110473633 -13.005200386047363
vt 47.99829864501953 -13.0024995803833
vt 47.99660110473633 -13.005200386047363
vt 47.99760055541992 -13.001799583435059
vt 47.99489974975586 -13.003299713134766
vt 47.99760055541992 -13.001799583435059
vt 47.99829864501953 -13.0024995803833
vt 47.99919891357422 -13.001099586486816
vt 47.9989013671875 -13.000800132751465
vt 47.99760055541992 -13.001799583435059
vt 47.99919891357422 -13.001099586486816
vt 47.99319839477539 -12.99779987335205
vt 47.99319839477539 -12.994400024414062
vt 47.992000579833984 -12.998299598693848
vt 47.99319839477539 -12.994400024414062
vt 47.99319839477539 -12.99779987335205
vt 47.994300842285156 -12.994400024414062
vt 47.99589920043945 -12.997400283813477
vt 47.994300842285156 -12.994400024414062
vt 47.99319839477539 -12.99779987335205
vt 47.994300842285156 -12.994400024414062
vt 47.99589920043945 -12.997400283813477
vt 47.996700286865234 -12.995200157165527
vt 47.99589920043945 -12.997400283813477
vt 47.9989013671875 -12.996999740600586
vt 47.996700286865234 -12.995200157165527
vt 47.9989013671875 -12.996999740600586
vt 47.99589920043945 -12.997400283813477
vt 47.9984016418457 -12.998000144958496
vt 47.99409866333008 -13.008700370788574
vt 47.99800109863281 -13.01140022277832
vt 48.00149917602539 -13
vt 47.99800109863281 -13.01140022277832
vt 48.00270080566406 -13.012299537658691
vt 48.00149917602539 -13
vt 47.99150085449219 -13.00469970703125
vt 47.99409866333008 -13.008700370788574
vt 48.00149917602539 -13
vt 47.99409866333008 -12.991299629211426
vt 47.99150085449219 -12.99530029296875
vt 48.00149917602539 -13
vt 47.99800109863281 -12.98859977722168
vt 47.99409866333008 -12.991299629211426
vt 48.00149917602539 -13
vt 47.996700286865234 -12.995200157165527
vt 47.9989013671875 -12.996999740600586
vt 47.998600006103516 -12.993800163269043
vt 47.99980163574219 -12.996500015258789
vt 47.998600006103516 -12.993800163269043
vt 47.9989013671875 -12.996999740600586
vt 47.9989013671875 -12.996999740600586
vt 47.999900817871094 -12.998000144958496
vt 47.99980163574219 -12.996500015258789
vt 47.999900817871094 -12.998000144958496
vt 47.9989013671875 -12.996999740600586
vt 47.9995002746582 -12.998200416564941
vt 48.0005989074707 -12.991499900817871
vt 47.997100830078125 -12.992199897766113
vt 47.998600006103516 -12.993800163269043
vt 47.998600006103516 -12.993800163269043
vt 48.00090026855469 -12.993399620056152
vt 48.0005989074707 -12.991499900817871
vt 48.00090026855469 -12.993399620056152
vt 47.998600006103516 -12.993800163269043
vt 47.99980163574219 -12.996500015258789
vt 48.00080108642578 -12.996500015258789
vt 48.00090026855469 -12.993399620056152
vt 47.99980163574219 -12.996500015258789
vt 47.99980163574219 -12.996500015258789
vt 48.000301361083984 -12.998100280761719
vt 48.00080108642578 -12.996500015258789
vt 48.000301361083984 -12.998100280761719
vt 47.99980163574219 -12.996500015258789
vt 47.999900817871094 -12.998000144958496
vt 48.0015983581543 -13.005499839782715
vt 47.9994010925293 -13.00790023803711
vt 48.00310134887695 -13.007200241088867
vt 47.9994010925293 -13.00790023803711
vt 48.0015983581543 -13.005499839782715
vt 47.99909973144531 -13.005999565124512
vt 48.00040054321289 -13.002799987792969
vt 47.99909973144531 -13.005999565124512
vt 48.0015983581543 -13.005499839782715
vt 47.99909973144531 -13.005999565124512
vt 48.00040054321289 -13.002799987792969
vt 47.99919891357422 -13.002900123596191
vt 48.00040054321289 -13.002799987792969
vt 47.999698638916016 -13.001399993896484
vt 47.99919891357422 -13.002900123596191
vt 47.999698638916016 -13.001399993896484
vt 48.00040054321289 -13.002799987792969
vt 48.000301361083984 -13.001299858093262
vt 48.00230026245117 -12.999099731445312
vt 48.00550079345703 -12.998000144958496
vt 48.00239944458008 -12.998100280761719
vt 48.00550079345703 -12.998000144958496
vt 48.00230026245117 -12.999099731445312
vt 48.00490188598633 -13.000300407409668
vt 48.00239944458008 -12.998100280761719
vt 48.000999450683594 -12.998800277709961
vt 48.00230026245117 -12.999099731445312
vt 48.000999450683594 -12.999099731445312
vt 48.00230026245117 -12.999099731445312
vt 48.000999450683594 -12.998800277709961
vt 47.9921989440918 -13.000399589538574
vt 47.99489974975586 -12.99839973449707
vt 47.993099212646484 -12.996700286865234
vt 47.99489974975586 -12.99839973449707
vt 47.9921989440918 -13.000399589538574
vt 47.99420166015625 -13.000900268554688
vt 47.99420166015625 -13.000900268554688
vt 47.997398376464844 -12.999600410461426
vt 47.99489974975586 -12.99839973449707
vt 47.997398376464844 -12.999600410461426
vt 47.99420166015625 -13.000900268554688
vt 47.99729919433594 -13.000800132751465
vt 47.99869918823242 -13.000300407409668
vt 47.997398376464844 -12.999600410461426
vt 47.99729919433594 -13.000800132751465
vt 47.997398376464844 -12.999600410461426
vt 47.99869918823242 -13.000300407409668
vt 47.99869918823242 -12.999699592590332
vt 48.000301361083984 -12.998100280761719
vt 48.00149917602539 -12.996800422668457
vt 48.00080108642578 -12.996500015258789
vt 48.00149917602539 -12.996800422668457
vt 48.000301361083984 -12.998100280761719
vt 48.0005989074707 -12.998299598693848
vt 47.993099212646484 -13.003999710083008
vt 47.99420166015625 -13.000900268554688
vt 47.9921989440918 -13.000399589538574
vt 47.99420166015625 -13.000900268554688
vt 47.993099212646484 -13.003999710083008
vt 47.99489974975586 -13.003299713134766
vt 47.99489974975586 -13.003299713134766
vt 47.99729919433594 -13.000800132751465
vt 47.99420166015625 -13.000900268554688
vt 47.99729919433594 -13.000800132751465
vt 47.99489974975586 -13.003299713134766
vt 47.99760055541992 -13.001799583435059
vt 47.99729919433594 -13.000800132751465
vt 47.99760055541992 -13.001799583435059
vt 47.9989013671875 -13.000800132751465
vt 47.99869918823242 -13.000300407409668
vt 47.99729919433594 -13.000800132751465
vt 47.9989013671875 -13.000800132751465
vt 48.02840042114258 -12.988300323486328
vt 48.00830078125 -12.996500015258789
vt 48.03070068359375 -13
vt 48.03070068359375 -13
vt 48.04990005493164 -12.979299545288086
vt 48.02840042114258 -12.988300323486328
vt 48.00830078125 -12.996500015258789
vt 48.00279998779297 -12.997200012207031
vt 48.00360107421875 -12.998499870300293
vt 48.00360107421875 -13.001500129699707
vt 48.00899887084961 -13
vt 48.00389862060547 -13
vt 48.00389862060547 -13
vt 48.00899887084961 -13
vt 48.00360107421875 -12.998499870300293
vt 48.00830078125 -12.996500015258789
vt 48.00360107421875 -12.998499870300293
vt 48.00899887084961 -13
vt 48.00899887084961 -13
vt 48.03070068359375 -13
vt 48.00830078125 -12.996500015258789
vt 48.00899887084961 -13
vt 48.00360107421875 -13.001500129699707
vt 48.00830078125 -13.003499984741211
vt 48.00279998779297 -13.002799987792969
vt 48.00830078125 -13.003499984741211
vt 48.00360107421875 -13.001500129699707
vt 48.00830078125 -13.003499984741211
vt 48.03070068359375 -13
vt 48.00899887084961 -13
vt 48.00149917602539 -13.003700256347656
vt 48.00640106201172 -13.006400108337402
vt 48.00279998779297 -13.002799987792969
vt 48.00830078125 -13.003499984741211
vt 48.00279998779297 -13.002799987792969
vt 48.00640106201172 -13.006400108337402
vt 48 -13.003999710083008
vt 48.00339889526367 -13.008399963378906
vt 48.00149917602539 -13.003700256347656
vt 48.00640106201172 -13.006400108337402
vt 48.00149917602539 -13.003700256347656
vt 48.00339889526367 -13.008399963378906
vt 48.00339889526367 -13.008399963378906
vt 48 -13.003999710083008
vt 48 -13.009099960327148
vt 48.00640106201172 -13.006400108337402
vt 48.02840042114258 -13.011699676513672
vt 48.00830078125 -13.003499984741211
vt 48.03070068359375 -13
vt 48.00830078125 -13.003499984741211
vt 48.02840042114258 -13.011699676513672
vt 48.00339889526367 -13.008399963378906
vt 48.02170181274414 -13.021699905395508
vt 48.00640106201172 -13.006400108337402
vt 48.02840042114258 -13.011699676513672
vt 48.00640106201172 -13.006400108337402
vt 48.02170181274414 -13.021699905395508
vt 48 -13.009099960327148
vt 48.01169967651367 -13.028400421142578
vt 48.00339889526367 -13.008399963378906
vt 48.02170181274414 -13.021699905395508
vt 48.00339889526367 -13.008399963378906
vt 48.01169967651367 -13.028400421142578
vt 48.01169967651367 -13.028400421142578
vt 48 -13.009099960327148
vt 48 -13.030699729919434
vt 48.03820037841797 -13.038200378417969
vt 48.02840042114258 -13.011699676513672
vt 48.02170181274414 -13.021699905395508
vt 48.01169967651367 -13.028400421142578
vt 48.03820037841797 -13.038200378417969
vt 48.02170181274414 -13.021699905395508
vt 48.02840042114258 -13.011699676513672
vt 48.04990005493164 -13.020700454711914
vt 48.03070068359375 -13
vt 48.03820037841797 -13.038200378417969
vt 48.04990005493164 -13.020700454711914
vt 48.02840042114258 -13.011699676513672
vt 48 -13.030699729919434
vt 48.02069854736328 -13.04990005493164
vt 48.01169967651367 -13.028400421142578
vt 48.03820037841797 -13.038200378417969
vt 48.01169967651367 -13.028400421142578
vt 48.02069854736328 -13.04990005493164
vt 48.02069854736328 -13.04990005493164
vt 48 -13.030699729919434
vt 48 -13.053999900817871
vt 48.052398681640625 -13.052399635314941
vt 48.04990005493164 -13.020700454711914
vt 48.03820037841797 -13.038200378417969
vt 48.02069854736328 -13.04990005493164
vt 48.052398681640625 -13.052399635314941
vt 48.03820037841797 -13.038200378417969
vt 48.052398681640625 -13.052399635314941
vt 48.02069854736328 -13.04990005493164
vt 48.02840042114258 -13.068499565124512
vt 48 -13.053999900817871
vt 48.02840042114258 -13.068499565124512
vt 48.02069854736328 -13.04990005493164
vt 48.02840042114258 -13.068499565124512
vt 48 -13.053999900817871
vt 48 -13.07409954071045
vt 48.04990005493164 -13.020700454711914
vt 48.052398681640625 -13.052399635314941
vt 48.06850051879883 -13.028400421142578
vt 48.05400085449219 -13
vt 48.04990005493164 -13.020700454711914
vt 48.06850051879883 -13.028400421142578
vt 48.04990005493164 -13.020700454711914
vt 48.05400085449219 -13
vt 48.03070068359375 -13
vt 48.06850051879883 -13.028400421142578
vt 48.074100494384766 -13
vt 48.05400085449219 -13
vt 48.04990005493164 -12.979299545288086
vt 48.03070068359375 -13
vt 48.05400085449219 -13
vt 48.06850051879883 -12.971599578857422
vt 48.05400085449219 -13
vt 48.074100494384766 -13
vt 48.05400085449219 -13
vt 48.06850051879883 -12.971599578857422
vt 48.04990005493164 -12.979299545288086
vt 47.99250030517578 -12.995800018310547
vt 47.99580001831055 -12.994099617004395
vt 47.995601654052734 -12.992899894714355
vt 47.99580001831055 -12.994099617004395
vt 47.99250030517578 -12.995800018310547
vt 47.993099212646484 -12.996700286865234
vt 47.993099212646484 -12.996700286865234
vt 47.996700286865234 -12.996600151062012
vt 47.99580001831055 -12.994099617004395
vt 47.996700286865234 -12.996600151062012
vt 47.993099212646484 -12.996700286865234
vt 47.99489974975586 -12.99839973449707
vt 47.99489974975586 -12.99839973449707
vt 47.997398376464844 -12.999600410461426
vt 47.996700286865234 -12.996600151062012
vt 47.996700286865234 -12.996600151062012
vt 47.997398376464844 -12.999600410461426
vt 47.998199462890625 -12.998700141906738
vt 48.00339889526367 -12.99429988861084
vt 48.007301330566406 -12.996399879455566
vt 48.00419998168945 -12.9931001663208
vt 48.007301330566406 -12.996399879455566
vt 48.00339889526367 -12.99429988861084
vt 48.00619888305664 -12.997200012207031
vt 48.00189971923828 -12.996700286865234
vt 48.00619888305664 -12.997200012207031
vt 48.00339889526367 -12.99429988861084
vt 48.00619888305664 -12.997200012207031
vt 48.00189971923828 -12.996700286865234
vt 48.00379943847656 -12.998700141906738
vt 48.00189971923828 -12.996700286865234
vt 48.00170135498047 -12.999600410461426
vt 48.00379943847656 -12.998700141906738
vt 48.00170135498047 -12.999600410461426
vt 48.00189971923828 -12.996700286865234
vt 48.00080108642578 -12.998600006103516
vt 47.94599914550781 -13
vt 47.93149948120117 -12.971599578857422
vt 47.925899505615234 -13
vt 47.93149948120117 -13.028400421142578
vt 47.94599914550781 -13
vt 47.925899505615234 -13
vt 47.93149948120117 -12.971599578857422
vt 47.94599914550781 -13
vt 47.95009994506836 -12.979299545288086
vt 47.93149948120117 -12.971599578857422
vt 47.95009994506836 -12.979299545288086
vt 47.947601318359375 -12.947600364685059
vt 47.94599914550781 -13
vt 47.93149948120117 -13.028400421142578
vt 47.95009994506836 -13.020700454711914
vt 47.947601318359375 -13.052399635314941
vt 47.95009994506836 -13.020700454711914
vt 47.93149948120117 -13.028400421142578
vt 47.96929931640625 -13
vt 47.95009994506836 -12.979299545288086
vt 47.94599914550781 -13
vt 47.95009994506836 -13.020700454711914
vt 47.96929931640625 -13
vt 47.94599914550781 -13
vt 47.947601318359375 -12.947600364685059
vt 47.95009994506836 -12.979299545288086
vt 47.96179962158203 -12.961799621582031
vt 47.95009994506836 -13.020700454711914
vt 47.947601318359375 -13.052399635314941
vt 47.96179962158203 -13.038200378417969
vt 47.96179962158203 -13.038200378417969
vt 47.947601318359375 -13.052399635314941
vt 47.97930145263672 -13.04990005493164
vt 47.947601318359375 -13.052399635314941
vt 47.97159957885742 -13.068499565124512
vt 47.97930145263672 -13.04990005493164
vt 48 -13.07409954071045
vt 47.97930145263672 -13.04990005493164
vt 47.97159957885742 -13.068499565124512
vt 47.97930145263672 -13.04990005493164
vt 48 -13.07409954071045
vt 48 -13.053999900817871
vt 48 -13.053999900817871
vt 48 -13.030699729919434
vt 47.97930145263672 -13.04990005493164
vt 47.96179962158203 -13.038200378417969
vt 47.97159957885742 -13.011699676513672
vt 47.95009994506836 -13.020700454711914
vt 47.96929931640625 -13
vt 47.95009994506836 -13.020700454711914
vt 47.97159957885742 -13.011699676513672
vt 47.97930145263672 -13.04990005493164
vt 47.97829818725586 -13.021699905395508
vt 47.96179962158203 -13.038200378417969
vt 47.97159957885742 -13.011699676513672
vt 47.96179962158203 -13.038200378417969
vt 47.97829818725586 -13.021699905395508
vt 47.97930145263672 -13.04990005493164
vt 48 -13.030699729919434
vt 47.98830032348633 -13.028400421142578
vt 47.97829818725586 -13.021699905395508
vt 47.97930145263672 -13.04990005493164
vt 47.98830032348633 -13.028400421142578
vt 48 -13.030699729919434
vt 48 -13.009099960327148
vt 47.98830032348633 -13.028400421142578
vt 47.98830032348633 -13.028400421142578
vt 48 -13.009099960327148
vt 47.99660110473633 -13.008399963378906
vt 47.98830032348633 -13.028400421142578
vt 47.99660110473633 -13.008399963378906
vt 47.97829818725586 -13.021699905395508
vt 48 -13.009099960327148
vt 48 -13.003999710083008
vt 47.99660110473633 -13.008399963378906
vt 47.97159957885742 -13.011699676513672
vt 47.97829818725586 -13.021699905395508
vt 47.99359893798828 -13.006400108337402
vt 47.99359893798828 -13.006400108337402
vt 47.97829818725586 -13.021699905395508
vt 47.99660110473633 -13.008399963378906
vt 47.99660110473633 -13.008399963378906
vt 48 -13.003999710083008
vt 47.99850082397461 -13.003700256347656
vt 47.99660110473633 -13.008399963378906
vt 47.99850082397461 -13.003700256347656
vt 47.99359893798828 -13.006400108337402
vt 47.99169921875 -13.003499984741211
vt 47.97159957885742 -13.011699676513672
vt 47.99359893798828 -13.006400108337402
vt 47.99169921875 -13.003499984741211
vt 47.96929931640625 -13
vt 47.97159957885742 -13.011699676513672
vt 47.99720001220703 -13.002799987792969
vt 47.99359893798828 -13.006400108337402
vt 47.99850082397461 -13.003700256347656
vt 47.99169921875 -13.003499984741211
vt 47.99359893798828 -13.006400108337402
vt 47.99720001220703 -13.002799987792969
vt 47.996299743652344 -13.001500129699707
vt 47.99169921875 -13.003499984741211
vt 47.99720001220703 -13.002799987792969
vt 47.99100112915039 -13
vt 47.996299743652344 -13.001500129699707
vt 47.99599838256836 -13
vt 47.996299743652344 -13.001500129699707
vt 47.99100112915039 -13
vt 47.99169921875 -13.003499984741211
vt 47.96929931640625 -13
vt 47.99169921875 -13.003499984741211
vt 47.99100112915039 -13
vt 47.996299743652344 -12.998499870300293
vt 47.99100112915039 -13
vt 47.99599838256836 -13
vt 47.99169921875 -12.996500015258789
vt 47.96929931640625 -13
vt 47.99100112915039 -13
vt 47.99100112915039 -13
vt 47.996299743652344 -12.998499870300293
vt 47.99169921875 -12.996500015258789
vt 48.000099182128906 -13.006699562072754
vt 47.996700286865234 -13.004199981689453
vt 47.99589920043945 -13.005399703979492
vt 47.996700286865234 -13.004199981689453
vt 48.000099182128906 -13.006699562072754
vt 48.00040054321289 -13.00529956817627
vt 48.00040054321289 -13.00529956817627
vt 47.99829864501953 -13.001799583435059
vt 47.996700286865234 -13.004199981689453
vt 47.99829864501953 -13.001799583435059
vt 48.00040054321289 -13.00529956817627
vt 48.00080108642578 -13.0024995803833
vt 48.00080108642578 -13.0024995803833
vt 48.0004997253418 -13.000200271606445
vt 47.99829864501953 -13.001799583435059
vt 47.99829864501953 -13.001799583435059
vt 48.0004997253418 -13.000200271606445
vt 47.9994010925293 -12.999899864196777
vt 48.00490188598633 -13.000300407409668
vt 48.00749969482422 -12.998600006103516
vt 48.00550079345703 -12.998000144958496
vt 48.00749969482422 -12.998600006103516
vt 48.00490188598633 -13.000300407409668
vt 48.00659942626953 -13.001999855041504
vt 47.99720001220703 -12.997200012207031
vt 47.99169921875 -12.996500015258789
vt 47.996299743652344 -12.998499870300293
vt 47.96929931640625 -13
vt 47.99169921875 -12.996500015258789
vt 47.97159957885742 -12.988300323486328
vt 47.95009994506836 -12.979299545288086
vt 47.96929931640625 -13
vt 47.97159957885742 -12.988300323486328
vt 47.95009994506836 -12.979299545288086
vt 47.97159957885742 -12.988300323486328
vt 47.96179962158203 -12.961799621582031
vt 47.99359893798828 -12.993599891662598
vt 47.97159957885742 -12.988300323486328
vt 47.99169921875 -12.996500015258789
vt 47.99169921875 -12.996500015258789
vt 47.99720001220703 -12.997200012207031
vt 47.99359893798828 -12.993599891662598
vt 47.96179962158203 -12.961799621582031
vt 47.97159957885742 -12.988300323486328
vt 47.97829818725586 -12.978300094604492
vt 47.97159957885742 -12.988300323486328
vt 47.99359893798828 -12.993599891662598
vt 47.97829818725586 -12.978300094604492
vt 47.98830032348633 -12.971599578857422
vt 47.96179962158203 -12.961799621582031
vt 47.97829818725586 -12.978300094604492
vt 47.99660110473633 -12.991600036621094
vt 47.97829818725586 -12.978300094604492
vt 47.99359893798828 -12.993599891662598
vt 47.97829818725586 -12.978300094604492
vt 47.99660110473633 -12.991600036621094
vt 47.98830032348633 -12.971599578857422
vt 47.99850082397461 -12.996299743652344
vt 47.99359893798828 -12.993599891662598
vt 47.99720001220703 -12.997200012207031
vt 47.99359893798828 -12.993599891662598
vt 47.99850082397461 -12.996299743652344
vt 47.99660110473633 -12.991600036621094
vt 47.96179962158203 -12.961799621582031
vt 47.98830032348633 -12.971599578857422
vt 47.97930145263672 -12.95009994506836
vt 47.97930145263672 -12.95009994506836
vt 47.947601318359375 -12.947600364685059
vt 47.96179962158203 -12.961799621582031
vt 47.947601318359375 -12.947600364685059
vt 47.97930145263672 -12.95009994506836
vt 47.97159957885742 -12.931500434875488
vt 48 -12.946000099182129
vt 47.97159957885742 -12.931500434875488
vt 47.97930145263672 -12.95009994506836
vt 47.97159957885742 -12.931500434875488
vt 48 -12.946000099182129
vt 48 -12.92590045928955
vt 48 -12.946000099182129
vt 48.02840042114258 -12.931500434875488
vt 48 -12.92590045928955
vt 47.97930145263672 -12.95009994506836
vt 48 -12.969300270080566
vt 48 -12.946000099182129
vt 48 -12.969300270080566
vt 47.97930145263672 -12.95009994506836
vt 47.98830032348633 -12.971599578857422
vt 48.02840042114258 -12.931500434875488
vt 48 -12.946000099182129
vt 48.02069854736328 -12.95009994506836
vt 48 -12.969300270080566
vt 48.02069854736328 -12.95009994506836
vt 48 -12.946000099182129
vt 48.02069854736328 -12.95009994506836
vt 48.052398681640625 -12.947600364685059
vt 48.02840042114258 -12.931500434875488
vt 47.98830032348633 -12.971599578857422
vt 48 -12.990900039672852
vt 48 -12.969300270080566
vt 48 -12.990900039672852
vt 47.98830032348633 -12.971599578857422
vt 47.99660110473633 -12.991600036621094
vt 48.02069854736328 -12.95009994506836
vt 48 -12.969300270080566
vt 48.01169967651367 -12.971599578857422
vt 48 -12.990900039672852
vt 48.01169967651367 -12.971599578857422
vt 48 -12.969300270080566
vt 48.052398681640625 -12.947600364685059
vt 48.02069854736328 -12.95009994506836
vt 48.03820037841797 -12.961799621582031
vt 48.01169967651367 -12.971599578857422
vt 48.03820037841797 -12.961799621582031
vt 48.02069854736328 -12.95009994506836
vt 48.04990005493164 -12.979299545288086
vt 48.052398681640625 -12.947600364685059
vt 48.03820037841797 -12.961799621582031
vt 48.052398681640625 -12.947600364685059
vt 48.04990005493164 -12.979299545288086
vt 48.06850051879883 -12.971599578857422
vt 48.03820037841797 -12.961799621582031
vt 48.01169967651367 -12.971599578857422
vt 48.02170181274414 -12.978300094604492
vt 47.99660110473633 -12.991600036621094
vt 48 -12.996000289916992
vt 48 -12.990900039672852
vt 48 -12.996000289916992
vt 47.99660110473633 -12.991600036621094
vt 47.99850082397461 -12.996299743652344
vt 48.01169967651367 -12.971599578857422
vt 48 -12.990900039672852
vt 48.00339889526367 -12.991600036621094
vt 48 -12.996000289916992
vt 48.00339889526367 -12.991600036621094
vt 48 -12.990900039672852
vt 48.00339889526367 -12.991600036621094
vt 48.02170181274414 -12.978300094604492
vt 48.01169967651367 -12.971599578857422
vt 48.00339889526367 -12.991600036621094
vt 48 -12.996000289916992
vt 48.00149917602539 -12.996299743652344
vt 48.02170181274414 -12.978300094604492
vt 48.00339889526367 -12.991600036621094
vt 48.00640106201172 -12.993599891662598
vt 48.00149917602539 -12.996299743652344
vt 48.00640106201172 -12.993599891662598
vt 48.00339889526367 -12.991600036621094
vt 48.02840042114258 -12.988300323486328
vt 48.03820037841797 -12.961799621582031
vt 48.02170181274414 -12.978300094604492
vt 48.00640106201172 -12.993599891662598
vt 48.02840042114258 -12.988300323486328
vt 48.02170181274414 -12.978300094604492
vt 48.03820037841797 -12.961799621582031
vt 48.02840042114258 -12.988300323486328
vt 48.04990005493164 -12.979299545288086
vt 48.00640106201172 -12.993599891662598
vt 48.00149917602539 -12.996299743652344
vt 48.00279998779297 -12.997200012207031
vt 48.02840042114258 -12.988300323486328
vt 48.00640106201172 -12.993599891662598
vt 48.00830078125 -12.996500015258789
vt 48.00279998779297 -12.997200012207031
vt 48.00830078125 -12.996500015258789
vt 48.00640106201172 -12.993599891662598
vt 47.99290084838867 -13.002300262451172
vt 47.99589920043945 -13.005399703979492
vt 47.996700286865234 -13.004199981689453
vt 47.996700286865234 -13.004199981689453
vt 47.99399948120117 -13.001399993896484
vt 47.99290084838867 -13.002300262451172
vt 47.99399948120117 -13.001399993896484
vt 47.996700286865234 -13.004199981689453
vt 47.99829864501953 -13.001799583435059
vt 47.99829864501953 -13.001799583435059
vt 47.996498107910156 -12.999899864196777
vt 47.99399948120117 -13.001399993896484
vt 47.99829864501953 -13.001799583435059
vt 47.998600006103516 -12.999099731445312
vt 47.996498107910156 -12.999899864196777
vt 47.998600006103516 -12.999099731445312
vt 47.99829864501953 -13.001799583435059
vt 47.9994010925293 -12.999899864196777
vt 48.001399993896484 -13.002099990844727
vt 48.000301361083984 -13.001299858093262
vt 48.00040054321289 -13.002799987792969
vt 48.000301361083984 -13.001299858093262
vt 48.001399993896484 -13.002099990844727
vt 48.00080108642578 -13.00100040435791
vt 47.999900817871094 -12.991800308227539
vt 48.00339889526367 -12.99429988861084
vt 48.00419998168945 -12.9931001663208
vt 48.00339889526367 -12.99429988861084
vt 47.999900817871094 -12.991800308227539
vt 47.99959945678711 -12.9931001663208
vt 47.99959945678711 -12.9931001663208
vt 48.00189971923828 -12.996700286865234
vt 48.00339889526367 -12.99429988861084
vt 48.00189971923828 -12.996700286865234
vt 47.99959945678711 -12.9931001663208
vt 47.99919891357422 -12.99590015411377
vt 47.9995002746582 -12.998299598693848
vt 48.00189971923828 -12.996700286865234
vt 47.99919891357422 -12.99590015411377
vt 48.00189971923828 -12.996700286865234
vt 47.9995002746582 -12.998299598693848
vt 48.00080108642578 -12.998600006103516
vt 48.007198333740234 -13.003000259399414
vt 48.00410079956055 -13.004400253295898
vt 48.00419998168945 -13.005800247192383
vt 48.00410079956055 -13.004400253295898
vt 48.007198333740234 -13.003000259399414
vt 48.00659942626953 -13.001999855041504
vt 48.00659942626953 -13.001999855041504
vt 48.00320053100586 -13.001899719238281
vt 48.00410079956055 -13.004400253295898
vt 48.00320053100586 -13.001899719238281
vt 48.00659942626953 -13.001999855041504
vt 48.00490188598633 -13.000300407409668
vt 48.00320053100586 -13.001899719238281
vt 48.00490188598633 -13.000300407409668
vt 48.00230026245117 -12.999099731445312
vt 48.00320053100586 -13.001899719238281
vt 48.00230026245117 -12.999099731445312
vt 48.0015983581543 -12.999899864196777
vt 47.992000579833984 -12.998299598693848
vt 47.99290084838867 -13.002300262451172
vt 47.99399948120117 -13.001399993896484
vt 47.99399948120117 -13.001399993896484
vt 47.99319839477539 -12.99779987335205
vt 47.992000579833984 -12.998299598693848
vt 47.996498107910156 -12.999899864196777
vt 47.99319839477539 -12.99779987335205
vt 47.99399948120117 -13.001399993896484
vt 47.99319839477539 -12.99779987335205
vt 47.996498107910156 -12.999899864196777
vt 47.99589920043945 -12.997400283813477
vt 47.996498107910156 -12.999899864196777
vt 47.9984016418457 -12.998000144958496
vt 47.99589920043945 -12.997400283813477
vt 47.9984016418457 -12.998000144958496
vt 47.996498107910156 -12.999899864196777
vt 47.998600006103516 -12.999099731445312
vt 47.997398376464844 -12.999600410461426
vt 47.99869918823242 -12.999699592590332
vt 47.998199462890625 -12.998700141906738
vt 47.995601654052734 -12.992899894714355
vt 47.99959945678711 -12.9931001663208
vt 47.999900817871094 -12.991800308227539
vt 47.99959945678711 -12.9931001663208
vt 47.995601654052734 -12.992899894714355
vt 47.99580001831055 -12.994099617004395
vt 47.99580001831055 -12.994099617004395
vt 47.99919891357422 -12.99590015411377
vt 47.99959945678711 -12.9931001663208
vt 47.99919891357422 -12.99590015411377
vt 47.99580001831055 -12.994099617004395
vt 47.996700286865234 -12.996600151062012
vt 47.99919891357422 -12.99590015411377
vt 47.996700286865234 -12.996600151062012
vt 47.998199462890625 -12.998700141906738
vt 47.9995002746582 -12.998299598693848
vt 47.99919891357422 -12.99590015411377
vt 47.998199462890625 -12.998700141906738
vt 47.997100830078125 -12.992199897766113
vt 47.994300842285156 -12.994400024414062
vt 47.996700286865234 -12.995200157165527
vt 47.997100830078125 -12.992199897766113
vt 47.996700286865234 -12.995200157165527
vt 47.998600006103516 -12.993800163269043
vt 48.00659942626953 -12.99530029296875
vt 48.00550079345703 -12.998000144958496
vt 48.00749969482422 -12.998600006103516
vt 48.00550079345703 -12.998000144958496
vt 48.00659942626953 -12.99530029296875
vt 48.00490188598633 -12.995800018310547
vt 48.00490188598633 -12.995800018310547
vt 48.00239944458008 -12.998100280761719
vt 48.00550079345703 -12.998000144958496
vt 48.00239944458008 -12.998100280761719
vt 48.00490188598633 -12.995800018310547
vt 48.00210189819336 -12.997400283813477
vt 48.00210189819336 -12.997400283813477
vt 48.00080108642578 -12.998499870300293
vt 48.00239944458008 -12.998100280761719
vt 48.00239944458008 -12.998100280761719
vt 48.00080108642578 -12.998499870300293
vt 48.000999450683594 -12.998800277709961
vt 47.99570083618164 -13.006699562072754
vt 47.9994010925293 -13.00790023803711
vt 47.99909973144531 -13.005999565124512
vt 47.99570083618164 -13.006699562072754
vt 47.99909973144531 -13.005999565124512
vt 47.99660110473633 -13.005200386047363
vt 47.99909973144531 -13.005999565124512
vt 47.99919891357422 -13.002900123596191
vt 47.99660110473633 -13.005200386047363
vt 47.99829864501953 -13.0024995803833
vt 47.99660110473633 -13.005200386047363
vt 47.99919891357422 -13.002900123596191
vt 47.99919891357422 -13.002900123596191
vt 47.99919891357422 -13.001099586486816
vt 47.99829864501953 -13.0024995803833
vt 47.99919891357422 -13.001099586486816
vt 47.99919891357422 -13.002900123596191
vt 47.999698638916016 -13.001399993896484
vt 48.00090026855469 -12.993399620056152
vt 48.00410079956055 -12.99269962310791
vt 48.0005989074707 -12.991499900817871
vt 48.00410079956055 -12.99269962310791
vt 48.00090026855469 -12.993399620056152
vt 48.00320053100586 -12.994099617004395
vt 48.00080108642578 -12.996500015258789
vt 48.00320053100586 -12.994099617004395
vt 48.00090026855469 -12.993399620056152
vt 48.00320053100586 -12.994099617004395
vt 48.00080108642578 -12.996500015258789
vt 48.00149917602539 -12.996800422668457
vt 47.99570083618164 -13.006699562072754
vt 47.99489974975586 -13.003299713134766
vt 47.993099212646484 -13.003999710083008
vt 47.99489974975586 -13.003299713134766
vt 47.99570083618164 -13.006699562072754
vt 47.99660110473633 -13.005200386047363
vt 48.00490188598633 -12.995800018310547
vt 48.00410079956055 -12.99269962310791
vt 48.00320053100586 -12.994099617004395
vt 48.00410079956055 -12.99269962310791
vt 48.00490188598633 -12.995800018310547
vt 48.00659942626953 -12.99530029296875
vt 48.00320053100586 -12.994099617004395
vt 48.00210189819336 -12.997400283813477
vt 48.00490188598633 -12.995800018310547
vt 48.00210189819336 -12.997400283813477
vt 48.00320053100586 -12.994099617004395
vt 48.00149917602539 -12.996800422668457
vt 48.0005989074707 -12.998299598693848
vt 48.00210189819336 -12.997400283813477
vt 48.00149917602539 -12.996800422668457
vt 48.00210189819336 -12.997400283813477
vt 48.0005989074707 -12.998299598693848
vt 48.00080108642578 -12.998499870300293
vt 48.037601470947266 -12.996399879455566
vt 48.063899993896484 -12.970999717712402
vt 48.03459930419922 -12.970999717712402
vt 47.92940139770508 -13.055000305175781
vt 47.96179962158203 -13.055000305175781
vt 47.96099853515625 -13.026000022888184
vt 47.96179962158203 -13.055000305175781
vt 48 -13.026000022888184
vt 47.96099853515625 -13.026000022888184
vt 47.96179962158203 -13.055000305175781
vt 47.92940139770508 -13.055000305175781
vt 47.937599182128906 -13.081399917602539
vt 47.96179962158203 -13.055000305175781
vt 48 -13.055000305175781
vt 48 -13.026000022888184
vt 47.937599182128906 -13.081399917602539
vt 47.96630096435547 -13.081399917602539
vt 47.96179962158203 -13.055000305175781
vt 47.96630096435547 -13.081399917602539
vt 48 -13.055000305175781
vt 47.96179962158203 -13.055000305175781
vt 47.96630096435547 -13.081399917602539
vt 48 -13.081399917602539
vt 48 -13.055000305175781
vt 48 -13.081399917602539
vt 47.96630096435547 -13.081399917602539
vt 47.97159957885742 -13.097599983215332
vt 47.97159957885742 -13.097599983215332
vt 48 -13.097599983215332
vt 48 -13.081399917602539
vt 48.02840042114258 -13.097599983215332
vt 48 -13.081399917602539
vt 48 -13.097599983215332
vt 48 -13.081399917602539
vt 48.02840042114258 -13.097599983215332
vt 48.03369903564453 -13.081399917602539
vt 48.03369903564453 -13.081399917602539
vt 48 -13.055000305175781
vt 48 -13.081399917602539
vt 48 -13.055000305175781
vt 48.03369903564453 -13.081399917602539
vt 48.03820037841797 -13.055000305175781
vt 48.062400817871094 -13.081399917602539
vt 48.03820037841797 -13.055000305175781
vt 48.03369903564453 -13.081399917602539
vt 48.03820037841797 -13.055000305175781
vt 48 -13.026000022888184
vt 48 -13.055000305175781
vt 48 -13.026000022888184
vt 48.03820037841797 -13.055000305175781
vt 48.03900146484375 -13.026000022888184
vt 48 -13.026000022888184
vt 48.03900146484375 -13.026000022888184
vt 48.037601470947266 -12.996399879455566
vt 48.03820037841797 -13.055000305175781
vt 48.062400817871094 -13.081399917602539
vt 48.07059860229492 -13.055000305175781
vt 48.07059860229492 -13.055000305175781
vt 48.03900146484375 -13.026000022888184
vt 48.03820037841797 -13.055000305175781
vt 48.03900146484375 -13.026000022888184
vt 48.07059860229492 -13.055000305175781
vt 48.07210159301758 -13.026000022888184
vt 48.03900146484375 -13.026000022888184
vt 48.06949996948242 -12.996399879455566
vt 48.037601470947266 -12.996399879455566
vt 48.03900146484375 -13.026000022888184
vt 48.07210159301758 -13.026000022888184
vt 48.06949996948242 -12.996399879455566
vt 48.037601470947266 -12.996399879455566
vt 48.06949996948242 -12.996399879455566
vt 48.063899993896484 -12.970999717712402
vt 48.052398681640625 -12.947400093078613
vt 48.03459930419922 -12.970999717712402
vt 48.063899993896484 -12.970999717712402
vt 48.03459930419922 -12.970999717712402
vt 48.052398681640625 -12.947400093078613
vt 48.02840042114258 -12.947400093078613
vt 47.936100006103516 -12.970999717712402
vt 47.96540069580078 -12.970999717712402
vt 47.947601318359375 -12.947400093078613
vt 47.947601318359375 -12.947400093078613
vt 47.96540069580078 -12.970999717712402
vt 47.97159957885742 -12.947400093078613
vt 48 -12.970999717712402
vt 47.97159957885742 -12.947400093078613
vt 47.96540069580078 -12.970999717712402
vt 47.97159957885742 -12.947400093078613
vt 48 -12.970999717712402
vt 48 -12.947400093078613
vt 48 -12.970999717712402
vt 48.02840042114258 -12.947400093078613
vt 48 -12.947400093078613
vt 48.02840042114258 -12.947400093078613
vt 48 -12.970999717712402
vt 48.03459930419922 -12.970999717712402
vt 47.962398529052734 -12.996399879455566
vt 47.936100006103516 -12.970999717712402
vt 47.93050003051758 -12.996399879455566
vt 47.936100006103516 -12.970999717712402
vt 47.962398529052734 -12.996399879455566
vt 47.96540069580078 -12.970999717712402
vt 47.96099853515625 -13.026000022888184
vt 47.93050003051758 -12.996399879455566
vt 47.92789840698242 -13.026000022888184
vt 47.93050003051758 -12.996399879455566
vt 47.96099853515625 -13.026000022888184
vt 47.962398529052734 -12.996399879455566
vt 47.92940139770508 -13.055000305175781
vt 47.96099853515625 -13.026000022888184
vt 47.92789840698242 -13.026000022888184
vt 48 -12.996399879455566
vt 47.96540069580078 -12.970999717712402
vt 47.962398529052734 -12.996399879455566
vt 47.96540069580078 -12.970999717712402
vt 48 -12.996399879455566
vt 48 -12.970999717712402
vt 48 -12.996399879455566
vt 48.03459930419922 -12.970999717712402
vt 48 -12.970999717712402
vt 47.962398529052734 -12.996399879455566
vt 48 -13.026000022888184
vt 48 -12.996399879455566
vt 48 -13.026000022888184
vt 47.962398529052734 -12.996399879455566
vt 47.96099853515625 -13.026000022888184
vt 48 -12.996399879455566
vt 48.037601470947266 -12.996399879455566
vt 48.03459930419922 -12.970999717712402
vt 48 -13.026000022888184
vt 48.037601470947266 -12.996399879455566
vt 48 -12.996399879455566
vt 48.002899169921875 -12.891799926757812
vt 47.99959945678711 -12.893500328063965
vt 48.003700256347656 -12.892800331115723
vt 47.99959945678711 -12.893500328063965
vt 48.002899169921875 -12.891799926757812
vt 47.9994010925293 -12.892399787902832
vt 47.99959945678711 -12.892999649047852
vt 48.000301361083984 -12.892200469970703
vt 47.999698638916016 -12.891900062561035
vt 48.000301361083984 -12.892200469970703
vt 47.99959945678711 -12.892999649047852
vt 48 -12.893199920654297
vt 47.998199462890625 -12.881999969482422
vt 48.000999450683594 -12.888699531555176
vt 48.001399993896484 -12.881400108337402
vt 48.00239944458008 -12.888400077819824
vt 48.001399993896484 -12.881400108337402
vt 48.000999450683594 -12.888699531555176
vt 48.001399993896484 -12.881400108337402
vt 47.99729919433594 -12.876099586486816
vt 47.998199462890625 -12.881999969482422
vt 48.001399993896484 -12.881400108337402
vt 48.00239944458008 -12.888400077819824
vt 48.00419998168945 -12.880800247192383
vt 47.99729919433594 -12.876099586486816
vt 48.001399993896484 -12.881400108337402
vt 48.002601623535156 -12.875
vt 48.00419998168945 -12.880800247192383
vt 48.002601623535156 -12.875
vt 48.001399993896484 -12.881400108337402
vt 48.002601623535156 -12.875
vt 48.00419998168945 -12.880800247192383
vt 48.00709915161133 -12.874099731445312
vt 47.99729919433594 -12.876099586486816
vt 47.99489974975586 -12.882699966430664
vt 47.998199462890625 -12.881999969482422
vt 47.997798919677734 -12.889399528503418
vt 47.998199462890625 -12.881999969482422
vt 47.99489974975586 -12.882699966430664
vt 47.99489974975586 -12.882699966430664
vt 47.99729919433594 -12.876099586486816
vt 47.99209976196289 -12.87720012664795
vt 47.99489974975586 -12.882699966430664
vt 47.996498107910156 -12.889699935913086
vt 47.997798919677734 -12.889399528503418
vt 47.99720001220703 -12.894399642944336
vt 47.997798919677734 -12.889399528503418
vt 47.996498107910156 -12.889699935913086
vt 47.996498107910156 -12.889699935913086
vt 47.99489974975586 -12.882699966430664
vt 47.9921989440918 -12.883299827575684
vt 48.00419998168945 -12.891799926757812
vt 48.00699996948242 -12.893699645996094
vt 48.00749969482422 -12.892600059509277
vt 48.00699996948242 -12.893699645996094
vt 48.00419998168945 -12.891799926757812
vt 48.00379943847656 -12.892800331115723
vt 48.00590133666992 -12.894599914550781
vt 48.00379943847656 -12.892800331115723
vt 48.00310134887695 -12.893799781799316
vt 48.00379943847656 -12.892800331115723
vt 48.00590133666992 -12.894599914550781
vt 48.00699996948242 -12.893699645996094
vt 47.993099212646484 -12.89330005645752
vt 47.99549865722656 -12.892000198364258
vt 47.99250030517578 -12.89229965209961
vt 47.99549865722656 -12.892000198364258
vt 47.993099212646484 -12.89330005645752
vt 47.99570083618164 -12.893099784851074
vt 47.9995002746582 -12.889100074768066
vt 48.000301361083984 -12.890199661254883
vt 48.0005989074707 -12.889100074768066
vt 48.000301361083984 -12.890199661254883
vt 47.9995002746582 -12.889100074768066
vt 47.99980163574219 -12.890299797058105
vt 48.00279998779297 -12.894399642944336
vt 48.000999450683594 -12.888699531555176
vt 48.00149917602539 -12.894399642944336
vt 48.000999450683594 -12.888699531555176
vt 48.00279998779297 -12.894399642944336
vt 48.00239944458008 -12.888400077819824
vt 48.00149917602539 -12.894399642944336
vt 47.9994010925293 -12.888999938964844
vt 48 -12.894399642944336
vt 47.9994010925293 -12.888999938964844
vt 48.00149917602539 -12.894399642944336
vt 48.000999450683594 -12.888699531555176
vt 48 -12.894399642944336
vt 47.9994010925293 -12.888999938964844
vt 47.99850082397461 -12.894399642944336
vt 47.99850082397461 -12.894399642944336
vt 47.9994010925293 -12.888999938964844
vt 47.997798919677734 -12.889399528503418
vt 47.99850082397461 -12.894399642944336
vt 47.997798919677734 -12.889399528503418
vt 47.99720001220703 -12.894399642944336
vt 47.998199462890625 -12.881999969482422
vt 47.997798919677734 -12.889399528503418
vt 47.9994010925293 -12.888999938964844
vt 48.000999450683594 -12.888699531555176
vt 47.998199462890625 -12.881999969482422
vt 47.9994010925293 -12.888999938964844
vt 47.99919891357422 -12.892600059509277
vt 47.999698638916016 -12.891900062561035
vt 47.99919891357422 -12.891599655151367
vt 47.99980163574219 -12.89109992980957
vt 47.99580001831055 -12.889900207519531
vt 47.99549865722656 -12.890999794006348
vt 47.99580001831055 -12.889900207519531
vt 47.99980163574219 -12.89109992980957
vt 48.000099182128906 -12.89009952545166
vt 47.99549865722656 -12.890999794006348
vt 47.99959945678711 -12.892200469970703
vt 47.99980163574219 -12.89109992980957
vt 47.99959945678711 -12.892200469970703
vt 47.99549865722656 -12.890999794006348
vt 47.99549865722656 -12.892000198364258
vt 47.99570083618164 -12.893099784851074
vt 47.99959945678711 -12.892200469970703
vt 47.99549865722656 -12.892000198364258
vt 47.99570083618164 -12.893099784851074
vt 47.9994010925293 -12.89330005645752
vt 47.99959945678711 -12.892200469970703
vt 47.99769973754883 -12.889900207519531
vt 47.999000549316406 -12.890899658203125
vt 47.9984016418457 -12.88949966430664
vt 47.9984016418457 -12.88949966430664
vt 47.999000549316406 -12.890899658203125
vt 47.999298095703125 -12.89050006866455
vt 47.999000549316406 -12.890899658203125
vt 47.999698638916016 -12.891599655151367
vt 47.999298095703125 -12.89050006866455
vt 47.999698638916016 -12.891599655151367
vt 47.999000549316406 -12.890899658203125
vt 47.9995002746582 -12.891900062561035
vt 48.0004997253418 -12.89330005645752
vt 48.000301361083984 -12.892200469970703
vt 48 -12.893199920654297
vt 48.000301361083984 -12.892200469970703
vt 48.0004997253418 -12.89330005645752
vt 48.00080108642578 -12.89229965209961
vt 48.00419998168945 -12.891799926757812
vt 48.000099182128906 -12.89009952545166
vt 47.99980163574219 -12.89109992980957
vt 48.000099182128906 -12.89009952545166
vt 48.00419998168945 -12.891799926757812
vt 48.004398345947266 -12.890800476074219
vt 47.99980163574219 -12.89109992980957
vt 48.00379943847656 -12.892800331115723
vt 48.00419998168945 -12.891799926757812
vt 48.00379943847656 -12.892800331115723
vt 47.99980163574219 -12.89109992980957
vt 47.99959945678711 -12.892200469970703
vt 48.00310134887695 -12.893799781799316
vt 47.99959945678711 -12.892200469970703
vt 47.9994010925293 -12.89330005645752
vt 47.99959945678711 -12.892200469970703
vt 48.00310134887695 -12.893799781799316
vt 48.00379943847656 -12.892800331115723
vt 47.99980163574219 -12.890299797058105
vt 47.9995002746582 -12.889100074768066
vt 47.999298095703125 -12.89050006866455
vt 47.9995002746582 -12.889100074768066
vt 47.9984016418457 -12.88949966430664
vt 47.999298095703125 -12.89050006866455
vt 47.999298095703125 -12.89050006866455
vt 48 -12.891300201416016
vt 47.99980163574219 -12.890299797058105
vt 48 -12.891300201416016
vt 47.999298095703125 -12.89050006866455
vt 47.999698638916016 -12.891599655151367
vt 48.000701904296875 -12.890299797058105
vt 48.0005989074707 -12.889100074768066
vt 48.000301361083984 -12.890199661254883
vt 48.0005989074707 -12.889100074768066
vt 48.000701904296875 -12.890299797058105
vt 48.001399993896484 -12.889300346374512
vt 47.995601654052734 -12.893500328063965
vt 47.99340057373047 -12.891799926757812
vt 47.992698669433594 -12.892800331115723
vt 47.99340057373047 -12.891799926757812
vt 47.995601654052734 -12.893500328063965
vt 47.99589920043945 -12.892399787902832
vt 47.99980163574219 -12.89430046081543
vt 48.0004997253418 -12.894399642944336
vt 48.0004997253418 -12.89330005645752
vt 47.99980163574219 -12.89430046081543
vt 48.0004997253418 -12.89330005645752
vt 48 -12.893199920654297
vt 48.000301361083984 -12.891200065612793
vt 47.99980163574219 -12.890299797058105
vt 48 -12.891300201416016
vt 47.99980163574219 -12.890299797058105
vt 48.000301361083984 -12.891200065612793
vt 48.000301361083984 -12.890199661254883
vt 48.003700256347656 -12.892800331115723
vt 47.99980163574219 -12.894499778747559
vt 48.00410079956055 -12.893799781799316
vt 47.99980163574219 -12.894499778747559
vt 48.003700256347656 -12.892800331115723
vt 47.99959945678711 -12.893500328063965
vt 48.000099182128906 -12.895400047302246
vt 48.00410079956055 -12.893799781799316
vt 47.99980163574219 -12.894499778747559
vt 48.00410079956055 -12.893799781799316
vt 48.000099182128906 -12.895400047302246
vt 48.00419998168945 -12.894700050354004
vt 48.00680160522461 -12.891599655151367
vt 48.00410079956055 -12.893799781799316
vt 48.007198333740234 -12.892600059509277
vt 48.00410079956055 -12.893799781799316
vt 48.00680160522461 -12.891599655151367
vt 48.003700256347656 -12.892800331115723
vt 48.003700256347656 -12.892800331115723
vt 48.005699157714844 -12.890700340270996
vt 48.002899169921875 -12.891799926757812
vt 48.005699157714844 -12.890700340270996
vt 48.003700256347656 -12.892800331115723
vt 48.00680160522461 -12.891599655151367
vt 47.9995002746582 -12.895400047302246
vt 48.00080108642578 -12.895500183105469
vt 48.0004997253418 -12.894399642944336
vt 47.9995002746582 -12.895400047302246
vt 48.0004997253418 -12.894399642944336
vt 47.99980163574219 -12.89430046081543
vt 48.00090026855469 -12.894399642944336
vt 48.0004997253418 -12.894399642944336
vt 48.00080108642578 -12.895500183105469
vt 48.00170135498047 -12.895400047302246
vt 48.00090026855469 -12.894399642944336
vt 48.00080108642578 -12.895500183105469
vt 47.995601654052734 -12.894499778747559
vt 47.99980163574219 -12.894499778747559
vt 47.99959945678711 -12.893500328063965
vt 47.99589920043945 -12.895400047302246
vt 47.99980163574219 -12.894499778747559
vt 47.995601654052734 -12.894499778747559
vt 47.995601654052734 -12.894499778747559
vt 47.99959945678711 -12.893500328063965
vt 47.995601654052734 -12.893500328063965
vt 47.99589920043945 -12.895400047302246
vt 48.000099182128906 -12.895400047302246
vt 47.99980163574219 -12.894499778747559
vt 47.99959945678711 -12.893500328063965
vt 47.99589920043945 -12.892399787902832
vt 47.995601654052734 -12.893500328063965
vt 47.99589920043945 -12.892399787902832
vt 47.99959945678711 -12.893500328063965
vt 47.9994010925293 -12.892399787902832
vt 47.99909973144531 -12.894000053405762
vt 48 -12.893199920654297
vt 47.99959945678711 -12.892999649047852
vt 48 -12.893199920654297
vt 47.99909973144531 -12.894000053405762
vt 47.99980163574219 -12.89430046081543
vt 47.99869918823242 -12.893699645996094
vt 47.99959945678711 -12.892999649047852
vt 47.99919891357422 -12.892600059509277
vt 47.99959945678711 -12.892999649047852
vt 47.99869918823242 -12.893699645996094
vt 47.99909973144531 -12.894000053405762
vt 47.99909973144531 -12.894000053405762
vt 47.9995002746582 -12.895400047302246
vt 47.99980163574219 -12.89430046081543
vt 47.9995002746582 -12.895400047302246
vt 47.99909973144531 -12.894000053405762
vt 47.998199462890625 -12.895099639892578
vt 47.99869918823242 -12.893699645996094
vt 47.998199462890625 -12.895099639892578
vt 47.99909973144531 -12.894000053405762
vt 48.000301361083984 -12.89229965209961
vt 47.999698638916016 -12.891599655151367
vt 47.999900817871094 -12.892499923706055
vt 47.999698638916016 -12.891599655151367
vt 48.000301361083984 -12.89229965209961
vt 48 -12.891300201416016
vt 48.0005989074707 -12.892200469970703
vt 48.000301361083984 -12.891200065612793
vt 48.000301361083984 -12.89229965209961
vt 48.000301361083984 -12.891200065612793
vt 48 -12.891300201416016
vt 48.000301361083984 -12.89229965209961
vt 47.999900817871094 -12.892499923706055
vt 47.9995002746582 -12.891900062561035
vt 47.9995002746582 -12.892800331115723
vt 48.03820037841797 -13.055000305175781
vt 48.062400817871094 -13.081399917602539
vt 48.07059860229492 -13.055000305175781
vt 48.062400817871094 -13.081399917602539
vt 48.03820037841797 -13.055000305175781
vt 48.03369903564453 -13.081399917602539
vt 48 -13.055000305175781
vt 48.03369903564453 -13.081399917602539
vt 48.03820037841797 -13.055000305175781
vt 48.03369903564453 -13.081399917602539
vt 48 -13.055000305175781
vt 48 -13.081399917602539
vt 48 -13.081399917602539
vt 48.02840042114258 -13.097599983215332
vt 48.03369903564453 -13.081399917602539
vt 48 -13.055000305175781
vt 47.96630096435547 -13.081399917602539
vt 48 -13.081399917602539
vt 47.96630096435547 -13.081399917602539
vt 48 -13.055000305175781
vt 47.96179962158203 -13.055000305175781
vt 47.96179962158203 -13.055000305175781
vt 47.937599182128906 -13.081399917602539
vt 47.96630096435547 -13.081399917602539
vt 47.97159957885742 -13.097599983215332
vt 48 -13.081399917602539
vt 47.96630096435547 -13.081399917602539
vt 48 -13.081399917602539
vt 47.97159957885742 -13.097599983215332
vt 48 -13.097599983215332
vt 48.02840042114258 -13.097599983215332
vt 48 -13.081399917602539
vt 48 -13.097599983215332
vt 47.936100006103516 -12.970999717712402
vt 47.96540069580078 -12.970999717712402
vt 47.947601318359375 -12.947400093078613
vt 47.947601318359375 -12.947400093078613
vt 47.96540069580078 -12.970999717712402
vt 47.97159957885742 -12.947400093078613
vt 47.96540069580078 -12.970999717712402
vt 48 -12.970999717712402
vt 47.97159957885742 -12.947400093078613
vt 47.97159957885742 -12.947400093078613
vt 48 -12.970999717712402
vt 48 -12.947400093078613
vt 48 -12.970999717712402
vt 48.02840042114258 -12.947400093078613
vt 48 -12.947400093078613
vt 48.02840042114258 -12.947400093078613
vt 48 -12.970999717712402
vt 48.03459930419922 -12.970999717712402
vt 48.03459930419922 -12.970999717712402
vt 48.052398681640625 -12.947400093078613
vt 48.02840042114258 -12.947400093078613
vt 48.052398681640625 -12.947400093078613
vt 48.03459930419922 -12.970999717712402
vt 48.063899993896484 -12.970999717712402
vt 47.92940139770508 -13.055000305175781
vt 47.96099853515625 -13.026000022888184
vt 47.92789840698242 -13.026000022888184
vt 47.96099853515625 -13.026000022888184
vt 47.93050003051758 -12.996399879455566
vt 47.92789840698242 -13.026000022888184
vt 47.937599182128906 -13.081399917602539
vt 47.96179962158203 -13.055000305175781
vt 47.92940139770508 -13.055000305175781
vt 47.96099853515625 -13.026000022888184
vt 47.92940139770508 -13.055000305175781
vt 47.96179962158203 -13.055000305175781
vt 47.93050003051758 -12.996399879455566
vt 47.96099853515625 -13.026000022888184
vt 47.962398529052734 -12.996399879455566
vt 47.962398529052734 -12.996399879455566
vt 47.936100006103516 -12.970999717712402
vt 47.93050003051758 -12.996399879455566
vt 47.936100006103516 -12.970999717712402
vt 47.962398529052734 -12.996399879455566
vt 47.96540069580078 -12.970999717712402
vt 48 -13.026000022888184
vt 47.962398529052734 -12.996399879455566
vt 47.96099853515625 -13.026000022888184
vt 47.96179962158203 -13.055000305175781
vt 48 -13.026000022888184
vt 47.96099853515625 -13.026000022888184
vt 48 -12.996399879455566
vt 47.96540069580078 -12.970999717712402
vt 47.962398529052734 -12.996399879455566
vt 47.962398529052734 -12.996399879455566
vt 48 -13.026000022888184
vt 48 -12.996399879455566
vt 47.96540069580078 -12.970999717712402
vt 48 -12.996399879455566
vt 48 -12.970999717712402
vt 48 -12.996399879455566
vt 48.03459930419922 -12.970999717712402
vt 48 -12.970999717712402
vt 48.03459930419922 -12.970999717712402
vt 48 -12.996399879455566
vt 48.037601470947266 -12.996399879455566
vt 48 -13.026000022888184
vt 48.037601470947266 -12.996399879455566
vt 48 -12.996399879455566
vt 48.037601470947266 -12.996399879455566
vt 48.063899993896484 -12.970999717712402
vt 48.03459930419922 -12.970999717712402
vt 48 -13.026000022888184
vt 47.96179962158203 -13.055000305175781
vt 48 -13.055000305175781
vt 48.063899993896484 -12.970999717712402
vt 48.037601470947266 -12.996399879455566
vt 48.06949996948242 -12.996399879455566
vt 48.037601470947266 -12.996399879455566
vt 48 -13.026000022888184
vt 48.03900146484375 -13.026000022888184
vt 48.03900146484375 -13.026000022888184
vt 48.06949996948242 -12.996399879455566
vt 48.037601470947266 -12.996399879455566
vt 48 -13.026000022888184
vt 48.03820037841797 -13.055000305175781
vt 48.03900146484375 -13.026000022888184
vt 48.03820037841797 -13.055000305175781
vt 48 -13.026000022888184
vt 48 -13.055000305175781
vt 48.06949996948242 -12.996399879455566
vt 48.03900146484375 -13.026000022888184
vt 48.07210159301758 -13.026000022888184
vt 48.07059860229492 -13.055000305175781
vt 48.03900146484375 -13.026000022888184
vt 48.03820037841797 -13.055000305175781
vt 48.03900146484375 -13.026000022888184
vt 48.07059860229492 -13.055000305175781
vt 48.07210159301758 -13.026000022888184
vt 48 -12.872900009155273
vt 47.99530029296875 -12.873100280761719
vt 48 -12.884499549865723
vt 48.00469970703125 -12.873100280761719
vt 48 -12.872900009155273
vt 48 -12.884499549865723
vt 48.00130081176758 -12.89210033416748
vt 48.00199890136719 -12.891200065612793
vt 48.00120162963867 -12.891799926757812
vt 47.999698638916016 -12.892000198364258
vt 48.0004997253418 -12.892800331115723
vt 48.000301361083984 -12.89169979095459
vt 48.0004997253418 -12.892800331115723
vt 47.999698638916016 -12.892000198364258
vt 48.000099182128906 -12.893099784851074
vt 47.99919891357422 -12.892200469970703
vt 48.000099182128906 -12.893099784851074
vt 47.999698638916016 -12.892000198364258
vt 48.000099182128906 -12.893099784851074
vt 47.99919891357422 -12.892200469970703
vt 47.99959945678711 -12.89330005645752
vt 48.0015983581543 -12.889900207519531
vt 48.00279998779297 -12.894399642944336
vt 48.00299835205078 -12.889699935913086
vt 48 -12.88379955291748
vt 48.0015983581543 -12.889900207519531
vt 48.003299713134766 -12.883700370788574
vt 48.00279998779297 -12.894399642944336
vt 48.0015983581543 -12.889900207519531
vt 48.00149917602539 -12.894399642944336
vt 48.0015983581543 -12.889900207519531
vt 48 -12.88379955291748
vt 48 -12.889900207519531
vt 48 -12.889900207519531
vt 48.00149917602539 -12.894399642944336
vt 48.0015983581543 -12.889900207519531
vt 48 -12.889900207519531
vt 48 -12.88379955291748
vt 47.9984016418457 -12.889900207519531
vt 47.996700286865234 -12.883700370788574
vt 47.9984016418457 -12.889900207519531
vt 48 -12.88379955291748
vt 48.00149917602539 -12.894399642944336
vt 48 -12.889900207519531
vt 48 -12.894399642944336
vt 47.99700164794922 -12.889699935913086
vt 47.99720001220703 -12.894399642944336
vt 47.9984016418457 -12.889900207519531
vt 47.9984016418457 -12.889900207519531
vt 47.99850082397461 -12.894399642944336
vt 48 -12.889900207519531
vt 48 -12.894399642944336
vt 48 -12.889900207519531
vt 47.99850082397461 -12.894399642944336
vt 47.99850082397461 -12.894399642944336
vt 47.9984016418457 -12.889900207519531
vt 47.99720001220703 -12.894399642944336
vt 48.006900787353516 -12.889900207519531
vt 48.00360107421875 -12.890199661254883
vt 48.00400161743164 -12.891200065612793
vt 48.00400161743164 -12.891200065612793
vt 48.007301330566406 -12.890999794006348
vt 48.006900787353516 -12.889900207519531
vt 48.00400161743164 -12.891200065612793
vt 48.007301330566406 -12.892000198364258
vt 48.007301330566406 -12.890999794006348
vt 48.007301330566406 -12.892000198364258
vt 48.00400161743164 -12.891200065612793
vt 48.00410079956055 -12.89229965209961
vt 47.99700164794922 -12.890199661254883
vt 48.00040054321289 -12.892600059509277
vt 48.00080108642578 -12.891599655151367
vt 48.00080108642578 -12.891599655151367
vt 47.99800109863281 -12.88949966430664
vt 47.99700164794922 -12.890199661254883
vt 47.99800109863281 -12.88949966430664
vt 48.00080108642578 -12.891599655151367
vt 48.001399993896484 -12.890800476074219
vt 48.00040054321289 -12.892600059509277
vt 47.99700164794922 -12.890199661254883
vt 47.99639892578125 -12.89109992980957
vt 47.99639892578125 -12.89109992980957
vt 47.999900817871094 -12.893500328063965
vt 48.00040054321289 -12.892600059509277
vt 47.999900817871094 -12.893500328063965
vt 47.99639892578125 -12.89109992980957
vt 47.99610137939453 -12.89210033416748
vt 48.00199890136719 -12.889699935913086
vt 48.001800537109375 -12.890899658203125
vt 48.00299835205078 -12.890199661254883
vt 48.001800537109375 -12.890899658203125
vt 48.00199890136719 -12.889699935913086
vt 48.001399993896484 -12.890600204467773
vt 48.001399993896484 -12.890600204467773
vt 48.00090026855469 -12.891500473022461
vt 48.001800537109375 -12.890899658203125
vt 48.00120162963867 -12.891799926757812
vt 48.001800537109375 -12.890899658203125
vt 48.00090026855469 -12.891500473022461
vt 47.99420166015625 -12.888999938964844
vt 47.99639892578125 -12.89109992980957
vt 47.99700164794922 -12.890199661254883
vt 47.99639892578125 -12.89109992980957
vt 47.99420166015625 -12.888999938964844
vt 47.99359893798828 -12.889900207519531
vt 48.00090026855469 -12.890299797058105
vt 48.00199890136719 -12.889699935913086
vt 48.00090026855469 -12.889300346374512
vt 48.00199890136719 -12.889699935913086
vt 48.00090026855469 -12.890299797058105
vt 48.001399993896484 -12.890600204467773
vt 48.00090026855469 -12.891500473022461
vt 48.000099182128906 -12.89229965209961
vt 48.00040054321289 -12.892499923706055
vt 48.000701904296875 -12.891300201416016
vt 48.000099182128906 -12.89229965209961
vt 48.00090026855469 -12.891500473022461
vt 47.999298095703125 -12.89330005645752
vt 47.99919891357422 -12.892200469970703
vt 47.9989013671875 -12.89229965209961
vt 47.99959945678711 -12.89330005645752
vt 47.99919891357422 -12.892200469970703
vt 47.999298095703125 -12.89330005645752
vt 48.0004997253418 -12.891200065612793
vt 48.00090026855469 -12.890299797058105
vt 48.0004997253418 -12.890199661254883
vt 48.00090026855469 -12.890299797058105
vt 48.0004997253418 -12.891200065612793
vt 48.000701904296875 -12.891300201416016
vt 48.0077018737793 -12.893500328063965
vt 48.00469970703125 -12.892800331115723
vt 48.00450134277344 -12.893799781799316
vt 48.00450134277344 -12.893799781799316
vt 48.007598876953125 -12.894499778747559
vt 48.0077018737793 -12.893500328063965
vt 48.00450134277344 -12.893799781799316
vt 48.00709915161133 -12.895400047302246
vt 48.007598876953125 -12.894499778747559
vt 48.00090026855469 -12.890299797058105
vt 48.000701904296875 -12.891300201416016
vt 48.001399993896484 -12.890600204467773
vt 48.001399993896484 -12.890600204467773
vt 48.000701904296875 -12.891300201416016
vt 48.00090026855469 -12.891500473022461
vt 48.00040054321289 -12.894100189208984
vt 47.99959945678711 -12.89330005645752
vt 47.99980163574219 -12.894399642944336
vt 47.99959945678711 -12.89330005645752
vt 48.00040054321289 -12.894100189208984
vt 48.000099182128906 -12.893099784851074
vt 48.00080108642578 -12.891599655151367
vt 48.00450134277344 -12.893799781799316
vt 48.00469970703125 -12.892800331115723
vt 48.00450134277344 -12.893799781799316
vt 48.00080108642578 -12.891599655151367
vt 48.00040054321289 -12.892600059509277
vt 48.00080108642578 -12.891599655151367
vt 48.00469970703125 -12.892800331115723
vt 48.00469970703125 -12.891799926757812
vt 48.00469970703125 -12.891799926757812
vt 48.001399993896484 -12.890800476074219
vt 48.00080108642578 -12.891599655151367
vt 48.00400161743164 -12.894700050354004
vt 48.00040054321289 -12.892600059509277
vt 47.999900817871094 -12.893500328063965
vt 48.00040054321289 -12.892600059509277
vt 48.00400161743164 -12.894700050354004
vt 48.00450134277344 -12.893799781799316
vt 47.999298095703125 -12.89330005645752
vt 47.99980163574219 -12.894399642944336
vt 47.99959945678711 -12.89330005645752
vt 47.99980163574219 -12.894399642944336
vt 47.999298095703125 -12.89330005645752
vt 47.99919891357422 -12.894399642944336
vt 47.99290084838867 -12.894700050354004
vt 47.995399475097656 -12.892800331115723
vt 47.9922981262207 -12.893600463867188
vt 47.99290084838867 -12.894700050354004
vt 47.99580001831055 -12.893799781799316
vt 47.995399475097656 -12.892800331115723
vt 48.000999450683594 -12.893799781799316
vt 48.000099182128906 -12.893099784851074
vt 48.00040054321289 -12.894100189208984
vt 48.000099182128906 -12.893099784851074
vt 48.000999450683594 -12.893799781799316
vt 48.0004997253418 -12.892800331115723
vt 48.00090026855469 -12.895099639892578
vt 48.000999450683594 -12.893799781799316
vt 48.00040054321289 -12.894100189208984
vt 48.00090026855469 -12.895099639892578
vt 48.00210189819336 -12.894700050354004
vt 48.000999450683594 -12.893799781799316
vt 48.0004997253418 -12.891200065612793
vt 48.000099182128906 -12.89229965209961
vt 48.000701904296875 -12.891300201416016
vt 48.000099182128906 -12.89229965209961
vt 48.0004997253418 -12.891200065612793
vt 47.999900817871094 -12.892200469970703
vt 48.00360107421875 -12.890199661254883
vt 47.999298095703125 -12.890899658203125
vt 47.99959945678711 -12.891900062561035
vt 47.99959945678711 -12.891900062561035
vt 48.00400161743164 -12.891200065612793
vt 48.00360107421875 -12.890199661254883
vt 48.00400161743164 -12.891200065612793
vt 47.99959945678711 -12.891900062561035
vt 48 -12.892900466918945
vt 48 -12.892900466918945
vt 48.00410079956055 -12.89229965209961
vt 48.00400161743164 -12.891200065612793
vt 48 -12.892900466918945
vt 48.00400161743164 -12.89330005645752
vt 48.00410079956055 -12.89229965209961
vt 48.00400161743164 -12.89330005645752
vt 48 -12.892900466918945
vt 48.00040054321289 -12.893899917602539
vt 48.0004997253418 -12.892800331115723
vt 48.00130081176758 -12.893500328063965
vt 48.00080108642578 -12.892499923706055
vt 47.999298095703125 -12.890899658203125
vt 47.995201110839844 -12.891799926757812
vt 47.995399475097656 -12.892800331115723
vt 47.995399475097656 -12.892800331115723
vt 47.99959945678711 -12.891900062561035
vt 47.999298095703125 -12.890899658203125
vt 47.99959945678711 -12.891900062561035
vt 47.995399475097656 -12.892800331115723
vt 47.99580001831055 -12.893799781799316
vt 47.99580001831055 -12.893799781799316
vt 48 -12.892900466918945
vt 47.99959945678711 -12.891900062561035
vt 48 -12.892900466918945
vt 47.99580001831055 -12.893799781799316
vt 47.996700286865234 -12.894700050354004
vt 47.996700286865234 -12.894700050354004
vt 48.00040054321289 -12.893899917602539
vt 48 -12.892900466918945
vt 48.00709915161133 -12.895400047302246
vt 48.00450134277344 -12.893799781799316
vt 48.00400161743164 -12.894700050354004
vt 48.00090026855469 -12.891500473022461
vt 48.00040054321289 -12.892499923706055
vt 48.00120162963867 -12.891799926757812
vt 48.00120162963867 -12.891799926757812
vt 48.00040054321289 -12.892499923706055
vt 48.00080108642578 -12.892800331115723
vt 48.00090026855469 -12.895099639892578
vt 47.99980163574219 -12.894399642944336
vt 47.99959945678711 -12.895400047302246
vt 47.99980163574219 -12.894399642944336
vt 48.00090026855469 -12.895099639892578
vt 48.00040054321289 -12.894100189208984
vt 47.91849899291992 -12.966300010681152
vt 47.947601318359375 -12.947600364685059
vt 47.937599182128906 -12.937600135803223
vt 47.96630096435547 -12.918499946594238
vt 47.937599182128906 -12.937600135803223
vt 47.947601318359375 -12.947600364685059
vt 47.947601318359375 -12.947600364685059
vt 47.91849899291992 -12.966300010681152
vt 47.93149948120117 -12.971599578857422
vt 47.947601318359375 -12.947600364685059
vt 47.97159957885742 -12.931500434875488
vt 47.96630096435547 -12.918499946594238
vt 47.91849899291992 -13.033699989318848
vt 47.937599182128906 -13.062399864196777
vt 47.947601318359375 -13.052399635314941
vt 47.947601318359375 -13.052399635314941
vt 47.93149948120117 -13.028400421142578
vt 47.91849899291992 -13.033699989318848
vt 47.947601318359375 -13.052399635314941
vt 47.94710159301758 -13.021900177001953
vt 47.93149948120117 -13.028400421142578
vt 47.94710159301758 -13.021900177001953
vt 47.925899505615234 -13
vt 47.93149948120117 -13.028400421142578
vt 47.94710159301758 -13.021900177001953
vt 47.947601318359375 -13.052399635314941
vt 47.95949935913086 -13.040499687194824
vt 47.97159957885742 -13.068499565124512
vt 47.95949935913086 -13.040499687194824
vt 47.947601318359375 -13.052399635314941
vt 47.925899505615234 -13
vt 47.94710159301758 -13.021900177001953
vt 47.94269943237305 -13
vt 47.95949935913086 -13.040499687194824
vt 47.97159957885742 -13.068499565124512
vt 47.97809982299805 -13.052900314331055
vt 47.97159957885742 -13.068499565124512
vt 48 -13.057299613952637
vt 47.97809982299805 -13.052900314331055
vt 47.95949935913086 -13.040499687194824
vt 47.96260070800781 -13.01550006866455
vt 47.94710159301758 -13.021900177001953
vt 47.96260070800781 -13.01550006866455
vt 47.94269943237305 -13
vt 47.94710159301758 -13.021900177001953
vt 47.97809982299805 -13.052900314331055
vt 47.97140121459961 -13.028599739074707
vt 47.95949935913086 -13.040499687194824
vt 47.96260070800781 -13.01550006866455
vt 47.95949935913086 -13.040499687194824
vt 47.97140121459961 -13.028599739074707
vt 48 -13.057299613952637
vt 47.984500885009766 -13.037400245666504
vt 47.97809982299805 -13.052900314331055
vt 47.97140121459961 -13.028599739074707
vt 47.97809982299805 -13.052900314331055
vt 47.984500885009766 -13.037400245666504
vt 47.984500885009766 -13.037400245666504
vt 48 -13.057299613952637
vt 48 -13.040499687194824
vt 48 -13.040499687194824
vt 48 -13.019599914550781
vt 47.984500885009766 -13.037400245666504
vt 47.984500885009766 -13.037400245666504
vt 48 -13.019599914550781
vt 47.99250030517578 -13.018099784851074
vt 47.97140121459961 -13.028599739074707
vt 47.984500885009766 -13.037400245666504
vt 47.99250030517578 -13.018099784851074
vt 47.99250030517578 -13.018099784851074
vt 48 -13.019599914550781
vt 48 -13
vt 47.98609924316406 -13.013899803161621
vt 47.97140121459961 -13.028599739074707
vt 47.99250030517578 -13.018099784851074
vt 47.98609924316406 -13.013899803161621
vt 47.99250030517578 -13.018099784851074
vt 48 -13
vt 47.98189926147461 -13.007499694824219
vt 47.97140121459961 -13.028599739074707
vt 47.98609924316406 -13.013899803161621
vt 47.97140121459961 -13.028599739074707
vt 47.98189926147461 -13.007499694824219
vt 47.96260070800781 -13.01550006866455
vt 47.98189926147461 -13.007499694824219
vt 47.98609924316406 -13.013899803161621
vt 48 -13
vt 47.98040008544922 -13
vt 47.96260070800781 -13.01550006866455
vt 47.98189926147461 -13.007499694824219
vt 47.98040008544922 -13
vt 47.98189926147461 -13.007499694824219
vt 48 -13
vt 47.96260070800781 -13.01550006866455
vt 47.98040008544922 -13
vt 47.95949935913086 -13
vt 47.94269943237305 -13
vt 47.96260070800781 -13.01550006866455
vt 47.95949935913086 -13
vt 47.98040008544922 -13
vt 47.96260070800781 -12.98449993133545
vt 47.95949935913086 -13
vt 47.96260070800781 -12.98449993133545
vt 47.94269943237305 -13
vt 47.95949935913086 -13
vt 47.98189926147461 -12.992500305175781
vt 47.98040008544922 -13
vt 48 -13
vt 47.96260070800781 -12.98449993133545
vt 47.98040008544922 -13
vt 47.98189926147461 -12.992500305175781
vt 47.94269943237305 -13
vt 47.96260070800781 -12.98449993133545
vt 47.94710159301758 -12.978099822998047
vt 47.94710159301758 -12.978099822998047
vt 47.925899505615234 -13
vt 47.94269943237305 -13
vt 47.925899505615234 -13
vt 47.94710159301758 -12.978099822998047
vt 47.93149948120117 -12.971599578857422
vt 47.95949935913086 -12.959500312805176
vt 47.93149948120117 -12.971599578857422
vt 47.94710159301758 -12.978099822998047
vt 47.94710159301758 -12.978099822998047
vt 47.96260070800781 -12.98449993133545
vt 47.95949935913086 -12.959500312805176
vt 47.93149948120117 -12.971599578857422
vt 47.95949935913086 -12.959500312805176
vt 47.947601318359375 -12.947600364685059
vt 47.96260070800781 -12.98449993133545
vt 47.98189926147461 -12.992500305175781
vt 47.97140121459961 -12.971400260925293
vt 47.95949935913086 -12.959500312805176
vt 47.96260070800781 -12.98449993133545
vt 47.97140121459961 -12.971400260925293
vt 47.97140121459961 -12.971400260925293
vt 47.98189926147461 -12.992500305175781
vt 47.98609924316406 -12.986100196838379
vt 47.98609924316406 -12.986100196838379
vt 47.98189926147461 -12.992500305175781
vt 48 -13
vt 47.984500885009766 -12.962599754333496
vt 47.95949935913086 -12.959500312805176
vt 47.97140121459961 -12.971400260925293
vt 47.97140121459961 -12.971400260925293
vt 47.98609924316406 -12.986100196838379
vt 47.984500885009766 -12.962599754333496
vt 47.97809982299805 -12.947099685668945
vt 47.947601318359375 -12.947600364685059
vt 47.95949935913086 -12.959500312805176
vt 47.95949935913086 -12.959500312805176
vt 47.984500885009766 -12.962599754333496
vt 47.97809982299805 -12.947099685668945
vt 47.947601318359375 -12.947600364685059
vt 47.97809982299805 -12.947099685668945
vt 47.97159957885742 -12.931500434875488
vt 47.99250030517578 -12.981900215148926
vt 47.98609924316406 -12.986100196838379
vt 48 -13
vt 47.99250030517578 -12.981900215148926
vt 47.984500885009766 -12.962599754333496
vt 47.98609924316406 -12.986100196838379
vt 48 -12.92590045928955
vt 47.97159957885742 -12.931500434875488
vt 47.97809982299805 -12.947099685668945
vt 48 -12.942700386047363
vt 47.97809982299805 -12.947099685668945
vt 47.984500885009766 -12.962599754333496
vt 47.97809982299805 -12.947099685668945
vt 48 -12.942700386047363
vt 48 -12.92590045928955
vt 47.984500885009766 -12.962599754333496
vt 48 -12.959500312805176
vt 48 -12.942700386047363
vt 48 -12.980400085449219
vt 47.984500885009766 -12.962599754333496
vt 47.99250030517578 -12.981900215148926
vt 47.984500885009766 -12.962599754333496
vt 48 -12.980400085449219
vt 48 -12.959500312805176
vt 48 -12.980400085449219
vt 47.99250030517578 -12.981900215148926
vt 48 -13
vt 48.015499114990234 -12.962599754333496
vt 48 -12.942700386047363
vt 48 -12.959500312805176
vt 48 -12.980400085449219
vt 48.015499114990234 -12.962599754333496
vt 48 -12.959500312805176
vt 48.02190017700195 -12.947099685668945
vt 48 -12.92590045928955
vt 48 -12.942700386047363
vt 48 -12.942700386047363
vt 48.015499114990234 -12.962599754333496
vt 48.02190017700195 -12.947099685668945
vt 48.00749969482422 -12.981900215148926
vt 48 -12.980400085449219
vt 48 -13
vt 48.015499114990234 -12.962599754333496
vt 48 -12.980400085449219
vt 48.00749969482422 -12.981900215148926
vt 48.01390075683594 -12.986100196838379
vt 48.015499114990234 -12.962599754333496
vt 48.00749969482422 -12.981900215148926
vt 48.01390075683594 -12.986100196838379
vt 48.00749969482422 -12.981900215148926
vt 48 -13
vt 48 -12.92590045928955
vt 48.02190017700195 -12.947099685668945
vt 48.02840042114258 -12.931500434875488
vt 48.015499114990234 -12.962599754333496
vt 48.04050064086914 -12.959500312805176
vt 48.02190017700195 -12.947099685668945
vt 48.02190017700195 -12.947099685668945
vt 48.052398681640625 -12.947600364685059
vt 48.02840042114258 -12.931500434875488
vt 48.052398681640625 -12.947600364685059
vt 48.02190017700195 -12.947099685668945
vt 48.04050064086914 -12.959500312805176
vt 48.02840042114258 -12.931500434875488
vt 48.062400817871094 -12.937600135803223
vt 48.03369903564453 -12.918499946594238
vt 48.062400817871094 -12.937600135803223
vt 48.02840042114258 -12.931500434875488
vt 48.052398681640625 -12.947600364685059
vt 48.052398681640625 -12.947600364685059
vt 48.08150100708008 -12.966300010681152
vt 48.062400817871094 -12.937600135803223
vt 48.08150100708008 -12.966300010681152
vt 48.052398681640625 -12.947600364685059
vt 48.06850051879883 -12.971599578857422
vt 48.04050064086914 -12.959500312805176
vt 48.06850051879883 -12.971599578857422
vt 48.052398681640625 -12.947600364685059
vt 48.06850051879883 -12.971599578857422
vt 48.04050064086914 -12.959500312805176
vt 48.05289840698242 -12.978099822998047
vt 48.074100494384766 -13
vt 48.06850051879883 -12.971599578857422
vt 48.05289840698242 -12.978099822998047
vt 48.04050064086914 -12.959500312805176
vt 48.03739929199219 -12.98449993133545
vt 48.05289840698242 -12.978099822998047
vt 48.074100494384766 -13
vt 48.05289840698242 -12.978099822998047
vt 48.05730056762695 -13
vt 48.05730056762695 -13
vt 48.05289840698242 -12.978099822998047
vt 48.03739929199219 -12.98449993133545
vt 48.05289840698242 -13.021900177001953
vt 48.074100494384766 -13
vt 48.05730056762695 -13
vt 48.074100494384766 -13
vt 48.05289840698242 -13.021900177001953
vt 48.06850051879883 -13.028400421142578
vt 48.05730056762695 -13
vt 48.03739929199219 -13.01550006866455
vt 48.05289840698242 -13.021900177001953
vt 48.04050064086914 -13.040499687194824
vt 48.06850051879883 -13.028400421142578
vt 48.05289840698242 -13.021900177001953
vt 48.03739929199219 -13.01550006866455
vt 48.04050064086914 -13.040499687194824
vt 48.05289840698242 -13.021900177001953
vt 48.03739929199219 -13.01550006866455
vt 48.05730056762695 -13
vt 48.04050064086914 -13
vt 48.05730056762695 -13
vt 48.03739929199219 -12.98449993133545
vt 48.04050064086914 -13
vt 48.03739929199219 -13.01550006866455
vt 48.04050064086914 -13
vt 48.01959991455078 -13
vt 48.03739929199219 -12.98449993133545
vt 48.01959991455078 -13
vt 48.04050064086914 -13
vt 48.052398681640625 -13.052399635314941
vt 48.08150100708008 -13.033699989318848
vt 48.06850051879883 -13.028400421142578
vt 48.06850051879883 -13.028400421142578
vt 48.04050064086914 -13.040499687194824
vt 48.052398681640625 -13.052399635314941
vt 48.08150100708008 -13.033699989318848
vt 48.052398681640625 -13.052399635314941
vt 48.062400817871094 -13.062399864196777
vt 48.04050064086914 -13.040499687194824
vt 48.02840042114258 -13.068499565124512
vt 48.052398681640625 -13.052399635314941
vt 48.052398681640625 -13.052399635314941
vt 48.03369903564453 -13.081500053405762
vt 48.062400817871094 -13.062399864196777
vt 48.03369903564453 -13.081500053405762
vt 48.052398681640625 -13.052399635314941
vt 48.02840042114258 -13.068499565124512
vt 48.02840042114258 -13.068499565124512
vt 48 -13.057299613952637
vt 48 -13.07409954071045
vt 48 -13.057299613952637
vt 48.02840042114258 -13.068499565124512
vt 48.02190017700195 -13.052900314331055
vt 48.02840042114258 -13.068499565124512
vt 48.04050064086914 -13.040499687194824
vt 48.02190017700195 -13.052900314331055
vt 48.015499114990234 -13.037400245666504
vt 48 -13.057299613952637
vt 48.02190017700195 -13.052900314331055
vt 48 -13.057299613952637
vt 48.015499114990234 -13.037400245666504
vt 48 -13.040499687194824
vt 48.015499114990234 -13.037400245666504
vt 48 -13.019599914550781
vt 48 -13.040499687194824
vt 48.02859878540039 -13.028599739074707
vt 48.02190017700195 -13.052900314331055
vt 48.04050064086914 -13.040499687194824
vt 48.02190017700195 -13.052900314331055
vt 48.02859878540039 -13.028599739074707
vt 48.015499114990234 -13.037400245666504
vt 48.04050064086914 -13.040499687194824
vt 48.03739929199219 -13.01550006866455
vt 48.02859878540039 -13.028599739074707
vt 48 -13.019599914550781
vt 48.015499114990234 -13.037400245666504
vt 48.00749969482422 -13.018099784851074
vt 48.02859878540039 -13.028599739074707
vt 48.00749969482422 -13.018099784851074
vt 48.015499114990234 -13.037400245666504
vt 48 -13.019599914550781
vt 48.00749969482422 -13.018099784851074
vt 48 -13
vt 48.00749969482422 -13.018099784851074
vt 48.02859878540039 -13.028599739074707
vt 48.01390075683594 -13.013899803161621
vt 48.00749969482422 -13.018099784851074
vt 48.01390075683594 -13.013899803161621
vt 48 -13
vt 48.02859878540039 -13.028599739074707
vt 48.03739929199219 -13.01550006866455
vt 48.01810073852539 -13.007499694824219
vt 48.02859878540039 -13.028599739074707
vt 48.01810073852539 -13.007499694824219
vt 48.01390075683594 -13.013899803161621
vt 48.01390075683594 -13.013899803161621
vt 48.01810073852539 -13.007499694824219
vt 48 -13
vt 48.01810073852539 -13.007499694824219
vt 48.03739929199219 -13.01550006866455
vt 48.01959991455078 -13
vt 48.01810073852539 -13.007499694824219
vt 48.01959991455078 -13
vt 48 -13
vt 48.01959991455078 -13
vt 48.01810073852539 -12.992500305175781
vt 48 -13
vt 48.01959991455078 -13
vt 48.03739929199219 -12.98449993133545
vt 48.01810073852539 -12.992500305175781
vt 48.02859878540039 -12.971400260925293
vt 48.01810073852539 -12.992500305175781
vt 48.03739929199219 -12.98449993133545
vt 48.03739929199219 -12.98449993133545
vt 48.04050064086914 -12.959500312805176
vt 48.02859878540039 -12.971400260925293
vt 48.04050064086914 -12.959500312805176
vt 48.015499114990234 -12.962599754333496
vt 48.02859878540039 -12.971400260925293
vt 48.015499114990234 -12.962599754333496
vt 48.01390075683594 -12.986100196838379
vt 48.02859878540039 -12.971400260925293
vt 48.01810073852539 -12.992500305175781
vt 48.02859878540039 -12.971400260925293
vt 48.01390075683594 -12.986100196838379
vt 48.01810073852539 -12.992500305175781
vt 48.01390075683594 -12.986100196838379
vt 48 -13
vt 47.96630096435547 -13.081500053405762
vt 47.947601318359375 -13.052399635314941
vt 47.937599182128906 -13.062399864196777
vt 47.947601318359375 -13.052399635314941
vt 47.96630096435547 -13.081500053405762
vt 47.97159957885742 -13.068499565124512
vt 47.97159957885742 -13.068499565124512
vt 48 -13.07409954071045
vt 48 -13.057299613952637
vt 47.99209976196289 -12.987000465393066
vt 47.9921989440918 -12.993900299072266
vt 47.99489974975586 -12.991999626159668
vt 47.9921989440918 -12.993900299072266
vt 47.99209976196289 -12.987000465393066
vt 47.98759841918945 -12.989999771118164
vt 47.9921989440918 -12.993900299072266
vt 47.995601654052734 -12.99839973449707
vt 47.996498107910156 -12.996999740600586
vt 47.98759841918945 -12.989999771118164
vt 47.990299224853516 -12.996700286865234
vt 47.9921989440918 -12.993900299072266
vt 47.990299224853516 -12.996700286865234
vt 47.995601654052734 -12.99839973449707
vt 47.9921989440918 -12.993900299072266
vt 47.98759841918945 -12.989999771118164
vt 47.98460006713867 -12.994600296020508
vt 47.990299224853516 -12.996700286865234
vt 47.98970031738281 -13
vt 47.990299224853516 -12.996700286865234
vt 47.98460006713867 -12.994600296020508
vt 47.98360061645508 -13
vt 47.98970031738281 -13
vt 47.98460006713867 -12.994600296020508
vt 47.98460006713867 -13.005399703979492
vt 47.98970031738281 -13
vt 47.98360061645508 -13
vt 47.98970031738281 -13
vt 47.98460006713867 -13.005399703979492
vt 47.990299224853516 -13.003299713134766
vt 47.98759841918945 -13.010000228881836
vt 47.990299224853516 -13.003299713134766
vt 47.98460006713867 -13.005399703979492
vt 47.990299224853516 -13.003299713134766
vt 47.98759841918945 -13.010000228881836
vt 47.9921989440918 -13.006099700927734
vt 47.9921989440918 -13.006099700927734
vt 47.995601654052734 -13.00160026550293
vt 47.990299224853516 -13.003299713134766
vt 47.99209976196289 -13.012999534606934
vt 47.9921989440918 -13.006099700927734
vt 47.98759841918945 -13.010000228881836
vt 47.9921989440918 -13.006099700927734
vt 47.99209976196289 -13.012999534606934
vt 47.99489974975586 -13.008000373840332
vt 47.995601654052734 -13.00160026550293
vt 47.9921989440918 -13.006099700927734
vt 47.996498107910156 -13.003000259399414
vt 47.99570083618164 -12.993300437927246
vt 47.993099212646484 -12.996000289916992
vt 47.99489974975586 -12.996700286865234
vt 47.99570083618164 -12.993300437927246
vt 47.99489974975586 -12.996700286865234
vt 47.99660110473633 -12.994799613952637
vt 48.00410079956055 -13.005599975585938
vt 48.00090026855469 -13.004899978637695
vt 48.0005989074707 -13.006799697875977
vt 48.00090026855469 -13.004899978637695
vt 48.00410079956055 -13.005599975585938
vt 48.00320053100586 -13.004199981689453
vt 48.00320053100586 -13.004199981689453
vt 48.00080108642578 -13.001799583435059
vt 48.00090026855469 -13.004899978637695
vt 48.00080108642578 -13.001799583435059
vt 48.00320053100586 -13.004199981689453
vt 48.00149917602539 -13.001500129699707
vt 48.00490188598633 -13.0024995803833
vt 48.00320053100586 -13.004199981689453
vt 48.00410079956055 -13.005599975585938
vt 48.00490188598633 -13.0024995803833
vt 48.00410079956055 -13.005599975585938
vt 48.00659942626953 -13.003100395202637
vt 48.00210189819336 -13.00100040435791
vt 48.00320053100586 -13.004199981689453
vt 48.00490188598633 -13.0024995803833
vt 48.00149917602539 -13.001500129699707
vt 48.00320053100586 -13.004199981689453
vt 48.00210189819336 -13.00100040435791
vt 48.00210189819336 -13.00100040435791
vt 48.0005989074707 -13.000100135803223
vt 48.00149917602539 -13.001500129699707
vt 48.0005989074707 -13.000100135803223
vt 48.00210189819336 -13.00100040435791
vt 48.00080108642578 -12.999899864196777
vt 47.99570083618164 -12.993300437927246
vt 47.99909973144531 -12.994000434875488
vt 47.9994010925293 -12.99209976196289
vt 47.99909973144531 -12.994000434875488
vt 47.99570083618164 -12.993300437927246
vt 47.99660110473633 -12.994799613952637
vt 47.99660110473633 -12.994799613952637
vt 47.99919891357422 -12.997099876403809
vt 47.99909973144531 -12.994000434875488
vt 47.99919891357422 -12.997099876403809
vt 47.99660110473633 -12.994799613952637
vt 47.99829864501953 -12.9975004196167
vt 47.99919891357422 -12.998900413513184
vt 47.99919891357422 -12.997099876403809
vt 47.99829864501953 -12.9975004196167
vt 47.99919891357422 -12.997099876403809
vt 47.99919891357422 -12.998900413513184
vt 47.999698638916016 -12.998600006103516
vt 47.997100830078125 -13.006199836730957
vt 47.996700286865234 -13.003100395202637
vt 47.994300842285156 -13.003899574279785
vt 47.996700286865234 -13.003100395202637
vt 47.997100830078125 -13.006199836730957
vt 47.998600006103516 -13.004599571228027
vt 48.00550079345703 -13.000300407409668
vt 48.00659942626953 -13.003100395202637
vt 48.00749969482422 -12.999699592590332
vt 48.00659942626953 -13.003100395202637
vt 48.00550079345703 -13.000300407409668
vt 48.00490188598633 -13.0024995803833
vt 48.00239944458008 -13.000200271606445
vt 48.00490188598633 -13.0024995803833
vt 48.00550079345703 -13.000300407409668
vt 48.00490188598633 -13.0024995803833
vt 48.00239944458008 -13.000200271606445
vt 48.00210189819336 -13.00100040435791
vt 48.00239944458008 -13.000200271606445
vt 48.00080108642578 -12.999899864196777
vt 48.00210189819336 -13.00100040435791
vt 48.00080108642578 -12.999899864196777
vt 48.00239944458008 -13.000200271606445
vt 48.000999450683594 -12.999600410461426
vt 47.9994010925293 -12.99209976196289
vt 48.0015983581543 -12.994500160217285
vt 48.00310134887695 -12.992799758911133
vt 48.0015983581543 -12.994500160217285
vt 47.9994010925293 -12.99209976196289
vt 47.99909973144531 -12.994000434875488
vt 47.99909973144531 -12.994000434875488
vt 48.00040054321289 -12.997200012207031
vt 48.0015983581543 -12.994500160217285
vt 48.00040054321289 -12.997200012207031
vt 47.99909973144531 -12.994000434875488
vt 47.99919891357422 -12.997099876403809
vt 47.999698638916016 -12.998600006103516
vt 48.00040054321289 -12.997200012207031
vt 47.99919891357422 -12.997099876403809
vt 48.000301361083984 -12.998700141906738
vt 48.00040054321289 -12.997200012207031
vt 47.999698638916016 -12.998600006103516
vt 48.007198333740234 -12.99530029296875
vt 48.00419998168945 -12.992600440979004
vt 48.00410079956055 -12.993900299072266
vt 48.00410079956055 -12.993900299072266
vt 48.00659942626953 -12.996299743652344
vt 48.007198333740234 -12.99530029296875
vt 48.00410079956055 -12.993900299072266
vt 48.00320053100586 -12.996399879455566
vt 48.00659942626953 -12.996299743652344
vt 48.00320053100586 -12.996399879455566
vt 48.00490188598633 -12.998100280761719
vt 48.00659942626953 -12.996299743652344
vt 48.00320053100586 -12.996399879455566
vt 48.00230026245117 -12.999199867248535
vt 48.00490188598633 -12.998100280761719
vt 48.00230026245117 -12.999199867248535
vt 48.00320053100586 -12.996399879455566
vt 48.0015983581543 -12.99839973449707
vt 47.992000579833984 -13.000100135803223
vt 47.99399948120117 -12.996899604797363
vt 47.99290084838867 -12.996000289916992
vt 47.99399948120117 -12.996899604797363
vt 47.992000579833984 -13.000100135803223
vt 47.99319839477539 -13.00059986114502
vt 47.99319839477539 -13.00059986114502
vt 47.996498107910156 -12.998499870300293
vt 47.99399948120117 -12.996899604797363
vt 47.996498107910156 -12.998499870300293
vt 47.99319839477539 -13.00059986114502
vt 47.99589920043945 -13.000900268554688
vt 47.99589920043945 -13.000900268554688
vt 47.9984016418457 -13.000300407409668
vt 47.996498107910156 -12.998499870300293
vt 47.9984016418457 -13.000300407409668
vt 47.998600006103516 -12.999199867248535
vt 47.996498107910156 -12.998499870300293
vt 47.999900817871094 -13.008199691772461
vt 48.00419998168945 -13.0068998336792
vt 48.00339889526367 -13.00570011138916
vt 48.00339889526367 -13.00570011138916
vt 47.99959945678711 -13.0068998336792
vt 47.999900817871094 -13.008199691772461
vt 47.99959945678711 -13.0068998336792
vt 48.00339889526367 -13.00570011138916
vt 48.00189971923828 -13.003299713134766
vt 47.99959945678711 -13.0068998336792
vt 48.00189971923828 -13.003299713134766
vt 47.99919891357422 -13.00409984588623
vt 48.00189971923828 -13.003299713134766
vt 47.9995002746582 -13.001700401306152
vt 47.99919891357422 -13.00409984588623
vt 47.9995002746582 -13.001700401306152
vt 48.00189971923828 -13.003299713134766
vt 48.00080108642578 -13.001399993896484
vt 48.00749969482422 -12.999699592590332
vt 48.00659942626953 -12.996299743652344
vt 48.00490188598633 -12.998100280761719
vt 48.00749969482422 -12.999699592590332
vt 48.00490188598633 -12.998100280761719
vt 48.00550079345703 -13.000300407409668
vt 47.996700286865234 -12.994099617004395
vt 48.000099182128906 -12.991600036621094
vt 47.99589920043945 -12.992899894714355
vt 48.000099182128906 -12.991600036621094
vt 47.996700286865234 -12.994099617004395
vt 48.00040054321289 -12.993000030517578
vt 47.99829864501953 -12.996600151062012
vt 48.00040054321289 -12.993000030517578
vt 47.996700286865234 -12.994099617004395
vt 48.00040054321289 -12.993000030517578
vt 47.99829864501953 -12.996600151062012
vt 48.00080108642578 -12.995800018310547
vt 47.99829864501953 -12.996600151062012
vt 48.0004997253418 -12.998100280761719
vt 48.00080108642578 -12.995800018310547
vt 48.0004997253418 -12.998100280761719
vt 47.99829864501953 -12.996600151062012
vt 47.9994010925293 -12.99839973449707
vt 48.007301330566406 -13.003600120544434
vt 48.00339889526367 -13.00570011138916
vt 48.00419998168945 -13.0068998336792
vt 48.00339889526367 -13.00570011138916
vt 48.007301330566406 -13.003600120544434
vt 48.00619888305664 -13.002799987792969
vt 48.00619888305664 -13.002799987792969
vt 48.00189971923828 -13.003299713134766
vt 48.00339889526367 -13.00570011138916
vt 48.00189971923828 -13.003299713134766
vt 48.00619888305664 -13.002799987792969
vt 48.00379943847656 -13.001299858093262
vt 48.00170135498047 -13.000399589538574
vt 48.00189971923828 -13.003299713134766
vt 48.00379943847656 -13.001299858093262
vt 48.00080108642578 -13.001399993896484
vt 48.00189971923828 -13.003299713134766
vt 48.00170135498047 -13.000399589538574
vt 47.99250030517578 -13.004199981689453
vt 47.995601654052734 -13.007100105285645
vt 47.99580001831055 -13.005900382995605
vt 47.99250030517578 -13.004199981689453
vt 47.99580001831055 -13.005900382995605
vt 47.993099212646484 -13.003299713134766
vt 47.996700286865234 -13.003399848937988
vt 47.993099212646484 -13.003299713134766
vt 47.99580001831055 -13.005900382995605
vt 47.993099212646484 -13.003299713134766
vt 47.996700286865234 -13.003399848937988
vt 47.99489974975586 -13.00160026550293
vt 47.996700286865234 -13.003399848937988
vt 47.997398376464844 -13.000399589538574
vt 47.99489974975586 -13.00160026550293
vt 47.997398376464844 -13.000399589538574
vt 47.996700286865234 -13.003399848937988
vt 47.998199462890625 -13.001299858093262
vt 47.998199462890625 -13.001299858093262
vt 47.99869918823242 -13.000300407409668
vt 47.997398376464844 -13.000399589538574
vt 47.993099212646484 -12.996000289916992
vt 47.9921989440918 -12.999600410461426
vt 47.99420166015625 -12.999099731445312
vt 47.993099212646484 -12.996000289916992
vt 47.99420166015625 -12.999099731445312
vt 47.99489974975586 -12.996700286865234
vt 47.99420166015625 -12.999099731445312
vt 47.99729919433594 -12.999199867248535
vt 47.99489974975586 -12.996700286865234
vt 47.99489974975586 -12.996700286865234
vt 47.99729919433594 -12.999199867248535
vt 47.99760055541992 -12.998200416564941
vt 47.99729919433594 -12.999199867248535
vt 47.9989013671875 -12.999199867248535
vt 47.99760055541992 -12.998200416564941
vt 47.9989013671875 -12.999199867248535
vt 47.99729919433594 -12.999199867248535
vt 47.99869918823242 -12.999699592590332
vt 48.00080108642578 -12.99899959564209
vt 48.001399993896484 -12.997900009155273
vt 48.000301361083984 -12.998700141906738
vt 48.00040054321289 -12.997200012207031
vt 48.000301361083984 -12.998700141906738
vt 48.001399993896484 -12.997900009155273
vt 47.99489974975586 -13.00160026550293
vt 47.9921989440918 -12.999600410461426
vt 47.993099212646484 -13.003299713134766
vt 47.99489974975586 -13.00160026550293
vt 47.99420166015625 -12.999099731445312
vt 47.9921989440918 -12.999600410461426
vt 47.997398376464844 -13.000399589538574
vt 47.99420166015625 -12.999099731445312
vt 47.99489974975586 -13.00160026550293
vt 47.99729919433594 -12.999199867248535
vt 47.99420166015625 -12.999099731445312
vt 47.997398376464844 -13.000399589538574
vt 47.997398376464844 -13.000399589538574
vt 47.99869918823242 -12.999699592590332
vt 47.99729919433594 -12.999199867248535
vt 47.99869918823242 -12.999699592590332
vt 47.997398376464844 -13.000399589538574
vt 47.99869918823242 -13.000300407409668
vt 47.99290084838867 -12.996000289916992
vt 47.996700286865234 -12.994099617004395
vt 47.99589920043945 -12.992899894714355
vt 47.996700286865234 -12.994099617004395
vt 47.99290084838867 -12.996000289916992
vt 47.99399948120117 -12.996899604797363
vt 47.99399948120117 -12.996899604797363
vt 47.99829864501953 -12.996600151062012
vt 47.996700286865234 -12.994099617004395
vt 47.99829864501953 -12.996600151062012
vt 47.99399948120117 -12.996899604797363
vt 47.996498107910156 -12.998499870300293
vt 47.99829864501953 -12.996600151062012
vt 47.996498107910156 -12.998499870300293
vt 47.998600006103516 -12.999199867248535
vt 47.99829864501953 -12.996600151062012
vt 47.998600006103516 -12.999199867248535
vt 47.9994010925293 -12.99839973449707
vt 47.99919891357422 -13.00409984588623
vt 47.998199462890625 -13.001299858093262
vt 47.996700286865234 -13.003399848937988
vt 47.998199462890625 -13.001299858093262
vt 47.99919891357422 -13.00409984588623
vt 47.9995002746582 -13.001700401306152
vt 47.99580001831055 -13.005900382995605
vt 47.99919891357422 -13.00409984588623
vt 47.996700286865234 -13.003399848937988
vt 47.99580001831055 -13.005900382995605
vt 47.99959945678711 -13.0068998336792
vt 47.99919891357422 -13.00409984588623
vt 47.995601654052734 -13.007100105285645
vt 47.99959945678711 -13.0068998336792
vt 47.99580001831055 -13.005900382995605
vt 47.995601654052734 -13.007100105285645
vt 47.999900817871094 -13.008199691772461
vt 47.99959945678711 -13.0068998336792
vt 47.99980163574219 -13.001799583435059
vt 48.000301361083984 -13.000300407409668
vt 47.999900817871094 -13.000300407409668
vt 48.00080108642578 -13.001799583435059
vt 48.000301361083984 -13.000300407409668
vt 47.99980163574219 -13.001799583435059
vt 47.99980163574219 -13.001799583435059
vt 48.00090026855469 -13.004899978637695
vt 48.00080108642578 -13.001799583435059
vt 48.00090026855469 -13.004899978637695
vt 47.99980163574219 -13.001799583435059
vt 47.998600006103516 -13.004599571228027
vt 47.998600006103516 -13.004599571228027
vt 48.0005989074707 -13.006799697875977
vt 48.00090026855469 -13.004899978637695
vt 48.0005989074707 -13.006799697875977
vt 47.998600006103516 -13.004599571228027
vt 47.997100830078125 -13.006199836730957
vt 47.9984016418457 -13.000300407409668
vt 47.99589920043945 -13.000900268554688
vt 47.9989013671875 -13.001299858093262
vt 47.9989013671875 -13.001299858093262
vt 47.99589920043945 -13.000900268554688
vt 47.996700286865234 -13.003100395202637
vt 47.99589920043945 -13.000900268554688
vt 47.994300842285156 -13.003899574279785
vt 47.996700286865234 -13.003100395202637
vt 47.994300842285156 -13.003899574279785
vt 47.99589920043945 -13.000900268554688
vt 47.99319839477539 -13.00059986114502
vt 47.99319839477539 -13.00059986114502
vt 47.99319839477539 -13.003899574279785
vt 47.994300842285156 -13.003899574279785
vt 47.99319839477539 -13.003899574279785
vt 47.99319839477539 -13.00059986114502
vt 47.992000579833984 -13.000100135803223
vt 48.004398345947266 -12.998600006103516
vt 48.003501892089844 -12.996199607849121
vt 48.001399993896484 -12.997900009155273
vt 48.004398345947266 -12.998600006103516
vt 48.001399993896484 -12.997900009155273
vt 48.00189971923828 -12.999099731445312
vt 48.004398345947266 -12.998600006103516
vt 48.00590133666992 -12.99530029296875
vt 48.003501892089844 -12.996199607849121
vt 48.00590133666992 -12.99530029296875
vt 48.004398345947266 -12.998600006103516
vt 48.00709915161133 -12.998900413513184
vt 48.00709915161133 -12.998900413513184
vt 48.00699996948242 -12.995200157165527
vt 48.00590133666992 -12.99530029296875
vt 48.00699996948242 -12.995200157165527
vt 48.00709915161133 -12.998900413513184
vt 48.00830078125 -12.999300003051758
vt 48.000999450683594 -12.999600410461426
vt 48.00230026245117 -12.999199867248535
vt 48.000999450683594 -12.999199867248535
vt 48.00230026245117 -12.999199867248535
vt 48.000999450683594 -12.999600410461426
vt 48.00239944458008 -13.000200271606445
vt 48.00550079345703 -13.000300407409668
vt 48.00230026245117 -12.999199867248535
vt 48.00239944458008 -13.000200271606445
vt 48.00230026245117 -12.999199867248535
vt 48.00550079345703 -13.000300407409668
vt 48.00490188598633 -12.998100280761719
vt 48.000301361083984 -13.000300407409668
vt 48.00149917602539 -13.001500129699707
vt 48.0005989074707 -13.000100135803223
vt 48.00149917602539 -13.001500129699707
vt 48.000301361083984 -13.000300407409668
vt 48.00080108642578 -13.001799583435059
vt 48.00379943847656 -13.001299858093262
vt 48.00189971923828 -12.999099731445312
vt 48.00170135498047 -13.000399589538574
vt 48.00189971923828 -12.999099731445312
vt 48.00379943847656 -13.001299858093262
vt 48.004398345947266 -12.998600006103516
vt 48.00379943847656 -13.001299858093262
vt 48.00709915161133 -12.998900413513184
vt 48.004398345947266 -12.998600006103516
vt 48.00709915161133 -12.998900413513184
vt 48.00379943847656 -13.001299858093262
vt 48.00619888305664 -13.002799987792969
vt 48.00830078125 -12.999300003051758
vt 48.00619888305664 -13.002799987792969
vt 48.007301330566406 -13.003600120544434
vt 48.00619888305664 -13.002799987792969
vt 48.00830078125 -12.999300003051758
vt 48.00709915161133 -12.998900413513184
vt 48.0015983581543 -12.994500160217285
vt 48.00040054321289 -12.997200012207031
vt 48.003501892089844 -12.996199607849121
vt 48.00040054321289 -12.997200012207031
vt 48.001399993896484 -12.997900009155273
vt 48.003501892089844 -12.996199607849121
vt 48.003501892089844 -12.996199607849121
vt 48.00310134887695 -12.992799758911133
vt 48.0015983581543 -12.994500160217285
vt 48.00310134887695 -12.992799758911133
vt 48.003501892089844 -12.996199607849121
vt 48.00590133666992 -12.99530029296875
vt 48.0015983581543 -12.99839973449707
vt 48.00080108642578 -12.995800018310547
vt 48.0004997253418 -12.998100280761719
vt 48.00080108642578 -12.995800018310547
vt 48.0015983581543 -12.99839973449707
vt 48.00320053100586 -12.996399879455566
vt 48.00080108642578 -12.995800018310547
vt 48.00320053100586 -12.996399879455566
vt 48.00410079956055 -12.993900299072266
vt 48.00080108642578 -12.995800018310547
vt 48.00410079956055 -12.993900299072266
vt 48.00040054321289 -12.993000030517578
vt 48.00040054321289 -12.993000030517578
vt 48.00410079956055 -12.993900299072266
vt 48.00419998168945 -12.992600440979004
vt 48.00040054321289 -12.993000030517578
vt 48.00419998168945 -12.992600440979004
vt 48.000099182128906 -12.991600036621094
vt 47.9989013671875 -13.001299858093262
vt 47.999900817871094 -13.000300407409668
vt 47.9995002746582 -13.000100135803223
vt 47.9989013671875 -13.001299858093262
vt 47.99980163574219 -13.001799583435059
vt 47.999900817871094 -13.000300407409668
vt 47.9989013671875 -13.001299858093262
vt 47.998600006103516 -13.004599571228027
vt 47.99980163574219 -13.001799583435059
vt 47.998600006103516 -13.004599571228027
vt 47.9989013671875 -13.001299858093262
vt 47.996700286865234 -13.003100395202637
vt 47.99760055541992 -12.998200416564941
vt 47.99919891357422 -12.998900413513184
vt 47.99829864501953 -12.9975004196167
vt 47.99919891357422 -12.998900413513184
vt 47.99760055541992 -12.998200416564941
vt 47.9989013671875 -12.999199867248535
vt 47.99660110473633 -12.994799613952637
vt 47.99760055541992 -12.998200416564941
vt 47.99829864501953 -12.9975004196167
vt 47.99660110473633 -12.994799613952637
vt 47.99489974975586 -12.996700286865234
vt 47.99760055541992 -12.998200416564941
vt 47.92789840698242 -13.026000022888184
vt 47.92940139770508 -13.055000305175781
vt 47.96099853515625 -13.026000022888184
vt 47.96099853515625 -13.026000022888184
vt 47.93050003051758 -12.996399879455566
vt 47.92789840698242 -13.026000022888184
vt 47.92940139770508 -13.055000305175781
vt 47.937599182128906 -13.081399917602539
vt 47.96179962158203 -13.055000305175781
vt 47.96099853515625 -13.026000022888184
vt 47.92940139770508 -13.055000305175781
vt 47.96179962158203 -13.055000305175781
vt 47.96179962158203 -13.055000305175781
vt 47.937599182128906 -13.081399917602539
vt 47.96630096435547 -13.081399917602539
vt 47.96099853515625 -13.026000022888184
vt 47.96179962158203 -13.055000305175781
vt 48 -13.026000022888184
vt 47.96179962158203 -13.055000305175781
vt 47.96630096435547 -13.081399917602539
vt 48 -13.055000305175781
vt 48 -13.026000022888184
vt 47.96179962158203 -13.055000305175781
vt 48 -13.055000305175781
vt 48 -13.055000305175781
vt 47.96630096435547 -13.081399917602539
vt 48 -13.081399917602539
vt 47.96630096435547 -13.081399917602539
vt 47.97159957885742 -13.097599983215332
vt 48 -13.081399917602539
vt 48 -13.081399917602539
vt 47.97159957885742 -13.097599983215332
vt 48 -13.097599983215332
vt 48 -13.026000022888184
vt 47.962398529052734 -12.996399879455566
vt 47.96099853515625 -13.026000022888184
vt 47.93050003051758 -12.996399879455566
vt 47.96099853515625 -13.026000022888184
vt 47.962398529052734 -12.996399879455566
vt 47.962398529052734 -12.996399879455566
vt 47.936100006103516 -12.970999717712402
vt 47.93050003051758 -12.996399879455566
vt 47.962398529052734 -12.996399879455566
vt 48 -13.026000022888184
vt 48 -12.996399879455566
vt 47.936100006103516 -12.970999717712402
vt 47.962398529052734 -12.996399879455566
vt 47.96540069580078 -12.970999717712402
vt 48 -12.996399879455566
vt 47.96540069580078 -12.970999717712402
vt 47.962398529052734 -12.996399879455566
vt 47.96540069580078 -12.970999717712402
vt 48 -12.996399879455566
vt 48 -12.970999717712402
vt 47.97159957885742 -12.947400093078613
vt 47.947601318359375 -12.947400093078613
vt 47.96540069580078 -12.970999717712402
vt 47.947601318359375 -12.947400093078613
vt 47.936100006103516 -12.970999717712402
vt 47.96540069580078 -12.970999717712402
vt 48 -12.947400093078613
vt 47.97159957885742 -12.947400093078613
vt 48 -12.970999717712402
vt 47.97159957885742 -12.947400093078613
vt 47.96540069580078 -12.970999717712402
vt 48 -12.970999717712402
vt 48 -12.970999717712402
vt 48.02840042114258 -12.947400093078613
vt 48 -12.947400093078613
vt 48.02840042114258 -12.947400093078613
vt 48 -12.970999717712402
vt 48.03459930419922 -12.970999717712402
vt 48.03459930419922 -12.970999717712402
vt 48.052398681640625 -12.947400093078613
vt 48.02840042114258 -12.947400093078613
vt 48.052398681640625 -12.947400093078613
vt 48.03459930419922 -12.970999717712402
vt 48.063899993896484 -12.970999717712402
vt 48.03459930419922 -12.970999717712402
vt 48.037601470947266 -12.996399879455566
vt 48.063899993896484 -12.970999717712402
vt 48 -12.970999717712402
vt 48 -12.996399879455566
vt 48.03459930419922 -12.970999717712402
vt 48.03459930419922 -12.970999717712402
vt 48 -12.996399879455566
vt 48.037601470947266 -12.996399879455566
vt 48 -12.996399879455566
vt 48 -13.026000022888184
vt 48.037601470947266 -12.996399879455566
vt 48.063899993896484 -12.970999717712402
vt 48.037601470947266 -12.996399879455566
vt 48.06949996948242 -12.996399879455566
vt 48.037601470947266 -12.996399879455566
vt 48 -13.026000022888184
vt 48.03900146484375 -13.026000022888184
vt 48.037601470947266 -12.996399879455566
vt 48.03900146484375 -13.026000022888184
vt 48.06949996948242 -12.996399879455566
vt 48 -13.026000022888184
vt 48.03820037841797 -13.055000305175781
vt 48.03900146484375 -13.026000022888184
vt 48.03820037841797 -13.055000305175781
vt 48 -13.026000022888184
vt 48 -13.055000305175781
vt 48.06949996948242 -12.996399879455566
vt 48.03900146484375 -13.026000022888184
vt 48.07210159301758 -13.026000022888184
vt 48.07059860229492 -13.055000305175781
vt 48.03900146484375 -13.026000022888184
vt 48.03820037841797 -13.055000305175781
vt 48.03900146484375 -13.026000022888184
vt 48.07059860229492 -13.055000305175781
vt 48.07210159301758 -13.026000022888184
vt 48 -13.055000305175781
vt 48.03369903564453 -13.081399917602539
vt 48.03820037841797 -13.055000305175781
vt 48.03369903564453 -13.081399917602539
vt 48 -13.055000305175781
vt 48 -13.081399917602539
vt 48.03820037841797 -13.055000305175781
vt 48.062400817871094 -13.081399917602539
vt 48.07059860229492 -13.055000305175781
vt 48.062400817871094 -13.081399917602539
vt 48.03820037841797 -13.055000305175781
vt 48.03369903564453 -13.081399917602539
vt 48 -13.081399917602539
vt 48.02840042114258 -13.097599983215332
vt 48.03369903564453 -13.081399917602539
vt 48.02840042114258 -13.097599983215332
vt 48 -13.081399917602539
vt 48 -13.097599983215332
vt 47.9995002746582 -12.890899658203125
vt 47.9995002746582 -12.891799926757812
vt 47.999900817871094 -12.891200065612793
vt 47.999900817871094 -12.891200065612793
vt 47.999698638916016 -12.89210033416748
vt 48.000301361083984 -12.891500473022461
vt 48 -12.892399787902832
vt 48.000301361083984 -12.891500473022461
vt 47.999698638916016 -12.89210033416748
vt 48.00379943847656 -12.892600059509277
vt 47.99959945678711 -12.893199920654297
vt 47.99980163574219 -12.89430046081543
vt 47.99980163574219 -12.89430046081543
vt 48.00419998168945 -12.893600463867188
vt 48.00379943847656 -12.892600059509277
vt 47.99959945678711 -12.893199920654297
vt 48.00379943847656 -12.892600059509277
vt 48.00310134887695 -12.891599655151367
vt 48.00310134887695 -12.891599655151367
vt 47.9994010925293 -12.892200469970703
vt 47.99959945678711 -12.893199920654297
vt 48.000301361083984 -12.891500473022461
vt 48.000301361083984 -12.892499923706055
vt 48.0005989074707 -12.891500473022461
vt 48.000301361083984 -12.892499923706055
vt 48.000301361083984 -12.891500473022461
vt 48 -12.892399787902832
vt 48.00270080566406 -12.876099586486816
vt 48.00510025024414 -12.882699966430664
vt 48.00790023803711 -12.87720012664795
vt 48.00510025024414 -12.882699966430664
vt 48.00270080566406 -12.876099586486816
vt 48.001800537109375 -12.881999969482422
vt 48.00510025024414 -12.882699966430664
vt 48.003501892089844 -12.889699935913086
vt 48.0078010559082 -12.883299827575684
vt 48.001800537109375 -12.881999969482422
vt 48.002201080322266 -12.889399528503418
vt 48.00510025024414 -12.882699966430664
vt 48.003501892089844 -12.889699935913086
vt 48.00510025024414 -12.882699966430664
vt 48.002201080322266 -12.889399528503418
vt 48.002201080322266 -12.889399528503418
vt 48.001800537109375 -12.881999969482422
vt 48.0005989074707 -12.888999938964844
vt 48.002201080322266 -12.889399528503418
vt 48.00279998779297 -12.894399642944336
vt 48.003501892089844 -12.889699935913086
vt 48.0005989074707 -12.888999938964844
vt 48.00149917602539 -12.894399642944336
vt 48.002201080322266 -12.889399528503418
vt 48.00279998779297 -12.894399642944336
vt 48.002201080322266 -12.889399528503418
vt 48.00149917602539 -12.894399642944336
vt 48.00149917602539 -12.894399642944336
vt 48.0005989074707 -12.888999938964844
vt 48 -12.894399642944336
vt 48.0005989074707 -12.888999938964844
vt 47.99850082397461 -12.894399642944336
vt 48 -12.894399642944336
vt 47.999000549316406 -12.888699531555176
vt 47.99850082397461 -12.894399642944336
vt 48.0005989074707 -12.888999938964844
vt 47.999000549316406 -12.888699531555176
vt 47.99720001220703 -12.894399642944336
vt 47.99850082397461 -12.894399642944336
vt 48.001800537109375 -12.881999969482422
vt 47.999000549316406 -12.888699531555176
vt 48.0005989074707 -12.888999938964844
vt 47.99760055541992 -12.888400077819824
vt 47.99720001220703 -12.894399642944336
vt 47.999000549316406 -12.888699531555176
vt 47.998600006103516 -12.881400108337402
vt 47.999000549316406 -12.888699531555176
vt 48.001800537109375 -12.881999969482422
vt 47.998600006103516 -12.881400108337402
vt 47.99760055541992 -12.888400077819824
vt 47.999000549316406 -12.888699531555176
vt 48.00270080566406 -12.876099586486816
vt 47.998600006103516 -12.881400108337402
vt 48.001800537109375 -12.881999969482422
vt 48.00270080566406 -12.876099586486816
vt 47.997398376464844 -12.875
vt 47.998600006103516 -12.881400108337402
vt 47.99580001831055 -12.880800247192383
vt 47.998600006103516 -12.881400108337402
vt 47.997398376464844 -12.875
vt 47.99580001831055 -12.880800247192383
vt 47.99760055541992 -12.888400077819824
vt 47.998600006103516 -12.881400108337402
vt 47.99290084838867 -12.874099731445312
vt 47.99580001831055 -12.880800247192383
vt 47.997398376464844 -12.875
vt 47.99589920043945 -12.888299942016602
vt 47.99980163574219 -12.889200210571289
vt 48.000099182128906 -12.888299942016602
vt 47.99980163574219 -12.889200210571289
vt 47.99589920043945 -12.888299942016602
vt 47.995601654052734 -12.889200210571289
vt 47.995601654052734 -12.889200210571289
vt 47.99959945678711 -12.890199661254883
vt 47.99980163574219 -12.889200210571289
vt 47.99959945678711 -12.890199661254883
vt 47.995601654052734 -12.889200210571289
vt 47.995601654052734 -12.890199661254883
vt 47.99959945678711 -12.890199661254883
vt 47.995601654052734 -12.890199661254883
vt 47.99589920043945 -12.891300201416016
vt 47.99959945678711 -12.890199661254883
vt 47.99589920043945 -12.891300201416016
vt 47.9994010925293 -12.891300201416016
vt 47.995601654052734 -12.890199661254883
vt 47.992698669433594 -12.890899658203125
vt 47.99340057373047 -12.891900062561035
vt 47.99340057373047 -12.891900062561035
vt 47.99589920043945 -12.891300201416016
vt 47.995601654052734 -12.890199661254883
vt 47.9995002746582 -12.890000343322754
vt 48.0004997253418 -12.890999794006348
vt 48.00080108642578 -12.889900207519531
vt 48.0004997253418 -12.890999794006348
vt 47.9995002746582 -12.890000343322754
vt 47.99980163574219 -12.89109992980957
vt 48.00410079956055 -12.889900207519531
vt 48.00680160522461 -12.89210033416748
vt 48.007198333740234 -12.89109992980957
vt 48.00680160522461 -12.89210033416748
vt 48.00410079956055 -12.889900207519531
vt 48.003700256347656 -12.890899658203125
vt 48.003700256347656 -12.890899658203125
vt 48.005699157714844 -12.892999649047852
vt 48.00680160522461 -12.89210033416748
vt 48.005699157714844 -12.892999649047852
vt 48.003700256347656 -12.890899658203125
vt 48.002899169921875 -12.891900062561035
vt 47.99909973144531 -12.891400337219238
vt 47.9995002746582 -12.890000343322754
vt 47.998199462890625 -12.890299797058105
vt 47.9995002746582 -12.890000343322754
vt 47.99909973144531 -12.891400337219238
vt 47.99980163574219 -12.89109992980957
vt 47.99909973144531 -12.891400337219238
vt 48 -12.892200469970703
vt 47.99980163574219 -12.89109992980957
vt 48 -12.892200469970703
vt 47.99909973144531 -12.891400337219238
vt 47.99959945678711 -12.892499923706055
vt 47.99959945678711 -12.892499923706055
vt 47.99869918823242 -12.89169979095459
vt 47.99919891357422 -12.892800331115723
vt 47.99869918823242 -12.89169979095459
vt 47.99959945678711 -12.892499923706055
vt 47.99909973144531 -12.891400337219238
vt 47.998199462890625 -12.890299797058105
vt 47.99869918823242 -12.89169979095459
vt 47.99909973144531 -12.891400337219238
vt 48.000099182128906 -12.888299942016602
vt 48.00410079956055 -12.889900207519531
vt 48.00419998168945 -12.888999938964844
vt 48.00410079956055 -12.889900207519531
vt 48.000099182128906 -12.888299942016602
vt 47.99980163574219 -12.889200210571289
vt 47.99980163574219 -12.889200210571289
vt 48.003700256347656 -12.890899658203125
vt 48.00410079956055 -12.889900207519531
vt 48.003700256347656 -12.890899658203125
vt 47.99980163574219 -12.889200210571289
vt 47.99959945678711 -12.890199661254883
vt 48.00080108642578 -12.889900207519531
vt 48.00090026855469 -12.89109992980957
vt 48.00170135498047 -12.890000343322754
vt 48.00090026855469 -12.89109992980957
vt 48.00080108642578 -12.889900207519531
vt 48.0004997253418 -12.890999794006348
vt 48.000301361083984 -12.893199920654297
vt 47.99959945678711 -12.892499923706055
vt 47.999698638916016 -12.893500328063965
vt 47.99959945678711 -12.892499923706055
vt 48.000301361083984 -12.893199920654297
vt 48 -12.892200469970703
vt 48 -12.892399787902832
vt 47.99980163574219 -12.893400192260742
vt 48.000301361083984 -12.892499923706055
vt 48.000301361083984 -12.892499923706055
vt 47.99980163574219 -12.893400192260742
vt 48.000301361083984 -12.893500328063965
vt 47.99980163574219 -12.89109992980957
vt 48.0004997253418 -12.89210033416748
vt 48.0004997253418 -12.890999794006348
vt 48.0004997253418 -12.89210033416748
vt 47.99980163574219 -12.89109992980957
vt 48 -12.892200469970703
vt 47.99959945678711 -12.893199920654297
vt 47.99549865722656 -12.893400192260742
vt 47.99549865722656 -12.894499778747559
vt 47.99959945678711 -12.893199920654297
vt 47.99570083618164 -12.89229965209961
vt 47.99549865722656 -12.893400192260742
vt 47.99959945678711 -12.893199920654297
vt 47.99549865722656 -12.894499778747559
vt 47.99980163574219 -12.89430046081543
vt 47.99980163574219 -12.89430046081543
vt 47.99549865722656 -12.894499778747559
vt 47.99580001831055 -12.895500183105469
vt 47.99570083618164 -12.89229965209961
vt 47.99959945678711 -12.893199920654297
vt 47.9994010925293 -12.892200469970703
vt 47.99580001831055 -12.895500183105469
vt 48.000099182128906 -12.895299911499023
vt 47.99980163574219 -12.89430046081543
vt 48.0005989074707 -12.894599914550781
vt 48.000701904296875 -12.893400192260742
vt 48.000301361083984 -12.893500328063965
vt 48.000701904296875 -12.893400192260742
vt 48.0005989074707 -12.894599914550781
vt 48.001399993896484 -12.894399642944336
vt 47.999698638916016 -12.89210033416748
vt 47.999298095703125 -12.893199920654297
vt 48 -12.892399787902832
vt 47.99980163574219 -12.893400192260742
vt 48 -12.892399787902832
vt 47.999298095703125 -12.893199920654297
vt 47.999298095703125 -12.893199920654297
vt 47.9995002746582 -12.894599914550781
vt 47.99980163574219 -12.893400192260742
vt 47.9995002746582 -12.894599914550781
vt 47.999298095703125 -12.893199920654297
vt 47.9984016418457 -12.894200325012207
vt 48.000301361083984 -12.893500328063965
vt 47.9995002746582 -12.894599914550781
vt 48.0005989074707 -12.894599914550781
vt 47.99980163574219 -12.893400192260742
vt 47.9995002746582 -12.894599914550781
vt 48.000301361083984 -12.893500328063965
vt 47.99549865722656 -12.893400192260742
vt 47.993099212646484 -12.89210033416748
vt 47.99250030517578 -12.893099784851074
vt 47.993099212646484 -12.89210033416748
vt 47.99549865722656 -12.893400192260742
vt 47.99570083618164 -12.89229965209961
vt 48.00699996948242 -12.891799926757812
vt 48.00379943847656 -12.892600059509277
vt 48.00419998168945 -12.893600463867188
vt 48.00419998168945 -12.893600463867188
vt 48.00749969482422 -12.892800331115723
vt 48.00699996948242 -12.891799926757812
vt 48.00379943847656 -12.892600059509277
vt 48.00699996948242 -12.891799926757812
vt 48.00590133666992 -12.890800476074219
vt 48.00590133666992 -12.890800476074219
vt 48.00310134887695 -12.891599655151367
vt 48.00379943847656 -12.892600059509277
vt 47.9995002746582 -12.891799926757812
vt 47.999000549316406 -12.892800331115723
vt 47.999698638916016 -12.89210033416748
vt 47.999298095703125 -12.893199920654297
vt 47.999698638916016 -12.89210033416748
vt 47.999000549316406 -12.892800331115723
vt 47.999000549316406 -12.892800331115723
vt 47.9984016418457 -12.894200325012207
vt 47.999298095703125 -12.893199920654297
vt 47.9984016418457 -12.894200325012207
vt 47.999000549316406 -12.892800331115723
vt 47.99769973754883 -12.893799781799316
vt 48.000301361083984 -12.893199920654297
vt 48.0004997253418 -12.89210033416748
vt 48 -12.892200469970703
vt 48.0004997253418 -12.89210033416748
vt 48.000301361083984 -12.893199920654297
vt 48.00080108642578 -12.893099784851074
vt 47.999698638916016 -12.893500328063965
vt 47.99919891357422 -12.892800331115723
vt 47.99919891357422 -12.893799781799316
vt 48.00419998168945 -12.893600463867188
vt 48.000099182128906 -12.895299911499023
vt 48.004398345947266 -12.894700050354004
vt 48.00419998168945 -12.893600463867188
vt 47.99980163574219 -12.89430046081543
vt 48.000099182128906 -12.895299911499023
vt 48.002899169921875 -12.891900062561035
vt 47.99959945678711 -12.890199661254883
vt 47.9994010925293 -12.891300201416016
vt 47.99959945678711 -12.890199661254883
vt 48.002899169921875 -12.891900062561035
vt 48.003700256347656 -12.890899658203125
vn -0.38620467765184363 -0.023600286072621674 -0.9221111502726371
vn -0.7068598537959838 -0.023598660579785966 -0.7069598647097021
vn -0.6855823344598124 0.24429370430393652 -0.6857823624985515
vn -0.38620467765184363 -0.023600286072621674 -0.9221111502726371
vn -0.6909847177074413 -0.21199531354408335 -0.6910847320915963
vn -0.7068598537959838 -0.023598660579785966 -0.7069598647097021
vn -0.36969851457212327 0.2437990101633035 -0.8965963701502249
vn -0.6855823344598124 0.24429370430393652 -0.6857823624985515
vn -0.5926830368931422 0.5452843961385997 -0.5927830506238224
vn -0.36969851457212327 0.2437990101633035 -0.8965963701502249
vn -0.38620467765184363 -0.023600286072621674 -0.9221111502726371
vn -0.6855823344598124 0.24429370430393652 -0.6857823624985515
vn -0.37649340430612804 -0.21179627780361193 -0.9018841684066295
vn -0.6352058079769198 -0.4392040133656899 -0.6353057658764472
vn -0.6909847177074413 -0.21199531354408335 -0.6910847320915963
vn -0.6909847177074413 -0.21199531354408335 -0.6910847320915963
vn -0.38620467765184363 -0.023600286072621674 -0.9221111502726371
vn -0.37649340430612804 -0.21179627780361193 -0.9018841684066295
vn -0.6352058079769198 -0.4392040133656899 -0.6353057658764472
vn -0.37649340430612804 -0.21179627780361193 -0.9018841684066295
vn -0.34681080321798896 -0.44131375238974146 -0.8276257842303967
vn 0 -0.02360050748219526 -0.9997214692335974
vn -0.38620467765184363 -0.023600286072621674 -0.9221111502726371
vn -0.36969851457212327 0.2437990101633035 -0.8965963701502249
vn 0 -0.02360050748219526 -0.9997214692335974
vn -0.37649340430612804 -0.21179627780361193 -0.9018841684066295
vn -0.38620467765184363 -0.023600286072621674 -0.9221111502726371
vn -0.3216962951822135 0.5413937690737229 -0.7767910146713763
vn -0.36969851457212327 0.2437990101633035 -0.8965963701502249
vn -0.5926830368931422 0.5452843961385997 -0.5927830506238224
vn 0 -0.21279911546426974 -0.9770959709555783
vn -0.34681080321798896 -0.44131375238974146 -0.8276257842303967
vn -0.37649340430612804 -0.21179627780361193 -0.9018841684066295
vn -0.37649340430612804 -0.21179627780361193 -0.9018841684066295
vn 0 -0.02360050748219526 -0.9997214692335974
vn 0 -0.21279911546426974 -0.9770959709555783
vn -0.34681080321798896 -0.44131375238974146 -0.8276257842303967
vn 0 -0.21279911546426974 -0.9770959709555783
vn 0 -0.44088268053692564 -0.8975647397277675
vn 0.34679549880454297 -0.44139426314979563 -0.8275892619333319
vn 0 -0.44088268053692564 -0.8975647397277675
vn 0 -0.21279911546426974 -0.9770959709555783
vn 0.37641553140159567 -0.21170874613453838 -0.9019372231645592
vn 0.34679549880454297 -0.44139426314979563 -0.8275892619333319
vn 0 -0.21279911546426974 -0.9770959709555783
vn 0.37641553140159567 -0.21170874613453838 -0.9019372231645592
vn 0 -0.21279911546426974 -0.9770959709555783
vn 0 -0.02360050748219526 -0.9997214692335974
vn 0.6352058079769198 -0.4392040133656899 -0.6353057658764472
vn 0.34679549880454297 -0.44139426314979563 -0.8275892619333319
vn 0.37641553140159567 -0.21170874613453838 -0.9019372231645592
vn 0 0.24439395738497754 -0.9696760250690484
vn -0.36969851457212327 0.2437990101633035 -0.8965963701502249
vn -0.3216962951822135 0.5413937690737229 -0.7767910146713763
vn 0 0.24439395738497754 -0.9696760250690484
vn 0 -0.02360050748219526 -0.9997214692335974
vn -0.36969851457212327 0.2437990101633035 -0.8965963701502249
vn 0 0.541919565887331 -0.8404303564891541
vn -0.3216962951822135 0.5413937690737229 -0.7767910146713763
vn -0.2596918744026886 0.7320771028742344 -0.6297803155200119
vn 0 0.541919565887331 -0.8404303564891541
vn 0 0.24439395738497754 -0.9696760250690484
vn -0.3216962951822135 0.5413937690737229 -0.7767910146713763
vn 0 0.7302166886601663 -0.6832156230665265
vn 0 0.541919565887331 -0.8404303564891541
vn -0.2596918744026886 0.7320771028742344 -0.6297803155200119
vn 0.2598041321842998 0.7320116723779548 -0.6298100701024022
vn 0 0.541919565887331 -0.8404303564891541
vn 0 0.7302166886601663 -0.6832156230665265
vn 0 0.541919565887331 -0.8404303564891541
vn 0.2598041321842998 0.7320116723779548 -0.6298100701024022
vn 0.3216962951822135 0.5413937690737229 -0.7767910146713763
vn 0.3216962951822135 0.5413937690737229 -0.7767910146713763
vn 0 0.24439395738497754 -0.9696760250690484
vn 0 0.541919565887331 -0.8404303564891541
vn 0 0.24439395738497754 -0.9696760250690484
vn 0.3216962951822135 0.5413937690737229 -0.7767910146713763
vn 0.36969851457212327 0.2437990101633035 -0.8965963701502249
vn 0.36969851457212327 0.2437990101633035 -0.8965963701502249
vn 0 -0.02360050748219526 -0.9997214692335974
vn 0 0.24439395738497754 -0.9696760250690484
vn 0.5926830368931422 0.5452843961385997 -0.5927830506238224
vn 0.36969851457212327 0.2437990101633035 -0.8965963701502249
vn 0.3216962951822135 0.5413937690737229 -0.7767910146713763
vn 0 -0.02360050748219526 -0.9997214692335974
vn 0.36969851457212327 0.2437990101633035 -0.8965963701502249
vn 0.38620467765184363 -0.023600286072621674 -0.9221111502726371
vn 0.38620467765184363 -0.023600286072621674 -0.9221111502726371
vn 0.37641553140159567 -0.21170874613453838 -0.9019372231645592
vn 0 -0.02360050748219526 -0.9997214692335974
vn 0.36969851457212327 0.2437990101633035 -0.8965963701502249
vn 0.5926830368931422 0.5452843961385997 -0.5927830506238224
vn 0.6855823344598124 0.24429370430393652 -0.6857823624985515
vn 0.6855823344598124 0.24429370430393652 -0.6857823624985515
vn 0.38620467765184363 -0.023600286072621674 -0.9221111502726371
vn 0.36969851457212327 0.2437990101633035 -0.8965963701502249
vn 0.38620467765184363 -0.023600286072621674 -0.9221111502726371
vn 0.6855823344598124 0.24429370430393652 -0.6857823624985515
vn 0.7068598537959838 -0.023598660579785966 -0.7069598647097021
vn 0.6909324819128104 -0.21200995593017072 -0.6911324648895397
vn 0.37641553140159567 -0.21170874613453838 -0.9019372231645592
vn 0.38620467765184363 -0.023600286072621674 -0.9221111502726371
vn 0.7068598537959838 -0.023598660579785966 -0.7069598647097021
vn 0.6909324819128104 -0.21200995593017072 -0.6911324648895397
vn 0.38620467765184363 -0.023600286072621674 -0.9221111502726371
vn 0.6909324819128104 -0.21200995593017072 -0.6911324648895397
vn 0.6352058079769198 -0.4392040133656899 -0.6353057658764472
vn 0.37641553140159567 -0.21170874613453838 -0.9019372231645592
vn 0 -0.44100283161007064 -0.8975057116876191
vn 0 -0.6623753708825354 -0.7491721217772478
vn -0.28370806446187175 -0.6621188628675112 -0.693619741352805
vn 0 -0.44100283161007064 -0.8975057116876191
vn -0.28370806446187175 -0.6621188628675112 -0.693619741352805
vn -0.34679549880454297 -0.44139426314979563 -0.8275892619333319
vn 0.28370806446187175 -0.6621188628675112 -0.693619741352805
vn 0.00010000504637223308 -0.4409222585433055 -0.8975452924059382
vn 0.34679549880454297 -0.44139426314979563 -0.8275892619333319
vn 0.00010000504637223308 -0.4409222585433055 -0.8975452924059382
vn 0.28370806446187175 -0.6621188628675112 -0.693619741352805
vn 0 -0.6623753708825354 -0.7491721217772478
vn 0.5291018065929852 -0.6634022584526514 -0.5291018065929852
vn 0.34679549880454297 -0.44139426314979563 -0.8275892619333319
vn 0.6352058079769198 -0.4392040133656899 -0.6353057658764472
vn 0.34679549880454297 -0.44139426314979563 -0.8275892619333319
vn 0.5291018065929852 -0.6634022584526514 -0.5291018065929852
vn 0.2838000293963859 -0.6621000718575745 -0.6936000563442921
vn -0.34679549880454297 -0.44139426314979563 -0.8275892619333319
vn -0.5290809187419325 -0.6632760557091814 -0.5292808851130595
vn -0.6352058079769198 -0.4392040133656899 -0.6353057658764472
vn -0.34679549880454297 -0.44139426314979563 -0.8275892619333319
vn -0.2838000293963859 -0.6621000718575745 -0.6936000563442921
vn -0.5290809187419325 -0.6632760557091814 -0.5292808851130595
vn 0.18049517385508584 -0.8634769076682893 -0.4709873906365553
vn 0.3538015779201674 -0.8412037487207417 -0.4089018177990547
vn 0.48790222969076635 -0.3778017229326223 -0.7869035979152216
vn 0.07849696267056588 -0.4395829671142343 -0.8947653557634772
vn 0.18049517385508584 -0.8634769076682893 -0.4709873906365553
vn 0.48790222969076635 -0.3778017229326223 -0.7869035979152216
vn -0.2519058229599401 -0.6140142463008826 -0.7480173538751854
vn -0.5257917955539444 0.0704989026286446 -0.8476867891245659
vn -0.6291906860622117 -0.456193263850751 -0.6292907011785273
vn -0.5257917955539444 0.0704989026286446 -0.8476867891245659
vn -0.2519058229599401 -0.6140142463008826 -0.7480173538751854
vn -0.06310186070739841 -0.10250301725376385 -0.9927292111291673
vn -0.047201506340543764 0.12580400868726327 -0.9909315663543062
vn -0.36410258422716746 -0.4907034768622574 -0.7916055873693605
vn -0.5271014861100195 0 -0.8498023436897599
vn -0.36410258422716746 -0.4907034768622574 -0.7916055873693605
vn -0.047201506340543764 0.12580400868726327 -0.9909315663543062
vn 0.04699844631289968 -0.3763875640648885 -0.925269445978561
vn -0.5272184685635819 0.00010000350372699092 -0.849729766693371
vn -0.13429605699532682 0.6082821405082449 -0.7822770651209301
vn -0.04730128398784844 0.1258034142417118 -0.9909268840324342
vn -0.13429605699532682 0.6082821405082449 -0.7822770651209301
vn -0.5272184685635819 0.00010000350372699092 -0.849729766693371
vn -0.54329309033049 0.4960937237499186 -0.6772913961177163
vn 0.04699844631289968 -0.3763875640648885 -0.925269445978561
vn -0.08670354792497692 -0.8590351803550016 -0.5045206177052345
vn -0.36399795959412706 -0.4907972520575905 -0.7915955676884696
vn -0.08670354792497692 -0.8590351803550016 -0.5045206177052345
vn 0.04699844631289968 -0.3763875640648885 -0.925269445978561
vn 0.14140414560786238 -0.8012234936593885 -0.581417045513076
vn 0.44869168872390575 0.22039591781345316 -0.8660839496730415
vn 0.04709822311759196 -0.37638579326090854 -0.9252650928304396
vn -0.04710113074574055 0.12590302263491013 -0.9909237671858852
vn -0.04710113074574055 0.12590302263491013 -0.9909237671858852
vn 0.2765025771689252 0.6951065218132294 -0.6636062448106236
vn 0.44869168872390575 0.22039591781345316 -0.8660839496730415
vn 0.2765025771689252 0.6951065218132294 -0.6636062448106236
vn -0.04710113074574055 0.12590302263491013 -0.9909237671858852
vn -0.13429839271540933 0.6083927353480431 -0.7821906553326904
vn 0.04709822311759196 -0.37638579326090854 -0.9252650928304396
vn 0.44869168872390575 0.22039591781345316 -0.8660839496730415
vn 0.48650232880250466 -0.29040139151630895 -0.8240039537982394
vn 0.3860799622551432 -0.7563607450205532 -0.5280726144546988
vn 0.04709822311759196 -0.37638579326090854 -0.9252650928304396
vn 0.48650232880250466 -0.29040139151630895 -0.8240039537982394
vn 0.04709822311759196 -0.37638579326090854 -0.9252650928304396
vn 0.3860799622551432 -0.7563607450205532 -0.5280726144546988
vn 0.14140414560786238 -0.8012234936593885 -0.581417045513076
vn -0.551801436709066 0.496601283707267 -0.6700017458679532
vn -0.657781032720994 0.2192936722088961 -0.7205792103035168
vn -0.2977997782285125 0.47019964495867816 -0.8307993656520097
vn -0.26050296971010567 0.5446061894697962 -0.7972090699204347
vn -0.551801436709066 0.496601283707267 -0.6700017458679532
vn -0.2977997782285125 0.47019964495867816 -0.8307993656520097
vn -0.26050296971010567 0.5446061894697962 -0.7972090699204347
vn -0.48880426106525343 0.5677049898040067 -0.6624057962579165
vn -0.551801436709066 0.496601283707267 -0.6700017458679532
vn -0.5271736633110495 -0.00009999500500680985 -0.8497575646690103
vn -0.6456268524362261 -0.6061252126983308 -0.46451931493178483
vn -0.8675260736528247 -0.12620379744950544 -0.4811144490054708
vn -0.6456268524362261 -0.6061252126983308 -0.46451931493178483
vn -0.5271736633110495 -0.00009999500500680985 -0.8497575646690103
vn -0.36418931157756984 -0.49068561097826413 -0.7915767660255975
vn 0.26050296971010567 0.5446061894697962 -0.7972090699204347
vn 0.551801436709066 0.496601283707267 -0.6700017458679532
vn 0.48880426106525343 0.5677049898040067 -0.6624057962579165
vn 0.551801436709066 0.496601283707267 -0.6700017458679532
vn 0.26050296971010567 0.5446061894697962 -0.7972090699204347
vn 0.2977857770525246 0.47027752034855563 -0.8307603052866922
vn 0.2977857770525246 0.47027752034855563 -0.8307603052866922
vn 0.657781032720994 0.2192936722088961 -0.7205792103035168
vn 0.551801436709066 0.496601283707267 -0.6700017458679532
vn 0 0.5363124291738164 -0.8440195366895722
vn 0.2977857770525246 0.47027752034855563 -0.8307603052866922
vn 0.26050296971010567 0.5446061894697962 -0.7972090699204347
vn 0.657781032720994 0.2192936722088961 -0.7205792103035168
vn 0.3152860094514103 -0.5043776530759776 -0.8038643637590699
vn 0.5831037490704921 -0.5123032900046366 -0.6305040498445366
vn 0.657781032720994 0.2192936722088961 -0.7205792103035168
vn 0.2977857770525246 0.47027752034855563 -0.8307603052866922
vn 0.3551132186769141 0.18940704968940053 -0.9154340890795357
vn 0.3152860094514103 -0.5043776530759776 -0.8038643637590699
vn 0.657781032720994 0.2192936722088961 -0.7205792103035168
vn 0.3551132186769141 0.18940704968940053 -0.9154340890795357
vn 0.2977857770525246 0.47027752034855563 -0.8307603052866922
vn 0 0.5363124291738164 -0.8440195366895722
vn 0 0.4627847041057022 -0.8864707088481817
vn 0 0.4627847041057022 -0.8864707088481817
vn 0.3551132186769141 0.18940704968940053 -0.9154340890795357
vn 0.2977857770525246 0.47027752034855563 -0.8307603052866922
vn 0 0.5363124291738164 -0.8440195366895722
vn -0.2977997782285125 0.47019964495867816 -0.8307993656520097
vn 0 0.4627847041057022 -0.8864707088481817
vn 0.3551132186769141 0.18940704968940053 -0.9154340890795357
vn 0 0.4627847041057022 -0.8864707088481817
vn 0 0.17329472175037822 -0.9848700114296601
vn -0.2977997782285125 0.47019964495867816 -0.8307993656520097
vn 0 0.5363124291738164 -0.8440195366895722
vn -0.26050296971010567 0.5446061894697962 -0.7972090699204347
vn 0.3551132186769141 0.18940704968940053 -0.9154340890795357
vn 0 -0.4969786779271474 -0.8677627519580363
vn 0.3152860094514103 -0.5043776530759776 -0.8038643637590699
vn 0 -0.4969786779271474 -0.8677627519580363
vn 0.3551132186769141 0.18940704968940053 -0.9154340890795357
vn 0 0.17329472175037822 -0.9848700114296601
vn 0 0.4627847041057022 -0.8864707088481817
vn -0.3551132186769141 0.18940704968940053 -0.9154340890795357
vn 0 0.17329472175037822 -0.9848700114296601
vn -0.3551132186769141 0.18940704968940053 -0.9154340890795357
vn 0 -0.4969786779271474 -0.8677627519580363
vn 0 0.17329472175037822 -0.9848700114296601
vn -0.3551132186769141 0.18940704968940053 -0.9154340890795357
vn 0 0.4627847041057022 -0.8864707088481817
vn -0.2977997782285125 0.47019964495867816 -0.8307993656520097
vn 0 -0.4969786779271474 -0.8677627519580363
vn -0.3551132186769141 0.18940704968940053 -0.9154340890795357
vn -0.31531135873204574 -0.5044182054959735 -0.8038289749808558
vn -0.657781032720994 0.2192936722088961 -0.7205792103035168
vn -0.31531135873204574 -0.5044182054959735 -0.8038289749808558
vn -0.3551132186769141 0.18940704968940053 -0.9154340890795357
vn -0.2977997782285125 0.47019964495867816 -0.8307993656520097
vn -0.657781032720994 0.2192936722088961 -0.7205792103035168
vn -0.3551132186769141 0.18940704968940053 -0.9154340890795357
vn -0.31531135873204574 -0.5044182054959735 -0.8038289749808558
vn -0.657781032720994 0.2192936722088961 -0.7205792103035168
vn -0.5832064860374648 -0.5123057314574008 -0.6304070368894451
vn 0.46489768530443193 -0.8112959630136958 -0.35449824061095353
vn 0.18049902670149381 -0.7298960637945425 -0.6592964715642324
vn 0.4107954288431647 -0.2764969032007907 -0.868790295849311
vn 0.46489768530443193 -0.8112959630136958 -0.35449824061095353
vn 0.4107954288431647 -0.2764969032007907 -0.868790295849311
vn 0.7769136382083649 -0.36890648008445803 -0.510208984355957
vn 0.4107954288431647 -0.2764969032007907 -0.868790295849311
vn 0.8481918672563415 0.14129863412124521 -0.5104951050849275
vn 0.7769136382083649 -0.36890648008445803 -0.510208984355957
vn 0.8481918672563415 0.14129863412124521 -0.5104951050849275
vn 0.4107954288431647 -0.2764969032007907 -0.868790295849311
vn 0.5191263555747251 0.22021117770588794 -0.8258419123301323
vn -0.8710795663442618 -0.10989741868294683 -0.47868877829370293
vn -0.6069749386300459 -0.6385736327741699 -0.4730804787778202
vn -0.5272184685635819 -0.00010000350372699092 -0.849729766693371
vn 0.4984105215416997 -0.783116536434263 -0.3719078412452937
vn 0.8128985843062965 -0.26049955798857444 -0.5208990995582313
vn 0.15760431900601196 -0.7328200868203103 -0.6619181210567695
vn 0.15760431900601196 -0.7328200868203103 -0.6619181210567695
vn 0.8128985843062965 -0.26049955798857444 -0.5208990995582313
vn 0.43232087527130614 -0.2279110027270068 -0.8724421101944944
vn 0.18049902670149381 -0.7298960637945425 -0.6592964715642324
vn -0.20459698073724172 -0.5821913812333798 -0.7868883472836374
vn -0.06290121321657462 -0.11800227797659736 -0.9910191217974642
vn 0.18049902670149381 -0.7298960637945425 -0.6592964715642324
vn -0.06290121321657462 -0.11800227797659736 -0.9910191217974642
vn 0.41070092579992695 -0.27660063121809986 -0.8688019569250702
vn 0.4106879488308828 -0.27639189391293445 -0.8688745189406254
vn -0.06290269656199635 -0.11780504876124878 -0.9910424921523746
vn 0.09479836955735856 0.37099359991011266 -0.9237840753958697
vn 0.4106879488308828 -0.27639189391293445 -0.8688745189406254
vn 0.09479836955735856 0.37099359991011266 -0.9237840753958697
vn 0.5190834773704812 0.2201929889552051 -0.8258737137940292
vn 0.09479836955735856 0.37099359991011266 -0.9237840753958697
vn 0.4808936466379905 0.6937908214624446 -0.5360928992979499
vn 0.5190834773704812 0.2201929889552051 -0.8258737137940292
vn 0.4808936466379905 0.6937908214624446 -0.5360928992979499
vn 0.09479836955735856 0.37099359991011266 -0.9237840753958697
vn 0.24479240231374275 0.7736759816999161 -0.584381857273254
vn -0.3230054050065239 -0.5358089231761864 -0.780113008596413
vn 0.18049517385508584 -0.8634769076682893 -0.4709873906365553
vn 0.0785039877506638 -0.4396223075606491 -0.8947454110540572
vn 0.18049517385508584 -0.8634769076682893 -0.4709873906365553
vn -0.3230054050065239 -0.5358089231761864 -0.780113008596413
vn 0 -0.8975452968941177 -0.44092226074813934
vn -0.3230054050065239 -0.5358089231761864 -0.780113008596413
vn 0.07850041250902562 -0.43950229889487097 -0.8948046795262283
vn -0.047300365816906734 0.1025007923935321 -0.9936077007311713
vn -0.5271014861100195 0 -0.8498023436897599
vn -0.3230054050065239 -0.5358089231761864 -0.780113008596413
vn -0.047300365816906734 0.1025007923935321 -0.9936077007311713
vn 0.794507642673199 -0.36180346853644213 -0.4877046810200577
vn 0.8359905474932057 0.17349803445126655 -0.520594118813839
vn 0.48799686261257375 -0.3776975684964672 -0.7868949160034909
vn 0.45671145214053815 0.16530414278982966 -0.8741219536541801
vn 0.48799686261257375 -0.3776975684964672 -0.7868949160034909
vn 0.8359905474932057 0.17349803445126655 -0.520594118813839
vn -0.047300365816906734 0.1025007923935321 -0.9936077007311713
vn 0.07850041250902562 -0.43950229889487097 -0.8948046795262283
vn 0.45671145214053815 0.16530414278982966 -0.8741219536541801
vn 0.07850041250902562 -0.43950229889487097 -0.8948046795262283
vn 0.4879206589762455 -0.37771600241945374 -0.7869333212289676
vn 0.45671145214053815 0.16530414278982966 -0.8741219536541801
vn 0.4322930017797737 -0.22779630830075373 -0.8724858752649126
vn 0.13349690194542432 0.4241901705109829 -0.8956792262930056
vn -0.06300289885570638 -0.1024047075568457 -0.9927456424512647
vn 0.13349690194542432 0.4241901705109829 -0.8956792262930056
vn 0.4322930017797737 -0.22779630830075373 -0.8724858752649126
vn 0.5338212426663675 0.3140125026986887 -0.7851312177127091
vn -0.5201947310618952 0.07099928126205035 -0.8510913839510506
vn -0.8423766036260635 0.2441932196706163 -0.48038664545375936
vn -0.5502683492574589 0.6995597408452814 -0.4558737904222551
vn -0.5201947310618952 0.07099928126205035 -0.8510913839510506
vn -0.5502683492574589 0.6995597408452814 -0.4558737904222551
vn -0.29980476577129606 0.536408531734822 -0.7889125360284946
vn 0.15760543510287103 -0.7327252563446068 -0.6620228285646689
vn -0.06300225333063161 -0.10250366359042112 -0.9927354708208047
vn -0.25198402558950345 -0.6140610414085022 -0.7479525976103125
vn -0.06300225333063161 -0.10250366359042112 -0.9927354708208047
vn 0.15760543510287103 -0.7327252563446068 -0.6620228285646689
vn 0.432283152472686 -0.22789111601472672 -0.8724659966610957
vn 0.30779456509306713 0.8206855119531544 -0.4813915206662439
vn 0.5338044796802079 0.31410262974797265 -0.7851065631229625
vn 0.47279245676107506 0.7800875640663927 -0.40979346653990045
vn 0.5338044796802079 0.31410262974797265 -0.7851065631229625
vn 0.30779456509306713 0.8206855119531544 -0.4813915206662439
vn 0.13360141048410953 0.42430447562785367 -0.895609499212033
vn 0.812919760516964 -0.2604063250425973 -0.5209126691095649
vn 0.5338927551371542 0.31399573636788186 -0.785089296548393
vn 0.43232087527130614 -0.2279110027270068 -0.8724421101944944
vn 0.5338927551371542 0.31399573636788186 -0.785089296548393
vn 0.812919760516964 -0.2604063250425973 -0.5209126691095649
vn 0.8332874719768858 0.27499587337274894 -0.4795928050693941
vn -0.20459698073724172 -0.5821913812333798 -0.7868883472836374
vn -0.6081908163390262 -0.4106937827005477 -0.6792897377202046
vn -0.5200812148121297 0.07089744017413205 -0.8511692446137223
vn -0.20459698073724172 -0.5821913812333798 -0.7868883472836374
vn -0.5200812148121297 0.07089744017413205 -0.8511692446137223
vn -0.06290121321657462 -0.11800227797659736 -0.9910191217974642
vn -0.06290121321657462 -0.11800227797659736 -0.9910191217974642
vn -0.5200812148121297 0.07089744017413205 -0.8511692446137223
vn -0.29980476577129606 0.536408531734822 -0.7889125360284946
vn -0.06290121321657462 -0.11800227797659736 -0.9910191217974642
vn -0.29980476577129606 0.536408531734822 -0.7889125360284946
vn 0.09469575270235721 0.3710833600174431 -0.9237585476401824
vn 0.09469575270235721 0.3710833600174431 -0.9237585476401824
vn -0.29980476577129606 0.536408531734822 -0.7889125360284946
vn 0.023599604864495707 0.864085479231847 -0.5027915504768441
vn 0.09469575270235721 0.3710833600174431 -0.9237585476401824
vn 0.023599604864495707 0.864085479231847 -0.5027915504768441
vn 0.24469375735678991 0.7737802756964232 -0.5842850760149397
vn 0.8188118264702973 -0.2598037482557216 -0.5119074186067767
vn 0.44881041132579413 0.22040511964374432 -0.8660200909450071
vn 0.8204824046982803 0.2524945778629789 -0.5128889857759901
vn 0.44881041132579413 0.22040511964374432 -0.8660200909450071
vn 0.5839864886431538 0.7260832392657153 -0.36299161249214235
vn 0.8204824046982803 0.2524945778629789 -0.5128889857759901
vn 0.44881041132579413 0.22040511964374432 -0.8660200909450071
vn 0.8188118264702973 -0.2598037482557216 -0.5119074186067767
vn 0.48660691902868425 -0.2902041145218909 -0.8240116978951069
vn 0.5839864886431538 0.7260832392657153 -0.36299161249214235
vn 0.44881041132579413 0.22040511964374432 -0.8660200909450071
vn 0.2765025771689252 0.6951065218132294 -0.6636062448106236
vn 0.26629808469757055 0.6969950325334772 -0.6657952047815172
vn 0.836019564194483 0.17360406048792143 -0.5205121693737551
vn 0.5958865740717175 0.7134839483995972 -0.3685917066581834
vn 0.836019564194483 0.17360406048792143 -0.5205121693737551
vn 0.26629808469757055 0.6969950325334772 -0.6657952047815172
vn 0.4567039000974397 0.16540141191765848 -0.8741074994366728
vn -0.06299728823602213 -0.1022955981373558 -0.9927572474057433
vn -0.24330232208317257 0.5807055086982906 -0.7769073897424298
vn -0.5257843719133817 0.07069789725099158 -0.8476748206570367
vn -0.24330232208317257 0.5807055086982906 -0.7769073897424298
vn -0.06299728823602213 -0.1022955981373558 -0.9927572474057433
vn 0.13349690194542432 0.4241901705109829 -0.8956792262930056
vn 0.30779456509306713 0.8206855119531544 -0.4813915206662439
vn -0.24320823576356285 0.5807196353836273 -0.7769262893844449
vn 0.1334975246894323 0.4243921489824594 -0.895583449369094
vn -0.24320823576356285 0.5807196353836273 -0.7769262893844449
vn 0.30779456509306713 0.8206855119531544 -0.4813915206662439
vn 0.12629466960651098 0.884062657444514 -0.4499809708655757
vn -0.1572039915240493 0.6368161857591805 -0.7548192171666241
vn -0.047300365816906734 0.1025007923935321 -0.9936077007311713
vn 0.26629725155869377 0.6970928078786001 -0.6656931658175671
vn -0.047300365816906734 0.1025007923935321 -0.9936077007311713
vn 0.4567039000974397 0.16540141191765848 -0.8741074994366728
vn 0.26629725155869377 0.6970928078786001 -0.6656931658175671
vn -0.5573983078084646 0.5337983966924975 -0.6358981035832545
vn -0.5271736659466545 0 -0.8497575689173738
vn -0.1573015220454051 0.6368061713823723 -0.7548073471101905
vn -0.5271736659466545 0 -0.8497575689173738
vn -0.047400143837205026 0.10250030703999304 -0.9936029958796015
vn -0.1573015220454051 0.6368061713823723 -0.7548073471101905
vn -0.5259013111155166 0.07070017266147517 -0.8476020862129932
vn -0.5034904415669728 0.7236862701615123 -0.4719910567271516
vn -0.8477987860417542 0.22779966614115835 -0.4788992905529353
vn -0.33961281540103744 -0.9397354775055783 0.03950149279133389
vn -0.27510135174787276 -0.9588047543121876 -0.07080034869150392
vn -0.2600953466601228 -0.9616827907564001 -0.08669844640322523
vn -0.14949713606007584 -0.974881347618897 -0.16509683332698566
vn -0.2600953466601228 -0.9616827907564001 -0.08669844640322523
vn -0.27510135174787276 -0.9588047543121876 -0.07080034869150392
vn -0.27510135174787276 -0.9588047543121876 -0.07080034869150392
vn -0.33961281540103744 -0.9397354775055783 0.03950149279133389
vn -0.3460957035104301 -0.9360883785114043 0.06289921801986488
vn -0.2600953466601228 -0.9616827907564001 -0.08669844640322523
vn -0.14949713606007584 -0.974881347618897 -0.16509683332698566
vn -0.1417014874296374 -0.9760102590279504 -0.16530173239389137
vn -0.3629853196508621 -0.915462946982576 0.17369297746293266
vn -0.3460957035104301 -0.9360883785114043 0.06289921801986488
vn -0.33961281540103744 -0.9397354775055783 0.03950149279133389
vn 0 -0.980603746876698 -0.1960007439051714
vn -0.1417014874296374 -0.9760102590279504 -0.16530173239389137
vn -0.14949713606007584 -0.974881347618897 -0.16509683332698566
vn -0.3460957035104301 -0.9360883785114043 0.06289921801986488
vn -0.3629853196508621 -0.915462946982576 0.17369297746293266
vn -0.3634896248475727 -0.9086740552491894 0.20539414291835092
vn -0.1417014874296374 -0.9760102590279504 -0.16530173239389137
vn 0 -0.980603746876698 -0.1960007439051714
vn 0 -0.9805845222336492 -0.19609690144366346
vn -0.3629853196508621 -0.915462946982576 0.17369297746293266
vn -0.32339355728674707 -0.8833824491947295 0.3391932422088396
vn -0.3634896248475727 -0.9086740552491894 0.20539414291835092
vn 0 -0.980603746876698 -0.1960007439051714
vn 0.1417014874296374 -0.9760102590279504 -0.16530173239389137
vn 0 -0.9805845222336492 -0.19609690144366346
vn -0.32339355728674707 -0.8833824491947295 0.3391932422088396
vn -0.3629853196508621 -0.915462946982576 0.17369297746293266
vn -0.33068503111333014 -0.889659696849741 0.31488574753202625
vn 0.1417014874296374 -0.9760102590279504 -0.16530173239389137
vn 0 -0.980603746876698 -0.1960007439051714
vn 0.14939936902386905 -0.9748959172358191 -0.16509930070173082
vn -0.33068503111333014 -0.889659696849741 0.31488574753202625
vn -0.236204017253778 -0.865914689507975 0.44090748771991195
vn -0.32339355728674707 -0.8833824491947295 0.3391932422088396
vn 0.2600953466601228 -0.9616827907564001 -0.08669844640322523
vn 0.1417014874296374 -0.9760102590279504 -0.16530173239389137
vn 0.14939936902386905 -0.9748959172358191 -0.16509930070173082
vn -0.236204017253778 -0.865914689507975 0.44090748771991195
vn -0.33068503111333014 -0.889659696849741 0.31488574753202625
vn -0.25270423439779277 -0.8685145439604424 0.4264071491504456
vn 0.14939936902386905 -0.9748959172358191 -0.16509930070173082
vn 0.2751032981627182 -0.9588115381094894 -0.07070084672837926
vn 0.2600953466601228 -0.9616827907564001 -0.08669844640322523
vn -0.25270423439779277 -0.8685145439604424 0.4264071491504456
vn -0.1264983335827263 -0.8533887796855085 0.5056933480951392
vn -0.236204017253778 -0.865914689507975 0.44090748771991195
vn 0.33961281540103744 -0.9397354775055783 0.03950149279133389
vn 0.2600953466601228 -0.9616827907564001 -0.08669844640322523
vn 0.2751032981627182 -0.9588115381094894 -0.07070084672837926
vn -0.1264983335827263 -0.8533887796855085 0.5056933480951392
vn -0.25270423439779277 -0.8685145439604424 0.4264071491504456
vn -0.13420047662015325 -0.8525030064574396 0.5052017973601742
vn 0.2751032981627182 -0.9588115381094894 -0.07070084672837926
vn 0.3460957035104301 -0.9360883785114043 0.06289921801986488
vn 0.33961281540103744 -0.9397354775055783 0.03950149279133389
vn 0.3460957035104301 -0.9360883785114043 0.06289921801986488
vn 0.36299162265193213 -0.9154788433938688 0.1735959941437063
vn 0.33961281540103744 -0.9397354775055783 0.03950149279133389
vn 0.3460957035104301 -0.9360883785114043 0.06289921801986488
vn 0.3634896248475727 -0.9086740552491894 0.20539414291835092
vn 0.36299162265193213 -0.9154788433938688 0.1735959941437063
vn 0 -0.8497297709423176 0.527218471199859
vn -0.1264983335827263 -0.8533887796855085 0.5056933480951392
vn -0.13420047662015325 -0.8525030064574396 0.5052017973601742
vn 0 -0.8497297709423176 0.527218471199859
vn -0.13420047662015325 -0.8525030064574396 0.5052017973601742
vn 0 -0.8498023436897599 0.5271014861100195
vn 0.13419369952324625 -0.8524599552281612 0.50527623706312
vn 0 -0.8497297709423176 0.527218471199859
vn 0 -0.8498023436897599 0.5271014861100195
vn 0 -0.8497297709423176 0.527218471199859
vn 0.13419369952324625 -0.8524599552281612 0.50527623706312
vn 0.1263999315260456 -0.8533995708899701 0.5056997426487636
vn 0.25270423439779277 -0.8685145439604424 0.4264071491504456
vn 0.1263999315260456 -0.8533995708899701 0.5056997426487636
vn 0.13419369952324625 -0.8524599552281612 0.50527623706312
vn 0.1263999315260456 -0.8533995708899701 0.5056997426487636
vn 0.25270423439779277 -0.8685145439604424 0.4264071491504456
vn 0.2361939717514175 -0.8659778771284833 0.44078875216177676
vn 0.330714456650188 -0.889638840988543 0.3149137671921204
vn 0.2361939717514175 -0.8659778771284833 0.44078875216177676
vn 0.25270423439779277 -0.8685145439604424 0.4264071491504456
vn 0.2361939717514175 -0.8659778771284833 0.44078875216177676
vn 0.330714456650188 -0.889638840988543 0.3149137671921204
vn 0.32339355728674707 -0.8833824491947295 0.3391932422088396
vn 0.36299162265193213 -0.9154788433938688 0.1735959941437063
vn 0.32339355728674707 -0.8833824491947295 0.3391932422088396
vn 0.330714456650188 -0.889638840988543 0.3149137671921204
vn 0.32339355728674707 -0.8833824491947295 0.3391932422088396
vn 0.36299162265193213 -0.9154788433938688 0.1735959941437063
vn 0.3634896248475727 -0.9086740552491894 0.20539414291835092
vn 0.5980082281426276 -0.7789107575429824 0.18890259621702524
vn 0.5348702098835606 -0.7393588365584843 0.40897722354918536
vn -0.00010000260252063923 -0.9980260241181141 0.06280163359713754
vn 0.5688125108977341 -0.821518112104033 -0.03950087253771506
vn 0.5979842465989093 -0.7789794757379052 0.18869503755698777
vn 0 -0.9980197561411444 0.06290124284917184
vn 0.4484925598258602 -0.8575857328055856 -0.25179581940364737
vn 0.5686981528976206 -0.8215973289682044 -0.03949987244468939
vn 0 -0.9980134733113257 0.06300084990747262
vn 0.2433916127774391 -0.8869694865623338 -0.39248650006968067
vn 0.4484126570782913 -0.8576241989299007 -0.2518071134456547
vn 0 -0.9980197561411444 0.06290124284917184
vn 0 -0.894427190999916 -0.447213595499958
vn 0.2432975489563988 -0.8869910674153658 -0.39249604965803
vn 0 -0.9980197561411444 0.06290124284917184
vn -0.2432975489563988 -0.8869910674153658 -0.39249604965803
vn -0.00010000303704831788 -0.8944271865275083 -0.44721359326375415
vn 0 -0.9980197561411444 0.06290124284917184
vn -0.4484126570782913 -0.8576241989299007 -0.2518071134456547
vn -0.2433916127774391 -0.8869694865623338 -0.39248650006968067
vn 0 -0.9980197561411444 0.06290124284917184
vn -0.5688125108977341 -0.821518112104033 -0.03950087253771506
vn -0.4484925598258602 -0.8575857328055856 -0.25179581940364737
vn 0 -0.9980197561411444 0.06290124284917184
vn -0.5979842465989093 -0.7789794757379052 0.18869503755698777
vn -0.5687657760505573 -0.821550625007422 -0.039497627061910595
vn 0 -0.9980197561411444 0.06290124284917184
vn 0.5501986154684713 -0.6995982392560737 0.4558988782245233
vn 0.165096151606227 -0.9824771547169948 0.08649798369911176
vn 0.600808596719976 -0.7984114385021726 0.03960056787806317
vn 0.165096151606227 -0.9824771547169948 0.08649798369911176
vn 0.5501986154684713 -0.6995982392560737 0.4558988782245233
vn 0.1264985835491684 -0.9402894918141254 0.31599648723362134
vn 0.1264001813043576 -0.9403013819356065 0.31600048306326056
vn -0.2128970883993694 -0.969886757637661 0.11829838168874696
vn 0.16499888998394707 -0.982493368007367 0.0864994111286653
vn -0.2128970883993694 -0.969886757637661 0.11829838168874696
vn 0.1264001813043576 -0.9403013819356065 0.31600048306326056
vn -0.2516998456649832 -0.9521993591630079 0.1730998789767945
vn -0.627714195548347 -0.777017617660648 -0.04710106741956963
vn -0.2128970883993694 -0.969886757637661 0.11829838168874696
vn -0.25191112448209085 -0.9521420732461636 0.17310764777058657
vn -0.2128970883993694 -0.969886757637661 0.11829838168874696
vn -0.627714195548347 -0.777017617660648 -0.04710106741956963
vn -0.6357836039786157 -0.7615803725953701 0.12559675548938448
vn 0.13429839271540933 -0.6083927353480431 0.7821906553326904
vn -0.27640935637887776 -0.6952235595168281 0.6635224713594603
vn -0.04729936621155435 -0.9529872446594021 0.29929597637199584
vn 0.13429839271540933 -0.6083927353480431 0.7821906553326904
vn -0.04729936621155435 -0.9529872446594021 0.29929597637199584
vn 0.1811933069802551 -0.9141662517192914 0.36258660996106884
vn 0.18130316304680683 -0.9142159607336118 0.36240631921800465
vn -0.04719959259153548 -0.9529917473439766 0.2992973904889041
vn 0.1491063196857654 -0.988541859858974 -0.023500994368897743
vn 0.18130316304680683 -0.9142159607336118 0.36240631921800465
vn 0.1491063196857654 -0.988541859858974 -0.023500994368897743
vn 0.20510681612738793 -0.97823252756841 -0.03150104736680694
vn 0.14910596850593685 -0.9885395316145269 -0.02360094471071473
vn 0.18049517385508584 -0.8634769076682893 -0.4709873906365553
vn 0.20510551978062716 -0.9782263447969529 -0.031700853312041866
vn 0.18049517385508584 -0.8634769076682893 -0.4709873906365553
vn 0.14910596850593685 -0.9885395316145269 -0.02360094471071473
vn 0.35380073672492623 -0.8413017654853201 -0.4087008417952954
vn 0.5908138152540128 -0.7956186184172954 0.1339031356345005
vn 0.4162932055916474 -0.8560860529830874 0.3062950160646905
vn 0.2363921246509309 -0.9690677416702237 -0.0708976407025756
vn 0.5908138152540128 -0.7956186184172954 0.1339031356345005
vn 0.2363921246509309 -0.9690677416702237 -0.0708976407025756
vn 0.22830029318367187 -0.9682012492663066 -0.102300132216009
vn 0.23629772504070676 -0.9690906418482593 -0.07089931609483621
vn -0.14229811010039145 -0.9405875199713295 -0.3082959051561355
vn 0.22820316469068314 -0.9682134401260877 -0.10240141592948658
vn -0.14229811010039145 -0.9405875199713295 -0.3082959051561355
vn 0.23629772504070676 -0.9690906418482593 -0.07089931609483621
vn 0 -0.8975647397277675 -0.44088268053692564
vn 0.18129659075116278 -0.9141828201227394 0.36249319659055756
vn 0.4162105427024959 -0.8561216839202986 0.3063077642906983
vn 0.5433029171205667 -0.49620268415694385 0.6772036890653556
vn 0.5433029171205667 -0.49620268415694385 0.6772036890653556
vn 0.13439658762273288 -0.6083845618131969 0.7821801468860797
vn 0.18129659075116278 -0.9141828201227394 0.36249319659055756
vn 0.4162105427024959 -0.8561216839202986 0.3063077642906983
vn 0.18129659075116278 -0.9141828201227394 0.36249319659055756
vn 0.20510681612738793 -0.97823252756841 -0.03150104736680694
vn 0.20510681612738793 -0.97823252756841 -0.03150104736680694
vn 0.2363921246509309 -0.9690677416702237 -0.0708976407025756
vn 0.4162105427024959 -0.8561216839202986 0.3063077642906983
vn 0.2051061689885973 -0.978229441117034 -0.03160094895215114
vn 0 -0.8975647397277675 -0.44088268053692564
vn 0.23629772504070676 -0.9690906418482593 -0.07089931609483621
vn 0 -0.8975647397277675 -0.44088268053692564
vn 0.2051061689885973 -0.978229441117034 -0.03160094895215114
vn 0.1805036732981468 -0.8635175684386268 -0.47090958041190584
vn 0.007900014506158652 -0.9715018102974404 0.23690044820472272
vn 0.20509675957567258 -0.970584674672393 -0.12609801149361508
vn -0.14960298747588285 -0.9842196603324411 0.09450188544883777
vn 0.20509675957567258 -0.970584674672393 -0.12609801149361508
vn 0.007900014506158652 -0.9715018102974404 0.23690044820472272
vn 0.20479761497657054 -0.9695887547374608 -0.13399844620953
vn 0.007899827318091857 -0.9714787909035374 0.2369948344435919
vn -0.14960298747588285 -0.9842196603324411 0.09450188544883777
vn -0.5958660399039428 -0.7135593131357196 0.3684789941454911
vn -0.26629725155869377 -0.6970928078786001 0.6656931658175671
vn 0.007899827318091857 -0.9714787909035374 0.2369948344435919
vn -0.5958660399039428 -0.7135593131357196 0.3684789941454911
vn -0.29860828362322894 -0.8800244424962712 -0.36931026733725747
vn -0.6081028069545247 -0.41080190819223683 -0.6793031491165377
vn -0.20460115789502664 -0.5823032847106109 -0.7868044552512697
vn -0.6081028069545247 -0.41080190819223683 -0.6793031491165377
vn -0.29860828362322894 -0.8800244424962712 -0.36931026733725747
vn -0.528187578803651 -0.7883814979911659 -0.31539260489545756
vn -0.3396141553053823 -0.9397391851267051 0.03940164277803947
vn -0.528187578803651 -0.7883814979911659 -0.31539260489545756
vn -0.29860828362322894 -0.8800244424962712 -0.36931026733725747
vn -0.528187578803651 -0.7883814979911659 -0.31539260489545756
vn -0.3396141553053823 -0.9397391851267051 0.03940164277803947
vn -0.3621037132819188 -0.9288094983360516 0.07870080449511246
vn -0.3394910981575607 -0.9397753543352309 0.039598960287673485
vn -0.12630035138768891 -0.8841024299114187 0.4499012276756655
vn -0.36201109928620917 -0.9288284941500224 0.07890242359137123
vn -0.12630035138768891 -0.8841024299114187 0.4499012276756655
vn -0.3394910981575607 -0.9397753543352309 0.039598960287673485
vn -0.3078093837903982 -0.8207250236651366 0.48131467750364354
vn -0.39440860871883965 -0.7098154970040237 0.5836127222580056
vn -0.5347988048998153 -0.7393983864944178 0.4089991006434863
vn -0.005000221873128824 -0.9983443374307036 0.05730254532975714
vn -0.5348702098835606 -0.7393588365584843 0.40897722354918536
vn -0.5980082281426276 -0.7789107575429824 0.18890259621702524
vn 0.0001000019739668371 -0.9980197511508487 0.06290124253465322
vn -0.21319649105852947 -0.6868887049650024 0.6947885744540079
vn -0.3943011494967733 -0.7098020494209923 0.5837016824913925
vn 0 -0.998026029108504 0.06280163391116206
vn 0.3943011494967733 -0.7098020494209923 0.5837016824913925
vn 0.21319649105852947 -0.6868887049650024 0.6947885744540079
vn -0.00010000260252063923 -0.9980260241181141 0.06280163359713754
vn 0.534909762055697 -0.7393134916813228 0.40900746628330437
vn 0.39440860871883965 -0.7098154970040237 0.5836127222580056
vn 0 -0.9980197561411444 0.06290124284917184
vn -0.3621037132819188 -0.9288094983360516 0.07870080449511246
vn -0.12630035138768891 -0.8841024299114187 0.4499012276756655
vn -0.35438657154194153 -0.9294647410125653 0.10249611273210993
vn 0.023599977387190798 -0.9483990761811167 0.3161996732543038
vn -0.35438657154194153 -0.9294647410125653 0.10249611273210993
vn -0.12630035138768891 -0.8841024299114187 0.4499012276756655
vn -0.1262019427676433 -0.8841135921663372 0.44990690791363513
vn 0.5034158197182573 -0.7237226898452699 0.4720148097893985
vn 0.023699921067695463 -0.9483968332334595 0.31619892544746364
vn 0.5034158197182573 -0.7237226898452699 0.4720148097893985
vn -0.1262019427676433 -0.8841135921663372 0.44990690791363513
vn 0.243194109376315 -0.5807859193203733 0.7768811627809299
vn -0.7556902038776859 -0.6455916586674442 0.11019857540966514
vn -0.6959094660851963 -0.703909531249418 -0.14220192273398288
vn -0.35459800209066455 -0.9293947580707391 0.10239941691211715
vn -0.35459800209066455 -0.9293947580707391 0.10239941691211715
vn -0.3469916617150144 -0.9303776490755226 0.11829715466128814
vn -0.7556902038776859 -0.6455916586674442 0.11019857540966514
vn -0.34681572529745797 -0.9304422033844587 0.11830536271645355
vn -0.3543902020742328 -0.9294742629640916 0.10239716383349175
vn 0.02360072343580308 -0.9484290572189401 0.3161096791876188
vn 0.07860059991127581 -0.990807624840881 0.11010084582218058
vn -0.34681572529745797 -0.9304422033844587 0.11830536271645355
vn 0.02360072343580308 -0.9484290572189401 0.3161096791876188
vn 0.02370067027220943 -0.9484268140585627 0.3161089315463462
vn 0.5911775840374041 -0.8040694967716562 0.06309761083491061
vn 0.07879936449907433 -0.9907920293940681 0.11009911281988827
vn 0.5911775840374041 -0.8040694967716562 0.06309761083491061
vn 0.02370067027220943 -0.9484268140585627 0.3161089315463462
vn 0.5033793806229945 -0.7237703166172578 0.4719806436151432
vn 0.2283950795589148 -0.9681791407174476 -0.10229779622700559
vn 0.6500942306921651 -0.7518933529129525 -0.10969902946735914
vn 0.5908138152540128 -0.7956186184172954 0.1339031356345005
vn 0.6500942306921651 -0.7518933529129525 -0.10969902946735914
vn 0.2283950795589148 -0.9681791407174476 -0.10229779622700559
vn 0.21290322676432583 -0.9689147196499498 -0.1260019129973728
vn -0.14230249594678474 -0.9406165103239008 -0.30820541876060903
vn 0.2125935158980216 -0.9689704613172787 -0.12609616208551944
vn 0.22820550031616138 -0.968223349646765 -0.10230246734193932
vn 0.2125935158980216 -0.9689704613172787 -0.12609616208551944
vn -0.14230249594678474 -0.9406165103239008 -0.30820541876060903
vn -0.20390069905578836 -0.972803377850805 -0.1099003774635234
vn -0.14229811010039145 -0.9405875199713295 -0.3082959051561355
vn -0.7059903831058937 -0.7060903983416226 -0.05489925620408895
vn -0.2039987812619942 -0.9727942228863523 -0.10979934955435314
vn -0.7059903831058937 -0.7060903983416226 -0.05489925620408895
vn -0.14229811010039145 -0.9405875199713295 -0.3082959051561355
vn -0.6070036560112496 -0.6386038451623129 -0.47300284410654997
vn -0.5264839868940613 -0.8252748982991992 -0.20429379281167714
vn -0.33161086417510127 -0.9314304872083728 0.14990491072615156
vn -0.3548088363509399 -0.8908222201920035 -0.28380708528766807
vn -0.33161086417510127 -0.9314304872083728 0.14990491072615156
vn -0.5264839868940613 -0.8252748982991992 -0.20429379281167714
vn -0.30631330679678154 -0.934640554563932 0.18060783992852053
vn -0.3548088363509399 -0.8908222201920035 -0.28380708528766807
vn -0.2520028755871697 -0.6141069770552974 -0.7479085314580934
vn -0.5265889450638144 -0.8251826927268228 -0.20439571071989093
vn -0.6292015813832553 -0.45630115052410436 -0.6292015813832553
vn -0.5265889450638144 -0.8251826927268228 -0.20439571071989093
vn -0.2520028755871697 -0.6141069770552974 -0.7479085314580934
vn 0.1414010306351897 -0.8013058609429549 -0.5813042798343877
vn 0.17339433157067735 -0.9694683138495637 -0.17339433157067735
vn -0.08670047465130275 -0.8591046887316506 -0.5044027770487912
vn 0.17339433157067735 -0.9694683138495637 -0.17339433157067735
vn 0.1414010306351897 -0.8013058609429549 -0.5813042798343877
vn 0.19690521753711146 -0.9689257227839218 -0.14970397133782967
vn 0.19700428998898947 -0.9689211394774636 -0.14960325932153876
vn 0.39970114265064743 -0.8937025898529228 0.2038005825652746
vn 0.17339433157067735 -0.9694683138495637 -0.17339433157067735
vn 0.39970114265064743 -0.8937025898529228 0.2038005825652746
vn 0.19700428998898947 -0.9689211394774636 -0.14960325932153876
vn 0.2127031309744746 -0.9374138065508604 0.2757040684529004
vn 0.1573033770071331 -0.6369136995965273 0.7547162293527392
vn 0.3997851756969129 -0.8936668601000907 0.20379243472669298
vn 0.21269726653000828 -0.9373879610864081 0.27579645251694124
vn 0.3997851756969129 -0.8936668601000907 0.20379243472669298
vn 0.1573033770071331 -0.6369136995965273 0.7547162293527392
vn 0.5574039942672715 -0.5339038597028012 0.6358045735674941
vn 0.5911162462535426 -0.8041221081452705 0.06300173495330885
vn 0.01589976834529007 -0.9945854490304998 -0.10269850020017314
vn 0.07869998337840242 -0.9907998319795858 0.11009997986132353
vn 0.01589976834529007 -0.9945854490304998 -0.10269850020017314
vn 0.5911162462535426 -0.8041221081452705 0.06300173495330885
vn 0.4983900133911172 -0.7831843280444164 -0.37179255352631563
vn 0.3860915285189011 -0.7564834186339261 -0.527888405761925
vn 0.1969983915884965 -0.968892129525817 -0.14979878188581
vn 0.1414010306351897 -0.8013058609429549 -0.5813042798343877
vn 0.1969983915884965 -0.968892129525817 -0.14979878188581
vn 0.3860915285189011 -0.7564834186339261 -0.527888405761925
vn 0.20500634625103348 -0.9695300268260137 -0.1341041575774244
vn 0.20489890534196864 -0.96959485831851 -0.13379928741204739
vn 0.21270899552457684 -0.9374396524808654 0.2756116492085917
vn 0.19690816449604312 -0.9689402240975414 -0.14960620602303
vn 0.21270899552457684 -0.9374396524808654 0.2756116492085917
vn 0.20489890534196864 -0.96959485831851 -0.13379928741204739
vn 0.007900014506158652 -0.9715018102974404 0.23690044820472272
vn 0.2127031309744746 -0.9374138065508604 0.2757040684529004
vn 0.007899827318091857 -0.9714787909035374 0.2369948344435919
vn -0.2662043524994575 -0.6971113658820732 0.665710887899826
vn 0.1572933564323788 -0.6369731391508334 0.7546681522514183
vn 0.2127031309744746 -0.9374138065508604 0.2757040684529004
vn -0.2662043524994575 -0.6971113658820732 0.665710887899826
vn -0.22869743529497108 -0.8123908833450819 0.5363940116624158
vn -0.21350494936243491 -0.8540197974497397 0.4744110266020908
vn -0.00009999877555301024 -0.8121900853819216 0.5833928823764921
vn -0.00009999877555301024 -0.8121900853819216 0.5833928823764921
vn -0.2369051212711448 -0.7819168858328543 0.5766124757278108
vn -0.22869743529497108 -0.8123908833450819 0.5363940116624158
vn -0.21350494936243491 -0.8540197974497397 0.4744110266020908
vn -0.5841015978804848 -0.6157016823670641 0.5289014668951404
vn -0.31520192721079104 -0.6305038716267236 0.7093043161762908
vn 0.31529197638207046 -0.630483998314645 0.7092819590954409
vn -0.00009999709379858652 -0.8588750709185461 0.5121851252772222
vn 0 -0.6409708974344517 0.7675651820152302
vn 0 -0.6409708974344517 0.7675651820152302
vn -0.00009999709379858652 -0.8588750709185461 0.5121851252772222
vn -0.31520192721079104 -0.6305038716267236 0.7093043161762908
vn -0.21350494936243491 -0.8540197974497397 0.4744110266020908
vn -0.31520192721079104 -0.6305038716267236 0.7093043161762908
vn -0.00009999709379858652 -0.8588750709185461 0.5121851252772222
vn -0.00009999709379858652 -0.8588750709185461 0.5121851252772222
vn -0.00009999877555301024 -0.8121900853819216 0.5833928823764921
vn -0.21350494936243491 -0.8540197974497397 0.4744110266020908
vn -0.00009999709379858652 -0.8588750709185461 0.5121851252772222
vn 0.31529197638207046 -0.630483998314645 0.7092819590954409
vn 0.21350494936243491 -0.8540197974497397 0.4744110266020908
vn 0.5841015978804848 -0.6157016823670641 0.5289014668951404
vn 0.21350494936243491 -0.8540197974497397 0.4744110266020908
vn 0.31529197638207046 -0.630483998314645 0.7092819590954409
vn 0.21350494936243491 -0.8540197974497397 0.4744110266020908
vn -0.00009999877555301024 -0.8121900853819216 0.5833928823764921
vn -0.00009999709379858652 -0.8588750709185461 0.5121851252772222
vn 0.7658816846879419 -0.5842859968880845 0.26839358952862025
vn 0.40222291772043267 -0.8439480829631981 0.3549202131792509
vn 0.5841015978804848 -0.6157016823670641 0.5289014668951404
vn 0.21350494936243491 -0.8540197974497397 0.4744110266020908
vn 0.5841015978804848 -0.6157016823670641 0.5289014668951404
vn 0.40222291772043267 -0.8439480829631981 0.3549202131792509
vn 0.831095738930621 -0.5540971447798695 -0.04749975661160304
vn 0.5262804618007626 -0.8325690676659284 0.17279358521849877
vn 0.7658816846879419 -0.5842859968880845 0.26839358952862025
vn 0.40222291772043267 -0.8439480829631981 0.3549202131792509
vn 0.7658816846879419 -0.5842859968880845 0.26839358952862025
vn 0.5262804618007626 -0.8325690676659284 0.17279358521849877
vn 0.5262804618007626 -0.8325690676659284 0.17279358521849877
vn 0.831095738930621 -0.5540971447798695 -0.04749975661160304
vn 0.5688125108977341 -0.821518112104033 -0.03950087253771506
vn 0.40222291772043267 -0.8439480829631981 0.3549202131792509
vn 0.22869743529497108 -0.8123908833450819 0.5363940116624158
vn 0.21350494936243491 -0.8540197974497397 0.4744110266020908
vn -0.00009999877555301024 -0.8121900853819216 0.5833928823764921
vn 0.21350494936243491 -0.8540197974497397 0.4744110266020908
vn 0.22869743529497108 -0.8123908833450819 0.5363940116624158
vn 0.5262804618007626 -0.8325690676659284 0.17279358521849877
vn 0.41740866562804724 -0.8112168591761579 0.4095085020448083
vn 0.40222291772043267 -0.8439480829631981 0.3549202131792509
vn 0.22869743529497108 -0.8123908833450819 0.5363940116624158
vn 0.40222291772043267 -0.8439480829631981 0.3549202131792509
vn 0.41740866562804724 -0.8112168591761579 0.4095085020448083
vn 0.5688125108977341 -0.821518112104033 -0.03950087253771506
vn 0.5347885655513994 -0.8178825252981904 0.212295466195893
vn 0.5262804618007626 -0.8325690676659284 0.17279358521849877
vn 0.41740866562804724 -0.8112168591761579 0.4095085020448083
vn 0.5262804618007626 -0.8325690676659284 0.17279358521849877
vn 0.5347885655513994 -0.8178825252981904 0.212295466195893
vn 0.5347885655513994 -0.8178825252981904 0.212295466195893
vn 0.5688125108977341 -0.821518112104033 -0.03950087253771506
vn 0.5744847032867325 -0.8184781542214983 -0.00779979177440698
vn 0.4416994344810143 -0.7808989814043199 0.4416994344810143
vn 0.22869743529497108 -0.8123908833450819 0.5363940116624158
vn 0.41740866562804724 -0.8112168591761579 0.4095085020448083
vn 0.5347885655513994 -0.8178825252981904 0.212295466195893
vn 0.4416994344810143 -0.7808989814043199 0.4416994344810143
vn 0.41740866562804724 -0.8112168591761579 0.4095085020448083
vn 0.22869743529497108 -0.8123908833450819 0.5363940116624158
vn 0.23699950915031873 -0.7818983578561823 0.5765988125588825
vn -0.00009999877555301024 -0.8121900853819216 0.5833928823764921
vn 0.4416994344810143 -0.7808989814043199 0.4416994344810143
vn 0.23699950915031873 -0.7818983578561823 0.5765988125588825
vn 0.22869743529497108 -0.8123908833450819 0.5363940116624158
vn 0.5744847032867325 -0.8184781542214983 -0.00779979177440698
vn 0.5766124757278108 -0.7819168858328543 0.2369051212711448
vn 0.5347885655513994 -0.8178825252981904 0.212295466195893
vn 0.4416994344810143 -0.7808989814043199 0.4416994344810143
vn 0.5347885655513994 -0.8178825252981904 0.212295466195893
vn 0.5766124757278108 -0.7819168858328543 0.2369051212711448
vn 0.5766124757278108 -0.7819168858328543 0.2369051212711448
vn 0.5744847032867325 -0.8184781542214983 -0.00779979177440698
vn 0.6237311239767548 -0.7816389735566505 0
vn 0.5291018065929852 -0.6634022584526514 0.5291018065929852
vn 0.23699950915031873 -0.7818983578561823 0.5765988125588825
vn 0.4416994344810143 -0.7808989814043199 0.4416994344810143
vn 0.5766124757278108 -0.7819168858328543 0.2369051212711448
vn 0.5291018065929852 -0.6634022584526514 0.5291018065929852
vn 0.4416994344810143 -0.7808989814043199 0.4416994344810143
vn 0.5291018065929852 -0.6634022584526514 0.5291018065929852
vn 0.5766124757278108 -0.7819168858328543 0.2369051212711448
vn 0.693619741352805 -0.6621188628675112 0.28370806446187175
vn 0.6237311239767548 -0.7816389735566505 0
vn 0.693619741352805 -0.6621188628675112 0.28370806446187175
vn 0.5766124757278108 -0.7819168858328543 0.2369051212711448
vn 0.693619741352805 -0.6621188628675112 0.28370806446187175
vn 0.6237311239767548 -0.7816389735566505 0
vn 0.7491282632395322 -0.6624249732729903 0
vn 0.23699950915031873 -0.7818983578561823 0.5765988125588825
vn 0.5291018065929852 -0.6634022584526514 0.5291018065929852
vn 0.28370806446187175 -0.6621188628675112 0.693619741352805
vn 0 -0.7816389735566505 0.6237311239767548
vn 0.23699950915031873 -0.7818983578561823 0.5765988125588825
vn 0.28370806446187175 -0.6621188628675112 0.693619741352805
vn 0.23699950915031873 -0.7818983578561823 0.5765988125588825
vn 0 -0.7816389735566505 0.6237311239767548
vn -0.00009999877555301024 -0.8121900853819216 0.5833928823764921
vn 0.28370806446187175 -0.6621188628675112 0.693619741352805
vn 0 -0.6624249732729903 0.7491282632395322
vn 0 -0.7816389735566505 0.6237311239767548
vn -0.2369051212711448 -0.7819168858328543 0.5766124757278108
vn -0.00009999877555301024 -0.8121900853819216 0.5833928823764921
vn 0 -0.7816389735566505 0.6237311239767548
vn -0.2838000293963859 -0.6621000718575745 0.6936000563442921
vn 0 -0.7816389735566505 0.6237311239767548
vn 0 -0.6624249732729903 0.7491282632395322
vn 0 -0.7816389735566505 0.6237311239767548
vn -0.2838000293963859 -0.6621000718575745 0.6936000563442921
vn -0.2369051212711448 -0.7819168858328543 0.5766124757278108
vn -0.36408471931517705 -0.4907793827942286 -0.7915667467657448
vn -0.2443119189450912 -0.9142446365421528 -0.32321576510943
vn -0.6455293990352029 -0.6062275848834199 -0.4645211623894713
vn -0.2443119189450912 -0.9142446365421528 -0.32321576510943
vn -0.36408471931517705 -0.4907793827942286 -0.7915667467657448
vn -0.08670047465130275 -0.8591046887316506 -0.5044027770487912
vn -0.08670047465130275 -0.8591046887316506 -0.5044027770487912
vn 0.12619605893991007 -0.9780694150901723 -0.16569482180564102
vn -0.2443119189450912 -0.9142446365421528 -0.32321576510943
vn 0.12619605893991007 -0.9780694150901723 -0.16569482180564102
vn -0.08670047465130275 -0.8591046887316506 -0.5044027770487912
vn 0.17339433157067735 -0.9694683138495637 -0.17339433157067735
vn 0.17339433157067735 -0.9694683138495637 -0.17339433157067735
vn 0.3997851756969129 -0.8936668601000907 0.20379243472669298
vn 0.12629864590463508 -0.9780894603244046 -0.16549821644045257
vn 0.12629864590463508 -0.9780894603244046 -0.16549821644045257
vn 0.3997851756969129 -0.8936668601000907 0.20379243472669298
vn 0.5113916337032726 -0.8575859699183489 0.054999101606323014
vn -0.21249122150359703 -0.9679599789714355 0.13379446884504345
vn -0.2765017032636023 -0.6952043420963578 0.663504130222787
vn -0.5839205774799218 -0.7261256476851905 0.36301281378110767
vn -0.2765017032636023 -0.6952043420963578 0.663504130222787
vn -0.21249122150359703 -0.9679599789714355 0.13379446884504345
vn -0.04729936621155435 -0.9529872446594021 0.29929597637199584
vn 0.09459847481317545 -0.9939839972813008 -0.055199109700320347
vn -0.04729936621155435 -0.9529872446594021 0.29929597637199584
vn -0.21249122150359703 -0.9679599789714355 0.13379446884504345
vn -0.04729936621155435 -0.9529872446594021 0.29929597637199584
vn 0.09459847481317545 -0.9939839972813008 -0.055199109700320347
vn 0.1489938027875361 -0.9885588716588026 -0.02349902116224422
vn 0.09469705541771457 -0.9939690980241984 -0.055298280879025746
vn 0.35380073672492623 -0.8413017654853201 -0.4087008417952954
vn 0.14910596850593685 -0.9885395316145269 -0.02360094471071473
vn 0.35380073672492623 -0.8413017654853201 -0.4087008417952954
vn 0.09469705541771457 -0.9939690980241984 -0.055298280879025746
vn 0.46518568726126436 -0.8357742646437593 -0.2916910264757016
vn 0 -0.7815902394930515 -0.6237921909812549
vn -0.28370806446187175 -0.6621188628675112 -0.693619741352805
vn 0 -0.6624249732729903 -0.7491282632395322
vn 0.28370806446187175 -0.6621188628675112 -0.693619741352805
vn 0 -0.7815902394930515 -0.6237921909812549
vn 0 -0.6624249732729903 -0.7491282632395322
vn -0.28370806446187175 -0.6621188628675112 -0.693619741352805
vn 0 -0.7815902394930515 -0.6237921909812549
vn -0.23699950915031873 -0.7818983578561823 -0.5765988125588825
vn -0.28370806446187175 -0.6621188628675112 -0.693619741352805
vn -0.23699950915031873 -0.7818983578561823 -0.5765988125588825
vn -0.5291018065929852 -0.6634022584526514 -0.5291018065929852
vn 0 -0.7815902394930515 -0.6237921909812549
vn 0.28370806446187175 -0.6621188628675112 -0.693619741352805
vn 0.23699950915031873 -0.7818983578561823 -0.5765988125588825
vn 0.5291018065929852 -0.6634022584526514 -0.5291018065929852
vn 0.23699950915031873 -0.7818983578561823 -0.5765988125588825
vn 0.28370806446187175 -0.6621188628675112 -0.693619741352805
vn 0 -0.8282929710352144 -0.5602952383642551
vn -0.23699950915031873 -0.7818983578561823 -0.5765988125588825
vn 0 -0.7815902394930515 -0.6237921909812549
vn 0.23699950915031873 -0.7818983578561823 -0.5765988125588825
vn 0 -0.8282929710352144 -0.5602952383642551
vn 0 -0.7815902394930515 -0.6237921909812549
vn -0.5291018065929852 -0.6634022584526514 -0.5291018065929852
vn -0.23699950915031873 -0.7818983578561823 -0.5765988125588825
vn -0.4416994344810143 -0.7808989814043199 -0.4416994344810143
vn 0.23699950915031873 -0.7818983578561823 -0.5765988125588825
vn 0.5291018065929852 -0.6634022584526514 -0.5291018065929852
vn 0.4416994344810143 -0.7808989814043199 -0.4416994344810143
vn 0.4416994344810143 -0.7808989814043199 -0.4416994344810143
vn 0.5291018065929852 -0.6634022584526514 -0.5291018065929852
vn 0.5765988125588825 -0.7818983578561823 -0.23699950915031873
vn 0.5291018065929852 -0.6634022584526514 -0.5291018065929852
vn 0.693619741352805 -0.6621188628675112 -0.28370806446187175
vn 0.5765988125588825 -0.7818983578561823 -0.23699950915031873
vn 0.7490786301931868 -0.6624810984382113 0
vn 0.5765988125588825 -0.7818983578561823 -0.23699950915031873
vn 0.693619741352805 -0.6621188628675112 -0.28370806446187175
vn 0.5765988125588825 -0.7818983578561823 -0.23699950915031873
vn 0.7490786301931868 -0.6624810984382113 0
vn 0.6237311208577883 -0.781638969648066 -0.00010000498355017396
vn 0.6237311208577883 -0.781638969648066 -0.00010000498355017396
vn 0.5744842523416076 -0.8184775117522881 -0.0078997827367066
vn 0.5765988125588825 -0.7818983578561823 -0.23699950915031873
vn 0.4416994344810143 -0.7808989814043199 -0.4416994344810143
vn 0.2126929142452448 -0.827272473562676 -0.5199826715529626
vn 0.23699950915031873 -0.7818983578561823 -0.5765988125588825
vn 0 -0.8282929710352144 -0.5602952383642551
vn 0.23699950915031873 -0.7818983578561823 -0.5765988125588825
vn 0.2126929142452448 -0.827272473562676 -0.5199826715529626
vn 0.5765988125588825 -0.7818983578561823 -0.23699950915031873
vn 0.3937235338657164 -0.826849404046207 -0.4016240056429949
vn 0.4416994344810143 -0.7808989814043199 -0.4416994344810143
vn 0.2126929142452448 -0.827272473562676 -0.5199826715529626
vn 0.4416994344810143 -0.7808989814043199 -0.4416994344810143
vn 0.3937235338657164 -0.826849404046207 -0.4016240056429949
vn 0.5765988125588825 -0.7818983578561823 -0.23699950915031873
vn 0.5744842523416076 -0.8184775117522881 -0.0078997827367066
vn 0.5216118904041017 -0.8218187146625138 -0.22920522685906014
vn 0.3937235338657164 -0.826849404046207 -0.4016240056429949
vn 0.5765988125588825 -0.7818983578561823 -0.23699950915031873
vn 0.5216118904041017 -0.8218187146625138 -0.22920522685906014
vn 0.5744842523416076 -0.8184775117522881 -0.0078997827367066
vn 0.5687635269113938 -0.8215473762506166 -0.03959746243182941
vn 0.5216118904041017 -0.8218187146625138 -0.22920522685906014
vn 0.5216118904041017 -0.8218187146625138 -0.22920522685906014
vn 0.5687635269113938 -0.8215473762506166 -0.03959746243182941
vn 0.5265873438251673 -0.8095805329010815 -0.2593937741557348
vn 0.5216118904041017 -0.8218187146625138 -0.22920522685906014
vn 0.5265873438251673 -0.8095805329010815 -0.2593937741557348
vn 0.3937235338657164 -0.826849404046207 -0.4016240056429949
vn 0.5687635269113938 -0.8215473762506166 -0.03959746243182941
vn 0.831095738930621 -0.5540971447798695 -0.04749975661160304
vn 0.5265873438251673 -0.8095805329010815 -0.2593937741557348
vn 0.2126929142452448 -0.827272473562676 -0.5199826715529626
vn 0.3937235338657164 -0.826849404046207 -0.4016240056429949
vn 0.40138493899067335 -0.8028698908225729 -0.4407834719700855
vn 0.40138493899067335 -0.8028698908225729 -0.4407834719700855
vn 0.3937235338657164 -0.826849404046207 -0.4016240056429949
vn 0.5265873438251673 -0.8095805329010815 -0.2593937741557348
vn 0.5265873438251673 -0.8095805329010815 -0.2593937741557348
vn 0.831095738930621 -0.5540971447798695 -0.04749975661160304
vn 0.7664905103343971 -0.5294934547811859 -0.3634955005377643
vn 0.5265873438251673 -0.8095805329010815 -0.2593937741557348
vn 0.7664905103343971 -0.5294934547811859 -0.3634955005377643
vn 0.40138493899067335 -0.8028698908225729 -0.4407834719700855
vn 0.2123027434891484 -0.8020103404493771 -0.5583072262824968
vn 0.2126929142452448 -0.827272473562676 -0.5199826715529626
vn 0.40138493899067335 -0.8028698908225729 -0.4407834719700855
vn 0.2123027434891484 -0.8020103404493771 -0.5583072262824968
vn 0 -0.8282929710352144 -0.5602952383642551
vn 0.2126929142452448 -0.827272473562676 -0.5199826715529626
vn 0.5831037490704921 -0.5123032900046366 -0.6305040498445366
vn 0.40138493899067335 -0.8028698908225729 -0.4407834719700855
vn 0.7664905103343971 -0.5294934547811859 -0.3634955005377643
vn 0.2123027434891484 -0.8020103404493771 -0.5583072262824968
vn 0.40138493899067335 -0.8028698908225729 -0.4407834719700855
vn 0.5831037490704921 -0.5123032900046366 -0.6305040498445366
vn 0.31520540980120154 -0.5045086290346287 -0.8038137799650217
vn 0.2123027434891484 -0.8020103404493771 -0.5583072262824968
vn 0.5831037490704921 -0.5123032900046366 -0.6305040498445366
vn 0 -0.8018800072331962 -0.597485107763942
vn 0.31520540980120154 -0.5045086290346287 -0.8038137799650217
vn 0 -0.4970970969968244 -0.8676949211314595
vn 0.31520540980120154 -0.5045086290346287 -0.8038137799650217
vn 0 -0.8018800072331962 -0.597485107763942
vn 0.2123027434891484 -0.8020103404493771 -0.5583072262824968
vn 0 -0.8282929710352144 -0.5602952383642551
vn 0.2123027434891484 -0.8020103404493771 -0.5583072262824968
vn 0 -0.8018800072331962 -0.597485107763942
vn -0.3151959616082681 -0.5043935508229788 -0.8038897011866903
vn 0 -0.8018800072331962 -0.597485107763942
vn 0 -0.4970970969968244 -0.8676949211314595
vn -0.2123027434891484 -0.8020103404493771 -0.5583072262824968
vn 0 -0.8282929710352144 -0.5602952383642551
vn 0 -0.8018800072331962 -0.597485107763942
vn 0 -0.8018800072331962 -0.597485107763942
vn -0.3151959616082681 -0.5043935508229788 -0.8038897011866903
vn -0.2123027434891484 -0.8020103404493771 -0.5583072262824968
vn 0.6006351821859935 -0.798546770702457 0.03950231538879147
vn 0.09470303751463534 -0.9864316348151393 -0.13410430463424067
vn 0.46479805723158424 -0.8113966044625829 -0.35439852745226785
vn 0.09470303751463534 -0.9864316348151393 -0.13410430463424067
vn 0.6006351821859935 -0.798546770702457 0.03950231538879147
vn 0.16509757873235523 -0.9824856474577658 0.0863987386262586
vn 0.16509757873235523 -0.9824856474577658 0.0863987386262586
vn -0.2198967264692031 -0.9743854913072546 0.04709929954945062
vn 0.09470303751463534 -0.9864316348151393 -0.13410430463424067
vn -0.2198967264692031 -0.9743854913072546 0.04709929954945062
vn 0.16509757873235523 -0.9824856474577658 0.0863987386262586
vn -0.2128970883993694 -0.969886757637661 0.11829838168874696
vn -0.2128970883993694 -0.969886757637661 0.11829838168874696
vn -0.6358916121142684 -0.7614899316641605 0.12559833445085625
vn -0.2199908508728086 -0.9743594668471729 0.047198039128240055
vn -0.2199908508728086 -0.9743594668471729 0.047198039128240055
vn -0.6358916121142684 -0.7614899316641605 0.12559833445085625
vn -0.5764746538901767 -0.7660663093472582 0.2842875007897325
vn -0.3063077728227973 -0.9346236689882852 0.18070458122364727
vn -0.24480206099263238 -0.7738065257685175 0.584204939735891
vn -0.3315118926944652 -0.9314334328121918 0.15010538045596275
vn -0.24480206099263238 -0.7738065257685175 0.584204939735891
vn -0.3063077728227973 -0.9346236689882852 0.18070458122364727
vn -0.023700738705815745 -0.8641268863640591 0.502715624630422
vn -0.5831037490704921 -0.5123032900046366 -0.6305040498445366
vn -0.2123027434891484 -0.8020103404493771 -0.5583072262824968
vn -0.3151959616082681 -0.5043935508229788 -0.8038897011866903
vn 0 -0.8282929710352144 -0.5602952383642551
vn -0.2123027434891484 -0.8020103404493771 -0.5583072262824968
vn -0.21278838580933238 -0.8272548747765769 -0.5199716098240833
vn -0.23699950915031873 -0.7818983578561823 -0.5765988125588825
vn 0 -0.8282929710352144 -0.5602952383642551
vn -0.21278838580933238 -0.8272548747765769 -0.5199716098240833
vn -0.23699950915031873 -0.7818983578561823 -0.5765988125588825
vn -0.21278838580933238 -0.8272548747765769 -0.5199716098240833
vn -0.4416994344810143 -0.7808989814043199 -0.4416994344810143
vn -0.4014171709916839 -0.8028343419833678 -0.44081886775087814
vn -0.21278838580933238 -0.8272548747765769 -0.5199716098240833
vn -0.2123027434891484 -0.8020103404493771 -0.5583072262824968
vn -0.2123027434891484 -0.8020103404493771 -0.5583072262824968
vn -0.5831037490704921 -0.5123032900046366 -0.6305040498445366
vn -0.4014171709916839 -0.8028343419833678 -0.44081886775087814
vn -0.4416994344810143 -0.7808989814043199 -0.4416994344810143
vn -0.21278838580933238 -0.8272548747765769 -0.5199716098240833
vn -0.3937235338657164 -0.826849404046207 -0.4016240056429949
vn -0.21278838580933238 -0.8272548747765769 -0.5199716098240833
vn -0.4014171709916839 -0.8028343419833678 -0.44081886775087814
vn -0.3937235338657164 -0.826849404046207 -0.4016240056429949
vn -0.52156901794995 -0.8218511781860423 -0.2291863879660812
vn -0.4416994344810143 -0.7808989814043199 -0.4416994344810143
vn -0.3937235338657164 -0.826849404046207 -0.4016240056429949
vn -0.5265873438251673 -0.8095805329010815 -0.2593937741557348
vn -0.3937235338657164 -0.826849404046207 -0.4016240056429949
vn -0.4014171709916839 -0.8028343419833678 -0.44081886775087814
vn -0.3937235338657164 -0.826849404046207 -0.4016240056429949
vn -0.5265873438251673 -0.8095805329010815 -0.2593937741557348
vn -0.52156901794995 -0.8218511781860423 -0.2291863879660812
vn -0.7664905103343971 -0.5294934547811859 -0.3634955005377643
vn -0.4014171709916839 -0.8028343419833678 -0.44081886775087814
vn -0.5831037490704921 -0.5123032900046366 -0.6305040498445366
vn -0.4014171709916839 -0.8028343419833678 -0.44081886775087814
vn -0.7664905103343971 -0.5294934547811859 -0.3634955005377643
vn -0.5265873438251673 -0.8095805329010815 -0.2593937741557348
vn -0.4416994344810143 -0.7808989814043199 -0.4416994344810143
vn -0.52156901794995 -0.8218511781860423 -0.2291863879660812
vn -0.5765988125588825 -0.7818983578561823 -0.23699950915031873
vn -0.5765988125588825 -0.7818983578561823 -0.23699950915031873
vn -0.5291018065929852 -0.6634022584526514 -0.5291018065929852
vn -0.4416994344810143 -0.7808989814043199 -0.4416994344810143
vn -0.5291018065929852 -0.6634022584526514 -0.5291018065929852
vn -0.5765988125588825 -0.7818983578561823 -0.23699950915031873
vn -0.693619741352805 -0.6621188628675112 -0.28370806446187175
vn -0.6237921909812549 -0.7815902394930515 0
vn -0.693619741352805 -0.6621188628675112 -0.28370806446187175
vn -0.5765988125588825 -0.7818983578561823 -0.23699950915031873
vn -0.693619741352805 -0.6621188628675112 -0.28370806446187175
vn -0.6237921909812549 -0.7815902394930515 0
vn -0.7491282632395322 -0.6624249732729903 0
vn -0.6237921909812549 -0.7815902394930515 0
vn -0.693619741352805 -0.6621188628675112 0.28370806446187175
vn -0.7491282632395322 -0.6624249732729903 0
vn -0.5765988125588825 -0.7818983578561823 -0.23699950915031873
vn -0.5744847032867325 -0.8184781542214983 -0.00779979177440698
vn -0.6237921909812549 -0.7815902394930515 0
vn -0.5744847032867325 -0.8184781542214983 -0.00779979177440698
vn -0.5765988125588825 -0.7818983578561823 -0.23699950915031873
vn -0.52156901794995 -0.8218511781860423 -0.2291863879660812
vn -0.693619741352805 -0.6621188628675112 0.28370806446187175
vn -0.6237921909812549 -0.7815902394930515 0
vn -0.5766124757278108 -0.7819168858328543 0.2369051212711448
vn -0.5744847032867325 -0.8184781542214983 -0.00779979177440698
vn -0.5766124757278108 -0.7819168858328543 0.2369051212711448
vn -0.6237921909812549 -0.7815902394930515 0
vn -0.5766124757278108 -0.7819168858328543 0.2369051212711448
vn -0.5291018065929852 -0.6634022584526514 0.5291018065929852
vn -0.693619741352805 -0.6621188628675112 0.28370806446187175
vn -0.52156901794995 -0.8218511781860423 -0.2291863879660812
vn -0.5688125108977341 -0.821518112104033 -0.03950087253771506
vn -0.5744847032867325 -0.8184781542214983 -0.00779979177440698
vn -0.5688125108977341 -0.821518112104033 -0.03950087253771506
vn -0.52156901794995 -0.8218511781860423 -0.2291863879660812
vn -0.5265873438251673 -0.8095805329010815 -0.2593937741557348
vn -0.5766124757278108 -0.7819168858328543 0.2369051212711448
vn -0.5744847032867325 -0.8184781542214983 -0.00779979177440698
vn -0.5347885655513994 -0.8178825252981904 0.212295466195893
vn -0.5688125108977341 -0.821518112104033 -0.03950087253771506
vn -0.5347885655513994 -0.8178825252981904 0.212295466195893
vn -0.5744847032867325 -0.8184781542214983 -0.00779979177440698
vn -0.5291018065929852 -0.6634022584526514 0.5291018065929852
vn -0.5766124757278108 -0.7819168858328543 0.2369051212711448
vn -0.4416994344810143 -0.7808989814043199 0.4416994344810143
vn -0.5347885655513994 -0.8178825252981904 0.212295466195893
vn -0.4416994344810143 -0.7808989814043199 0.4416994344810143
vn -0.5766124757278108 -0.7819168858328543 0.2369051212711448
vn -0.2369051212711448 -0.7819168858328543 0.5766124757278108
vn -0.5291018065929852 -0.6634022584526514 0.5291018065929852
vn -0.4416994344810143 -0.7808989814043199 0.4416994344810143
vn -0.5291018065929852 -0.6634022584526514 0.5291018065929852
vn -0.2369051212711448 -0.7819168858328543 0.5766124757278108
vn -0.2838000293963859 -0.6621000718575745 0.6936000563442921
vn -0.4416994344810143 -0.7808989814043199 0.4416994344810143
vn -0.5347885655513994 -0.8178825252981904 0.212295466195893
vn -0.41740866562804724 -0.8112168591761579 0.4095085020448083
vn -0.5265873438251673 -0.8095805329010815 -0.2593937741557348
vn -0.831095738930621 -0.5540971447798695 -0.04749975661160304
vn -0.5688125108977341 -0.821518112104033 -0.03950087253771506
vn -0.831095738930621 -0.5540971447798695 -0.04749975661160304
vn -0.5265873438251673 -0.8095805329010815 -0.2593937741557348
vn -0.7664905103343971 -0.5294934547811859 -0.3634955005377643
vn -0.5347885655513994 -0.8178825252981904 0.212295466195893
vn -0.5688125108977341 -0.821518112104033 -0.03950087253771506
vn -0.5262804618007626 -0.8325690676659284 0.17279358521849877
vn -0.831095738930621 -0.5540971447798695 -0.04749975661160304
vn -0.5262804618007626 -0.8325690676659284 0.17279358521849877
vn -0.5688125108977341 -0.821518112104033 -0.03950087253771506
vn -0.5262804618007626 -0.8325690676659284 0.17279358521849877
vn -0.41740866562804724 -0.8112168591761579 0.4095085020448083
vn -0.5347885655513994 -0.8178825252981904 0.212295466195893
vn -0.5262804618007626 -0.8325690676659284 0.17279358521849877
vn -0.831095738930621 -0.5540971447798695 -0.04749975661160304
vn -0.7658816846879419 -0.5842859968880845 0.26839358952862025
vn -0.41740866562804724 -0.8112168591761579 0.4095085020448083
vn -0.5262804618007626 -0.8325690676659284 0.17279358521849877
vn -0.402306728037628 -0.8439141378169694 0.3549059376346065
vn -0.7658816846879419 -0.5842859968880845 0.26839358952862025
vn -0.402306728037628 -0.8439141378169694 0.3549059376346065
vn -0.5262804618007626 -0.8325690676659284 0.17279358521849877
vn -0.22869743529497108 -0.8123908833450819 0.5363940116624158
vn -0.4416994344810143 -0.7808989814043199 0.4416994344810143
vn -0.41740866562804724 -0.8112168591761579 0.4095085020448083
vn -0.402306728037628 -0.8439141378169694 0.3549059376346065
vn -0.22869743529497108 -0.8123908833450819 0.5363940116624158
vn -0.41740866562804724 -0.8112168591761579 0.4095085020448083
vn -0.4416994344810143 -0.7808989814043199 0.4416994344810143
vn -0.22869743529497108 -0.8123908833450819 0.5363940116624158
vn -0.2369051212711448 -0.7819168858328543 0.5766124757278108
vn -0.402306728037628 -0.8439141378169694 0.3549059376346065
vn -0.7658816846879419 -0.5842859968880845 0.26839358952862025
vn -0.5841015978804848 -0.6157016823670641 0.5289014668951404
vn -0.22869743529497108 -0.8123908833450819 0.5363940116624158
vn -0.402306728037628 -0.8439141378169694 0.3549059376346065
vn -0.21350494936243491 -0.8540197974497397 0.4744110266020908
vn -0.5841015978804848 -0.6157016823670641 0.5289014668951404
vn -0.21350494936243491 -0.8540197974497397 0.4744110266020908
vn -0.402306728037628 -0.8439141378169694 0.3549059376346065
vn 0.18049775038911148 -0.7299909180312607 -0.6591917943181235
vn 0.46462477173410316 -0.81144326441964 -0.3545188995230446
vn 0.09470176699592364 -0.986418401027895 -0.13420250907274706
vn 0.09470176699592364 -0.986418401027895 -0.13420250907274706
vn -0.07060068318880344 -0.9494091545712183 -0.3060029423872237
vn 0.18049775038911148 -0.7299909180312607 -0.6591917943181235
vn -0.07060068318880344 -0.9494091545712183 -0.3060029423872237
vn 0.09470176699592364 -0.986418401027895 -0.13420250907274706
vn -0.21999188806832326 -0.9743640606803468 0.04709826364782311
vn -0.21999188806832326 -0.9743640606803468 0.04709826364782311
vn -0.29021033593540213 -0.956834078285195 0.01570055885572919
vn -0.07060068318880344 -0.9494091545712183 -0.3060029423872237
vn -0.2199908508728086 -0.9743594668471729 0.047198039128240055
vn -0.4728118274465658 -0.7801195248784629 0.4097102668106332
vn -0.29021033593540213 -0.956834078285195 0.01570055885572919
vn -0.4728118274465658 -0.7801195248784629 0.4097102668106332
vn -0.2199908508728086 -0.9743594668471729 0.047198039128240055
vn -0.5764078722741317 -0.766110476502773 0.2843038912380593
vn 0 -0.8975647397277675 -0.44088268053692564
vn -0.6070036560112496 -0.6386038451623129 -0.47300284410654997
vn -0.14229811010039145 -0.9405875199713295 -0.3082959051561355
vn -0.6070036560112496 -0.6386038451623129 -0.47300284410654997
vn 0 -0.8975647397277675 -0.44088268053692564
vn -0.32310284841355946 -0.5359047201639332 -0.7800068462860187
vn -0.7182073450797566 -0.6947070803853598 -0.03950040425029682
vn -0.21249122150359703 -0.9679599789714355 0.13379446884504345
vn -0.5840076881238129 -0.7261095970460526 0.36290477165490465
vn -0.21249122150359703 -0.9679599789714355 0.13379446884504345
vn -0.7182073450797566 -0.6947070803853598 -0.03950040425029682
vn -0.284088475354333 -0.954861303509439 -0.08679648167469332
vn -0.284088475354333 -0.954861303509439 -0.08679648167469332
vn 0.09459847481317545 -0.9939839972813008 -0.055199109700320347
vn -0.21249122150359703 -0.9679599789714355 0.13379446884504345
vn 0.09459847481317545 -0.9939839972813008 -0.055199109700320347
vn -0.284088475354333 -0.954861303509439 -0.08679648167469332
vn 0.08629933191542034 -0.9892923477151044 -0.11769909117443968
vn 0.5299973698064268 -0.8384959069866533 -0.1265993758471942
vn 0.09479667957060296 -0.9939651720471374 -0.05519806427487229
vn 0.0863975695502575 -0.9892721577152029 -0.11779668053606147
vn 0.09479667957060296 -0.9939651720471374 -0.05519806427487229
vn 0.5299973698064268 -0.8384959069866533 -0.1265993758471942
vn 0.46518568726126436 -0.8357742646437593 -0.2916910264757016
vn 0.2985022538682213 -0.5421041029104535 0.7855059172553981
vn 0.12639618713166995 -0.9402716689552996 0.31609048141092705
vn 0.5501735343157507 -0.699566347626781 0.45597807776979926
vn 0.12639618713166995 -0.9402716689552996 0.31609048141092705
vn 0.2985022538682213 -0.5421041029104535 0.7855059172553981
vn -0.023599604864495707 -0.864085479231847 0.5027915504768441
vn -0.023599604864495707 -0.864085479231847 0.5027915504768441
vn -0.25178913487436005 -0.9521589057313117 0.17319252234369817
vn 0.12639618713166995 -0.9402716689552996 0.31609048141092705
vn -0.25178913487436005 -0.9521589057313117 0.17319252234369817
vn -0.023599604864495707 -0.864085479231847 0.5027915504768441
vn -0.3063077728227973 -0.9346236689882852 0.18070458122364727
vn -0.25191112448209085 -0.9521420732461636 0.17310764777058657
vn -0.30631330679678154 -0.934640554563932 0.18060783992852053
vn -0.5264839868940613 -0.8252748982991992 -0.20429379281167714
vn -0.25191112448209085 -0.9521420732461636 0.17310764777058657
vn -0.5264839868940613 -0.8252748982991992 -0.20429379281167714
vn -0.627714195548347 -0.777017617660648 -0.04710106741956963
vn -0.20449342803120663 -0.5823812942434956 -0.7867747237979348
vn 0.18049902670149381 -0.7298960637945425 -0.6592964715642324
vn -0.07059852215390951 -0.94938009385652 -0.30609359035868333
vn -0.07059852215390951 -0.94938009385652 -0.30609359035868333
vn -0.2984909308102192 -0.8800732679294536 -0.3692887857761468
vn -0.20449342803120663 -0.5823812942434956 -0.7867747237979348
vn -0.29021033593540213 -0.956834078285195 0.01570055885572919
vn -0.2985930285023861 -0.8800794985982888 -0.36919138597312584
vn -0.07070017891850902 -0.9494024473235767 -0.3060007805821644
vn -0.2985930285023861 -0.8800794985982888 -0.36919138597312584
vn -0.29021033593540213 -0.956834078285195 0.01570055885572919
vn -0.3394937800236541 -0.9397827782461134 0.03939927711604859
vn -0.29020987882342364 -0.9568325711703047 0.01580053736166118
vn -0.30778411771280967 -0.8207576671013492 0.4812751695008772
vn -0.33961281540103744 -0.9397354775055783 0.03950149279133389
vn -0.30778411771280967 -0.8207576671013492 0.4812751695008772
vn -0.29020987882342364 -0.9568325711703047 0.01580053736166118
vn -0.4728118274465658 -0.7801195248784629 0.4097102668106332
vn 0.39982091056781466 -0.8936467188510863 0.2038106507506689
vn 0.5574337590299013 -0.533832346930413 0.6358385248351668
vn 0.5113888185598315 -0.8575812490207839 0.05509879835288437
vn -0.6454902573174651 -0.6062908413174728 -0.4644929961181153
vn -0.2841131399054247 -0.9548441833118844 -0.0869040236613989
vn -0.7183027974543857 -0.6946027058008275 -0.03960015484026158
vn -0.2841131399054247 -0.9548441833118844 -0.0869040236613989
vn -0.6454902573174651 -0.6062908413174728 -0.4644929961181153
vn -0.2442974727887091 -0.9142905928466202 -0.3230966676108344
vn -0.2442974727887091 -0.9142905928466202 -0.3230966676108344
vn 0.08629831583298506 -0.989280699854622 -0.11779769768352731
vn -0.2841131399054247 -0.9548441833118844 -0.0869040236613989
vn 0.08629831583298506 -0.989280699854622 -0.11779769768352731
vn -0.2442974727887091 -0.9142905928466202 -0.3230966676108344
vn 0.12619814933424245 -0.9780856164737902 -0.16559756626139735
vn 0.0863975695502575 -0.9892721577152029 -0.11779668053606147
vn 0.12629655509213528 -0.9780732685303049 -0.16559547565771696
vn 0.5113916337032726 -0.8575859699183489 0.054999101606323014
vn 0.5299973698064268 -0.8384959069866533 -0.1265993758471942
vn 0.0863975695502575 -0.9892721577152029 -0.11779668053606147
vn 0.5113916337032726 -0.8575859699183489 0.054999101606323014
vn -0.6958995665484613 -0.7038995179091743 -0.14229990149292301
vn -0.5282208884643343 -0.7884312165404861 -0.3152124835320427
vn -0.3621905860667811 -0.9287758670809705 0.07869795481836411
vn -0.6958995665484613 -0.7038995179091743 -0.14229990149292301
vn -0.3621905860667811 -0.9287758670809705 0.07869795481836411
vn -0.35451055740176113 -0.9294277166096749 0.10240304823792354
vn -0.4808936466379905 -0.6937908214624446 0.5360928992979499
vn -0.3315168668423711 -0.931447408442513 0.15000764082120663
vn -0.24480206099263238 -0.7738065257685175 0.584204939735891
vn -0.3315168668423711 -0.931447408442513 0.15000764082120663
vn -0.4808936466379905 -0.6937908214624446 0.5360928992979499
vn -0.33928620363522344 -0.9310621329865137 0.13419454736091607
vn -0.33929075495815186 -0.9310746226320938 0.13409634853504157
vn -0.3547772256081572 -0.890842864950614 -0.28378180025569083
vn -0.33149095415967683 -0.9314746166586056 0.14989591665889682
vn -0.3547772256081572 -0.890842864950614 -0.28378180025569083
vn -0.33929075495815186 -0.9310746226320938 0.13409634853504157
vn -0.15010063250963362 -0.9558040706723409 -0.25280106527938295
vn -0.15010063250963362 -0.9558040706723409 -0.25280106527938295
vn 0.15749525176175824 -0.7328779338714345 -0.6618800342334233
vn -0.3547214299964191 -0.8908538211933588 -0.28381715305190147
vn -0.3547214299964191 -0.8908538211933588 -0.28381715305190147
vn 0.15749525176175824 -0.7328779338714345 -0.6618800342334233
vn -0.2518937327061145 -0.6141847452224332 -0.7478814385712722
vn 0.5770085248813572 -0.7352108221451508 -0.3557052279836378
vn 0.6499876197936857 -0.7519856788875721 -0.10969791640198374
vn 0.21280507079809005 -0.9689231303361343 -0.12610301083735562
vn 0.5770085248813572 -0.7352108221451508 -0.3557052279836378
vn 0.21280507079809005 -0.9689231303361343 -0.12610301083735562
vn 0.2052072899057135 -0.970534462658633 -0.12630449303754446
vn 0.2126916727235787 -0.9689620705122101 -0.12599507237482277
vn -0.20390293882839577 -0.9728140637305895 -0.10980158899178051
vn 0.20509417236686847 -0.9705724311575726 -0.12619641967198614
vn -0.14960298747588285 -0.9842196603324411 0.09450188544883777
vn 0.20509417236686847 -0.9705724311575726 -0.12619641967198614
vn -0.20390293882839577 -0.9728140637305895 -0.10980158899178051
vn -0.2039987812619942 -0.9727942228863523 -0.10979934955435314
vn -0.595908539340575 -0.7135102484832607 0.3685052754715162
vn -0.14960298747588285 -0.9842196603324411 0.09450188544883777
vn -0.595908539340575 -0.7135102484832607 0.3685052754715162
vn -0.2039987812619942 -0.9727942228863523 -0.10979934955435314
vn -0.7059903831058937 -0.7060903983416226 -0.05489925620408895
vn -0.3469916617150144 -0.9303776490755226 0.11829715466128814
vn -0.6782878950596074 -0.6389885732354789 0.36279351522607733
vn -0.7556902038776859 -0.6455916586674442 0.11019857540966514
vn -0.6782878950596074 -0.6389885732354789 0.36279351522607733
vn -0.3469916617150144 -0.9303776490755226 0.11829715466128814
vn -0.33970051906134635 -0.9320013687367719 0.12640018204985287
vn 0.07860059991127581 -0.990807624840881 0.11010084582218058
vn -0.3395803827751459 -0.932046163375559 0.1263926935039599
vn -0.3469077873414479 -0.9304209367255437 0.1182026547274732
vn -0.3395803827751459 -0.932046163375559 0.1263926935039599
vn 0.07860059991127581 -0.990807624840881 0.11010084582218058
vn 0.0158001173764903 -0.9946074347999593 -0.10250076551681823
vn 0.5770085248813572 -0.7352108221451508 -0.3557052279836378
vn 0.2051048946861435 -0.9695231426937837 -0.13400320129368218
vn 0.3860915285189011 -0.7564834186339261 -0.527888405761925
vn 0.2051048946861435 -0.9695231426937837 -0.13400320129368218
vn 0.5770085248813572 -0.7352108221451508 -0.3557052279836378
vn 0.20520469731903349 -0.9705222009367344 -0.126402886387618
vn -0.3393177999617787 -0.9310488171287898 0.13420704434633698
vn -0.6782878950596074 -0.6389885732354789 0.36279351522607733
vn -0.33970051906134635 -0.9320013687367719 0.12640018204985287
vn -0.6782878950596074 -0.6389885732354789 0.36279351522607733
vn -0.3393177999617787 -0.9310488171287898 0.13420704434633698
vn -0.4808860418934911 -0.6938798637027876 0.5359844675546225
vn -0.3395846723923212 -0.9320579370863898 0.12629430783080844
vn -0.15010821823329704 -0.9558523747030119 -0.25261385669325065
vn -0.33929075495815186 -0.9310746226320938 0.13409634853504157
vn -0.15010821823329704 -0.9558523747030119 -0.25261385669325065
vn -0.3395846723923212 -0.9320579370863898 0.12629430783080844
vn 0.015699980518601053 -0.9945988014153473 -0.10259987736284068
vn 0.4983900133911172 -0.7831843280444164 -0.37179255352631563
vn -0.15010063250963362 -0.9558040706723409 -0.25280106527938295
vn 0.015799793157722095 -0.9945870254327581 -0.10269866297567704
vn -0.15010063250963362 -0.9558040706723409 -0.25280106527938295
vn 0.4983900133911172 -0.7831843280444164 -0.37179255352631563
vn 0.15760319356250185 -0.7329148724139252 -0.6618134353225086
vn -0.9019372231645592 -0.21170874613453838 -0.37641553140159567
vn -0.6353057658764472 -0.4392040133656899 -0.6352058079769198
vn -0.8276257842303967 -0.44131375238974146 -0.34681080321798896
vn -0.685729379366531 0.24431046038598048 0.6856293584872094
vn -0.8965963701502249 0.2437990101633035 0.36969851457212327
vn -0.922108969438428 -0.023700231058913772 0.3862037642604672
vn -0.8965963701502249 0.2437990101633035 0.36969851457212327
vn -0.9997214692335974 -0.02360050748219526 0
vn -0.922108969438428 -0.023700231058913772 0.3862037642604672
vn -0.8965963701502249 0.2437990101633035 0.36969851457212327
vn -0.685729379366531 0.24431046038598048 0.6856293584872094
vn -0.5927830506238224 0.5452843961385997 0.5926830368931422
vn -0.8965963701502249 0.2437990101633035 0.36969851457212327
vn -0.9696760250690484 0.24439395738497754 0
vn -0.9997214692335974 -0.02360050748219526 0
vn -0.5927830506238224 0.5452843961385997 0.5926830368931422
vn -0.7767910146713763 0.5413937690737229 0.3216962951822135
vn -0.8965963701502249 0.2437990101633035 0.36969851457212327
vn -0.7767910146713763 0.5413937690737229 0.3216962951822135
vn -0.9696760250690484 0.24439395738497754 0
vn -0.8965963701502249 0.2437990101633035 0.36969851457212327
vn -0.7767910146713763 0.5413937690737229 0.3216962951822135
vn -0.8404303564891541 0.541919565887331 0
vn -0.9696760250690484 0.24439395738497754 0
vn -0.8404303564891541 0.541919565887331 0
vn -0.7767910146713763 0.5413937690737229 0.3216962951822135
vn -0.6297803155200119 0.7320771028742344 0.2596918744026886
vn -0.6297803155200119 0.7320771028742344 0.2596918744026886
vn -0.6832156230665265 0.7302166886601663 0
vn -0.8404303564891541 0.541919565887331 0
vn -0.6298867311683605 0.731984598582585 -0.2596945385177157
vn -0.8404303564891541 0.541919565887331 0
vn -0.6832156230665265 0.7302166886601663 0
vn -0.8404303564891541 0.541919565887331 0
vn -0.6298867311683605 0.731984598582585 -0.2596945385177157
vn -0.7767910146713763 0.5413937690737229 -0.3216962951822135
vn -0.7767910146713763 0.5413937690737229 -0.3216962951822135
vn -0.9696760250690484 0.24439395738497754 0
vn -0.8404303564891541 0.541919565887331 0
vn -0.9696760250690484 0.24439395738497754 0
vn -0.7767910146713763 0.5413937690737229 -0.3216962951822135
vn -0.8965963701502249 0.2437990101633035 -0.36969851457212327
vn -0.5927830506238224 0.5452843961385997 -0.5926830368931422
vn -0.8965963701502249 0.2437990101633035 -0.36969851457212327
vn -0.7767910146713763 0.5413937690737229 -0.3216962951822135
vn -0.8965963701502249 0.2437990101633035 -0.36969851457212327
vn -0.9997214692335974 -0.02360050748219526 0
vn -0.9696760250690484 0.24439395738497754 0
vn -0.9997214692335974 -0.02360050748219526 0
vn -0.8965963701502249 0.2437990101633035 -0.36969851457212327
vn -0.922108969438428 -0.023700231058913772 -0.3862037642604672
vn -0.9997214692335974 -0.02360050748219526 0
vn -0.922108969438428 -0.023700231058913772 -0.3862037642604672
vn -0.9019372231645592 -0.21170874613453838 -0.37641553140159567
vn -0.8965963701502249 0.2437990101633035 -0.36969851457212327
vn -0.5927830506238224 0.5452843961385997 -0.5926830368931422
vn -0.685729379366531 0.24431046038598048 -0.6856293584872094
vn -0.685729379366531 0.24431046038598048 -0.6856293584872094
vn -0.922108969438428 -0.023700231058913772 -0.3862037642604672
vn -0.8965963701502249 0.2437990101633035 -0.36969851457212327
vn -0.922108969438428 -0.023700231058913772 -0.3862037642604672
vn -0.685729379366531 0.24431046038598048 -0.6856293584872094
vn -0.70700984408214 -0.02360032891529556 -0.7068098081139211
vn -0.922108969438428 -0.023700231058913772 -0.3862037642604672
vn -0.6911324648895397 -0.21200995593017072 -0.6909324819128104
vn -0.9019372231645592 -0.21170874613453838 -0.37641553140159567
vn -0.922108969438428 -0.023700231058913772 -0.3862037642604672
vn -0.70700984408214 -0.02360032891529556 -0.7068098081139211
vn -0.6911324648895397 -0.21200995593017072 -0.6909324819128104
vn -0.9019372231645592 -0.21170874613453838 -0.37641553140159567
vn -0.6911324648895397 -0.21200995593017072 -0.6909324819128104
vn -0.6353057658764472 -0.4392040133656899 -0.6352058079769198
vn -0.5292089267854889 -0.6633111447490618 -0.5291089085077291
vn -0.8275892619333319 -0.44139426314979563 -0.34679549880454297
vn -0.6353057658764472 -0.4392040133656899 -0.6352058079769198
vn -0.8275892619333319 -0.44139426314979563 -0.34679549880454297
vn -0.5292089267854889 -0.6633111447490618 -0.5291089085077291
vn -0.6936000563442921 -0.6621000718575745 -0.2838000293963859
vn -0.6353057658764472 -0.4392040133656899 0.6352058079769198
vn -0.8275892619333319 -0.44139426314979563 0.34679549880454297
vn -0.5292808851130595 -0.6632760557091814 0.5290809187419325
vn -0.5292808851130595 -0.6632760557091814 0.5290809187419325
vn -0.8275892619333319 -0.44139426314979563 0.34679549880454297
vn -0.6936000563442921 -0.6621000718575745 0.2838000293963859
vn -0.8975056937372771 -0.4410028227899021 0.00020000126852862048
vn -0.6936716352054634 -0.6620729295361031 0.28368838271395774
vn -0.8275892619333319 -0.44139426314979563 0.34679549880454297
vn -0.6936716352054634 -0.6620729295361031 0.28368838271395774
vn -0.8975056937372771 -0.4410028227899021 0.00020000126852862048
vn -0.7491282632395322 -0.6624249732729903 0
vn -0.8975452968941177 -0.44092226074813934 0
vn -0.6936716352054634 -0.6620729295361031 -0.28368838271395774
vn -0.7491721217772478 -0.6623753708825354 0
vn -0.6936716352054634 -0.6620729295361031 -0.28368838271395774
vn -0.8975452968941177 -0.44092226074813934 0
vn -0.8275892619333319 -0.44139426314979563 -0.34679549880454297
vn -0.9019372231645592 -0.21170874613453838 0.37641553140159567
vn -0.6353057658764472 -0.4392040133656899 0.6352058079769198
vn -0.6911324648895397 -0.21200995593017072 0.6909324819128104
vn -0.6353057658764472 -0.4392040133656899 0.6352058079769198
vn -0.9019372231645592 -0.21170874613453838 0.37641553140159567
vn -0.8275892619333319 -0.44139426314979563 0.34679549880454297
vn -0.922108969438428 -0.023700231058913772 0.3862037642604672
vn -0.6911324648895397 -0.21200995593017072 0.6909324819128104
vn -0.70700984408214 -0.02360032891529556 0.7068098081139211
vn -0.6911324648895397 -0.21200995593017072 0.6909324819128104
vn -0.922108969438428 -0.023700231058913772 0.3862037642604672
vn -0.9019372231645592 -0.21170874613453838 0.37641553140159567
vn -0.685729379366531 0.24431046038598048 0.6856293584872094
vn -0.922108969438428 -0.023700231058913772 0.3862037642604672
vn -0.70700984408214 -0.02360032891529556 0.7068098081139211
vn -0.9770959709555783 -0.21279911546426974 0
vn -0.8275892619333319 -0.44139426314979563 0.34679549880454297
vn -0.9019372231645592 -0.21170874613453838 0.37641553140159567
vn -0.8275892619333319 -0.44139426314979563 0.34679549880454297
vn -0.9770959709555783 -0.21279911546426974 0
vn -0.8975647397277675 -0.44088268053692564 0
vn -0.9770959709555783 -0.21279911546426974 0
vn -0.8276257842303967 -0.44131375238974146 -0.34681080321798896
vn -0.8975647397277675 -0.44088268053692564 0
vn -0.9019372231645592 -0.21170874613453838 0.37641553140159567
vn -0.9997214692335974 -0.02360050748219526 0
vn -0.9770959709555783 -0.21279911546426974 0
vn -0.9997214692335974 -0.02360050748219526 0
vn -0.9019372231645592 -0.21170874613453838 0.37641553140159567
vn -0.922108969438428 -0.023700231058913772 0.3862037642604672
vn -0.9770959709555783 -0.21279911546426974 0
vn -0.9019372231645592 -0.21170874613453838 -0.37641553140159567
vn -0.8276257842303967 -0.44131375238974146 -0.34681080321798896
vn -0.9997214692335974 -0.02360050748219526 0
vn -0.9019372231645592 -0.21170874613453838 -0.37641553140159567
vn -0.9770959709555783 -0.21279911546426974 0
vn -0.6960000730752259 -0.7038001167478624 -0.14230001386147417
vn -0.9861472274238723 -0.14990718070927694 0.07100340143968899
vn -0.8948844983406288 -0.2511956324490192 -0.36889360101278346
vn -0.9861472274238723 -0.14990718070927694 0.07100340143968899
vn -0.6960000730752259 -0.7038001167478624 -0.14230001386147417
vn -0.75578188934027 -0.6454845291733974 0.11019736087152598
vn -0.8710795663442618 -0.10989741868294683 -0.47868877829370293
vn -0.7060903983416226 -0.7059903831058937 -0.05489925620408895
vn -0.6071055859336218 -0.6385058396183076 -0.47300433433692124
vn -0.7060903983416226 -0.7059903831058937 -0.05489925620408895
vn -0.8710795663442618 -0.10989741868294683 -0.47868877829370293
vn -0.984586703789754 -0.1732976564454969 0.023599682008996616
vn -0.7927155051788369 0.596511652536519 -0.1256024531496596
vn -0.866803257516455 0.2600009645069987 -0.4255015995437531
vn -0.7241349628841025 0.543126227519093 -0.4250205365740792
vn -0.6578851380194881 0.21929505594037943 -0.720483742782018
vn -0.7241349628841025 0.543126227519093 -0.4250205365740792
vn -0.866803257516455 0.2600009645069987 -0.4255015995437531
vn -0.7241349628841025 0.543126227519093 -0.4250205365740792
vn -0.7383294224244417 0.6519259501828079 -0.17280688487624962
vn -0.7927155051788369 0.596511652536519 -0.1256024531496596
vn -0.7241349628841025 0.543126227519093 -0.4250205365740792
vn -0.6578851380194881 0.21929505594037943 -0.720483742782018
vn -0.551801436709066 0.496601283707267 -0.6700017458679532
vn -0.7383294224244417 0.6519259501828079 -0.17280688487624962
vn -0.7241349628841025 0.543126227519093 -0.4250205365740792
vn -0.6593223398751654 0.6043204715320118 -0.44731512363082904
vn -0.551801436709066 0.496601283707267 -0.6700017458679532
vn -0.6593223398751654 0.6043204715320118 -0.44731512363082904
vn -0.7241349628841025 0.543126227519093 -0.4250205365740792
vn -0.6593223398751654 0.6043204715320118 -0.44731512363082904
vn -0.551801436709066 0.496601283707267 -0.6700017458679532
vn -0.4889127627992913 0.567714841548741 -0.6623172722021161
vn -0.7383294224244417 0.6519259501828079 -0.17280688487624962
vn -0.7410773520808015 0.6464802228980316 0.18129445560915253
vn -0.7927155051788369 0.596511652536519 -0.1256024531496596
vn -0.8800244424962712 0.36931026733725747 0.29860828362322894
vn -0.7927155051788369 0.596511652536519 -0.1256024531496596
vn -0.7410773520808015 0.6464802228980316 0.18129445560915253
vn -0.7410773520808015 0.6464802228980316 0.18129445560915253
vn -0.7383294224244417 0.6519259501828079 -0.17280688487624962
vn -0.7021915328554337 0.7020915174668646 0.11829857263387365
vn -0.7410773520808015 0.6464802228980316 0.18129445560915253
vn -0.677113230438985 0.41730813816426604 0.6061118634265095
vn -0.8800244424962712 0.36931026733725747 0.29860828362322894
vn -0.5840965212341109 -0.6157963470693727 0.5287968540169525
vn -0.8800244424962712 0.36931026733725747 0.29860828362322894
vn -0.677113230438985 0.41730813816426604 0.6061118634265095
vn -0.677113230438985 0.41730813816426604 0.6061118634265095
vn -0.7410773520808015 0.6464802228980316 0.18129445560915253
vn -0.5681064221960587 0.6943078745852999 0.4418050116832505
vn -0.8675370185447141 -0.12610538370394095 -0.48112051884681695
vn -0.5434003609255456 0.4961003474868809 -0.6772004821095321
vn -0.5272906840699023 0 -0.8496849619082913
vn -0.5434003609255456 0.4961003474868809 -0.6772004821095321
vn -0.8675370185447141 -0.12610538370394095 -0.48112051884681695
vn -0.8515537328791548 0.37847945463124705 -0.3627802950018246
vn -0.4162932055916474 0.8560860529830874 -0.3062950160646905
vn -0.8515846264409405 0.37849318550689803 -0.362693441537457
vn -0.5908138152540128 0.7956186184172954 -0.1339031356345005
vn -0.8515846264409405 0.37849318550689803 -0.362693441537457
vn -0.4162932055916474 0.8560860529830874 -0.3062950160646905
vn -0.5434003609255456 0.4961003474868809 -0.6772004821095321
vn -0.38610035209014143 0.7564006902969151 0.5280004865852105
vn -0.8188867001783335 0.2597957710940437 0.511791685740098
vn -0.48661876755204636 0.2904111918749551 0.823931741529537
vn -0.8188867001783335 0.2597957710940437 0.511791685740098
vn -0.38610035209014143 0.7564006902969151 0.5280004865852105
vn -0.5771176292781444 0.7351224540104792 0.35571086515031447
vn -0.6358916121142684 -0.7614899316641605 0.12559833445085625
vn -0.8332815908938707 -0.2751939315061 0.47948940586794603
vn -0.5765188232503744 -0.7660249853182572 0.2843092828350269
vn -0.8332815908938707 -0.2751939315061 0.47948940586794603
vn -0.6358916121142684 -0.7614899316641605 0.12559833445085625
vn -0.9616827907564001 -0.2600953466601228 0.08669844640322523
vn -0.5831697143399139 -0.5122734301166891 -0.6304673005582326
vn -0.866803257516455 0.2600009645069987 -0.4255015995437531
vn -0.7664905103343971 -0.5294934547811859 -0.3634955005377643
vn -0.866803257516455 0.2600009645069987 -0.4255015995437531
vn -0.5831697143399139 -0.5122734301166891 -0.6304673005582326
vn -0.6578851380194881 0.21929505594037943 -0.720483742782018
vn -0.7664905103343971 -0.5294934547811859 -0.3634955005377643
vn -0.9467927965123097 0.31559760877146853 -0.06309952305787463
vn -0.8310996823875372 -0.554099773909241 -0.04739998406184218
vn -0.9467927965123097 0.31559760877146853 -0.06309952305787463
vn -0.7664905103343971 -0.5294934547811859 -0.3634955005377643
vn -0.866803257516455 0.2600009645069987 -0.4255015995437531
vn -0.8310996823875372 -0.554099773909241 -0.04739998406184218
vn -0.9467927965123097 0.31559760877146853 -0.06309952305787463
vn -0.7658816846879419 -0.5842859968880845 0.26839358952862025
vn -0.7658816846879419 -0.5842859968880845 0.26839358952862025
vn -0.9467927965123097 0.31559760877146853 -0.06309952305787463
vn -0.8800244424962712 0.36931026733725747 0.29860828362322894
vn -0.7658816846879419 -0.5842859968880845 0.26839358952862025
vn -0.8800244424962712 0.36931026733725747 0.29860828362322894
vn -0.5840965212341109 -0.6157963470693727 0.5287968540169525
vn -0.7927155051788369 0.596511652536519 -0.1256024531496596
vn -0.8800244424962712 0.36931026733725747 0.29860828362322894
vn -0.9467927965123097 0.31559760877146853 -0.06309952305787463
vn -0.866803257516455 0.2600009645069987 -0.4255015995437531
vn -0.7927155051788369 0.596511652536519 -0.1256024531496596
vn -0.9467927965123097 0.31559760877146853 -0.06309952305787463
vn -0.527218471199859 0 -0.8497297709423176
vn -0.6070036560112496 -0.6386038451623129 -0.47300284410654997
vn -0.3230949570829951 -0.5357916164156258 -0.7800878107535513
vn -0.9753239251871496 -0.220205400777682 0.015900390745878956
vn -0.5840947981234881 -0.7259935354010153 0.36299676770050765
vn -0.820599203224928 -0.2524997606926452 0.5126995401955909
vn -0.5840947981234881 -0.7259935354010153 0.36299676770050765
vn -0.9753239251871496 -0.220205400777682 0.015900390745878956
vn -0.7183084721485233 -0.6946081932608743 -0.039400465663720824
vn -0.820599203224928 -0.2524997606926452 0.5126995401955909
vn -0.953873717605295 0.29169197468777697 0.07099804761118117
vn -0.9753239251871496 -0.220205400777682 0.015900390745878956
vn -0.953873717605295 0.29169197468777697 0.07099804761118117
vn -0.820599203224928 -0.2524997606926452 0.5126995401955909
vn -0.8188867001783335 0.2597957710940437 0.511791685740098
vn -0.5771843301340032 0.7350800204572273 0.3556903324134129
vn -0.953873717605295 0.29169197468777697 0.07099804761118117
vn -0.8188867001783335 0.2597957710940437 0.511791685740098
vn -0.5771843301340032 0.7350800204572273 0.3556903324134129
vn -0.6500942306921651 0.7518933529129525 0.10969902946735914
vn -0.953873717605295 0.29169197468777697 0.07099804761118117
vn -0.5265889450638144 -0.8251826927268228 -0.20439571071989093
vn -0.6292907011785273 -0.456193263850751 -0.6291906860622117
vn -0.6278235835869226 -0.7769291931210233 -0.04710177033180395
vn -0.6278235835869226 -0.7769291931210233 -0.04710177033180395
vn -0.6292907011785273 -0.456193263850751 -0.6291906860622117
vn -0.8896865004192869 -0.3228950994404003 -0.32279511416540374
vn -0.6291906860622117 -0.456193263850751 -0.6292907011785273
vn -0.8478566903281092 0.22751521452777698 -0.4789319991650635
vn -0.8897152206737671 -0.3228055344177279 -0.3228055344177279
vn -0.8478566903281092 0.22751521452777698 -0.4789319991650635
vn -0.6291906860622117 -0.456193263850751 -0.6292907011785273
vn -0.5259013111155166 0.07070017266147517 -0.8476020862129932
vn -0.8360340746158152 -0.17350706789098752 0.5205212036729626
vn -0.7060903983416226 -0.7059903831058937 -0.05489925620408895
vn -0.984586703789754 -0.1732976564454969 0.023599682008996616
vn -0.7060903983416226 -0.7059903831058937 -0.05489925620408895
vn -0.8360340746158152 -0.17350706789098752 0.5205212036729626
vn -0.595908539340575 -0.7135102484832607 0.3685052754715162
vn -0.8675925414289217 -0.12619891704362338 -0.48099585798000516
vn -0.7183056383233657 -0.6946054529365582 -0.03950031270333224
vn -0.9753270073999901 -0.22020609666947374 0.015700433935857447
vn -0.7183056383233657 -0.6946054529365582 -0.03950031270333224
vn -0.8675925414289217 -0.12619891704362338 -0.48099585798000516
vn -0.6455877349003849 -0.606188443593028 -0.4644911704224879
vn -0.9753270073999901 -0.22020609666947374 0.015700433935857447
vn -0.8516168606765663 0.3784074936799471 -0.3627071702327521
vn -0.8675925414289217 -0.12619891704362338 -0.48099585798000516
vn -0.8516168606765663 0.3784074936799471 -0.3627071702327521
vn -0.9753270073999901 -0.22020609666947374 0.015700433935857447
vn -0.9538872433066039 0.2916961108102542 0.07079905363138747
vn -0.5908138152540128 0.7956186184172954 -0.1339031356345005
vn -0.9538804851533971 0.2916940441854822 0.07089855167940946
vn -0.6501013590870127 0.751901597552652 0.10960023043310184
vn -0.9538804851533971 0.2916940441854822 0.07089855167940946
vn -0.5908138152540128 0.7956186184172954 -0.1339031356345005
vn -0.8515846264409405 0.37849318550689803 -0.362693441537457
vn -0.9616502543205059 -0.26021359067674193 0.08670453040310726
vn -0.6358916121142684 -0.7614899316641605 0.12559833445085625
vn -0.8897152206737671 -0.3228055344177279 -0.3228055344177279
vn -0.6358916121142684 -0.7614899316641605 0.12559833445085625
vn -0.6278235835869226 -0.7769291931210233 -0.04710177033180395
vn -0.8897152206737671 -0.3228055344177279 -0.3228055344177279
vn -0.8897152206737671 -0.3228055344177279 -0.3228055344177279
vn -0.9538039874291686 0.2995012335398033 0.023600098990353455
vn -0.9616827907564001 -0.2600953466601228 0.08669844640322523
vn -0.9538039874291686 0.2995012335398033 0.023600098990353455
vn -0.8897152206737671 -0.3228055344177279 -0.3228055344177279
vn -0.8478655007245527 0.22759073992290801 -0.4788805151417698
vn -0.5338759916955571 -0.314085859658127 0.7850646459075206
vn -0.5765188232503744 -0.7660249853182572 0.2843092828350269
vn -0.8332110512919663 -0.2752036668167245 0.47960638629564323
vn -0.5765188232503744 -0.7660249853182572 0.2843092828350269
vn -0.5338759916955571 -0.314085859658127 0.7850646459075206
vn -0.4728118274465658 -0.7801195248784629 0.4097102668106332
vn -0.8481798783466491 -0.14139663622981086 0.5104878894065538
vn -0.48090120687378324 -0.6937017714596904 0.536201344180548
vn -0.5191994164967539 -0.22019974327514732 0.825799030618824
vn -0.48090120687378324 -0.6937017714596904 0.536201344180548
vn -0.8481798783466491 -0.14139663622981086 0.5104878894065538
vn -0.6783066331369018 -0.638906208078729 0.3629035253630645
vn -0.9216965917540311 0.3780986093279478 0.08669967919937681
vn -0.794507642673199 0.36180346853644213 0.4877046810200577
vn -0.8360340746158152 -0.17350706789098752 0.5205212036729626
vn -0.9216965917540311 0.3780986093279478 0.08669967919937681
vn -0.8360340746158152 -0.17350706789098752 0.5205212036729626
vn -0.9846037620251983 -0.17320065680095886 0.02360009087997829
vn -0.8129409343161912 0.26051312937259624 0.52082621548614
vn -0.9616827907564001 -0.2600953466601228 0.08669844640322523
vn -0.9538017316757423 0.2995005252171892 0.02370004318525844
vn -0.9616827907564001 -0.2600953466601228 0.08669844640322523
vn -0.8129409343161912 0.26051312937259624 0.52082621548614
vn -0.8333045223752219 -0.2751014875643429 0.4795026011700971
vn -0.8948844983406288 -0.2511956324490192 -0.36889360101278346
vn -0.9352693523319412 0.35358841151382214 0.015699485078282848
vn -0.8425071129719248 0.2441020735862707 -0.4802040631466953
vn -0.9352693523319412 0.35358841151382214 0.015699485078282848
vn -0.8948844983406288 -0.2511956324490192 -0.36889360101278346
vn -0.9861499773301164 -0.1498924047410475 0.07099640281561448
vn -0.6008109729520005 0.7984145962646267 -0.03950072470301861
vn -0.8425071129719248 0.2441020735862707 -0.4802040631466953
vn -0.9352693523319412 0.35358841151382214 0.015699485078282848
vn -0.8425071129719248 0.2441020735862707 -0.4802040631466953
vn -0.6008109729520005 0.7984145962646267 -0.03950072470301861
vn -0.5501986154684713 0.6995982392560737 -0.4558988782245233
vn -0.6081908163390262 -0.4106937827005477 -0.6792897377202046
vn -0.8424376320548566 0.24411090480192013 -0.480321457208185
vn -0.5201254649365493 0.07090347234845289 -0.8511417028518051
vn -0.8424376320548566 0.24411090480192013 -0.480321457208185
vn -0.6081908163390262 -0.4106937827005477 -0.6792897377202046
vn -0.8948540330858274 -0.25111516449720217 -0.36902226711889896
vn -0.8948844983406288 -0.2511956324490192 -0.36889360101278346
vn -0.528187578803651 -0.7883814979911659 -0.31539260489545756
vn -0.6959802514995715 -0.7037800730326398 -0.1424959589769666
vn -0.528187578803651 -0.7883814979911659 -0.31539260489545756
vn -0.8948844983406288 -0.2511956324490192 -0.36889360101278346
vn -0.6082951133669569 -0.410696713942908 -0.6791945702156182
vn -0.5299973698064268 0.8384959069866533 0.1265993758471942
vn -0.46518568726126436 0.8357742646437593 0.2916910264757016
vn -0.7944788896512737 0.361890388901664 0.48768703111635225
vn -0.5299973698064268 0.8384959069866533 0.1265993758471942
vn -0.7944788896512737 0.361890388901664 0.48768703111635225
vn -0.9216617446350679 0.378184296975534 0.08669640129419397
vn -0.48790222969076635 0.3778017229326223 0.7869035979152216
vn -0.7944788896512737 0.361890388901664 0.48768703111635225
vn -0.4651073109737356 0.8358131474541763 0.29170459684674865
vn -0.3538160422031061 0.8412381392090545 0.4088185433903621
vn -0.48790222969076635 0.3778017229326223 0.7869035979152216
vn -0.4651073109737356 0.8358131474541763 0.29170459684674865
vn -0.7770612059609271 0.36878159056096427 0.5100745246078017
vn -0.9352222656228653 0.3537084420922278 0.015800375815918845
vn -0.9861402206551237 -0.14990611558946543 0.0711028952655363
vn -0.46478158565373123 0.8113678500774643 0.3544859510585386
vn -0.9352222656228653 0.3537084420922278 0.015800375815918845
vn -0.7770612059609271 0.36878159056096427 0.5100745246078017
vn -0.7770612059609271 0.36878159056096427 0.5100745246078017
vn -0.9861402206551237 -0.14990611558946543 0.0711028952655363
vn -0.8482231821326388 -0.14140385522878887 0.5104139330183062
vn -0.46478158565373123 0.8113678500774643 0.3544859510585386
vn -0.6008109729520005 0.7984145962646267 -0.03950072470301861
vn -0.9352222656228653 0.3537084420922278 0.015800375815918845
vn -0.9861402206551237 -0.14990611558946543 0.0711028952655363
vn -0.6784285267697674 -0.6388269053432923 0.36281526852451385
vn -0.8482231821326388 -0.14140385522878887 0.5104139330183062
vn -0.6784285267697674 -0.6388269053432923 0.36281526852451385
vn -0.9861402206551237 -0.14990611558946543 0.0711028952655363
vn -0.7558306817620843 -0.6454261802697489 0.11020447508819392
vn -0.8345036531471338 0.44080193301704806 -0.33060143486155985
vn -0.9846037620251983 -0.17320065680095886 0.02360009087997829
vn -0.8710891343109636 -0.10979863280588402 -0.4786940362270401
vn -0.9846037620251983 -0.17320065680095886 0.02360009087997829
vn -0.8345036531471338 0.44080193301704806 -0.33060143486155985
vn -0.921704578434831 0.37810188562616853 0.08660042827957745
vn -0.5573983078084646 0.5337983966924975 -0.6358981035832545
vn -0.8710891343109636 -0.10979863280588402 -0.4786940362270401
vn -0.527218471199859 0 -0.8497297709423176
vn -0.8710891343109636 -0.10979863280588402 -0.4786940362270401
vn -0.5573983078084646 0.5337983966924975 -0.6358981035832545
vn -0.8344760568332471 0.4407873560784576 -0.33069051588063203
vn -0.8344944498592388 0.4408970577765992 -0.3304978027129146
vn -0.5300040770979645 0.8385065184289393 0.12650097553660813
vn -0.9216697304100231 0.3781875737684624 0.08659715407009247
vn -0.5300040770979645 0.8385065184289393 0.12650097553660813
vn -0.8344944498592388 0.4408970577765992 -0.3304978027129146
vn -0.5113888185598315 0.8575812490207839 -0.05509879835288437
vn -0.5575026956389721 0.5338025823912206 -0.6358030728045783
vn -0.5113888185598315 0.8575812490207839 -0.05509879835288437
vn -0.8344364968845263 0.44091928399376396 -0.33061445471955186
vn -0.5912901524260235 0.8039866156010185 -0.0630989506919902
vn -0.8478180955892388 0.22770485070318672 -0.47891019800968515
vn -0.5034904415669728 0.7236862701615123 -0.4719910567271516
vn -0.8478180955892388 0.22770485070318672 -0.47891019800968515
vn -0.5912901524260235 0.8039866156010185 -0.0630989506919902
vn -0.9538039874291686 0.2995012335398033 0.023600098990353455
vn -0.4983900133911172 0.7831843280444164 0.37179255352631563
vn -0.8128985843062965 0.26049955798857444 0.5208990995582313
vn -0.5912250993522828 0.8040341618299613 -0.06310268224310989
vn -0.8128985843062965 0.26049955798857444 0.5208990995582313
vn -0.9537731569858314 0.2995915663381658 0.02369933316202992
vn -0.5912250993522828 0.8040341618299613 -0.06310268224310989
vn -0.5034904415669728 0.7236862701615123 -0.4719910567271516
vn -0.5258289504415508 0.07070389135879024 -0.8476466685030158
vn -0.24330232208317257 0.5807055086982906 -0.7769073897424298
vn -0.36969851457212327 0.2437990101633035 0.8965963701502249
vn -0.5926830368931422 0.5452843961385997 0.5927830506238224
vn -0.6856823553379283 0.24429370674755865 0.6856823553379283
vn -0.5926830368931422 0.5452843961385997 0.5927830506238224
vn -0.36969851457212327 0.2437990101633035 0.8965963701502249
vn -0.3216962951822135 0.5413937690737229 0.7767910146713763
vn 0 0.24439395738497754 0.9696760250690484
vn -0.3216962951822135 0.5413937690737229 0.7767910146713763
vn -0.36969851457212327 0.2437990101633035 0.8965963701502249
vn -0.3216962951822135 0.5413937690737229 0.7767910146713763
vn 0 0.24439395738497754 0.9696760250690484
vn 0 0.541919565887331 0.8404303564891541
vn 0 0.541919565887331 0.8404303564891541
vn -0.2596918744026886 0.7320771028742344 0.6297803155200119
vn -0.3216962951822135 0.5413937690737229 0.7767910146713763
vn 0 0.24439395738497754 0.9696760250690484
vn 0.3216962951822135 0.5413937690737229 0.7767910146713763
vn 0 0.541919565887331 0.8404303564891541
vn 0.3216962951822135 0.5413937690737229 0.7767910146713763
vn 0 0.24439395738497754 0.9696760250690484
vn 0.36969851457212327 0.2437990101633035 0.8965963701502249
vn 0.36969851457212327 0.2437990101633035 0.8965963701502249
vn 0.5926830368931422 0.5452843961385997 0.5927830506238224
vn 0.3216962951822135 0.5413937690737229 0.7767910146713763
vn 0.25959862999363903 0.7320961082967368 0.6297966652199726
vn 0 0.541919565887331 0.8404303564891541
vn 0.3216962951822135 0.5413937690737229 0.7767910146713763
vn 0 0.541919565887331 0.8404303564891541
vn 0.25959862999363903 0.7320961082967368 0.6297966652199726
vn 0 0.7302166886601663 0.6832156230665265
vn -0.2596918744026886 0.7320771028742344 0.6297803155200119
vn 0 0.541919565887331 0.8404303564891541
vn 0 0.7302166886601663 0.6832156230665265
vn 0.6352058079769198 -0.4392040133656899 0.6353057658764472
vn 0.34679549880454297 -0.44139426314979563 0.8275892619333319
vn 0.5291018065929852 -0.6634022584526514 0.5291018065929852
vn 0.5291018065929852 -0.6634022584526514 0.5291018065929852
vn 0.34679549880454297 -0.44139426314979563 0.8275892619333319
vn 0.2838000293963859 -0.6621000718575745 0.6936000563442921
vn 0.34679549880454297 -0.44139426314979563 0.8275892619333319
vn 0 -0.44100283161007064 0.8975057116876191
vn 0.28368838271395774 -0.6620729295361031 0.6936716352054634
vn 0.28368838271395774 -0.6620729295361031 0.6936716352054634
vn 0 -0.44100283161007064 0.8975057116876191
vn 0 -0.6623753708825354 0.7491721217772478
vn 0 -0.44088268053692564 0.8975647397277675
vn -0.28370806446187175 -0.6621188628675112 0.693619741352805
vn 0 -0.6623753708825354 0.7491721217772478
vn -0.28370806446187175 -0.6621188628675112 0.693619741352805
vn 0 -0.44088268053692564 0.8975647397277675
vn -0.34679549880454297 -0.44139426314979563 0.8275892619333319
vn -0.34679549880454297 -0.44139426314979563 0.8275892619333319
vn -0.5290017843659015 -0.6634022518163818 0.5292018182344483
vn -0.2838000293963859 -0.6621000718575745 0.6936000563442921
vn -0.5290017843659015 -0.6634022518163818 0.5292018182344483
vn -0.34679549880454297 -0.44139426314979563 0.8275892619333319
vn -0.6352058079769198 -0.4392040133656899 0.6353057658764472
vn 0.6856293584872094 0.24431046038598048 0.685729379366531
vn 0.3861186597186249 -0.023701146466032337 0.9221445853407633
vn 0.7068098081139211 -0.02360032891529556 0.70700984408214
vn 0.3861186597186249 -0.023701146466032337 0.9221445853407633
vn 0.6909847177074413 -0.21199531354408335 0.6910847320915963
vn 0.7068098081139211 -0.02360032891529556 0.70700984408214
vn 0.5926830368931422 0.5452843961385997 0.5927830506238224
vn 0.36969851457212327 0.2437990101633035 0.8965963701502249
vn 0.6856293584872094 0.24431046038598048 0.685729379366531
vn 0.3861186597186249 -0.023701146466032337 0.9221445853407633
vn 0.6856293584872094 0.24431046038598048 0.685729379366531
vn 0.36969851457212327 0.2437990101633035 0.8965963701502249
vn 0.6909847177074413 -0.21199531354408335 0.6910847320915963
vn 0.3861186597186249 -0.023701146466032337 0.9221445853407633
vn 0.37641553140159567 -0.21170874613453838 0.9019372231645592
vn 0.37641553140159567 -0.21170874613453838 0.9019372231645592
vn 0.6352933296570611 -0.43909540032490557 0.6352933296570611
vn 0.6909847177074413 -0.21199531354408335 0.6910847320915963
vn 0.6352933296570611 -0.43909540032490557 0.6352933296570611
vn 0.37641553140159567 -0.21170874613453838 0.9019372231645592
vn 0.34679549880454297 -0.44139426314979563 0.8275892619333319
vn 0 -0.02360050748219526 0.9997214692335974
vn 0.37641553140159567 -0.21170874613453838 0.9019372231645592
vn 0.3861186597186249 -0.023701146466032337 0.9221445853407633
vn 0.36969851457212327 0.2437990101633035 0.8965963701502249
vn 0 -0.02360050748219526 0.9997214692335974
vn 0.3861186597186249 -0.023701146466032337 0.9221445853407633
vn 0 -0.2127036395424719 0.9771167595151493
vn 0.34679549880454297 -0.44139426314979563 0.8275892619333319
vn 0.37641553140159567 -0.21170874613453838 0.9019372231645592
vn 0.37641553140159567 -0.21170874613453838 0.9019372231645592
vn 0 -0.02360050748219526 0.9997214692335974
vn 0 -0.2127036395424719 0.9771167595151493
vn 0.34679549880454297 -0.44139426314979563 0.8275892619333319
vn 0 -0.2127036395424719 0.9771167595151493
vn 0 -0.44088268053692564 0.8975647397277675
vn 0 -0.2127036395424719 0.9771167595151493
vn -0.3467820964343206 -0.44127722325540614 0.827657290083653
vn 0 -0.44088268053692564 0.8975647397277675
vn -0.3467820964343206 -0.44127722325540614 0.827657290083653
vn 0 -0.2127036395424719 0.9771167595151493
vn -0.37641553140159567 -0.21170874613453838 0.9019372231645592
vn 0 -0.02360050748219526 0.9997214692335974
vn -0.37641553140159567 -0.21170874613453838 0.9019372231645592
vn 0 -0.2127036395424719 0.9771167595151493
vn -0.37641553140159567 -0.21170874613453838 0.9019372231645592
vn -0.6352058079769198 -0.4392040133656899 0.6353057658764472
vn -0.3467820964343206 -0.44127722325540614 0.827657290083653
vn 0 -0.02360050748219526 0.9997214692335974
vn 0.36969851457212327 0.2437990101633035 0.8965963701502249
vn 0 0.24439395738497754 0.9696760250690484
vn -0.6352058079769198 -0.4392040133656899 0.6353057658764472
vn -0.37641553140159567 -0.21170874613453838 0.9019372231645592
vn -0.6909324819128104 -0.21200995593017072 0.6911324648895397
vn -0.37641553140159567 -0.21170874613453838 0.9019372231645592
vn 0 -0.02360050748219526 0.9997214692335974
vn -0.3862037642604672 -0.023700231058913772 0.922108969438428
vn -0.3862037642604672 -0.023700231058913772 0.922108969438428
vn -0.6909324819128104 -0.21200995593017072 0.6911324648895397
vn -0.37641553140159567 -0.21170874613453838 0.9019372231645592
vn 0 -0.02360050748219526 0.9997214692335974
vn -0.36969851457212327 0.2437990101633035 0.8965963701502249
vn -0.3862037642604672 -0.023700231058913772 0.922108969438428
vn -0.36969851457212327 0.2437990101633035 0.8965963701502249
vn 0 -0.02360050748219526 0.9997214692335974
vn 0 0.24439395738497754 0.9696760250690484
vn -0.6909324819128104 -0.21200995593017072 0.6911324648895397
vn -0.3862037642604672 -0.023700231058913772 0.922108969438428
vn -0.7068598537959838 -0.023598660579785966 0.7069598647097021
vn -0.6856823553379283 0.24429370674755865 0.6856823553379283
vn -0.3862037642604672 -0.023700231058913772 0.922108969438428
vn -0.36969851457212327 0.2437990101633035 0.8965963701502249
vn -0.3862037642604672 -0.023700231058913772 0.922108969438428
vn -0.6856823553379283 0.24429370674755865 0.6856823553379283
vn -0.7068598537959838 -0.023598660579785966 0.7069598647097021
vn 0 -0.6831657261512902 0.7302633707178394
vn -0.2131010332372185 -0.6869033462315005 0.6948033841089125
vn 0 -0.9980322917465809 0.06270203051790095
vn 0.2131010332372185 -0.6869033462315005 0.6948033841089125
vn 0 -0.6831657261512902 0.7302633707178394
vn 0 -0.9980322917465809 0.06270203051790095
vn 0.8478180955892388 -0.22770485070318672 0.47891019800968515
vn 0.5034158197182573 -0.7237226898452699 0.4720148097893985
vn 0.525897590321881 -0.07079967368549264 0.8475960893607679
vn 0.1572039915240493 -0.6368161857591805 0.7548192171666241
vn 0.5271014861100195 0 0.8498023436897599
vn 0.5573983078084646 -0.5337983966924975 0.6358981035832545
vn 0.5271014861100195 0 0.8498023436897599
vn 0.1572039915240493 -0.6368161857591805 0.7548192171666241
vn 0.047400143837205026 -0.10250030703999304 0.9936029958796015
vn -0.26629808469757055 -0.6969950325334772 0.6657952047815172
vn 0.04729988074339796 -0.1025997426711937 0.993597511110744
vn 0.15719213082375233 -0.636768139358766 0.7548622196829454
vn 0.04729988074339796 -0.1025997426711937 0.993597511110744
vn -0.26629808469757055 -0.6969950325334772 0.6657952047815172
vn -0.4567039000974397 -0.16540141191765848 0.8741074994366728
vn -0.3638910515033116 0.45098890746449793 0.8149799432990928
vn -0.5840965212341109 -0.6157963470693727 0.5287968540169525
vn -0.6771004535531798 0.41720027684995975 0.6062003833670802
vn 0 0.7341667186868717 0.6789692402256173
vn -0.3638910515033116 0.45098890746449793 0.8149799432990928
vn -0.307600383412332 0.72580090237768 0.6153007835460084
vn -0.5840965212341109 -0.6157963470693727 0.5287968540169525
vn -0.3638910515033116 0.45098890746449793 0.8149799432990928
vn -0.3153143300886546 -0.6305286986411996 0.7092322845377093
vn -0.3638910515033116 0.45098890746449793 0.8149799432990928
vn 0 0.7341667186868717 0.6789692402256173
vn 0 0.4627847041057022 0.8864707088481817
vn 0 0.4627847041057022 0.8864707088481817
vn -0.3153143300886546 -0.6305286986411996 0.7092322845377093
vn -0.3638910515033116 0.45098890746449793 0.8149799432990928
vn 0 0.4627847041057022 0.8864707088481817
vn 0 0.7341667186868717 0.6789692402256173
vn 0.3638910515033116 0.45098890746449793 0.8149799432990928
vn 0.307600383412332 0.72580090237768 0.6153007835460084
vn 0.3638910515033116 0.45098890746449793 0.8149799432990928
vn 0 0.7341667186868717 0.6789692402256173
vn -0.3153143300886546 -0.6305286986411996 0.7092322845377093
vn 0 0.4627847041057022 0.8864707088481817
vn 0 -0.6410790198031718 0.7674748793075932
vn 0.6771004535531798 0.41720027684995975 0.6062003833670802
vn 0.5842951172919576 -0.6156948807773931 0.5286955926554421
vn 0.3638910515033116 0.45098890746449793 0.8149799432990928
vn 0.3638910515033116 0.45098890746449793 0.8149799432990928
vn 0.31520192721079104 -0.6305038716267236 0.7093043161762908
vn 0 0.4627847041057022 0.8864707088481817
vn 0 -0.6410790198031718 0.7674748793075932
vn 0 0.4627847041057022 0.8864707088481817
vn 0.31520192721079104 -0.6305038716267236 0.7093043161762908
vn 0.31520192721079104 -0.6305038716267236 0.7093043161762908
vn 0.3638910515033116 0.45098890746449793 0.8149799432990928
vn 0.5842951172919576 -0.6156948807773931 0.5286955926554421
vn -0.5840288986775554 -0.7260359470491702 0.3630179735245851
vn -0.2765025771689252 -0.6951065218132294 0.6636062448106236
vn -0.44888038277629744 -0.22049036432107025 0.8659621245759924
vn -0.44888038277629744 -0.22049036432107025 0.8659621245759924
vn -0.8205031149361206 -0.25240096404525064 0.5129019318828417
vn -0.5840288986775554 -0.7260359470491702 0.3630179735245851
vn -0.44888038277629744 -0.22049036432107025 0.8659621245759924
vn -0.8189079680886173 0.2597025306757382 0.5118049778593301
vn -0.8205031149361206 -0.25240096404525064 0.5129019318828417
vn -0.8189079680886173 0.2597025306757382 0.5118049778593301
vn -0.44888038277629744 -0.22049036432107025 0.8659621245759924
vn -0.48659279313307935 0.29029570518754194 0.8239877773490429
vn 0.29849498428823074 -0.5419908858555958 0.7855868023358306
vn 0.06300082022832446 0.11800153511802397 0.9910128830445889
vn -0.09470450210137861 -0.37111764620551735 0.9237438768168406
vn -0.09470450210137861 -0.37111764620551735 0.9237438768168406
vn -0.02349966019066276 -0.8640875141264936 0.5027927345354345
vn 0.29849498428823074 -0.5419908858555958 0.7855868023358306
vn -0.02349966019066276 -0.8640875141264936 0.5027927345354345
vn -0.09470450210137861 -0.37111764620551735 0.9237438768168406
vn -0.24469375735678991 -0.7737802756964232 0.5842850760149397
vn 0.06300082022832446 0.11800153511802397 0.9910128830445889
vn 0.29849498428823074 -0.5419908858555958 0.7855868023358306
vn 0.5200082480958655 -0.07090112782860494 0.8512135172710197
vn 0.5200082480958655 -0.07090112782860494 0.8512135172710197
vn 0.20459698073724172 0.5821913812333798 0.7868883472836374
vn 0.06300082022832446 0.11800153511802397 0.9910128830445889
vn 0.20459698073724172 0.5821913812333798 0.7868883472836374
vn 0.5200082480958655 -0.07090112782860494 0.8512135172710197
vn 0.6049155821521363 0.40851050716988 0.6835175959705423
vn -0.3077040482182719 -0.8207107654885294 0.48140633369464436
vn 0.24320823576356285 -0.5807196353836273 0.7769262893844449
vn -0.12629466960651098 -0.884062657444514 0.4499809708655757
vn 0.24320823576356285 -0.5807196353836273 0.7769262893844449
vn -0.3077040482182719 -0.8207107654885294 0.48140633369464436
vn -0.13360141048410953 -0.42430447562785367 0.895609499212033
vn -0.13350319074788047 -0.4243101425433376 0.895621460771786
vn 0.06299664356131993 0.10239454022162842 0.9927470881512619
vn 0.24318933748758637 -0.5806745110896248 0.776965931237126
vn 0.5257120012687468 -0.07070161488196908 0.8477193954222652
vn 0.24318933748758637 -0.5806745110896248 0.776965931237126
vn 0.06299664356131993 0.10239454022162842 0.9927470881512619
vn 0.5503068263325126 -0.6995086987728671 0.4559056670331355
vn 0.5201217742616976 -0.07100297511574977 0.8511356633719303
vn 0.298609516618181 -0.5420172910561772 0.7855250554763863
vn 0.5201217742616976 -0.07100297511574977 0.8511356633719303
vn 0.5503068263325126 -0.6995086987728671 0.4559056670331355
vn 0.8424376320548566 -0.24411090480192013 0.480321457208185
vn -0.5337877079387965 -0.31419277516566957 0.7850818956562056
vn -0.3077040482182719 -0.8207107654885294 0.48140633369464436
vn -0.47279245676107506 -0.7800875640663927 0.40979346653990045
vn -0.3077040482182719 -0.8207107654885294 0.48140633369464436
vn -0.5337877079387965 -0.31419277516566957 0.7850818956562056
vn -0.13360141048410953 -0.42430447562785367 0.895609499212033
vn 0.06300160719532896 0.10260261658087624 0.992725289574897
vn -0.15760431900601196 0.7328200868203103 0.6619181210567695
vn 0.25189036204300524 0.6140765138660155 0.7479714437249626
vn -0.432311019735464 0.22800581132530306 0.8724222212995113
vn -0.15760431900601196 0.7328200868203103 0.6619181210567695
vn 0.06300160719532896 0.10260261658087624 0.992725289574897
vn -0.8359905474932057 -0.17349803445126655 0.520594118813839
vn -0.26629725155869377 -0.6970928078786001 0.6656931658175671
vn -0.5958865740717175 -0.7134839483995972 0.3685917066581834
vn -0.4567039000974397 -0.16540141191765848 0.8741074994366728
vn -0.26629725155869377 -0.6970928078786001 0.6656931658175671
vn -0.8359905474932057 -0.17349803445126655 0.520594118813839
vn -0.8128774056849266 0.26039275732448497 0.5209855422753067
vn -0.5338927551371542 -0.31399573636788186 0.785089296548393
vn -0.8333045223752219 -0.2751014875643429 0.4795026011700971
vn -0.5338927551371542 -0.31399573636788186 0.785089296548393
vn -0.8128774056849266 0.26039275732448497 0.5209855422753067
vn -0.43232087527130614 0.2279110027270068 0.8724421101944944
vn -0.8481798783466491 -0.14139663622981086 0.5104878894065538
vn -0.5191263555747251 -0.22021117770588794 0.8258419123301323
vn -0.410806784000062 0.27640455765392286 0.8688143108441905
vn -0.410806784000062 0.27640455765392286 0.8688143108441905
vn -0.7769136382083649 0.36890648008445803 0.510208984355957
vn -0.8481798783466491 -0.14139663622981086 0.5104878894065538
vn -0.410806784000062 0.27640455765392286 0.8688143108441905
vn -0.46470319584279135 0.8114055530586028 0.35450242346020616
vn -0.7769136382083649 0.36890648008445803 0.510208984355957
vn -0.5338927551371542 -0.31399573636788186 0.785089296548393
vn -0.4322930017797737 0.22779630830075373 0.8724858752649126
vn -0.13359511722300565 -0.42418450573151445 0.8956672650887059
vn -0.13359511722300565 -0.42418450573151445 0.8956672650887059
vn -0.4322930017797737 0.22779630830075373 0.8724858752649126
vn 0.06299664356131993 0.10239454022162842 0.9927470881512619
vn -0.07850041250902562 0.43950229889487097 0.8948046795262283
vn -0.45671145214053815 -0.16530414278982966 0.8741219536541801
vn -0.48790067911344037 0.3776005483940111 0.7870011138322397
vn -0.45671145214053815 -0.16530414278982966 0.8741219536541801
vn -0.07850041250902562 0.43950229889487097 0.8948046795262283
vn 0.047300365816906734 -0.1025007923935321 0.9936077007311713
vn -0.09479485179720339 -0.3710798443084494 0.9237497957892944
vn -0.41069929649826326 0.2762995442408541 0.8688985267038539
vn -0.5190720454691226 -0.22028813589707408 0.8258555253768625
vn -0.41069929649826326 0.2762995442408541 0.8688985267038539
vn -0.09479485179720339 -0.3710798443084494 0.9237497957892944
vn 0.06290121321657462 0.11800227797659736 0.9910191217974642
vn -0.09479485179720339 -0.3710798443084494 0.9237497957892944
vn -0.5190720454691226 -0.22028813589707408 0.8258555253768625
vn -0.4808936466379905 -0.6937908214624446 0.5360928992979499
vn -0.4808936466379905 -0.6937908214624446 0.5360928992979499
vn -0.24480670949718794 -0.7737212001139383 0.5843159928321373
vn -0.09479485179720339 -0.3710798443084494 0.9237497957892944
vn -0.18049902670149381 0.7298960637945425 0.6592964715642324
vn 0.06290121321657462 0.11800227797659736 0.9910191217974642
vn 0.20450116358457157 0.5822032901731695 0.7869044433754916
vn 0.06290121321657462 0.11800227797659736 0.9910191217974642
vn -0.18049902670149381 0.7298960637945425 0.6592964715642324
vn -0.4106765979988488 0.27648423592915794 0.8688505044820781
vn -0.8359905474932057 -0.17349803445126655 0.520594118813839
vn -0.4879206589762455 0.37771600241945374 0.7869333212289676
vn -0.45679060329974813 -0.1652965914087834 0.8740820222414426
vn -0.4879206589762455 0.37771600241945374 0.7869333212289676
vn -0.8359905474932057 -0.17349803445126655 0.520594118813839
vn -0.794507642673199 0.36180346853644213 0.4877046810200577
vn 0.6455877349003849 0.606188443593028 0.4644911704224879
vn 0.5272906840699023 0 0.8496849619082913
vn 0.8675260736528247 0.12620379744950544 0.4811144490054708
vn 0.6455877349003849 0.606188443593028 0.4644911704224879
vn 0.3642002733873703 0.4908003670942432 0.7915005751891282
vn 0.5272906840699023 0 0.8496849619082913
vn 0.3230949570829951 0.5357916164156258 0.7800878107535513
vn 0.047300365816906734 -0.1025007923935321 0.9936077007311713
vn -0.07840102536940186 0.4395057469254317 0.8948116995438452
vn 0.047300365816906734 -0.1025007923935321 0.9936077007311713
vn 0.3230949570829951 0.5357916164156258 0.7800878107535513
vn 0.5271014861100195 0 0.8498023436897599
vn -0.18049517385508584 0.8634769076682893 0.4709873906365553
vn 0.3230054050065239 0.5358089231761864 0.780113008596413
vn -0.07849696267056588 0.4395829671142343 0.8947653557634772
vn -0.18049517385508584 0.8634769076682893 0.4709873906365553
vn 0 0.8975452968941177 0.44092226074813934
vn 0.3230054050065239 0.5358089231761864 0.780113008596413
vn -0.8128985843062965 0.26049955798857444 0.5208990995582313
vn -0.15760431900601196 0.7328200868203103 0.6619181210567695
vn -0.43230116055043416 0.22810061343847268 0.8724023250403108
vn -0.15760431900601196 0.7328200868203103 0.6619181210567695
vn -0.8128985843062965 0.26049955798857444 0.5208990995582313
vn -0.4983900133911172 0.7831843280444164 0.37179255352631563
vn -0.2765025771689252 -0.6951065218132294 0.6636062448106236
vn 0.13429605699532682 -0.6082821405082449 0.7822770651209301
vn 0.04710172356315471 -0.12580460190522993 0.9909362390067521
vn 0.04710172356315471 -0.12580460190522993 0.9909362390067521
vn -0.44869168872390575 -0.22039591781345316 0.8660839496730415
vn -0.2765025771689252 -0.6951065218132294 0.6636062448106236
vn -0.44869168872390575 -0.22039591781345316 0.8660839496730415
vn 0.04710172356315471 -0.12580460190522993 0.9909362390067521
vn -0.04709822311759196 0.37638579326090854 0.9252650928304396
vn -0.04709822311759196 0.37638579326090854 0.9252650928304396
vn -0.4864260014011675 0.2904155173922813 0.8240440354851463
vn -0.44869168872390575 -0.22039591781345316 0.8660839496730415
vn -0.04709822311759196 0.37638579326090854 0.9252650928304396
vn -0.38610035209014143 0.7564006902969151 0.5280004865852105
vn -0.4864260014011675 0.2904155173922813 0.8240440354851463
vn -0.38610035209014143 0.7564006902969151 0.5280004865852105
vn -0.04709822311759196 0.37638579326090854 0.9252650928304396
vn -0.1414010306351897 0.8013058609429549 0.5813042798343877
vn 0.527218471199859 0 0.8497297709423176
vn 0.6070036560112496 0.6386038451623129 0.47300284410654997
vn 0.8710554377156563 0.10990699368793858 0.47873048489151554
vn 0.13439658762273288 -0.6083845618131969 0.7821801468860797
vn 0.54329309033049 -0.4960937237499186 0.6772913961177163
vn 0.5271014834744976 -0.00010000027386666816 0.8498023394407249
vn 0.5271014834744976 -0.00010000027386666816 0.8498023394407249
vn 0.04720091227287635 -0.125902428967795 0.9909190947098646
vn 0.13439658762273288 -0.6083845618131969 0.7821801468860797
vn 0.047201506340543764 -0.12580400868726327 0.9909315663543062
vn 0.5271014861100195 0 0.8498023436897599
vn 0.36410258422716746 0.4907034768622574 0.7916055873693605
vn 0.36410258422716746 0.4907034768622574 0.7916055873693605
vn -0.04699844631289968 0.3763875640648885 0.925269445978561
vn 0.047201506340543764 -0.12580400868726327 0.9909315663543062
vn -0.04699844631289968 0.3763875640648885 0.925269445978561
vn 0.36399795959412706 0.4907972520575905 0.7915955676884696
vn 0.08670354792497692 0.8590351803550016 0.5045206177052345
vn 0.08670354792497692 0.8590351803550016 0.5045206177052345
vn -0.1411968257321139 0.8012819413832283 0.5813868822189744
vn -0.04699844631289968 0.3763875640648885 0.925269445978561
vn -0.46470319584279135 0.8114055530586028 0.35450242346020616
vn -0.410806784000062 0.27640455765392286 0.8688143108441905
vn -0.18049902670149381 0.7298960637945425 0.6592964715642324
vn 0.06300289885570638 0.1024047075568457 0.9927456424512647
vn 0.25189036204300524 0.6140765138660155 0.7479714437249626
vn 0.5257917955539444 -0.0704989026286446 0.8476867891245659
vn 0.5257917955539444 -0.0704989026286446 0.8476867891245659
vn 0.25189036204300524 0.6140765138660155 0.7479714437249626
vn 0.6291906860622117 0.456193263850751 0.6292907011785273
vn -0.18049517385508584 0.8634769076682893 0.4709873906365553
vn -0.48790222969076635 0.3778017229326223 0.7869035979152216
vn -0.3538160422031061 0.8412381392090545 0.4088185433903621
vn -0.48790222969076635 0.3778017229326223 0.7869035979152216
vn -0.18049517385508584 0.8634769076682893 0.4709873906365553
vn -0.07859633575199848 0.4395795146969361 0.8947583284134132
vn -0.3216962951822135 0.5413937690737229 0.7767910146713763
vn -0.48090835611988764 0.7331127512382627 0.48090835611988764
vn -0.5926858465358829 0.5453869952905804 0.5926858465358829
vn -0.7767910146713763 0.5413937690737229 0.3216962951822135
vn -0.5926858465358829 0.5453869952905804 0.5926858465358829
vn -0.48090835611988764 0.7331127512382627 0.48090835611988764
vn -0.48090835611988764 0.7331127512382627 0.48090835611988764
vn -0.3216962951822135 0.5413937690737229 0.7767910146713763
vn -0.25980147390327374 0.7321041996990516 0.6297036088039337
vn -0.48090835611988764 0.7331127512382627 0.48090835611988764
vn -0.6297036088039337 0.7321041996990516 0.25980147390327374
vn -0.7767910146713763 0.5413937690737229 0.3216962951822135
vn 0.3216962951822135 0.5413937690737229 0.7767910146713763
vn 0.5927181751234114 0.545316724259165 0.5927181751234114
vn 0.48090835611988764 0.7331127512382627 0.48090835611988764
vn 0.48090835611988764 0.7331127512382627 0.48090835611988764
vn 0.25980147390327374 0.7321041996990516 0.6297036088039337
vn 0.3216962951822135 0.5413937690737229 0.7767910146713763
vn 0.48090835611988764 0.7331127512382627 0.48090835611988764
vn 0.20490828182677262 0.8434341051307199 0.49662008249882683
vn 0.25980147390327374 0.7321041996990516 0.6297036088039337
vn 0.20490828182677262 0.8434341051307199 0.49662008249882683
vn 0 0.7302633707178394 0.6831657261512902
vn 0.25980147390327374 0.7321041996990516 0.6297036088039337
vn 0.20490828182677262 0.8434341051307199 0.49662008249882683
vn 0.48090835611988764 0.7331127512382627 0.48090835611988764
vn 0.37880185555352636 0.8444041144253209 0.37880185555352636
vn 0.6297036088039337 0.7321041996990516 0.25980147390327374
vn 0.37880185555352636 0.8444041144253209 0.37880185555352636
vn 0.48090835611988764 0.7331127512382627 0.48090835611988764
vn 0 0.7302633707178394 0.6831657261512902
vn 0.20490828182677262 0.8434341051307199 0.49662008249882683
vn 0 0.8439742617339767 0.5363836738106306
vn 0.37880185555352636 0.8444041144253209 0.37880185555352636
vn 0.6297036088039337 0.7321041996990516 0.25980147390327374
vn 0.49662008249882683 0.8434341051307199 0.20490828182677262
vn 0.6297036088039337 0.7321041996990516 0.25980147390327374
vn 0.5363836738106306 0.8439742617339767 0
vn 0.49662008249882683 0.8434341051307199 0.20490828182677262
vn 0.37880185555352636 0.8444041144253209 0.37880185555352636
vn 0.14230261622115586 0.9325171829186792 0.33190611470418074
vn 0.20490828182677262 0.8434341051307199 0.49662008249882683
vn 0.14230261622115586 0.9325171829186792 0.33190611470418074
vn 0 0.8439742617339767 0.5363836738106306
vn 0.20490828182677262 0.8434341051307199 0.49662008249882683
vn 0.49662008249882683 0.8434341051307199 0.20490828182677262
vn 0.2531979422344324 0.9336924569131412 0.2531979422344324
vn 0.37880185555352636 0.8444041144253209 0.37880185555352636
vn 0.14230261622115586 0.9325171829186792 0.33190611470418074
vn 0.37880185555352636 0.8444041144253209 0.37880185555352636
vn 0.2531979422344324 0.9336924569131412 0.2531979422344324
vn 0.5363836738106306 0.8439742617339767 0
vn 0.3319108364230947 0.9325304489714125 0.14220463567021113
vn 0.49662008249882683 0.8434341051307199 0.20490828182677262
vn 0.2531979422344324 0.9336924569131412 0.2531979422344324
vn 0.49662008249882683 0.8434341051307199 0.20490828182677262
vn 0.3319108364230947 0.9325304489714125 0.14220463567021113
vn 0.3319108364230947 0.9325304489714125 0.14220463567021113
vn 0.5363836738106306 0.8439742617339767 0
vn 0.3632038007196715 0.9317097182828914 0
vn 0.3632038007196715 0.9317097182828914 0
vn 0.18859148043658958 0.9820556264829071 0
vn 0.3319108364230947 0.9325304489714125 0.14220463567021113
vn 0.3319108364230947 0.9325304489714125 0.14220463567021113
vn 0.18859148043658958 0.9820556264829071 0
vn 0.1728997760513561 0.9823986925563264 0.07069990314711375
vn 0.2531979422344324 0.9336924569131412 0.2531979422344324
vn 0.3319108364230947 0.9325304489714125 0.14220463567021113
vn 0.1728997760513561 0.9823986925563264 0.07069990314711375
vn 0.1728997760513561 0.9823986925563264 0.07069990314711375
vn 0.18859148043658958 0.9820556264829071 0
vn 0 1 0
vn 0.1335985333332307 0.9819892381194507 0.1335985333332307
vn 0.2531979422344324 0.9336924569131412 0.2531979422344324
vn 0.1728997760513561 0.9823986925563264 0.07069990314711375
vn 0.1335985333332307 0.9819892381194507 0.1335985333332307
vn 0.1728997760513561 0.9823986925563264 0.07069990314711375
vn 0 1 0
vn 0.07069990314711375 0.9823986925563264 0.1728997760513561
vn 0.2531979422344324 0.9336924569131412 0.2531979422344324
vn 0.1335985333332307 0.9819892381194507 0.1335985333332307
vn 0.2531979422344324 0.9336924569131412 0.2531979422344324
vn 0.07069990314711375 0.9823986925563264 0.1728997760513561
vn 0.14230261622115586 0.9325171829186792 0.33190611470418074
vn 0.07069990314711375 0.9823986925563264 0.1728997760513561
vn 0.1335985333332307 0.9819892381194507 0.1335985333332307
vn 0 1 0
vn 0 0.9820741423054943 0.1884950371095427
vn 0.14230261622115586 0.9325171829186792 0.33190611470418074
vn 0.07069990314711375 0.9823986925563264 0.1728997760513561
vn 0 0.9820741423054943 0.1884950371095427
vn 0.07069990314711375 0.9823986925563264 0.1728997760513561
vn 0 1 0
vn 0.14230261622115586 0.9325171829186792 0.33190611470418074
vn 0 0.9820741423054943 0.1884950371095427
vn 0 0.9317097182828914 0.3632038007196715
vn 0 0.8439742617339767 0.5363836738106306
vn 0.14230261622115586 0.9325171829186792 0.33190611470418074
vn 0 0.9317097182828914 0.3632038007196715
vn 0 0.9820741423054943 0.1884950371095427
vn -0.14220463567021113 0.9325304489714125 0.3319108364230947
vn 0 0.9317097182828914 0.3632038007196715
vn -0.14220463567021113 0.9325304489714125 0.3319108364230947
vn 0 0.8439742617339767 0.5363836738106306
vn 0 0.9317097182828914 0.3632038007196715
vn -0.07069990314711375 0.9823986925563264 0.1728997760513561
vn 0 0.9820741423054943 0.1884950371095427
vn 0 1 0
vn -0.14220463567021113 0.9325304489714125 0.3319108364230947
vn 0 0.9820741423054943 0.1884950371095427
vn -0.07069990314711375 0.9823986925563264 0.1728997760513561
vn 0 0.8439742617339767 0.5363836738106306
vn -0.14220463567021113 0.9325304489714125 0.3319108364230947
vn -0.20500408563665823 0.843416817789833 0.49660990358786594
vn -0.20500408563665823 0.843416817789833 0.49660990358786594
vn 0 0.7302633707178394 0.6831657261512902
vn 0 0.8439742617339767 0.5363836738106306
vn 0 0.7302633707178394 0.6831657261512902
vn -0.20500408563665823 0.843416817789833 0.49660990358786594
vn -0.25980147390327374 0.7321041996990516 0.6297036088039337
vn -0.37880185555352636 0.8444041144253209 0.37880185555352636
vn -0.25980147390327374 0.7321041996990516 0.6297036088039337
vn -0.20500408563665823 0.843416817789833 0.49660990358786594
vn -0.20500408563665823 0.843416817789833 0.49660990358786594
vn -0.14220463567021113 0.9325304489714125 0.3319108364230947
vn -0.37880185555352636 0.8444041144253209 0.37880185555352636
vn -0.25980147390327374 0.7321041996990516 0.6297036088039337
vn -0.37880185555352636 0.8444041144253209 0.37880185555352636
vn -0.48090835611988764 0.7331127512382627 0.48090835611988764
vn -0.14220463567021113 0.9325304489714125 0.3319108364230947
vn -0.07069990314711375 0.9823986925563264 0.1728997760513561
vn -0.2531979422344324 0.9336924569131412 0.2531979422344324
vn -0.37880185555352636 0.8444041144253209 0.37880185555352636
vn -0.14220463567021113 0.9325304489714125 0.3319108364230947
vn -0.2531979422344324 0.9336924569131412 0.2531979422344324
vn -0.2531979422344324 0.9336924569131412 0.2531979422344324
vn -0.07069990314711375 0.9823986925563264 0.1728997760513561
vn -0.1335985333332307 0.9819892381194507 0.1335985333332307
vn -0.1335985333332307 0.9819892381194507 0.1335985333332307
vn -0.07069990314711375 0.9823986925563264 0.1728997760513561
vn 0 1 0
vn -0.33190611470418074 0.9325171829186792 0.14230261622115586
vn -0.37880185555352636 0.8444041144253209 0.37880185555352636
vn -0.2531979422344324 0.9336924569131412 0.2531979422344324
vn -0.2531979422344324 0.9336924569131412 0.2531979422344324
vn -0.1335985333332307 0.9819892381194507 0.1335985333332307
vn -0.33190611470418074 0.9325171829186792 0.14230261622115586
vn -0.49662008249882683 0.8434341051307199 0.20490828182677262
vn -0.48090835611988764 0.7331127512382627 0.48090835611988764
vn -0.37880185555352636 0.8444041144253209 0.37880185555352636
vn -0.37880185555352636 0.8444041144253209 0.37880185555352636
vn -0.33190611470418074 0.9325171829186792 0.14230261622115586
vn -0.49662008249882683 0.8434341051307199 0.20490828182677262
vn -0.48090835611988764 0.7331127512382627 0.48090835611988764
vn -0.49662008249882683 0.8434341051307199 0.20490828182677262
vn -0.6297036088039337 0.7321041996990516 0.25980147390327374
vn -0.1728997760513561 0.9823986925563264 0.07069990314711375
vn -0.1335985333332307 0.9819892381194507 0.1335985333332307
vn 0 1 0
vn -0.1728997760513561 0.9823986925563264 0.07069990314711375
vn -0.33190611470418074 0.9325171829186792 0.14230261622115586
vn -0.1335985333332307 0.9819892381194507 0.1335985333332307
vn -0.6831123860523802 0.7303132670449193 0
vn -0.6297036088039337 0.7321041996990516 0.25980147390327374
vn -0.49662008249882683 0.8434341051307199 0.20490828182677262
vn -0.5363836738106306 0.8439742617339767 0
vn -0.49662008249882683 0.8434341051307199 0.20490828182677262
vn -0.33190611470418074 0.9325171829186792 0.14230261622115586
vn -0.49662008249882683 0.8434341051307199 0.20490828182677262
vn -0.5363836738106306 0.8439742617339767 0
vn -0.6831123860523802 0.7303132670449193 0
vn -0.33190611470418074 0.9325171829186792 0.14230261622115586
vn -0.3632038007196715 0.9317097182828914 0
vn -0.5363836738106306 0.8439742617339767 0
vn -0.1884950371095427 0.9820741423054943 0
vn -0.33190611470418074 0.9325171829186792 0.14230261622115586
vn -0.1728997760513561 0.9823986925563264 0.07069990314711375
vn -0.33190611470418074 0.9325171829186792 0.14230261622115586
vn -0.1884950371095427 0.9820741423054943 0
vn -0.3632038007196715 0.9317097182828914 0
vn -0.1884950371095427 0.9820741423054943 0
vn -0.1728997760513561 0.9823986925563264 0.07069990314711375
vn 0 1 0
vn -0.3319108364230947 0.9325304489714125 -0.14220463567021113
vn -0.5363836738106306 0.8439742617339767 0
vn -0.3632038007196715 0.9317097182828914 0
vn -0.1884950371095427 0.9820741423054943 0
vn -0.3319108364230947 0.9325304489714125 -0.14220463567021113
vn -0.3632038007196715 0.9317097182828914 0
vn -0.49662008249882683 0.8434341051307199 -0.20490828182677262
vn -0.6831123860523802 0.7303132670449193 0
vn -0.5363836738106306 0.8439742617339767 0
vn -0.5363836738106306 0.8439742617339767 0
vn -0.3319108364230947 0.9325304489714125 -0.14220463567021113
vn -0.49662008249882683 0.8434341051307199 -0.20490828182677262
vn -0.1728997760513561 0.9823986925563264 -0.07069990314711375
vn -0.1884950371095427 0.9820741423054943 0
vn 0 1 0
vn -0.3319108364230947 0.9325304489714125 -0.14220463567021113
vn -0.1884950371095427 0.9820741423054943 0
vn -0.1728997760513561 0.9823986925563264 -0.07069990314711375
vn -0.1335985333332307 0.9819892381194507 -0.1335985333332307
vn -0.3319108364230947 0.9325304489714125 -0.14220463567021113
vn -0.1728997760513561 0.9823986925563264 -0.07069990314711375
vn -0.1335985333332307 0.9819892381194507 -0.1335985333332307
vn -0.1728997760513561 0.9823986925563264 -0.07069990314711375
vn 0 1 0
vn -0.6831123860523802 0.7303132670449193 0
vn -0.49662008249882683 0.8434341051307199 -0.20490828182677262
vn -0.6297036088039337 0.7321041996990516 -0.25980147390327374
vn -0.3319108364230947 0.9325304489714125 -0.14220463567021113
vn -0.37880185555352636 0.8444041144253209 -0.37880185555352636
vn -0.49662008249882683 0.8434341051307199 -0.20490828182677262
vn -0.49662008249882683 0.8434341051307199 -0.20490828182677262
vn -0.48090835611988764 0.7331127512382627 -0.48090835611988764
vn -0.6297036088039337 0.7321041996990516 -0.25980147390327374
vn -0.48090835611988764 0.7331127512382627 -0.48090835611988764
vn -0.49662008249882683 0.8434341051307199 -0.20490828182677262
vn -0.37880185555352636 0.8444041144253209 -0.37880185555352636
vn -0.6297036088039337 0.7321041996990516 -0.25980147390327374
vn -0.5927181751234114 0.545316724259165 -0.5927181751234114
vn -0.7767910146713763 0.5413937690737229 -0.3216962951822135
vn -0.5927181751234114 0.545316724259165 -0.5927181751234114
vn -0.6297036088039337 0.7321041996990516 -0.25980147390327374
vn -0.48090835611988764 0.7331127512382627 -0.48090835611988764
vn -0.48090835611988764 0.7331127512382627 -0.48090835611988764
vn -0.3216962951822135 0.5413937690737229 -0.7767910146713763
vn -0.5927181751234114 0.545316724259165 -0.5927181751234114
vn -0.3216962951822135 0.5413937690737229 -0.7767910146713763
vn -0.48090835611988764 0.7331127512382627 -0.48090835611988764
vn -0.25980147390327374 0.7321041996990516 -0.6297036088039337
vn -0.37880185555352636 0.8444041144253209 -0.37880185555352636
vn -0.25980147390327374 0.7321041996990516 -0.6297036088039337
vn -0.48090835611988764 0.7331127512382627 -0.48090835611988764
vn -0.25980147390327374 0.7321041996990516 -0.6297036088039337
vn -0.37880185555352636 0.8444041144253209 -0.37880185555352636
vn -0.20500408563665823 0.843416817789833 -0.49660990358786594
vn 0 0.7303132670449193 -0.6831123860523802
vn -0.25980147390327374 0.7321041996990516 -0.6297036088039337
vn -0.20500408563665823 0.843416817789833 -0.49660990358786594
vn -0.37880185555352636 0.8444041144253209 -0.37880185555352636
vn -0.14220463567021113 0.9325304489714125 -0.3319108364230947
vn -0.20500408563665823 0.843416817789833 -0.49660990358786594
vn 0 0.7303132670449193 -0.6831123860523802
vn -0.20500408563665823 0.843416817789833 -0.49660990358786594
vn 0 0.8439742617339767 -0.5363836738106306
vn 0 0.8439742617339767 -0.5363836738106306
vn -0.20500408563665823 0.843416817789833 -0.49660990358786594
vn -0.14220463567021113 0.9325304489714125 -0.3319108364230947
vn 0.20490828182677262 0.8434341051307199 -0.49662008249882683
vn 0 0.7303132670449193 -0.6831123860523802
vn 0 0.8439742617339767 -0.5363836738106306
vn 0 0.7303132670449193 -0.6831123860523802
vn 0.20490828182677262 0.8434341051307199 -0.49662008249882683
vn 0.25980147390327374 0.7321041996990516 -0.6297036088039337
vn 0 0.8439742617339767 -0.5363836738106306
vn 0.14220463567021113 0.9325304489714125 -0.3319108364230947
vn 0.20490828182677262 0.8434341051307199 -0.49662008249882683
vn 0.37880185555352636 0.8444041144253209 -0.37880185555352636
vn 0.25980147390327374 0.7321041996990516 -0.6297036088039337
vn 0.20490828182677262 0.8434341051307199 -0.49662008249882683
vn 0.14220463567021113 0.9325304489714125 -0.3319108364230947
vn 0.37880185555352636 0.8444041144253209 -0.37880185555352636
vn 0.20490828182677262 0.8434341051307199 -0.49662008249882683
vn 0.14220463567021113 0.9325304489714125 -0.3319108364230947
vn 0 0.8439742617339767 -0.5363836738106306
vn 0 0.9317097182828914 -0.3632038007196715
vn 0 0.8439742617339767 -0.5363836738106306
vn -0.14220463567021113 0.9325304489714125 -0.3319108364230947
vn 0 0.9317097182828914 -0.3632038007196715
vn 0.14220463567021113 0.9325304489714125 -0.3319108364230947
vn 0 0.9317097182828914 -0.3632038007196715
vn 0 0.9820741423054943 -0.1884950371095427
vn -0.14220463567021113 0.9325304489714125 -0.3319108364230947
vn 0 0.9820741423054943 -0.1884950371095427
vn 0 0.9317097182828914 -0.3632038007196715
vn 0.48090835611988764 0.7331127512382627 -0.48090835611988764
vn 0.3216962951822135 0.5413937690737229 -0.7767910146713763
vn 0.25980147390327374 0.7321041996990516 -0.6297036088039337
vn 0.25980147390327374 0.7321041996990516 -0.6297036088039337
vn 0.37880185555352636 0.8444041144253209 -0.37880185555352636
vn 0.48090835611988764 0.7331127512382627 -0.48090835611988764
vn 0.3216962951822135 0.5413937690737229 -0.7767910146713763
vn 0.48090835611988764 0.7331127512382627 -0.48090835611988764
vn 0.5927181751234114 0.545316724259165 -0.5927181751234114
vn 0.37880185555352636 0.8444041144253209 -0.37880185555352636
vn 0.6297036088039337 0.7321041996990516 -0.25980147390327374
vn 0.48090835611988764 0.7331127512382627 -0.48090835611988764
vn 0.48090835611988764 0.7331127512382627 -0.48090835611988764
vn 0.7767910146713763 0.5413937690737229 -0.3216962951822135
vn 0.5927181751234114 0.545316724259165 -0.5927181751234114
vn 0.7767910146713763 0.5413937690737229 -0.3216962951822135
vn 0.48090835611988764 0.7331127512382627 -0.48090835611988764
vn 0.6297036088039337 0.7321041996990516 -0.25980147390327374
vn 0.6297036088039337 0.7321041996990516 -0.25980147390327374
vn 0.5363836738106306 0.8439742617339767 0
vn 0.6831123860523802 0.7303132670449193 0
vn 0.5363836738106306 0.8439742617339767 0
vn 0.6297036088039337 0.7321041996990516 -0.25980147390327374
vn 0.49662008249882683 0.8434341051307199 -0.20490828182677262
vn 0.6297036088039337 0.7321041996990516 -0.25980147390327374
vn 0.37880185555352636 0.8444041144253209 -0.37880185555352636
vn 0.49662008249882683 0.8434341051307199 -0.20490828182677262
vn 0.3319108364230947 0.9325304489714125 -0.14220463567021113
vn 0.5363836738106306 0.8439742617339767 0
vn 0.49662008249882683 0.8434341051307199 -0.20490828182677262
vn 0.5363836738106306 0.8439742617339767 0
vn 0.3319108364230947 0.9325304489714125 -0.14220463567021113
vn 0.3632038007196715 0.9317097182828914 0
vn 0.3319108364230947 0.9325304489714125 -0.14220463567021113
vn 0.18859148043658958 0.9820556264829071 0
vn 0.3632038007196715 0.9317097182828914 0
vn 0.2531979422344324 0.9336924569131412 -0.2531979422344324
vn 0.49662008249882683 0.8434341051307199 -0.20490828182677262
vn 0.37880185555352636 0.8444041144253209 -0.37880185555352636
vn 0.49662008249882683 0.8434341051307199 -0.20490828182677262
vn 0.2531979422344324 0.9336924569131412 -0.2531979422344324
vn 0.3319108364230947 0.9325304489714125 -0.14220463567021113
vn 0.37880185555352636 0.8444041144253209 -0.37880185555352636
vn 0.14220463567021113 0.9325304489714125 -0.3319108364230947
vn 0.2531979422344324 0.9336924569131412 -0.2531979422344324
vn 0.18859148043658958 0.9820556264829071 0
vn 0.3319108364230947 0.9325304489714125 -0.14220463567021113
vn 0.1728997760513561 0.9823986925563264 -0.07069990314711375
vn 0.2531979422344324 0.9336924569131412 -0.2531979422344324
vn 0.1728997760513561 0.9823986925563264 -0.07069990314711375
vn 0.3319108364230947 0.9325304489714125 -0.14220463567021113
vn 0.18859148043658958 0.9820556264829071 0
vn 0.1728997760513561 0.9823986925563264 -0.07069990314711375
vn 0 1 0
vn 0.1728997760513561 0.9823986925563264 -0.07069990314711375
vn 0.2531979422344324 0.9336924569131412 -0.2531979422344324
vn 0.13350209860652618 0.9820154679715115 -0.13350209860652618
vn 0.1728997760513561 0.9823986925563264 -0.07069990314711375
vn 0.13350209860652618 0.9820154679715115 -0.13350209860652618
vn 0 1 0
vn 0.2531979422344324 0.9336924569131412 -0.2531979422344324
vn 0.14220463567021113 0.9325304489714125 -0.3319108364230947
vn 0.07069990314711375 0.9823986925563264 -0.1728997760513561
vn 0.2531979422344324 0.9336924569131412 -0.2531979422344324
vn 0.07069990314711375 0.9823986925563264 -0.1728997760513561
vn 0.13350209860652618 0.9820154679715115 -0.13350209860652618
vn 0.13350209860652618 0.9820154679715115 -0.13350209860652618
vn 0.07069990314711375 0.9823986925563264 -0.1728997760513561
vn 0 1 0
vn 0.07069990314711375 0.9823986925563264 -0.1728997760513561
vn 0.14220463567021113 0.9325304489714125 -0.3319108364230947
vn 0 0.9820741423054943 -0.1884950371095427
vn 0.07069990314711375 0.9823986925563264 -0.1728997760513561
vn 0 0.9820741423054943 -0.1884950371095427
vn 0 1 0
vn 0 0.9820741423054943 -0.1884950371095427
vn -0.07069990314711375 0.9823986925563264 -0.1728997760513561
vn 0 1 0
vn 0 0.9820741423054943 -0.1884950371095427
vn -0.14220463567021113 0.9325304489714125 -0.3319108364230947
vn -0.07069990314711375 0.9823986925563264 -0.1728997760513561
vn -0.2531979422344324 0.9336924569131412 -0.2531979422344324
vn -0.07069990314711375 0.9823986925563264 -0.1728997760513561
vn -0.14220463567021113 0.9325304489714125 -0.3319108364230947
vn -0.14220463567021113 0.9325304489714125 -0.3319108364230947
vn -0.37880185555352636 0.8444041144253209 -0.37880185555352636
vn -0.2531979422344324 0.9336924569131412 -0.2531979422344324
vn -0.37880185555352636 0.8444041144253209 -0.37880185555352636
vn -0.3319108364230947 0.9325304489714125 -0.14220463567021113
vn -0.2531979422344324 0.9336924569131412 -0.2531979422344324
vn -0.3319108364230947 0.9325304489714125 -0.14220463567021113
vn -0.1335985333332307 0.9819892381194507 -0.1335985333332307
vn -0.2531979422344324 0.9336924569131412 -0.2531979422344324
vn -0.07069990314711375 0.9823986925563264 -0.1728997760513561
vn -0.2531979422344324 0.9336924569131412 -0.2531979422344324
vn -0.1335985333332307 0.9819892381194507 -0.1335985333332307
vn -0.07069990314711375 0.9823986925563264 -0.1728997760513561
vn -0.1335985333332307 0.9819892381194507 -0.1335985333332307
vn 0 1 0
vn 0.7767910146713763 0.5413937690737229 0.3216962951822135
vn 0.48090835611988764 0.7331127512382627 0.48090835611988764
vn 0.5927181751234114 0.545316724259165 0.5927181751234114
vn 0.48090835611988764 0.7331127512382627 0.48090835611988764
vn 0.7767910146713763 0.5413937690737229 0.3216962951822135
vn 0.6297036088039337 0.7321041996990516 0.25980147390327374
vn 0.6297036088039337 0.7321041996990516 0.25980147390327374
vn 0.6831123860523802 0.7303132670449193 0
vn 0.5363836738106306 0.8439742617339767 0
vn -0.7021241986877267 0.7021241986877267 0.11850408952536368
vn -0.5681064221960587 0.6943078745852999 0.4418050116832505
vn -0.7410773520808015 0.6464802228980316 0.18129445560915253
vn -0.5681064221960587 0.6943078745852999 0.4418050116832505
vn -0.7021241986877267 0.7021241986877267 0.11850408952536368
vn -0.5527057471293363 0.7422077572467692 0.3790039606295994
vn -0.5681064221960587 0.6943078745852999 0.4418050116832505
vn -0.36400745880527874 0.45100925570628636 0.8149166958661388
vn -0.676989777637439 0.4173937084731688 0.6061908388465024
vn -0.5527057471293363 0.7422077572467692 0.3790039606295994
vn -0.3076909325728752 0.7257785703814595 0.6152818515017968
vn -0.5681064221960587 0.6943078745852999 0.4418050116832505
vn -0.3076909325728752 0.7257785703814595 0.6152818515017968
vn -0.36400745880527874 0.45100925570628636 0.8149166958661388
vn -0.5681064221960587 0.6943078745852999 0.4418050116832505
vn -0.5527057471293363 0.7422077572467692 0.3790039606295994
vn -0.30799096757619343 0.7741773221859884 0.5529837589879224
vn -0.3076909325728752 0.7257785703814595 0.6152818515017968
vn 0 0.7342165737665413 0.6789153281569955
vn -0.3076909325728752 0.7257785703814595 0.6152818515017968
vn -0.30799096757619343 0.7741773221859884 0.5529837589879224
vn 0 0.7846881872322083 0.6198906748921381
vn 0 0.7342165737665413 0.6789153281569955
vn -0.30799096757619343 0.7741773221859884 0.5529837589879224
vn 0.30808146294301925 0.7741534793040329 0.5529667283592653
vn 0 0.7342165737665413 0.6789153281569955
vn 0 0.7846881872322083 0.6198906748921381
vn 0 0.7342165737665413 0.6789153281569955
vn 0.30808146294301925 0.7741534793040329 0.5529667283592653
vn 0.3076909325728752 0.7257785703814595 0.6152818515017968
vn 0.5527057471293363 0.7422077572467692 0.3790039606295994
vn 0.3076909325728752 0.7257785703814595 0.6152818515017968
vn 0.30808146294301925 0.7741534793040329 0.5529667283592653
vn 0.3076909325728752 0.7257785703814595 0.6152818515017968
vn 0.5527057471293363 0.7422077572467692 0.3790039606295994
vn 0.5681064221960587 0.6943078745852999 0.4418050116832505
vn 0.5681064221960587 0.6943078745852999 0.4418050116832505
vn 0.36400745880527874 0.45100925570628636 0.8149166958661388
vn 0.3076909325728752 0.7257785703814595 0.6152818515017968
vn 0.7021241986877267 0.7021241986877267 0.11850408952536368
vn 0.5681064221960587 0.6943078745852999 0.4418050116832505
vn 0.5527057471293363 0.7422077572467692 0.3790039606295994
vn 0.5681064221960587 0.6943078745852999 0.4418050116832505
vn 0.7021241986877267 0.7021241986877267 0.11850408952536368
vn 0.7410773520808015 0.6464802228980316 0.18129445560915253
vn 0.36400745880527874 0.45100925570628636 0.8149166958661388
vn 0.5681064221960587 0.6943078745852999 0.4418050116832505
vn 0.6770180374110492 0.417311112594734 0.6062161432402114
vn -0.5769660967194432 0.73525677188289 0.3556790725312384
vn -0.3860915285189011 0.7564834186339261 0.527888405761925
vn -0.2051048946861435 0.9695231426937837 0.13400320129368218
vn -0.5769660967194432 0.73525677188289 0.3556790725312384
vn -0.2051048946861435 0.9695231426937837 0.13400320129368218
vn -0.2052072899057135 0.970534462658633 0.12630449303754446
vn 0.6783312440608875 0.6389293894414829 -0.36281670115740605
vn 0.3469916617150144 0.9303776490755226 -0.11829715466128814
vn 0.7556902038776859 0.6455916586674442 -0.11019857540966514
vn 0.3469916617150144 0.9303776490755226 -0.11829715466128814
vn 0.6783312440608875 0.6389293894414829 -0.36281670115740605
vn 0.3397889633580398 0.9319697096909884 -0.12639588837681248
vn 0.3395803827751459 0.932046163375559 -0.1263926935039599
vn -0.07850122150536569 0.9908154073977427 -0.11010171063798502
vn 0.3469077873414479 0.9304209367255437 -0.1182026547274732
vn -0.07850122150536569 0.9908154073977427 -0.11010171063798502
vn 0.3395803827751459 0.932046163375559 -0.1263926935039599
vn -0.01579995534361332 0.9945972349324338 0.10259971576908591
vn 0.33929075495815186 0.9310746226320938 -0.13409634853504157
vn 0.33961203938603257 0.9320330311242754 -0.12640447617610506
vn 0.6782878950596074 0.6389885732354789 -0.36279351522607733
vn 0.33929075495815186 0.9310746226320938 -0.13409634853504157
vn 0.6782878950596074 0.6389885732354789 -0.36279351522607733
vn 0.48091941524543297 0.6938279981301974 -0.5360216647213372
vn 0.15010442597807558 0.9558282265504219 0.2527074645341284
vn 0.3394962153395291 0.9320895796892685 -0.12629859541902536
vn 0.3392022500047799 0.9311062144649983 -0.13410089849197634
vn -0.015600005222708213 0.9946003579596855 0.10260003793136137
vn 0.3394962153395291 0.9320895796892685 -0.12629859541902536
vn 0.15010442597807558 0.9558282265504219 0.2527074645341284
vn 0.15010063250963362 0.9558040706723409 0.25280106527938295
vn -0.4983148360655852 0.7832233658653603 0.37181108552525016
vn -0.01579995534361332 0.9945972349324338 0.10259971576908591
vn -0.4983148360655852 0.7832233658653603 0.37181108552525016
vn 0.15010063250963362 0.9558040706723409 0.25280106527938295
vn -0.15760319356250185 0.7329148724139252 0.6618134353225086
vn -0.5770085248813572 0.7352108221451508 0.3557052279836378
vn -0.21270959245764032 0.9689437461653573 0.1261056939378561
vn -0.6499876197936857 0.7519856788875721 0.10969791640198374
vn -0.21270959245764032 0.9689437461653573 0.1261056939378561
vn -0.5770085248813572 0.7352108221451508 0.3557052279836378
vn -0.20530567309934727 0.9705267948531622 0.12620349070161263
vn -0.20499578882404132 0.9705800790528761 0.12629741371113645
vn 0.20390293882839577 0.9728140637305895 0.10980158899178051
vn -0.21259619557209955 0.9689826748837014 0.12599775158111606
vn 0.20390293882839577 0.9728140637305895 0.10980158899178051
vn -0.20499578882404132 0.9705800790528761 0.12629741371113645
vn 0.14960440047121726 0.9842289562550128 -0.0944027808320065
vn 0.595908539340575 0.7135102484832607 -0.3685052754715162
vn 0.2039987812619942 0.9727942228863523 0.10979934955435314
vn 0.14960298747588285 0.9842196603324411 -0.09450188544883777
vn 0.2039987812619942 0.9727942228863523 0.10979934955435314
vn 0.595908539340575 0.7135102484832607 -0.3685052754715162
vn 0.7059903831058937 0.7060903983416226 0.05489925620408895
vn 0.6958995665484613 0.7038995179091743 0.14229990149292301
vn 0.3621905860667811 0.9287758670809705 -0.07869795481836411
vn 0.5282042379691507 0.7884063637365545 0.3153025350534506
vn 0.3621905860667811 0.9287758670809705 -0.07869795481836411
vn 0.6958995665484613 0.7038995179091743 0.14229990149292301
vn 0.35451055740176113 0.9294277166096749 -0.10240304823792354
vn 0.3316009162185185 0.931402545331168 -0.15010040277647746
vn 0.48091941524543297 0.6938279981301974 -0.5360216647213372
vn 0.24480206099263238 0.7738065257685175 -0.584204939735891
vn 0.48091941524543297 0.6938279981301974 -0.5360216647213372
vn 0.3316009162185185 0.931402545331168 -0.15010040277647746
vn 0.339313244835998 0.9310363183902313 -0.13430523339479256
vn 0.3546898247989667 0.8908744610533287 0.28379186532918715
vn 0.33929075495815186 0.9310746226320938 -0.13409634853504157
vn 0.33149095415967683 0.9314746166586056 -0.14989591665889682
vn 0.33929075495815186 0.9310746226320938 -0.13409634853504157
vn 0.3546898247989667 0.8908744610533287 0.28379186532918715
vn 0.1502021751843808 0.9558138740227584 0.2527036699288063
vn 0.3546898247989667 0.8908744610533287 0.28379186532918715
vn -0.15760431900601196 0.7328200868203103 0.6619181210567695
vn 0.15000289582407378 0.9558184110630009 0.25280485817600956
vn -0.15760431900601196 0.7328200868203103 0.6619181210567695
vn 0.3546898247989667 0.8908744610533287 0.28379186532918715
vn 0.2518937327061145 0.6141847452224332 0.7478814385712722
vn -0.6500942306921651 0.7518933529129525 0.10969902946735914
vn -0.2283950795589148 0.9681791407174476 0.10229779622700559
vn -0.5908138152540128 0.7956186184172954 -0.1339031356345005
vn -0.2283950795589148 0.9681791407174476 0.10229779622700559
vn -0.6500942306921651 0.7518933529129525 0.10969902946735914
vn -0.21290322676432583 0.9689147196499498 0.1260019129973728
vn -0.21259619557209955 0.9689826748837014 0.12599775158111606
vn 0.14220451547523358 0.9406298915755953 0.3082098033044021
vn -0.22820550031616138 0.968223349646765 0.10230246734193932
vn 0.14220451547523358 0.9406298915755953 0.3082098033044021
vn -0.21259619557209955 0.9689826748837014 0.12599775158111606
vn 0.20390293882839577 0.9728140637305895 0.10980158899178051
vn 0.7060402417540536 0.7060402417540536 0.0549031333145494
vn 0.14230249594678474 0.9406165103239008 0.30820541876060903
vn 0.2039987812619942 0.9727942228863523 0.10979934955435314
vn 0.6070036560112496 0.6386038451623129 0.47300284410654997
vn 0.14230249594678474 0.9406165103239008 0.30820541876060903
vn 0.7060402417540536 0.7060402417540536 0.0549031333145494
vn -0.2998123442136508 0.5365220521315588 -0.7888324573910839
vn -0.5501986154684713 0.6995982392560737 -0.4558988782245233
vn -0.12639618713166995 0.9402716689552996 -0.31609048141092705
vn -0.12639618713166995 0.9402716689552996 -0.31609048141092705
vn 0.023500841887114723 0.8641309653569091 -0.5027179976308122
vn -0.2998123442136508 0.5365220521315588 -0.7888324573910839
vn -0.12639618713166995 0.9402716689552996 -0.31609048141092705
vn 0.25178913487436005 0.9521589057313117 -0.17319252234369817
vn 0.023500841887114723 0.8641309653569091 -0.5027179976308122
vn 0.25178913487436005 0.9521589057313117 -0.17319252234369817
vn 0.3063077728227973 0.9346236689882852 -0.18070458122364727
vn 0.023500841887114723 0.8641309653569091 -0.5027179976308122
vn 0.25191112448209085 0.9521420732461636 -0.17310764777058657
vn 0.5266104622675708 0.8252164109130895 0.20420405527328356
vn 0.3063188380070502 0.9346574317067728 -0.18051109339126475
vn 0.5266104622675708 0.8252164109130895 0.20420405527328356
vn 0.25191112448209085 0.9521420732461636 -0.17310764777058657
vn 0.6277747987586119 0.776968834670592 0.04709811030398906
vn 0.20458924187604166 0.5823693825638179 0.7867586315769431
vn 0.07060068318880344 0.9494091545712183 0.3060029423872237
vn -0.18049902670149381 0.7298960637945425 0.6592964715642324
vn 0.07060068318880344 0.9494091545712183 0.3060029423872237
vn 0.20458924187604166 0.5823693825638179 0.7867586315769431
vn 0.30061424322716546 0.8782416285834403 0.37191762339537615
vn 0.3006101911508291 0.8783298104686204 0.37171260002644435
vn 0.2902107901472266 0.9568355758381716 -0.015600579878864585
vn 0.07070017891850902 0.9494024473235767 0.3060007805821644
vn 0.2902107901472266 0.9568355758381716 -0.015600579878864585
vn 0.3006101911508291 0.8783298104686204 0.37171260002644435
vn 0.3395822366073021 0.939750874932004 -0.039397939607485326
vn 0.33961281540103744 0.9397354775055783 -0.03950149279133389
vn 0.30778411771280967 0.8207576671013492 -0.4812751695008772
vn 0.29021033593540213 0.956834078285195 -0.01570055885572919
vn 0.30778411771280967 0.8207576671013492 -0.4812751695008772
vn 0.4728118274465658 0.7801195248784629 -0.4097102668106332
vn 0.29021033593540213 0.956834078285195 -0.01570055885572919
vn 0.7182101785302661 0.6947098211233158 0.03940055697999779
vn 0.5839864886431538 0.7260832392657153 -0.36299161249214235
vn 0.21249122150359703 0.9679599789714355 -0.13379446884504345
vn 0.21249122150359703 0.9679599789714355 -0.13379446884504345
vn 0.284088475354333 0.954861303509439 0.08679648167469332
vn 0.7182101785302661 0.6947098211233158 0.03940055697999779
vn 0.284088475354333 0.954861303509439 0.08679648167469332
vn 0.21249122150359703 0.9679599789714355 -0.13379446884504345
vn -0.09449936821419831 0.9939933953892928 0.05519963160730823
vn 0.284088475354333 0.954861303509439 0.08679648167469332
vn -0.09449936821419831 0.9939933953892928 0.05519963160730823
vn -0.08629933191542034 0.9892923477151044 0.11769909117443968
vn -0.09469757859959031 0.9939745895003043 0.055198587256159594
vn -0.5299973698064268 0.8384959069866533 0.1265993758471942
vn -0.08649681330044276 0.9892636065423225 0.11779566231294446
vn -0.5299973698064268 0.8384959069866533 0.1265993758471942
vn -0.09469757859959031 0.9939745895003043 0.055198587256159594
vn -0.4651073109737356 0.8358131474541763 0.29170459684674865
vn 0.24480206099263238 0.7738065257685175 -0.584204939735891
vn 0.02360079158114402 0.8641289301552696 -0.5027168136291572
vn 0.3063077728227973 0.9346236689882852 -0.18070458122364727
vn 0.24480206099263238 0.7738065257685175 -0.584204939735891
vn 0.3063077728227973 0.9346236689882852 -0.18070458122364727
vn 0.3315118926944652 0.9314334328121918 -0.15010538045596275
vn -0.09470303751463534 0.9864316348151393 0.13410430463424067
vn -0.6008109729520005 0.7984145962646267 -0.03950072470301861
vn -0.46470319584279135 0.8114055530586028 0.35450242346020616
vn -0.6008109729520005 0.7984145962646267 -0.03950072470301861
vn -0.09470303751463534 0.9864316348151393 0.13410430463424067
vn -0.16509757873235523 0.9824856474577658 -0.0863987386262586
vn 0.2198967264692031 0.9743854913072546 -0.04709929954945062
vn -0.16509757873235523 0.9824856474577658 -0.0863987386262586
vn -0.09470303751463534 0.9864316348151393 0.13410430463424067
vn -0.16509757873235523 0.9824856474577658 -0.0863987386262586
vn 0.2198967264692031 0.9743854913072546 -0.04709929954945062
vn 0.21280161755663815 0.9699074021213466 -0.11830089972396249
vn 0.2201084789527904 0.9743375578163842 -0.047101814418268155
vn 0.6357836039786157 0.7615803725953701 -0.12559675548938448
vn 0.2129925531446362 0.9698661047738615 -0.11829586263139776
vn 0.6357836039786157 0.7615803725953701 -0.12559675548938448
vn 0.2201084789527904 0.9743375578163842 -0.047101814418268155
vn 0.5765188232503744 0.7660249853182572 -0.2843092828350269
vn 0.2765017032636023 0.6952043420963578 -0.663504130222787
vn 0.21249122150359703 0.9679599789714355 -0.13379446884504345
vn 0.5839205774799218 0.7261256476851905 -0.36301281378110767
vn 0.21249122150359703 0.9679599789714355 -0.13379446884504345
vn 0.2765017032636023 0.6952043420963578 -0.663504130222787
vn 0.04729936621155435 0.9529872446594021 -0.29929597637199584
vn 0.04729936621155435 0.9529872446594021 -0.29929597637199584
vn -0.09459847481317545 0.9939839972813008 0.055199109700320347
vn 0.21249122150359703 0.9679599789714355 -0.13379446884504345
vn -0.09459847481317545 0.9939839972813008 0.055199109700320347
vn 0.04729936621155435 0.9529872446594021 -0.29929597637199584
vn -0.1489938027875361 0.9885588716588026 0.02349902116224422
vn -0.35380073672492623 0.8413017654853201 0.4087008417952954
vn -0.09469757859959031 0.9939745895003043 0.055198587256159594
vn -0.1492037486249425 0.9885247864477598 0.023600592676370637
vn -0.46518568726126436 0.8357742646437593 0.2916910264757016
vn -0.09469757859959031 0.9939745895003043 0.055198587256159594
vn -0.35380073672492623 0.8413017654853201 0.4087008417952954
vn 0.3641135442246438 0.490818238232336 0.7915293954937329
vn 0.6454902573174651 0.6062908413174728 0.4644929961181153
vn 0.24430401986383335 0.9142150772283675 0.3233053331553657
vn 0.3641135442246438 0.490818238232336 0.7915293954937329
vn 0.24430401986383335 0.9142150772283675 0.3233053331553657
vn 0.08670047465130275 0.8591046887316506 0.5044027770487912
vn -0.12619605893991007 0.9780694150901723 0.16569482180564102
vn 0.08670047465130275 0.8591046887316506 0.5044027770487912
vn 0.24430401986383335 0.9142150772283675 0.3233053331553657
vn 0.08670047465130275 0.8591046887316506 0.5044027770487912
vn -0.12619605893991007 0.9780694150901723 0.16569482180564102
vn -0.17339433157067735 0.9694683138495637 0.17339433157067735
vn -0.12619814933424245 0.9780856164737902 0.16559756626139735
vn -0.3997851756969129 0.8936668601000907 -0.20379243472669298
vn -0.17339433157067735 0.9694683138495637 0.17339433157067735
vn -0.3997851756969129 0.8936668601000907 -0.20379243472669298
vn -0.12619814933424245 0.9780856164737902 0.16559756626139735
vn -0.5113916337032726 0.8575859699183489 -0.054999101606323014
vn -0.5113888185598315 0.8575812490207839 -0.05509879835288437
vn -0.5574039942672715 0.5339038597028012 -0.6358045735674941
vn -0.39982091056781466 0.8936467188510863 -0.2038106507506689
vn -0.3860915285189011 0.7564834186339261 0.527888405761925
vn -0.1414010306351897 0.8013058609429549 0.5813042798343877
vn -0.19700134170757022 0.9689066390206846 0.14970102279897113
vn -0.3860915285189011 0.7564834186339261 0.527888405761925
vn -0.19700134170757022 0.9689066390206846 0.14970102279897113
vn -0.20500359592924297 0.9695170198161914 0.13420236191218982
vn -0.19690816449604312 0.9689402240975414 0.14960620602303
vn -0.21270899552457684 0.9374396524808654 -0.2756116492085917
vn -0.20498921580523238 0.9695490236840519 0.13399295532548558
vn -0.20498921580523238 0.9695490236840519 0.13399295532548558
vn -0.21270899552457684 0.9374396524808654 -0.2756116492085917
vn -0.008000009095983323 0.9715010379456305 -0.2369002598669471
vn -0.21260764916652505 0.9374337422161465 -0.2757099317589327
vn 0.26629725155869377 0.6970928078786001 -0.6656931658175671
vn -0.007899827318091857 0.9714787909035374 -0.2369948344435919
vn 0.26629725155869377 0.6970928078786001 -0.6656931658175671
vn -0.21260764916652505 0.9374337422161465 -0.2757099317589327
vn -0.15719397877393768 0.6368756379699584 -0.7547711406761505
vn 0.32310284841355946 0.5359047201639332 0.7800068462860187
vn 0 0.8975647397277675 0.44088268053692564
vn 0.6070036560112496 0.6386038451623129 0.47300284410654997
vn 0.14229811010039145 0.9405875199713295 0.3082959051561355
vn 0.6070036560112496 0.6386038451623129 0.47300284410654997
vn 0 0.8975647397277675 0.44088268053692564
vn -0.17339132426993645 0.9694514996737361 0.17349132095947037
vn -0.1414010306351897 0.8013058609429549 0.5813042798343877
vn 0.08660122283466633 0.859112133178001 0.5044071478774713
vn -0.17339132426993645 0.9694514996737361 0.17349132095947037
vn -0.19690226874135497 0.9689112124317053 0.14980173226178042
vn -0.1414010306351897 0.8013058609429549 0.5813042798343877
vn -0.39970114265064743 0.8937025898529228 -0.2038005825652746
vn -0.19691110961789463 0.9689547163713081 0.1495084363199862
vn -0.1733973372939208 0.9694851192054155 0.1732973371366096
vn -0.2127031309744746 0.9374138065508604 -0.2757040684529004
vn -0.19691110961789463 0.9689547163713081 0.1495084363199862
vn -0.39970114265064743 0.8937025898529228 -0.2038005825652746
vn -0.3997851756969129 0.8936668601000907 -0.20379243472669298
vn -0.1573033770071331 0.6369136995965273 -0.7547162293527392
vn -0.2127031309744746 0.9374138065508604 -0.2757040684529004
vn -0.1573033770071331 0.6369136995965273 -0.7547162293527392
vn -0.3997851756969129 0.8936668601000907 -0.20379243472669298
vn -0.5573983078084646 0.5337983966924975 -0.6358981035832545
vn -0.18049775038911148 0.7299909180312607 0.6591917943181235
vn -0.09470176699592364 0.986418401027895 0.13420250907274706
vn -0.46470319584279135 0.8114055530586028 0.35450242346020616
vn -0.09470176699592364 0.986418401027895 0.13420250907274706
vn -0.18049775038911148 0.7299909180312607 0.6591917943181235
vn 0.07060068318880344 0.9494091545712183 0.3060029423872237
vn 0.07060068318880344 0.9494091545712183 0.3060029423872237
vn 0.21999188806832326 0.9743640606803468 -0.04709826364782311
vn -0.09470176699592364 0.986418401027895 0.13420250907274706
vn 0.21999188806832326 0.9743640606803468 -0.04709826364782311
vn 0.07060068318880344 0.9494091545712183 0.3060029423872237
vn 0.29021033593540213 0.956834078285195 -0.01570055885572919
vn 0.2201084789527904 0.9743375578163842 -0.047101814418268155
vn 0.29021033593540213 0.956834078285195 -0.01570055885572919
vn 0.4727749373810574 0.7801586691250757 -0.409678300100613
vn 0.2201084789527904 0.9743375578163842 -0.047101814418268155
vn 0.4727749373810574 0.7801586691250757 -0.409678300100613
vn 0.5764746538901767 0.7660663093472582 -0.2842875007897325
vn -0.0863985867837455 0.9892838052739572 0.11769807485447949
vn -0.5113916337032726 0.8575859699183489 -0.054999101606323014
vn -0.12639494245912614 0.9780609131163497 0.1655933837892275
vn -0.5113916337032726 0.8575859699183489 -0.054999101606323014
vn -0.0863985867837455 0.9892838052739572 0.11769807485447949
vn -0.5299973698064268 0.8384959069866533 0.1265993758471942
vn 0.2443915018387725 0.9142682530581057 0.3230887730625577
vn -0.08629831583298506 0.989280699854622 0.11779769768352731
vn -0.1259992394048132 0.9780940818094582 0.16569900059662818
vn 0.2443915018387725 0.9142682530581057 0.3230887730625577
vn 0.2841131399054247 0.9548441833118844 0.0869040236613989
vn -0.08629831583298506 0.989280699854622 0.11779769768352731
vn 0.6455877349003849 0.606188443593028 0.4644911704224879
vn 0.2841131399054247 0.9548441833118844 0.0869040236613989
vn 0.2443915018387725 0.9142682530581057 0.3230887730625577
vn 0.6455877349003849 0.606188443593028 0.4644911704224879
vn 0.7183056383233657 0.6946054529365582 0.03950031270333224
vn 0.2841131399054247 0.9548441833118844 0.0869040236613989
vn -0.02379986403760906 0.948394580817911 -0.3161981744839944
vn -0.5911125190325024 0.8041170378382718 -0.0631013415170619
vn -0.5033793806229945 0.7237703166172578 -0.4719806436151432
vn -0.07869998337840242 0.9907998319795858 -0.11009997986132353
vn -0.5911125190325024 0.8041170378382718 -0.0631013415170619
vn -0.02379986403760906 0.948394580817911 -0.3161981744839944
vn -0.02370067027220943 0.9484268140585627 -0.3161089315463462
vn 0.34681572529745797 0.9304422033844587 -0.11830536271645355
vn -0.07860059991127581 0.990807624840881 -0.11010084582218058
vn 0.34681572529745797 0.9304422033844587 -0.11830536271645355
vn -0.02370067027220943 0.9484268140585627 -0.3161089315463462
vn 0.3543902020742328 0.9294742629640916 -0.10239716383349175
vn 0.35451055740176113 0.9294277166096749 -0.10240304823792354
vn 0.7556902038776859 0.6455916586674442 -0.11019857540966514
vn 0.3469916617150144 0.9303776490755226 -0.11829715466128814
vn 0.7556902038776859 0.6455916586674442 -0.11019857540966514
vn 0.35451055740176113 0.9294277166096749 -0.10240304823792354
vn 0.6958995665484613 0.7038995179091743 0.14229990149292301
vn 0.3078093837903982 0.8207250236651366 -0.48131467750364354
vn 0.33961147216619586 0.9397317606687039 -0.03960133790172953
vn 0.12630035138768891 0.8841024299114187 -0.4499012276756655
vn 0.12630035138768891 0.8841024299114187 -0.4499012276756655
vn 0.33961147216619586 0.9397317606687039 -0.03960133790172953
vn 0.3621037132819188 0.9288094983360516 -0.07870080449511246
vn 0.3396141553053823 0.9397391851267051 -0.03940164277803947
vn 0.528187578803651 0.7883814979911659 0.31539260489545756
vn 0.3621065613676825 0.9288168037820119 -0.07860142000396839
vn 0.528187578803651 0.7883814979911659 0.31539260489545756
vn 0.3396141553053823 0.9397391851267051 -0.03940164277803947
vn 0.3007052216386061 0.8782152185545931 0.37190643928061434
vn 0.3007052216386061 0.8782152185545931 0.37190643928061434
vn 0.604890864467186 0.4085938299501811 0.6834896664989041
vn 0.528187578803651 0.7883814979911659 0.31539260489545756
vn 0.604890864467186 0.4085938299501811 0.6834896664989041
vn 0.3007052216386061 0.8782152185545931 0.37190643928061434
vn 0.20469695667520182 0.582291369679517 0.7867883557378456
vn -0.20510551978062716 0.9782263447969529 0.031700853312041866
vn -0.23639044754988045 0.9690608665489399 0.07099713536886634
vn 0 0.8976043031511037 0.44080212676962166
vn -0.20510551978062716 0.9782263447969529 0.031700853312041866
vn 0 0.8976043031511037 0.44080212676962166
vn -0.1805036732981468 0.8635175684386268 0.47090958041190584
vn -0.20510681612738793 0.97823252756841 0.03150104736680694
vn -0.4162105427024959 0.8561216839202986 -0.3063077642906983
vn -0.23639379942378286 0.9690746072472722 0.07079814392011585
vn -0.4162105427024959 0.8561216839202986 -0.3063077642906983
vn -0.20510681612738793 0.97823252756841 0.03150104736680694
vn -0.18139330109412896 0.9141662422109825 -0.36248662309115104
vn -0.18139330109412896 0.9141662422109825 -0.36248662309115104
vn -0.5433029171205667 0.49620268415694385 -0.6772036890653556
vn -0.4162105427024959 0.8561216839202986 -0.3063077642906983
vn -0.5433029171205667 0.49620268415694385 -0.6772036890653556
vn -0.18139330109412896 0.9141662422109825 -0.36248662309115104
vn -0.13439658762273288 0.6083845618131969 -0.7821801468860797
vn 0.2520965102001923 0.6140915007659088 0.7478896831966317
vn 0.5265889450638144 0.8251826927268228 0.20439571071989093
vn 0.6292015813832553 0.45630115052410436 0.6292015813832553
vn 0.5265889450638144 0.8251826927268228 0.20439571071989093
vn 0.2520965102001923 0.6140915007659088 0.7478896831966317
vn 0.3548088363509399 0.8908222201920035 0.28380708528766807
vn 0.33161086417510127 0.9314304872083728 -0.14990491072615156
vn 0.5264839868940613 0.8252748982991992 0.20429379281167714
vn 0.3548088363509399 0.8908222201920035 0.28380708528766807
vn 0.5264839868940613 0.8252748982991992 0.20429379281167714
vn 0.33161086417510127 0.9314304872083728 -0.14990491072615156
vn 0.30629020366180687 0.9346700743571363 -0.18049421941445667
vn -0.5911162462535426 0.8041221081452705 -0.06300173495330885
vn -0.015999905431171385 0.9945940721218035 0.10259938950287452
vn -0.4983900133911172 0.7831843280444164 0.37179255352631563
vn -0.015999905431171385 0.9945940721218035 0.10259938950287452
vn -0.5911162462535426 0.8041221081452705 -0.06300173495330885
vn -0.07869998337840242 0.9907998319795858 -0.11009997986132353
vn -0.14910596850593685 0.9885395316145269 0.02360094471071473
vn -0.1805036732981468 0.8635175684386268 0.47090958041190584
vn -0.35380073672492623 0.8413017654853201 0.4087008417952954
vn -0.1805036732981468 0.8635175684386268 0.47090958041190584
vn -0.14910596850593685 0.9885395316145269 0.02360094471071473
vn -0.2051061689885973 0.978229441117034 0.03160094895215114
vn -0.1491063196857654 0.988541859858974 0.023500994368897743
vn -0.1812064441757686 0.9142325322071351 -0.3624128883515372
vn -0.20510681612738793 0.97823252756841 0.03150104736680694
vn -0.1812064441757686 0.9142325322071351 -0.3624128883515372
vn -0.1491063196857654 0.988541859858974 0.023500994368897743
vn 0.04720100489164267 0.9530202626398302 -0.29920635711015225
vn -0.13429839271540933 0.6083927353480431 -0.7821906553326904
vn 0.04729795017163049 0.9529587142985652 -0.2993870283629326
vn 0.2762986633498565 0.6951966300085495 -0.6635967858992678
vn 0.04729795017163049 0.9529587142985652 -0.2993870283629326
vn -0.13429839271540933 0.6083927353480431 -0.7821906553326904
vn -0.18130659514120734 0.9141332467378657 -0.3626131902824147
vn -0.22829795669467864 0.968191340424182 0.10239907859282817
vn 0.14230249594678474 0.9406165103239008 0.30820541876060903
vn -0.23629772504070676 0.9690906418482593 0.07089931609483621
vn 0.14230249594678474 0.9406165103239008 0.30820541876060903
vn 0 0.8976043031511037 0.44080212676962166
vn -0.23629772504070676 0.9690906418482593 0.07089931609483621
vn -0.2363921246509309 0.9690677416702237 0.0708976407025756
vn -0.5907016903888874 0.7957023301076217 -0.13390039145951835
vn -0.22830029318367187 0.9682012492663066 0.102300132216009
vn -0.5907016903888874 0.7957023301076217 -0.13390039145951835
vn -0.2363921246509309 0.9690677416702237 0.0708976407025756
vn -0.4163059568565758 0.8561122753184907 -0.3062043800057862
vn 0.6277777522728157 0.7769724901032308 0.04699833373723125
vn 0.2129925531446362 0.9698661047738615 -0.11829586263139776
vn 0.6358916121142684 0.7614899316641605 -0.12559833445085625
vn 0.2129925531446362 0.9698661047738615 -0.11829586263139776
vn 0.6277777522728157 0.7769724901032308 0.04699833373723125
vn 0.25191112448209085 0.9521420732461636 -0.17310764777058657
vn 0.2128970883993694 0.969886757637661 -0.11829838168874696
vn 0.2516998456649832 0.9521993591630079 -0.1730998789767945
vn -0.12630178999165173 0.9403132613347055 -0.3160044752895041
vn 0.2128970883993694 0.969886757637661 -0.11829838168874696
vn -0.12630178999165173 0.9403132613347055 -0.3160044752895041
vn -0.1649016090516969 0.9825095746920228 -0.08650083797664689
vn -0.165096151606227 0.9824771547169948 -0.08649798369911176
vn -0.1264985835491684 0.9402894918141254 -0.31599648723362134
vn -0.5501986154684713 0.6995982392560737 -0.4558988782245233
vn -0.165096151606227 0.9824771547169948 -0.08649798369911176
vn -0.5501986154684713 0.6995982392560737 -0.4558988782245233
vn -0.6008109729520005 0.7984145962646267 -0.03950072470301861
vn 0.12630035138768891 0.8841024299114187 -0.4499012276756655
vn -0.5034158197182573 0.7237226898452699 -0.4720148097893985
vn -0.24330232208317257 0.5807055086982906 -0.7769073897424298
vn 0.12630035138768891 0.8841024299114187 -0.4499012276756655
vn -0.02370067027220943 0.9484268140585627 -0.3161089315463462
vn -0.5034158197182573 0.7237226898452699 -0.4720148097893985
vn 0.12630035138768891 0.8841024299114187 -0.4499012276756655
vn 0.35438657154194153 0.9294647410125653 -0.10249611273210993
vn -0.02370067027220943 0.9484268140585627 -0.3161089315463462
vn 0.35438657154194153 0.9294647410125653 -0.10249611273210993
vn 0.12630035138768891 0.8841024299114187 -0.4499012276756655
vn 0.36201109928620917 0.9288284941500224 -0.07890242359137123
vn -0.007899827318091857 0.9714787909035374 -0.2369948344435919
vn 0.595908539340575 0.7135102484832607 -0.3685052754715162
vn 0.14970075078381 0.9842049309781115 -0.09450047117943054
vn 0.595908539340575 0.7135102484832607 -0.3685052754715162
vn -0.007899827318091857 0.9714787909035374 -0.2369948344435919
vn 0.26629725155869377 0.6970928078786001 -0.6656931658175671
vn -0.20509675957567258 0.970584674672393 0.12609801149361508
vn -0.007900014506158652 0.9715018102974404 -0.23690044820472272
vn 0.14950521977999043 0.9842343805047326 -0.09450329883661261
vn -0.20509675957567258 0.970584674672393 0.12609801149361508
vn -0.20479761497657054 0.9695887547374608 0.13399844620953
vn -0.007900014506158652 0.9715018102974404 -0.23690044820472272
vn 0.7069598647097021 -0.023598660579785966 -0.7068598537959838
vn 0.6856823553379283 0.24429370674755865 -0.6856823553379283
vn 0.922108969438428 -0.023700231058913772 -0.3862037642604672
vn 0.922108969438428 -0.023700231058913772 -0.3862037642604672
vn 0.6911324648895397 -0.21200995593017072 -0.6909324819128104
vn 0.7069598647097021 -0.023598660579785966 -0.7068598537959838
vn 0.6856823553379283 0.24429370674755865 -0.6856823553379283
vn 0.5927830506238224 0.5452843961385997 -0.5926830368931422
vn 0.8965963701502249 0.2437990101633035 -0.36969851457212327
vn 0.922108969438428 -0.023700231058913772 -0.3862037642604672
vn 0.6856823553379283 0.24429370674755865 -0.6856823553379283
vn 0.8965963701502249 0.2437990101633035 -0.36969851457212327
vn 0.8965963701502249 0.2437990101633035 -0.36969851457212327
vn 0.5927830506238224 0.5452843961385997 -0.5926830368931422
vn 0.7767910146713763 0.5413937690737229 -0.3216962951822135
vn 0.922108969438428 -0.023700231058913772 -0.3862037642604672
vn 0.8965963701502249 0.2437990101633035 -0.36969851457212327
vn 0.9997214492383114 -0.02360050701016489 -0.00020000428411726868
vn 0.8965963701502249 0.2437990101633035 -0.36969851457212327
vn 0.7767910146713763 0.5413937690737229 -0.3216962951822135
vn 0.9696760056764875 0.24439395249734028 -0.0001999950505004552
vn 0.9997214492383114 -0.02360050701016489 -0.00020000428411726868
vn 0.8965963701502249 0.2437990101633035 -0.36969851457212327
vn 0.9696760056764875 0.24439395249734028 -0.0001999950505004552
vn 0.9696760056764875 0.24439395249734028 -0.0001999950505004552
vn 0.7767910146713763 0.5413937690737229 -0.3216962951822135
vn 0.8404303522866987 0.5419195631775375 -0.00010000361143637565
vn 0.7767910146713763 0.5413937690737229 -0.3216962951822135
vn 0.6298100701024022 0.7320116723779548 -0.2598041321842998
vn 0.8404303522866987 0.5419195631775375 -0.00010000361143637565
vn 0.8404303522866987 0.5419195631775375 -0.00010000361143637565
vn 0.6298100701024022 0.7320116723779548 -0.2598041321842998
vn 0.6831657261512902 0.7302633707178394 0
vn 0.9997214492383114 -0.02360050701016489 -0.00020000428411726868
vn 0.9018841684066295 -0.21179627780361193 -0.37649340430612804
vn 0.922108969438428 -0.023700231058913772 -0.3862037642604672
vn 0.6911324648895397 -0.21200995593017072 -0.6909324819128104
vn 0.922108969438428 -0.023700231058913772 -0.3862037642604672
vn 0.9018841684066295 -0.21179627780361193 -0.37649340430612804
vn 0.9018841684066295 -0.21179627780361193 -0.37649340430612804
vn 0.6353336723059535 -0.43912328393510364 -0.6352337100156774
vn 0.6911324648895397 -0.21200995593017072 -0.6909324819128104
vn 0.9018841684066295 -0.21179627780361193 -0.37649340430612804
vn 0.9997214492383114 -0.02360050701016489 -0.00020000428411726868
vn 0.9770959709555783 -0.21279911546426974 0
vn 0.6353336723059535 -0.43912328393510364 -0.6352337100156774
vn 0.9018841684066295 -0.21179627780361193 -0.37649340430612804
vn 0.827657290083653 -0.44127722325540614 -0.3467820964343206
vn 0.9770959709555783 -0.21279911546426974 0
vn 0.827657290083653 -0.44127722325540614 -0.3467820964343206
vn 0.9018841684066295 -0.21179627780361193 -0.37649340430612804
vn 0.827657290083653 -0.44127722325540614 -0.3467820964343206
vn 0.9770959709555783 -0.21279911546426974 0
vn 0.8975647352402968 -0.4408826783326856 -0.00009999606923233648
vn 0.6936000563442921 -0.6621000718575745 -0.2838000293963859
vn 0.5292089267854889 -0.6633111447490618 -0.5291089085077291
vn 0.8275892619333319 -0.44139426314979563 -0.34679549880454297
vn 0.5292089267854889 -0.6633111447490618 -0.5291089085077291
vn 0.6353057658764472 -0.4392040133656899 -0.6352058079769198
vn 0.8275892619333319 -0.44139426314979563 -0.34679549880454297
vn 0.7491721180316662 -0.6623753675709052 -0.00009999627771591801
vn 0.693717568161054 -0.6620167509909609 -0.28370716774886967
vn 0.8974661345383009 -0.4410833678080372 0
vn 0.693717568161054 -0.6620167509909609 -0.28370716774886967
vn 0.8275892619333319 -0.44139426314979563 -0.34679549880454297
vn 0.8974661345383009 -0.4410833678080372 0
vn 0.8975452968941177 -0.44092226074813934 0
vn 0.693619741352805 -0.6621188628675112 0.28370806446187175
vn 0.7491721217772478 -0.6623753708825354 0
vn 0.693619741352805 -0.6621188628675112 0.28370806446187175
vn 0.8975452968941177 -0.44092226074813934 0
vn 0.8275892619333319 -0.44139426314979563 0.34679549880454297
vn 0.8275892619333319 -0.44139426314979563 0.34679549880454297
vn 0.5291738181985786 -0.6633671512437705 0.529073806556195
vn 0.6936000563442921 -0.6621000718575745 0.2838000293963859
vn 0.5291738181985786 -0.6633671512437705 0.529073806556195
vn 0.8275892619333319 -0.44139426314979563 0.34679549880454297
vn 0.6353057658764472 -0.4392040133656899 0.6352058079769198
vn 0.8275892619333319 -0.44139426314979563 0.34679549880454297
vn 0.9018841684066295 -0.21179627780361193 0.37649340430612804
vn 0.6353057658764472 -0.4392040133656899 0.6352058079769198
vn 0.8976043031511037 -0.44080212676962166 0
vn 0.9770959709555783 -0.21279911546426974 0
vn 0.8275892619333319 -0.44139426314979563 0.34679549880454297
vn 0.8275892619333319 -0.44139426314979563 0.34679549880454297
vn 0.9770959709555783 -0.21279911546426974 0
vn 0.9018841684066295 -0.21179627780361193 0.37649340430612804
vn 0.9770959709555783 -0.21279911546426974 0
vn 0.9997214492383114 -0.02360050701016489 0.00020000428411726868
vn 0.9018841684066295 -0.21179627780361193 0.37649340430612804
vn 0.6353057658764472 -0.4392040133656899 0.6352058079769198
vn 0.9018841684066295 -0.21179627780361193 0.37649340430612804
vn 0.6911324648895397 -0.21200995593017072 0.6909324819128104
vn 0.9018841684066295 -0.21179627780361193 0.37649340430612804
vn 0.9997214492383114 -0.02360050701016489 0.00020000428411726868
vn 0.922108969438428 -0.023700231058913772 0.3862037642604672
vn 0.9018841684066295 -0.21179627780361193 0.37649340430612804
vn 0.922108969438428 -0.023700231058913772 0.3862037642604672
vn 0.6911324648895397 -0.21200995593017072 0.6909324819128104
vn 0.9997214492383114 -0.02360050701016489 0.00020000428411726868
vn 0.8965963701502249 0.2437990101633035 0.36969851457212327
vn 0.922108969438428 -0.023700231058913772 0.3862037642604672
vn 0.8965963701502249 0.2437990101633035 0.36969851457212327
vn 0.9997214492383114 -0.02360050701016489 0.00020000428411726868
vn 0.9696760202209082 0.24439395616306822 0.00009999752675011629
vn 0.6911324648895397 -0.21200995593017072 0.6909324819128104
vn 0.922108969438428 -0.023700231058913772 0.3862037642604672
vn 0.70700984408214 -0.02360032891529556 0.7068098081139211
vn 0.6856823553379283 0.24429370674755865 0.6856823553379283
vn 0.922108969438428 -0.023700231058913772 0.3862037642604672
vn 0.8965963701502249 0.2437990101633035 0.36969851457212327
vn 0.922108969438428 -0.023700231058913772 0.3862037642604672
vn 0.6856823553379283 0.24429370674755865 0.6856823553379283
vn 0.70700984408214 -0.02360032891529556 0.7068098081139211
vn 0.9696760202209082 0.24439395616306822 0.00009999752675011629
vn 0.7767910146713763 0.5413937690737229 0.3216962951822135
vn 0.8965963701502249 0.2437990101633035 0.36969851457212327
vn 0.7767910146713763 0.5413937690737229 0.3216962951822135
vn 0.9696760202209082 0.24439395616306822 0.00009999752675011629
vn 0.8404303522866987 0.5419195631775375 0.00010000361143637565
vn 0.8965963701502249 0.2437990101633035 0.36969851457212327
vn 0.5928153782764236 0.5452141142487666 0.592715359091456
vn 0.6856823553379283 0.24429370674755865 0.6856823553379283
vn 0.5928153782764236 0.5452141142487666 0.592715359091456
vn 0.8965963701502249 0.2437990101633035 0.36969851457212327
vn 0.7767910146713763 0.5413937690737229 0.3216962951822135
vn 0.8404303522866987 0.5419195631775375 0.00010000361143637565
vn 0.6297803155200119 0.7320771028742344 0.2596918744026886
vn 0.7767910146713763 0.5413937690737229 0.3216962951822135
vn 0.6297803155200119 0.7320771028742344 0.2596918744026886
vn 0.8404303522866987 0.5419195631775375 0.00010000361143637565
vn 0.6831657261512902 0.7302633707178394 0
vn 0.24330232208317257 -0.5807055086982906 0.7769073897424298
vn 0.5258289504415508 -0.07070389135879024 0.8476466685030158
vn 0.5034904415669728 -0.7236862701615123 0.4719910567271516
vn 0.5034904415669728 -0.7236862701615123 0.4719910567271516
vn 0.8477987860417542 -0.22779966614115835 0.4788992905529353
vn 0.5912901524260235 -0.8039866156010185 0.0630989506919902
vn 0.9537754125365249 -0.2995922748336401 -0.02359939195798211
vn 0.5912901524260235 -0.8039866156010185 0.0630989506919902
vn 0.8477987860417542 -0.22779966614115835 0.4788992905529353
vn 0.8516168606765663 -0.3784074936799471 0.3627071702327521
vn 0.9539083097740537 -0.2916025354110445 -0.07090061978472904
vn 0.9753270073999901 0.22020609666947374 -0.015700433935857447
vn 0.9753270073999901 0.22020609666947374 -0.015700433935857447
vn 0.8675726934807483 0.12599603290087252 0.48108483786105954
vn 0.8516168606765663 -0.3784074936799471 0.3627071702327521
vn 0.9538804851533971 -0.2916940441854822 -0.07089855167940946
vn 0.8515846264409405 -0.37849318550689803 0.362693441537457
vn 0.5908138152540128 -0.7956186184172954 0.1339031356345005
vn 0.5908138152540128 -0.7956186184172954 0.1339031356345005
vn 0.6501013590870127 -0.751901597552652 -0.10960023043310184
vn 0.9538804851533971 -0.2916940441854822 -0.07089855167940946
vn 0.5912288274416101 -0.8040392318298324 0.06300307357987911
vn 0.812919760516964 -0.2604063250425973 -0.5209126691095649
vn 0.4983900133911172 -0.7831843280444164 -0.37179255352631563
vn 0.812919760516964 -0.2604063250425973 -0.5209126691095649
vn 0.5912288274416101 -0.8040392318298324 0.06300307357987911
vn 0.9537731569858314 -0.2995915663381658 -0.02369933316202992
vn 0.7383294224244417 0.6519259501828079 -0.17280688487624962
vn 0.7410773520808015 0.6464802228980316 0.18129445560915253
vn 0.7021915328554337 0.7020915174668646 0.11829857263387365
vn 0.7410773520808015 0.6464802228980316 0.18129445560915253
vn 0.7383294224244417 0.6519259501828079 -0.17280688487624962
vn 0.7927254584670288 0.596519142300941 -0.12550402530113783
vn 0.7410773520808015 0.6464802228980316 0.18129445560915253
vn 0.6771004535531798 0.41720027684995975 0.6062003833670802
vn 0.5681064221960587 0.6943078745852999 0.4418050116832505
vn 0.7927254584670288 0.596519142300941 -0.12550402530113783
vn 0.8800244424962712 0.36931026733725747 0.29860828362322894
vn 0.7410773520808015 0.6464802228980316 0.18129445560915253
vn 0.6771004535531798 0.41720027684995975 0.6062003833670802
vn 0.7410773520808015 0.6464802228980316 0.18129445560915253
vn 0.8800244424962712 0.36931026733725747 0.29860828362322894
vn 0.8800244424962712 0.36931026733725747 0.29860828362322894
vn 0.7927254584670288 0.596519142300941 -0.12550402530113783
vn 0.9467927965123097 0.31559760877146853 -0.06309952305787463
vn 0.8800244424962712 0.36931026733725747 0.29860828362322894
vn 0.5841015978804848 -0.6157016823670641 0.5289014668951404
vn 0.6771004535531798 0.41720027684995975 0.6062003833670802
vn 0.9467927965123097 0.31559760877146853 -0.06309952305787463
vn 0.765775017443891 -0.5843809339938459 0.26849124127853524
vn 0.8800244424962712 0.36931026733725747 0.29860828362322894
vn 0.5841015978804848 -0.6157016823670641 0.5289014668951404
vn 0.8800244424962712 0.36931026733725747 0.29860828362322894
vn 0.765775017443891 -0.5843809339938459 0.26849124127853524
vn 0.765775017443891 -0.5843809339938459 0.26849124127853524
vn 0.9467927965123097 0.31559760877146853 -0.06309952305787463
vn 0.8310878271066164 -0.5540918699133461 -0.047699301159809936
vn 0.9467868180075943 0.31559561593650065 -0.06319911746785091
vn 0.7664905103343971 -0.5294934547811859 -0.3634955005377643
vn 0.831095738930621 -0.5540971447798695 -0.04749975661160304
vn 0.866803257516455 0.2600009645069987 -0.4255015995437531
vn 0.7664905103343971 -0.5294934547811859 -0.3634955005377643
vn 0.9467868180075943 0.31559561593650065 -0.06319911746785091
vn 0.866803257516455 0.2600009645069987 -0.4255015995437531
vn 0.5831697143399139 -0.5122734301166891 -0.6304673005582326
vn 0.7664905103343971 -0.5294934547811859 -0.3634955005377643
vn 0.7927155051788369 0.596511652536519 -0.1256024531496596
vn 0.866803257516455 0.2600009645069987 -0.4255015995437531
vn 0.9467868180075943 0.31559561593650065 -0.06319911746785091
vn 0.6579325462040003 0.21931085866926606 -0.7204356403699571
vn 0.5831697143399139 -0.5122734301166891 -0.6304673005582326
vn 0.866803257516455 0.2600009645069987 -0.4255015995437531
vn 0.7241349628841025 0.543126227519093 -0.4250205365740792
vn 0.866803257516455 0.2600009645069987 -0.4255015995437531
vn 0.7927155051788369 0.596511652536519 -0.1256024531496596
vn 0.7241349628841025 0.543126227519093 -0.4250205365740792
vn 0.6579325462040003 0.21931085866926606 -0.7204356403699571
vn 0.866803257516455 0.2600009645069987 -0.4255015995437531
vn 0.7383294224244417 0.6519259501828079 -0.17280688487624962
vn 0.7241349628841025 0.543126227519093 -0.4250205365740792
vn 0.7927155051788369 0.596511652536519 -0.1256024531496596
vn 0.7383294224244417 0.6519259501828079 -0.17280688487624962
vn 0.6592928401796405 0.6042934327547226 -0.44739512516049673
vn 0.7241349628841025 0.543126227519093 -0.4250205365740792
vn 0.551801436709066 0.496601283707267 -0.6700017458679532
vn 0.7241349628841025 0.543126227519093 -0.4250205365740792
vn 0.6592928401796405 0.6042934327547226 -0.44739512516049673
vn 0.551801436709066 0.496601283707267 -0.6700017458679532
vn 0.6579325462040003 0.21931085866926606 -0.7204356403699571
vn 0.7241349628841025 0.543126227519093 -0.4250205365740792
vn 0.4889888455851351 0.5676870873849871 -0.6622848931612942
vn 0.551801436709066 0.496601283707267 -0.6700017458679532
vn 0.6592928401796405 0.6042934327547226 -0.44739512516049673
vn 0.46481930356708506 -0.8113336733804426 -0.3545147182704933
vn 0.9352237386690629 -0.3537089992099258 -0.015700398331668055
vn 0.6008109729520005 -0.7984145962646267 0.03950072470301861
vn 0.9352237386690629 -0.3537089992099258 -0.015700398331668055
vn 0.46481930356708506 -0.8113336733804426 -0.3545147182704933
vn 0.7770325619074391 -0.3689154558669618 -0.5100213565705201
vn 0.7770325619074391 -0.3689154558669618 -0.5100213565705201
vn 0.9861472274238723 0.14990718070927694 -0.07100340143968899
vn 0.9352237386690629 -0.3537089992099258 -0.015700398331668055
vn 0.9861472274238723 0.14990718070927694 -0.07100340143968899
vn 0.7770325619074391 -0.3689154558669618 -0.5100213565705201
vn 0.8481798783466491 0.14139663622981086 -0.5104878894065538
vn 0.9861472274238723 0.14990718070927694 -0.07100340143968899
vn 0.8481798783466491 0.14139663622981086 -0.5104878894065538
vn 0.678385204508456 0.6388860667262397 -0.36279210030966064
vn 0.9861472274238723 0.14990718070927694 -0.07100340143968899
vn 0.678385204508456 0.6388860667262397 -0.36279210030966064
vn 0.7558306817620843 0.6454261802697489 -0.11020447508819392
vn 0.8481798783466491 0.14139663622981086 -0.5104878894065538
vn 0.5191149208402436 0.22030633170565703 -0.8258237216085674
vn 0.4810038793227354 0.6937056013786584 -0.5361042871422996
vn 0.4810038793227354 0.6937056013786584 -0.5361042871422996
vn 0.6784039125105883 0.6388037278818528 -0.36290209249131344
vn 0.8481798783466491 0.14139663622981086 -0.5104878894065538
vn 0.5299973698064268 -0.8384959069866533 -0.1265993758471942
vn 0.7944788896512737 -0.361890388901664 -0.48768703111635225
vn 0.46522457408739637 -0.8357441086503566 -0.2917154101541798
vn 0.7944788896512737 -0.361890388901664 -0.48768703111635225
vn 0.5299973698064268 -0.8384959069866533 -0.1265993758471942
vn 0.9216466867171482 -0.3782191600412231 -0.0867043934354793
vn 0.8424666470831053 -0.24409034928481585 0.4802810114282752
vn 0.605003703165021 0.40840248605563056 0.6835041540036108
vn 0.5201984218703783 -0.07089978361893408 0.8510974224883756
vn 0.605003703165021 0.40840248605563056 0.6835041540036108
vn 0.8424666470831053 -0.24409034928481585 0.4802810114282752
vn 0.8948315599285388 0.2512088483663825 0.3690129995790038
vn 0.8948844983406288 0.2511956324490192 0.36889360101278346
vn 0.528187578803651 0.7883814979911659 0.31539260489545756
vn 0.6050203517816486 0.40851371471138054 0.6834229428565588
vn 0.528187578803651 0.7883814979911659 0.31539260489545756
vn 0.8948844983406288 0.2511956324490192 0.36889360101278346
vn 0.6959901655556772 0.703790098195157 0.14239798851189056
vn 0.8344944498592388 -0.4408970577765992 0.3304978027129146
vn 0.5300040770979645 -0.8385065184289393 -0.12650097553660813
vn 0.5113888185598315 -0.8575812490207839 0.05509879835288437
vn 0.5300040770979645 -0.8385065184289393 -0.12650097553660813
vn 0.8344944498592388 -0.4408970577765992 0.3304978027129146
vn 0.9216697304100231 -0.3781875737684624 -0.08659715407009247
vn 0.8344760568332471 -0.4407873560784576 0.33069051588063203
vn 0.9846037620251983 0.17320065680095886 -0.02360009087997829
vn 0.921704578434831 -0.37810188562616853 -0.08660042827957745
vn 0.9846037620251983 0.17320065680095886 -0.02360009087997829
vn 0.8344760568332471 -0.4407873560784576 0.33069051588063203
vn 0.8710891343109636 0.10979863280588402 0.4786940362270401
vn 0.8710891343109636 0.10979863280588402 0.4786940362270401
vn 0.5574280660834102 -0.533726873387804 0.6359320527903813
vn 0.527218471199859 0 0.8497297709423176
vn 0.5574280660834102 -0.533726873387804 0.6359320527903813
vn 0.8710891343109636 0.10979863280588402 0.4786940362270401
vn 0.8345036531471338 -0.44080193301704806 0.33060143486155985
vn 0.5113888185598315 -0.8575812490207839 0.05509879835288437
vn 0.5574039942672715 -0.5339038597028012 0.6358045735674941
vn 0.8343996955161919 -0.4409998545743574 0.3305998735448666
vn 0.6008109729520005 -0.7984145962646267 0.03950072470301861
vn 0.8425071129719248 -0.2441020735862707 0.4802040631466953
vn 0.5503068263325126 -0.6995086987728671 0.4559056670331355
vn 0.8425071129719248 -0.2441020735862707 0.4802040631466953
vn 0.6008109729520005 -0.7984145962646267 0.03950072470301861
vn 0.9352252023694964 -0.35370955279298194 -0.015600420376499096
vn 0.9352252023694964 -0.35370955279298194 -0.015600420376499096
vn 0.894873958545803 0.2510926900309758 0.36898924012709716
vn 0.8425071129719248 -0.2441020735862707 0.4802040631466953
vn 0.894873958545803 0.2510926900309758 0.36898924012709716
vn 0.9352252023694964 -0.35370955279298194 -0.015600420376499096
vn 0.9861499773301164 0.1498924047410475 -0.07099640281561448
vn 0.46518568726126436 -0.8357742646437593 -0.2916910264757016
vn 0.48790222969076635 -0.3778017229326223 -0.7869035979152216
vn 0.3538160422031061 -0.8412381392090545 -0.4088185433903621
vn 0.48790222969076635 -0.3778017229326223 -0.7869035979152216
vn 0.46518568726126436 -0.8357742646437593 -0.2916910264757016
vn 0.794374494880008 -0.3619883767359168 -0.48778435500969886
vn 0.7060402417540536 0.7060402417540536 0.0549031333145494
vn 0.8710795663442618 0.10989741868294683 0.47868877829370293
vn 0.6070036560112496 0.6386038451623129 0.47300284410654997
vn 0.8710795663442618 0.10989741868294683 0.47868877829370293
vn 0.7060402417540536 0.7060402417540536 0.0549031333145494
vn 0.984586703789754 0.1732976564454969 -0.023599682008996616
vn 0.9538017316757423 -0.2995005252171892 -0.02370004318525844
vn 0.9616827907564001 0.2600953466601228 -0.08669844640322523
vn 0.8129960271783339 -0.26039871727496894 -0.5207974345499379
vn 0.8129960271783339 -0.26039871727496894 -0.5207974345499379
vn 0.9616827907564001 0.2600953466601228 -0.08669844640322523
vn 0.8333045223752219 0.2751014875643429 -0.4795026011700971
vn 0.9216965917540311 -0.3780986093279478 -0.08669967919937681
vn 0.8360340746158152 0.17350706789098752 -0.5205212036729626
vn 0.794507642673199 -0.36180346853644213 -0.4877046810200577
vn 0.8360340746158152 0.17350706789098752 -0.5205212036729626
vn 0.9216965917540311 -0.3780986093279478 -0.08669967919937681
vn 0.9846014334316795 0.17320024718041663 -0.023700035040575117
vn 0.953873717605295 -0.29169197468777697 -0.07099804761118117
vn 0.8189615536774975 -0.25978778947013426 -0.5116759502266651
vn 0.8206199172613222 0.25240614521491256 -0.5127124820518506
vn 0.953873717605295 -0.29169197468777697 -0.07099804761118117
vn 0.5771176292781444 -0.7351224540104792 -0.35571086515031447
vn 0.8189615536774975 -0.25978778947013426 -0.5116759502266651
vn 0.953873717605295 -0.29169197468777697 -0.07099804761118117
vn 0.8206199172613222 0.25240614521491256 -0.5127124820518506
vn 0.9753239251871496 0.220205400777682 -0.015900390745878956
vn 0.9753239251871496 0.220205400777682 -0.015900390745878956
vn 0.8206199172613222 0.25240614521491256 -0.5127124820518506
vn 0.5840288986775554 0.7260359470491702 -0.3630179735245851
vn 0.5771176292781444 -0.7351224540104792 -0.35571086515031447
vn 0.953873717605295 -0.29169197468777697 -0.07099804761118117
vn 0.6501013590870127 -0.751901597552652 -0.10960023043310184
vn 0.5840288986775554 0.7260359470491702 -0.3630179735245851
vn 0.7183084721485233 0.6946081932608743 0.039400465663720824
vn 0.9753239251871496 0.220205400777682 -0.015900390745878956
vn 0.5765188232503744 0.7660249853182572 -0.2843092828350269
vn 0.5339893458530698 0.3140937425491735 -0.7849843943715468
vn 0.8332815908938707 0.2751939315061 -0.47948940586794603
vn 0.5339893458530698 0.3140937425491735 -0.7849843943715468
vn 0.5765188232503744 0.7660249853182572 -0.2843092828350269
vn 0.47279245676107506 0.7800875640663927 -0.40979346653990045
vn 0.8478655007245527 -0.22759073992290801 0.4788805151417698
vn 0.8897152206737671 0.3228055344177279 0.3228055344177279
vn 0.9538039874291686 -0.2995012335398033 -0.023600098990353455
vn 0.9617078035466428 0.26000209418026543 -0.08670070137760462
vn 0.9538039874291686 -0.2995012335398033 -0.023600098990353455
vn 0.8897152206737671 0.3228055344177279 0.3228055344177279
vn 0.8897152206737671 0.3228055344177279 0.3228055344177279
vn 0.6358916121142684 0.7614899316641605 -0.12559833445085625
vn 0.9616827907564001 0.2600953466601228 -0.08669844640322523
vn 0.6358916121142684 0.7614899316641605 -0.12559833445085625
vn 0.8897152206737671 0.3228055344177279 0.3228055344177279
vn 0.6278235835869226 0.7769291931210233 0.04710177033180395
vn 0.8332815908938707 0.2751939315061 -0.47948940586794603
vn 0.6358916121142684 0.7614899316641605 -0.12559833445085625
vn 0.5765188232503744 0.7660249853182572 -0.2843092828350269
vn 0.9616502543205059 0.26021359067674193 -0.08670453040310726
vn 0.6358916121142684 0.7614899316641605 -0.12559833445085625
vn 0.8332815908938707 0.2751939315061 -0.47948940586794603
vn 0.8188654193971265 -0.25988903203490227 -0.5117783855767355
vn 0.38610035209014143 -0.7564006902969151 -0.5280004865852105
vn 0.48661876755204636 -0.2904111918749551 -0.823931741529537
vn 0.38610035209014143 -0.7564006902969151 -0.5280004865852105
vn 0.8188654193971265 -0.25988903203490227 -0.5117783855767355
vn 0.577097094751833 -0.7350962974860409 -0.35579822463203514
vn 0.5434003609255456 -0.4961003474868809 0.6772004821095321
vn 0.8515846264409405 -0.37849318550689803 0.362693441537457
vn 0.8675370185447141 0.12610538370394095 0.48112051884681695
vn 0.8675370185447141 0.12610538370394095 0.48112051884681695
vn 0.5272906814335422 -0.00009999823021474069 0.8496849576600168
vn 0.5434003609255456 -0.4961003474868809 0.6772004821095321
vn 0.8515846264409405 -0.37849318550689803 0.362693441537457
vn 0.5434003609255456 -0.4961003474868809 0.6772004821095321
vn 0.41628045513542833 -0.8560598323107543 0.3063856167908733
vn 0.41628045513542833 -0.8560598323107543 0.3063856167908733
vn 0.590805900957403 -0.7956079606405614 0.13400134461742533
vn 0.8515846264409405 -0.37849318550689803 0.362693441537457
vn 0.5259050264521626 -0.07060067694048679 0.8476080742701164
vn 0.6292907011785273 0.456193263850751 0.6291906860622117
vn 0.8478847904454195 -0.22749593282061556 0.4788914101144486
vn 0.8897152206737671 0.3228055344177279 0.3228055344177279
vn 0.8478847904454195 -0.22749593282061556 0.4788914101144486
vn 0.6292907011785273 0.456193263850751 0.6291906860622117
vn 0.6292907011785273 0.456193263850751 0.6291906860622117
vn 0.6278235835869226 0.7769291931210233 0.04710177033180395
vn 0.8897152206737671 0.3228055344177279 0.3228055344177279
vn 0.6278235835869226 0.7769291931210233 0.04710177033180395
vn 0.6292907011785273 0.456193263850751 0.6291906860622117
vn 0.5265889450638144 0.8251826927268228 0.20439571071989093
vn 0.7060402417540536 0.7060402417540536 0.0549031333145494
vn 0.836019564194483 0.17360406048792143 -0.5205121693737551
vn 0.984586703789754 0.1732976564454969 -0.023599682008996616
vn 0.836019564194483 0.17360406048792143 -0.5205121693737551
vn 0.7060402417540536 0.7060402417540536 0.0549031333145494
vn 0.595908539340575 0.7135102484832607 -0.3685052754715162
vn 0.6071687335203473 0.6384670691214389 0.4729756132009105
vn 0.5271014861100195 0 0.8498023436897599
vn 0.3230949570829951 0.5357916164156258 0.7800878107535513
vn 0.8675925414289217 0.12619891704362338 0.48099585798000516
vn 0.7183056383233657 0.6946054529365582 0.03950031270333224
vn 0.6455877349003849 0.606188443593028 0.4644911704224879
vn 0.8675925414289217 0.12619891704362338 0.48099585798000516
vn 0.9753055249793677 0.22030124869763495 -0.015700088120225147
vn 0.7183056383233657 0.6946054529365582 0.03950031270333224
vn 0.6959901655556772 0.703790098195157 0.14239798851189056
vn 0.9861472274238723 0.14990718070927694 -0.07100340143968899
vn 0.7558306817620843 0.6454261802697489 -0.11020447508819392
vn 0.9861472274238723 0.14990718070927694 -0.07100340143968899
vn 0.6959901655556772 0.703790098195157 0.14239798851189056
vn 0.8949175024768349 0.25120489676735647 0.3688072173924012
f 1/1/1 2/2/2 3/3/3
f 4/4/4 5/5/5 6/6/6
f 7/7/7 8/8/8 9/9/9
f 10/10/10 11/11/11 12/12/12
f 13/13/13 14/14/14 15/15/15
f 16/16/16 17/17/17 18/18/18
f 19/19/19 20/20/20 21/21/21
f 22/22/22 23/23/23 24/24/24
f 25/25/25 26/26/26 27/27/27
f 28/28/28 29/29/29 30/30/30
f 31/31/31 32/32/32 33/33/33
f 34/34/34 35/35/35 36/36/36
f 37/37/37 38/38/38 39/39/39
f 40/40/40 41/41/41 42/42/42
f 43/43/43 44/44/44 45/45/45
f 46/46/46 47/47/47 48/48/48
f 49/49/49 50/50/50 51/51/51
f 52/52/52 53/53/53 54/54/54
f 55/55/55 56/56/56 57/57/57
f 58/58/58 59/59/59 60/60/60
f 61/61/61 62/62/62 63/63/63
f 64/64/64 65/65/65 66/66/66
f 67/67/67 68/68/68 69/69/69
f 70/70/70 71/71/71 72/72/72
f 73/73/73 74/74/74 75/75/75
f 76/76/76 77/77/77 78/78/78
f 79/79/79 80/80/80 81/81/81
f 82/82/82 83/83/83 84/84/84
f 85/85/85 86/86/86 87/87/87
f 88/88/88 89/89/89 90/90/90
f 91/91/91 92/92/92 93/93/93
f 94/94/94 95/95/95 96/96/96
f 97/97/97 98/98/98 99/99/99
f 100/100/100 101/101/101 102/102/102
f 103/103/103 104/104/104 105/105/105
f 106/106/106 107/107/107 108/108/108
f 109/109/109 110/110/110 111/111/111
f 112/112/112 113/113/113 114/114/114
f 115/115/115 116/116/116 117/117/117
f 118/118/118 119/119/119 120/120/120
f 121/121/121 122/122/122 123/123/123
f 124/124/124 125/125/125 126/126/126
f 127/127/127 128/128/128 129/129/129
f 130/130/130 131/131/131 132/132/132
f 133/133/133 134/134/134 135/135/135
f 136/136/136 137/137/137 138/138/138
f 139/139/139 140/140/140 141/141/141
f 142/142/142 143/143/143 144/144/144
f 145/145/145 146/146/146 147/147/147
f 148/148/148 149/149/149 150/150/150
f 151/151/151 152/152/152 153/153/153
f 154/154/154 155/155/155 156/156/156
f 157/157/157 158/158/158 159/159/159
f 160/160/160 161/161/161 162/162/162
f 163/163/163 164/164/164 165/165/165
f 166/166/166 167/167/167 168/168/168
f 169/169/169 170/170/170 171/171/171
f 172/172/172 173/173/173 174/174/174
f 175/175/175 176/176/176 177/177/177
f 178/178/178 179/179/179 180/180/180
f 181/181/181 182/182/182 183/183/183
f 184/184/184 185/185/185 186/186/186
f 187/187/187 188/188/188 189/189/189
f 190/190/190 191/191/191 192/192/192
f 193/193/193 194/194/194 195/195/195
f 196/196/196 197/197/197 198/198/198
f 199/199/199 200/200/200 201/201/201
f 202/202/202 203/203/203 204/204/204
f 205/205/205 206/206/206 207/207/207
f 208/208/208 209/209/209 210/210/210
f 211/211/211 212/212/212 213/213/213
f 214/214/214 215/215/215 216/216/216
f 217/217/217 218/218/218 219/219/219
f 220/220/220 221/221/221 222/222/222
f 223/223/223 224/224/224 225/225/225
f 226/226/226 227/227/227 228/228/228
f 229/229/229 230/230/230 231/231/231
f 232/232/232 233/233/233 234/234/234
f 235/235/235 236/236/236 237/237/237
f 238/238/238 239/239/239 240/240/240
f 241/241/241 242/242/242 243/243/243
f 244/244/244 245/245/245 246/246/246
f 247/247/247 248/248/248 249/249/249
f 250/250/250 251/251/251 252/252/252
f 253/253/253 254/254/254 255/255/255
f 256/256/256 257/257/257 258/258/258
f 259/259/259 260/260/260 261/261/261
f 262/262/262 263/263/263 264/264/264
f 265/265/265 266/266/266 267/267/267
f 268/268/268 269/269/269 270/270/270
f 271/271/271 272/272/272 273/273/273
f 274/274/274 275/275/275 276/276/276
f 277/277/277 278/278/278 279/279/279
f 280/280/280 281/281/281 282/282/282
f 283/283/283 284/284/284 285/285/285
f 286/286/286 287/287/287 288/288/288
f 289/289/289 290/290/290 291/291/291
f 292/292/292 293/293/293 294/294/294
f 295/295/295 296/296/296 297/297/297
f 298/298/298 299/299/299 300/300/300
f 301/301/301 302/302/302 303/303/303
f 304/304/304 305/305/305 306/306/306
f 307/307/307 308/308/308 309/309/309
f 310/310/310 311/311/311 312/312/312
f 313/313/313 314/314/314 315/315/315
f 316/316/316 317/317/317 318/318/318
f 319/319/319 320/320/320 321/321/321
f 322/322/322 323/323/323 324/324/324
f 325/325/325 326/326/326 327/327/327
f 328/328/328 329/329/329 330/330/330
f 331/331/331 332/332/332 333/333/333
f 334/334/334 335/335/335 336/336/336
f 337/337/337 338/338/338 339/339/339
f 340/340/340 341/341/341 342/342/342
f 343/343/343 344/344/344 345/345/345
f 346/346/346 347/347/347 348/348/348
f 349/349/349 350/350/350 351/351/351
f 352/352/352 353/353/353 354/354/354
f 355/355/355 356/356/356 357/357/357
f 358/358/358 359/359/359 360/360/360
f 361/361/361 362/362/362 363/363/363
f 364/364/364 365/365/365 366/366/366
f 367/367/367 368/368/368 369/369/369
f 370/370/370 371/371/371 372/372/372
f 373/373/373 374/374/374 375/375/375
f 376/376/376 377/377/377 378/378/378
f 379/379/379 380/380/380 381/381/381
f 382/382/382 383/383/383 384/384/384
f 385/385/385 386/386/386 387/387/387
f 388/388/388 389/389/389 390/390/390
f 391/391/391 392/392/392 393/393/393
f 394/394/394 395/395/395 396/396/396
f 397/397/397 398/398/398 399/399/399
f 400/400/400 401/401/401 402/402/402
f 403/403/403 404/404/404 405/405/405
f 406/406/406 407/407/407 408/408/408
f 409/409/409 410/410/410 411/411/411
f 412/412/412 413/413/413 414/414/414
f 415/415/415 416/416/416 417/417/417
f 418/418/418 419/419/419 420/420/420
f 421/421/421 422/422/422 423/423/423
f 424/424/424 425/425/425 426/426/426
f 427/427/427 428/428/428 429/429/429
f 430/430/430 431/431/431 432/432/432
f 433/433/433 434/434/434 435/435/435
f 436/436/436 437/437/437 438/438/438
f 439/439/439 440/440/440 441/441/441
f 442/442/442 443/443/443 444/444/444
f 445/445/445 446/446/446 447/447/447
f 448/448/448 449/449/449 450/450/450
f 451/451/451 452/452/452 453/453/453
f 454/454/454 455/455/455 456/456/456
f 457/457/457 458/458/458 459/459/459
f 460/460/460 461/461/461 462/462/462
f 463/463/463 464/464/464 465/465/465
f 466/466/466 467/467/467 468/468/468
f 469/469/469 470/470/470 471/471/471
f 472/472/472 473/473/473 474/474/474
f 475/475/475 476/476/476 477/477/477
f 478/478/478 479/479/479 480/480/480
f 481/481/481 482/482/482 483/483/483
f 484/484/484 485/485/485 486/486/486
f 487/487/487 488/488/488 489/489/489
f 490/490/490 491/491/491 492/492/492
f 493/493/493 494/494/494 495/495/495
f 496/496/496 497/497/497 498/498/498
f 499/499/499 500/500/500 501/501/501
f 502/502/502 503/503/503 504/504/504
f 505/505/505 506/506/506 507/507/507
f 508/508/508 509/509/509 510/510/510
f 511/511/511 512/512/512 513/513/513
f 514/514/514 515/515/515 516/516/516
f 517/517/517 518/518/518 519/519/519
f 520/520/520 521/521/521 522/522/522
f 523/523/523 524/524/524 525/525/525
f 526/526/526 527/527/527 528/528/528
f 529/529/529 530/530/530 531/531/531
f 532/532/532 533/533/533 534/534/534
f 535/535/535 536/536/536 537/537/537
f 538/538/538 539/539/539 540/540/540
f 541/541/541 542/542/542 543/543/543
f 544/544/544 545/545/545 546/546/546
f 547/547/547 548/548/548 549/549/549
f 550/550/550 551/551/551 552/552/552
f 553/553/553 554/554/554 555/555/555
f 556/556/556 557/557/557 558/558/558
f 559/559/559 560/560/560 561/561/561
f 562/562/562 563/563/563 564/564/564
f 565/565/565 566/566/566 567/567/567
f 568/568/568 569/569/569 570/570/570
f 571/571/571 572/572/572 573/573/573
f 574/574/574 575/575/575 576/576/576
f 577/577/577 578/578/578 579/579/579
f 580/580/580 581/581/581 582/582/582
f 583/583/583 584/584/584 585/585/585
f 586/586/586 587/587/587 588/588/588
f 589/589/589 590/590/590 591/591/591
f 592/592/592 593/593/593 594/594/594
f 595/595/595 596/596/596 597/597/597
f 598/598/598 599/599/599 600/600/600
f 601/601/601 602/602/602 603/603/603
f 604/604/604 605/605/605 606/606/606
f 607/607/607 608/608/608 609/609/609
f 610/610/610 611/611/611 612/612/612
f 613/613/613 614/614/614 615/615/615
f 616/616/616 617/617/617 618/618/618
f 619/619/619 620/620/620 621/621/621
f 622/622/622 623/623/623 624/624/624
f 625/625/625 626/626/626 627/627/627
f 628/628/628 629/629/629 630/630/630
f 631/631/631 632/632/632 633/633/633
f 634/634/634 635/635/635 636/636/636
f 637/637/637 638/638/638 639/639/639
f 640/640/640 641/641/641 642/642/642
f 643/643/643 644/644/644 645/645/645
f 646/646/646 647/647/647 648/648/648
f 649/649/649 650/650/650 651/651/651
f 652/652/652 653/653/653 654/654/654
f 655/655/655 656/656/656 657/657/657
f 658/658/658 659/659/659 660/660/660
f 661/661/661 662/662/662 663/663/663
f 664/664/664 665/665/665 666/666/666
f 667/667/667 668/668/668 669/669/669
f 670/670/670 671/671/671 672/672/672
f 673/673/673 674/674/674 675/675/675
f 676/676/676 677/677/677 678/678/678
f 679/679/679 680/680/680 681/681/681
f 682/682/682 683/683/683 684/684/684
f 685/685/685 686/686/686 687/687/687
f 688/688/688 689/689/689 690/690/690
f 691/691/691 692/692/692 693/693/693
f 694/694/694 695/695/695 696/696/696
f 697/697/697 698/698/698 699/699/699
f 700/700/700 701/701/701 702/702/702
f 703/703/703 704/704/704 705/705/705
f 706/706/706 707/707/707 708/708/708
f 709/709/709 710/710/710 711/711/711
f 712/712/712 713/713/713 714/714/714
f 715/715/715 716/716/716 717/717/717
f 718/718/718 719/719/719 720/720/720
f 721/721/721 722/722/722 723/723/723
f 724/724/724 725/725/725 726/726/726
f 727/727/727 728/728/728 729/729/729
f 730/730/730 731/731/731 732/732/732
f 733/733/733 734/734/734 735/735/735
f 736/736/736 737/737/737 738/738/738
f 739/739/739 740/740/740 741/741/741
f 742/742/742 743/743/743 744/744/744
f 745/745/745 746/746/746 747/747/747
f 748/748/748 749/749/749 750/750/750
f 751/751/751 752/752/752 753/753/753
f 754/754/754 755/755/755 756/756/756
f 757/757/757 758/758/758 759/759/759
f 760/760/760 761/761/761 762/762/762
f 763/763/763 764/764/764 765/765/765
f 766/766/766 767/767/767 768/768/768
f 769/769/769 770/770/770 771/771/771
f 772/772/772 773/773/773 774/774/774
f 775/775/775 776/776/776 777/777/777
f 778/778/778 779/779/779 780/780/780
f 781/781/781 782/782/782 783/783/783
f 784/784/784 785/785/785 786/786/786
f 787/787/787 788/788/788 789/789/789
f 790/790/790 791/791/791 792/792/792
f 793/793/793 794/794/794 795/795/795
f 796/796/796 797/797/797 798/798/798
f 799/799/799 800/800/800 801/801/801
f 802/802/802 803/803/803 804/804/804
f 805/805/805 806/806/806 807/807/807
f 808/808/808 809/809/809 810/810/810
f 811/811/811 812/812/812 813/813/813
f 814/814/814 815/815/815 816/816/816
f 817/817/817 818/818/818 819/819/819
f 820/820/820 821/821/821 822/822/822
f 823/823/823 824/824/824 825/825/825
f 826/826/826 827/827/827 828/828/828
f 829/829/829 830/830/830 831/831/831
f 832/832/832 833/833/833 834/834/834
f 835/835/835 836/836/836 837/837/837
f 838/838/838 839/839/839 840/840/840
f 841/841/841 842/842/842 843/843/843
f 844/844/844 845/845/845 846/846/846
f 847/847/847 848/848/848 849/849/849
f 850/850/850 851/851/851 852/852/852
f 853/853/853 854/854/854 855/855/855
f 856/856/856 857/857/857 858/858/858
f 859/859/859 860/860/860 861/861/861
f 862/862/862 863/863/863 864/864/864
f 865/865/865 866/866/866 867/867/867
f 868/868/868 869/869/869 870/870/870
f 871/871/871 872/872/872 873/873/873
f 874/874/874 875/875/875 876/876/876
f 877/877/877 878/878/878 879/879/879
f 880/880/880 881/881/881 882/882/882
f 883/883/883 884/884/884 885/885/885
f 886/886/886 887/887/887 888/888/888
f 889/889/889 890/890/890 891/891/891
f 892/892/892 893/893/893 894/894/894
f 895/895/895 896/896/896 897/897/897
f 898/898/898 899/899/899 900/900/900
f 901/901/901 902/902/902 903/903/903
f 904/904/904 905/905/905 906/906/906
f 907/907/907 908/908/908 909/909/909
f 910/910/910 911/911/911 912/912/912
f 913/913/913 914/914/914 915/915/915
f 916/916/916 917/917/917 918/918/918
f 919/919/919 920/920/920 921/921/921
f 922/922/922 923/923/923 924/924/924
f 925/925/925 926/926/926 927/927/927
f 928/928/928 929/929/929 930/930/930
f 931/931/931 932/932/932 933/933/933
f 934/934/934 935/935/935 936/936/936
f 937/937/937 938/938/938 939/939/939
f 940/940/940 941/941/941 942/942/942
f 943/943/943 944/944/944 945/945/945
f 946/946/946 947/947/947 948/948/948
f 949/949/949 950/950/950 951/951/951
f 952/952/952 953/953/953 954/954/954
f 955/955/955 956/956/956 957/957/957
f 958/958/958 959/959/959 960/960/960
f 961/961/961 962/962/962 963/963/963
f 964/964/964 965/965/965 966/966/966
f 967/967/967 968/968/968 969/969/969
f 970/970/970 971/971/971 972/972/972
f 973/973/973 974/974/974 975/975/975
f 976/976/976 977/977/977 978/978/978
f 979/979/979 980/980/980 981/981/981
f 982/982/982 983/983/983 984/984/984
f 985/985/985 986/986/986 987/987/987
f 988/988/988 989/989/989 990/990/990
f 991/991/991 992/992/992 993/993/993
f 994/994/994 995/995/995 996/996/996
f 997/997/997 998/998/998 999/999/999
f 1000/1000/1000 1001/1001/1001 1002/1002/1002
f 1003/1003/1003 1004/1004/1004 1005/1005/1005
f 1006/1006/1006 1007/1007/1007 1008/1008/1008
f 1009/1009/1009 1010/1010/1010 1011/1011/1011
f 1012/1012/1012 1013/1013/1013 1014/1014/1014
f 1015/1015/1015 1016/1016/1016 1017/1017/1017
f 1018/1018/1018 1019/1019/1019 1020/1020/1020
f 1021/1021/1021 1022/1022/1022 1023/1023/1023
f 1024/1024/1024 1025/1025/1025 1026/1026/1026
f 1027/1027/1027 1028/1028/1028 1029/1029/1029
f 1030/1030/1030 1031/1031/1031 1032/1032/1032
f 1033/1033/1033 1034/1034/1034 1035/1035/1035
f 1036/1036/1036 1037/1037/1037 1038/1038/1038
f 1039/1039/1039 1040/1040/1040 1041/1041/1041
f 1042/1042/1042 1043/1043/1043 1044/1044/1044
f 1045/1045/1045 1046/1046/1046 1047/1047/1047
f 1048/1048/1048 1049/1049/1049 1050/1050/1050
f 1051/1051/1051 1052/1052/1052 1053/1053/1053
f 1054/1054/1054 1055/1055/1055 1056/1056/1056
f 1057/1057/1057 1058/1058/1058 1059/1059/1059
f 1060/1060/1060 1061/1061/1061 1062/1062/1062
f 1063/1063/1063 1064/1064/1064 1065/1065/1065
f 1066/1066/1066 1067/1067/1067 1068/1068/1068
f 1069/1069/1069 1070/1070/1070 1071/1071/1071
f 1072/1072/1072 1073/1073/1073 1074/1074/1074
f 1075/1075/1075 1076/1076/1076 1077/1077/1077
f 1078/1078/1078 1079/1079/1079 1080/1080/1080
f 1081/1081/1081 1082/1082/1082 1083/1083/1083
f 1084/1084/1084 1085/1085/1085 1086/1086/1086
f 1087/1087/1087 1088/1088/1088 1089/1089/1089
f 1090/1090/1090 1091/1091/1091 1092/1092/1092
f 1093/1093/1093 1094/1094/1094 1095/1095/1095
f 1096/1096/1096 1097/1097/1097 1098/1098/1098
f 1099/1099/1099 1100/1100/1100 1101/1101/1101
f 1102/1102/1102 1103/1103/1103 1104/1104/1104
f 1105/1105/1105 1106/1106/1106 1107/1107/1107
f 1108/1108/1108 1109/1109/1109 1110/1110/1110
f 1111/1111/1111 1112/1112/1112 1113/1113/1113
f 1114/1114/1114 1115/1115/1115 1116/1116/1116
f 1117/1117/1117 1118/1118/1118 1119/1119/1119
f 1120/1120/1120 1121/1121/1121 1122/1122/1122
f 1123/1123/1123 1124/1124/1124 1125/1125/1125
f 1126/1126/1126 1127/1127/1127 1128/1128/1128
f 1129/1129/1129 1130/1130/1130 1131/1131/1131
f 1132/1132/1132 1133/1133/1133 1134/1134/1134
f 1135/1135/1135 1136/1136/1136 1137/1137/1137
f 1138/1138/1138 1139/1139/1139 1140/1140/1140
f 1141/1141/1141 1142/1142/1142 1143/1143/1143
f 1144/1144/1144 1145/1145/1145 1146/1146/1146
f 1147/1147/1147 1148/1148/1148 1149/1149/1149
f 1150/1150/1150 1151/1151/1151 1152/1152/1152
f 1153/1153/1153 1154/1154/1154 1155/1155/1155
f 1156/1156/1156 1157/1157/1157 1158/1158/1158
f 1159/1159/1159 1160/1160/1160 1161/1161/1161
f 1162/1162/1162 1163/1163/1163 1164/1164/1164
f 1165/1165/1165 1166/1166/1166 1167/1167/1167
f 1168/1168/1168 1169/1169/1169 1170/1170/1170
f 1171/1171/1171 1172/1172/1172 1173/1173/1173
f 1174/1174/1174 1175/1175/1175 1176/1176/1176
f 1177/1177/1177 1178/1178/1178 1179/1179/1179
f 1180/1180/1180 1181/1181/1181 1182/1182/1182
f 1183/1183/1183 1184/1184/1184 1185/1185/1185
f 1186/1186/1186 1187/1187/1187 1188/1188/1188
f 1189/1189/1189 1190/1190/1190 1191/1191/1191
f 1192/1192/1192 1193/1193/1193 1194/1194/1194
f 1195/1195/1195 1196/1196/1196 1197/1197/1197
f 1198/1198/1198 1199/1199/1199 1200/1200/1200
f 1201/1201/1201 1202/1202/1202 1203/1203/1203
f 1204/1204/1204 1205/1205/1205 1206/1206/1206
f 1207/1207/1207 1208/1208/1208 1209/1209/1209
f 1210/1210/1210 1211/1211/1211 1212/1212/1212
f 1213/1213/1213 1214/1214/1214 1215/1215/1215
f 1216/1216/1216 1217/1217/1217 1218/1218/1218
f 1219/1219/1219 1220/1220/1220 1221/1221/1221
f 1222/1222/1222 1223/1223/1223 1224/1224/1224
f 1225/1225/1225 1226/1226/1226 1227/1227/1227
f 1228/1228/1228 1229/1229/1229 1230/1230/1230
f 1231/1231/1231 1232/1232/1232 1233/1233/1233
f 1234/1234/1234 1235/1235/1235 1236/1236/1236
f 1237/1237/1237 1238/1238/1238 1239/1239/1239
f 1240/1240/1240 1241/1241/1241 1242/1242/1242
f 1243/1243/1243 1244/1244/1244 1245/1245/1245
f 1246/1246/1246 1247/1247/1247 1248/1248/1248
f 1249/1249/1249 1250/1250/1250 1251/1251/1251
f 1252/1252/1252 1253/1253/1253 1254/1254/1254
f 1255/1255/1255 1256/1256/1256 1257/1257/1257
f 1258/1258/1258 1259/1259/1259 1260/1260/1260
f 1261/1261/1261 1262/1262/1262 1263/1263/1263
f 1264/1264/1264 1265/1265/1265 1266/1266/1266
f 1267/1267/1267 1268/1268/1268 1269/1269/1269
f 1270/1270/1270 1271/1271/1271 1272/1272/1272
f 1273/1273/1273 1274/1274/1274 1275/1275/1275
f 1276/1276/1276 1277/1277/1277 1278/1278/1278
f 1279/1279/1279 1280/1280/1280 1281/1281/1281
f 1282/1282/1282 1283/1283/1283 1284/1284/1284
f 1285/1285/1285 1286/1286/1286 1287/1287/1287
f 1288/1288/1288 1289/1289/1289 1290/1290/1290
f 1291/1291/1291 1292/1292/1292 1293/1293/1293
f 1294/1294/1294 1295/1295/1295 1296/1296/1296
f 1297/1297/1297 1298/1298/1298 1299/1299/1299
f 1300/1300/1300 1301/1301/1301 1302/1302/1302
f 1303/1303/1303 1304/1304/1304 1305/1305/1305
f 1306/1306/1306 1307/1307/1307 1308/1308/1308
f 1309/1309/1309 1310/1310/1310 1311/1311/1311
f 1312/1312/1312 1313/1313/1313 1314/1314/1314
f 1315/1315/1315 1316/1316/1316 1317/1317/1317
f 1318/1318/1318 1319/1319/1319 1320/1320/1320
f 1321/1321/1321 1322/1322/1322 1323/1323/1323
f 1324/1324/1324 1325/1325/1325 1326/1326/1326
f 1327/1327/1327 1328/1328/1328 1329/1329/1329
f 1330/1330/1330 1331/1331/1331 1332/1332/1332
f 1333/1333/1333 1334/1334/1334 1335/1335/1335
f 1336/1336/1336 1337/1337/1337 1338/1338/1338
f 1339/1339/1339 1340/1340/1340 1341/1341/1341
f 1342/1342/1342 1343/1343/1343 1344/1344/1344
f 1345/1345/1345 1346/1346/1346 1347/1347/1347
f 1348/1348/1348 1349/1349/1349 1350/1350/1350
f 1351/1351/1351 1352/1352/1352 1353/1353/1353
f 1354/1354/1354 1355/1355/1355 1356/1356/1356
f 1357/1357/1357 1358/1358/1358 1359/1359/1359
f 1360/1360/1360 1361/1361/1361 1362/1362/1362
f 1363/1363/1363 1364/1364/1364 1365/1365/1365
f 1366/1366/1366 1367/1367/1367 1368/1368/1368
f 1369/1369/1369 1370/1370/1370 1371/1371/1371
f 1372/1372/1372 1373/1373/1373 1374/1374/1374
f 1375/1375/1375 1376/1376/1376 1377/1377/1377
f 1378/1378/1378 1379/1379/1379 1380/1380/1380
f 1381/1381/1381 1382/1382/1382 1383/1383/1383
f 1384/1384/1384 1385/1385/1385 1386/1386/1386
f 1387/1387/1387 1388/1388/1388 1389/1389/1389
f 1390/1390/1390 1391/1391/1391 1392/1392/1392
f 1393/1393/1393 1394/1394/1394 1395/1395/1395
f 1396/1396/1396 1397/1397/1397 1398/1398/1398
f 1399/1399/1399 1400/1400/1400 1401/1401/1401
f 1402/1402/1402 1403/1403/1403 1404/1404/1404
f 1405/1405/1405 1406/1406/1406 1407/1407/1407
f 1408/1408/1408 1409/1409/1409 1410/1410/1410
f 1411/1411/1411 1412/1412/1412 1413/1413/1413
f 1414/1414/1414 1415/1415/1415 1416/1416/1416
f 1417/1417/1417 1418/1418/1418 1419/1419/1419
f 1420/1420/1420 1421/1421/1421 1422/1422/1422
f 1423/1423/1423 1424/1424/1424 1425/1425/1425
f 1426/1426/1426 1427/1427/1427 1428/1428/1428
f 1429/1429/1429 1430/1430/1430 1431/1431/1431
f 1432/1432/1432 1433/1433/1433 1434/1434/1434
f 1435/1435/1435 1436/1436/1436 1437/1437/1437
f 1438/1438/1438 1439/1439/1439 1440/1440/1440
f 1441/1441/1441 1442/1442/1442 1443/1443/1443
f 1444/1444/1444 1445/1445/1445 1446/1446/1446
f 1447/1447/1447 1448/1448/1448 1449/1449/1449
f 1450/1450/1450 1451/1451/1451 1452/1452/1452
f 1453/1453/1453 1454/1454/1454 1455/1455/1455
f 1456/1456/1456 1457/1457/1457 1458/1458/1458
f 1459/1459/1459 1460/1460/1460 1461/1461/1461
f 1462/1462/1462 1463/1463/1463 1464/1464/1464
f 1465/1465/1465 1466/1466/1466 1467/1467/1467
f 1468/1468/1468 1469/1469/1469 1470/1470/1470
f 1471/1471/1471 1472/1472/1472 1473/1473/1473
f 1474/1474/1474 1475/1475/1475 1476/1476/1476
f 1477/1477/1477 1478/1478/1478 1479/1479/1479
f 1480/1480/1480 1481/1481/1481 1482/1482/1482
f 1483/1483/1483 1484/1484/1484 1485/1485/1485
f 1486/1486/1486 1487/1487/1487 1488/1488/1488
f 1489/1489/1489 1490/1490/1490 1491/1491/1491
f 1492/1492/1492 1493/1493/1493 1494/1494/1494
f 1495/1495/1495 1496/1496/1496 1497/1497/1497
f 1498/1498/1498 1499/1499/1499 1500/1500/1500
f 1501/1501/1501 1502/1502/1502 1503/1503/1503
f 1504/1504/1504 1505/1505/1505 1506/1506/1506
f 1507/1507/1507 1508/1508/1508 1509/1509/1509
f 1510/1510/1510 1511/1511/1511 1512/1512/1512
f 1513/1513/1513 1514/1514/1514 1515/1515/1515
f 1516/1516/1516 1517/1517/1517 1518/1518/1518
f 1519/1519/1519 1520/1520/1520 1521/1521/1521
f 1522/1522/1522 1523/1523/1523 1524/1524/1524
f 1525/1525/1525 1526/1526/1526 1527/1527/1527
f 1528/1528/1528 1529/1529/1529 1530/1530/1530
f 1531/1531/1531 1532/1532/1532 1533/1533/1533
f 1534/1534/1534 1535/1535/1535 1536/1536/1536
f 1537/1537/1537 1538/1538/1538 1539/1539/1539
f 1540/1540/1540 1541/1541/1541 1542/1542/1542
f 1543/1543/1543 1544/1544/1544 1545/1545/1545
f 1546/1546/1546 1547/1547/1547 1548/1548/1548
f 1549/1549/1549 1550/1550/1550 1551/1551/1551
f 1552/1552/1552 1553/1553/1553 1554/1554/1554
f 1555/1555/1555 1556/1556/1556 1557/1557/1557
f 1558/1558/1558 1559/1559/1559 1560/1560/1560
f 1561/1561/1561 1562/1562/1562 1563/1563/1563
f 1564/1564/1564 1565/1565/1565 1566/1566/1566
f 1567/1567/1567 1568/1568/1568 1569/1569/1569
f 1570/1570/1570 1571/1571/1571 1572/1572/1572
f 1573/1573/1573 1574/1574/1574 1575/1575/1575
f 1576/1576/1576 1577/1577/1577 1578/1578/1578
f 1579/1579/1579 1580/1580/1580 1581/1581/1581
f 1582/1582/1582 1583/1583/1583 1584/1584/1584
f 1585/1585/1585 1586/1586/1586 1587/1587/1587
f 1588/1588/1588 1589/1589/1589 1590/1590/1590
f 1591/1591/1591 1592/1592/1592 1593/1593/1593
f 1594/1594/1594 1595/1595/1595 1596/1596/1596
f 1597/1597/1597 1598/1598/1598 1599/1599/1599
f 1600/1600/1600 1601/1601/1601 1602/1602/1602
f 1603/1603/1603 1604/1604/1604 1605/1605/1605
f 1606/1606/1606 1607/1607/1607 1608/1608/1608
f 1609/1609/1609 1610/1610/1610 1611/1611/1611
f 1612/1612/1612 1613/1613/1613 1614/1614/1614
f 1615/1615/1615 1616/1616/1616 1617/1617/1617
f 1618/1618/1618 1619/1619/1619 1620/1620/1620
f 1621/1621/1621 1622/1622/1622 1623/1623/1623
f 1624/1624/1624 1625/1625/1625 1626/1626/1626
f 1627/1627/1627 1628/1628/1628 1629/1629/1629
f 1630/1630/1630 1631/1631/1631 1632/1632/1632
f 1633/1633/1633 1634/1634/1634 1635/1635/1635
f 1636/1636/1636 1637/1637/1637 1638/1638/1638
f 1639/1639/1639 1640/1640/1640 1641/1641/1641
f 1642/1642/1642 1643/1643/1643 1644/1644/1644
f 1645/1645/1645 1646/1646/1646 1647/1647/1647
f 1648/1648/1648 1649/1649/1649 1650/1650/1650
f 1651/1651/1651 1652/1652/1652 1653/1653/1653
f 1654/1654/1654 1655/1655/1655 1656/1656/1656
f 1657/1657/1657 1658/1658/1658 1659/1659/1659
f 1660/1660/1660 1661/1661/1661 1662/1662/1662
f 1663/1663/1663 1664/1664/1664 1665/1665/1665
f 1666/1666/1666 1667/1667/1667 1668/1668/1668
f 1669/1669/1669 1670/1670/1670 1671/1671/1671
f 1672/1672/1672 1673/1673/1673 1674/1674/1674
f 1675/1675/1675 1676/1676/1676 1677/1677/1677
f 1678/1678/1678 1679/1679/1679 1680/1680/1680
f 1681/1681/1681 1682/1682/1682 1683/1683/1683
f 1684/1684/1684 1685/1685/1685 1686/1686/1686
f 1687/1687/1687 1688/1688/1688 1689/1689/1689
f 1690/1690/1690 1691/1691/1691 1692/1692/1692
f 1693/1693/1693 1694/1694/1694 1695/1695/1695
f 1696/1696/1696 1697/1697/1697 1698/1698/1698
f 1699/1699/1699 1700/1700/1700 1701/1701/1701
f 1702/1702/1702 1703/1703/1703 1704/1704/1704
f 1705/1705/1705 1706/1706/1706 1707/1707/1707
f 1708/1708/1708 1709/1709/1709 1710/1710/1710
f 1711/1711/1711 1712/1712/1712 1713/1713/1713
f 1714/1714/1714 1715/1715/1715 1716/1716/1716
f 1717/1717/1717 1718/1718/1718 1719/1719/1719
f 1720/1720/1720 1721/1721/1721 1722/1722/1722
f 1723/1723/1723 1724/1724/1724 1725/1725/1725
f 1726/1726/1726 1727/1727/1727 1728/1728/1728
f 1729/1729/1729 1730/1730/1730 1731/1731/1731
f 1732/1732/1732 1733/1733/1733 1734/1734/1734
f 1735/1735/1735 1736/1736/1736 1737/1737/1737
f 1738/1738/1738 1739/1739/1739 1740/1740/1740
f 1741/1741/1741 1742/1742/1742 1743/1743/1743
f 1744/1744/1744 1745/1745/1745 1746/1746/1746
f 1747/1747/1747 1748/1748/1748 1749/1749/1749
f 1750/1750/1750 1751/1751/1751 1752/1752/1752
f 1753/1753/1753 1754/1754/1754 1755/1755/1755
f 1756/1756/1756 1757/1757/1757 1758/1758/1758
f 1759/1759/1759 1760/1760/1760 1761/1761/1761
f 1762/1762/1762 1763/1763/1763 1764/1764/1764
f 1765/1765/1765 1766/1766/1766 1767/1767/1767
f 1768/1768/1768 1769/1769/1769 1770/1770/1770
f 1771/1771/1771 1772/1772/1772 1773/1773/1773
f 1774/1774/1774 1775/1775/1775 1776/1776/1776
f 1777/1777/1777 1778/1778/1778 1779/1779/1779
f 1780/1780/1780 1781/1781/1781 1782/1782/1782
f 1783/1783/1783 1784/1784/1784 1785/1785/1785
f 1786/1786/1786 1787/1787/1787 1788/1788/1788
f 1789/1789/1789 1790/1790/1790 1791/1791/1791
f 1792/1792/1792 1793/1793/1793 1794/1794/1794
f 1795/1795/1795 1796/1796/1796 1797/1797/1797
f 1798/1798/1798 1799/1799/1799 1800/1800/1800
f 1801/1801/1801 1802/1802/1802 1803/1803/1803
f 1804/1804/1804 1805/1805/1805 1806/1806/1806
f 1807/1807/1807 1808/1808/1808 1809/1809/1809
f 1810/1810/1810 1811/1811/1811 1812/1812/1812
f 1813/1813/1813 1814/1814/1814 1815/1815/1815
f 1816/1816/1816 1817/1817/1817 1818/1818/1818
f 1819/1819/1819 1820/1820/1820 1821/1821/1821
f 1822/1822/1822 1823/1823/1823 1824/1824/1824
f 1825/1825/1825 1826/1826/1826 1827/1827/1827
f 1828/1828/1828 1829/1829/1829 1830/1830/1830
f 1831/1831/1831 1832/1832/1832 1833/1833/1833
f 1834/1834/1834 1835/1835/1835 1836/1836/1836
f 1837/1837/1837 1838/1838/1838 1839/1839/1839
f 1840/1840/1840 1841/1841/1841 1842/1842/1842
f 1843/1843/1843 1844/1844/1844 1845/1845/1845
f 1846/1846/1846 1847/1847/1847 1848/1848/1848
f 1849/1849/1849 1850/1850/1850 1851/1851/1851
f 1852/1852/1852 1853/1853/1853 1854/1854/1854
f 1855/1855/1855 1856/1856/1856 1857/1857/1857
f 1858/1858/1858 1859/1859/1859 1860/1860/1860
f 1861/1861/1861 1862/1862/1862 1863/1863/1863
f 1864/1864/1864 1865/1865/1865 1866/1866/1866
f 1867/1867/1867 1868/1868/1868 1869/1869/1869
f 1870/1870/1870 1871/1871/1871 1872/1872/1872
f 1873/1873/1873 1874/1874/1874 1875/1875/1875
f 1876/1876/1876 1877/1877/1877 1878/1878/1878
f 1879/1879/1879 1880/1880/1880 1881/1881/1881
f 1882/1882/1882 1883/1883/1883 1884/1884/1884
f 1885/1885/1885 1886/1886/1886 1887/1887/1887
f 1888/1888/1888 1889/1889/1889 1890/1890/1890
f 1891/1891/1891 1892/1892/1892 1893/1893/1893
f 1894/1894/1894 1895/1895/1895 1896/1896/1896
f 1897/1897/1897 1898/1898/1898 1899/1899/1899
f 1900/1900/1900 1901/1901/1901 1902/1902/1902
f 1903/1903/1903 1904/1904/1904 1905/1905/1905
f 1906/1906/1906 1907/1907/1907 1908/1908/1908
f 1909/1909/1909 1910/1910/1910 1911/1911/1911
f 1912/1912/1912 1913/1913/1913 1914/1914/1914
f 1915/1915/1915 1916/1916/1916 1917/1917/1917
f 1918/1918/1918 1919/1919/1919 1920/1920/1920
f 1921/1921/1921 1922/1922/1922 1923/1923/1923
f 1924/1924/1924 1925/1925/1925 1926/1926/1926
f 1927/1927/1927 1928/1928/1928 1929/1929/1929
f 1930/1930/1930 1931/1931/1931 1932/1932/1932
f 1933/1933/1933 1934/1934/1934 1935/1935/1935
f 1936/1936/1936 1937/1937/1937 1938/1938/1938
f 1939/1939/1939 1940/1940/1940 1941/1941/1941
f 1942/1942/1942 1943/1943/1943 1944/1944/1944
f 1945/1945/1945 1946/1946/1946 1947/1947/1947
f 1948/1948/1948 1949/1949/1949 1950/1950/1950
f 1951/1951/1951 1952/1952/1952 1953/1953/1953
f 1954/1954/1954 1955/1955/1955 1956/1956/1956
f 1957/1957/1957 1958/1958/1958 1959/1959/1959
f 1960/1960/1960 1961/1961/1961 1962/1962/1962
f 1963/1963/1963 1964/1964/1964 1965/1965/1965
f 1966/1966/1966 1967/1967/1967 1968/1968/1968
f 1969/1969/1969 1970/1970/1970 1971/1971/1971
f 1972/1972/1972 1973/1973/1973 1974/1974/1974
f 1975/1975/1975 1976/1976/1976 1977/1977/1977
f 1978/1978/1978 1979/1979/1979 1980/1980/1980
f 1981/1981/1981 1982/1982/1982 1983/1983/1983
f 1984/1984/1984 1985/1985/1985 1986/1986/1986
f 1987/1987/1987 1988/1988/1988 1989/1989/1989
f 1990/1990/1990 1991/1991/1991 1992/1992/1992
f 1993/1993/1993 1994/1994/1994 1995/1995/1995
f 1996/1996/1996 1997/1997/1997 1998/1998/1998
f 1999/1999/1999 2000/2000/2000 2001/2001/2001
f 2002/2002/2002 2003/2003/2003 2004/2004/2004
f 2005/2005/2005 2006/2006/2006 2007/2007/2007
f 2008/2008/2008 2009/2009/2009 2010/2010/2010
f 2011/2011/2011 2012/2012/2012 2013/2013/2013
f 2014/2014/2014 2015/2015/2015 2016/2016/2016
f 2017/2017/2017 2018/2018/2018 2019/2019/2019
f 2020/2020/2020 2021/2021/2021 2022/2022/2022
f 2023/2023/2023 2024/2024/2024 2025/2025/2025
f 2026/2026/2026 2027/2027/2027 2028/2028/2028
f 2029/2029/2029 2030/2030/2030 2031/2031/2031
f 2032/2032/2032 2033/2033/2033 2034/2034/2034
f 2035/2035/2035 2036/2036/2036 2037/2037/2037
f 2038/2038/2038 2039/2039/2039 2040/2040/2040
f 2041/2041/2041 2042/2042/2042 2043/2043/2043
f 2044/2044/2044 2045/2045/2045 2046/2046/2046
f 2047/2047/2047 2048/2048/2048 2049/2049/2049
f 2050/2050/2050 2051/2051/2051 2052/2052/2052
f 2053/2053/2053 2054/2054/2054 2055/2055/2055
f 2056/2056/2056 2057/2057/2057 2058/2058/2058
f 2059/2059/2059 2060/2060/2060 2061/2061/2061
f 2062/2062/2062 2063/2063/2063 2064/2064/2064
f 2065/2065/2065 2066/2066/2066 2067/2067/2067
f 2068/2068/2068 2069/2069/2069 2070/2070/2070
f 2071/2071/2071 2072/2072/2072 2073/2073/2073
f 2074/2074/2074 2075/2075/2075 2076/2076/2076
f 2077/2077/2077 2078/2078/2078 2079/2079/2079
f 2080/2080/2080 2081/2081/2081 2082/2082/2082
f 2083/2083/2083 2084/2084/2084 2085/2085/2085
f 2086/2086/2086 2087/2087/2087 2088/2088/2088
f 2089/2089/2089 2090/2090/2090 2091/2091/2091
f 2092/2092/2092 2093/2093/2093 2094/2094/2094
f 2095/2095/2095 2096/2096/2096 2097/2097/2097
f 2098/2098/2098 2099/2099/2099 2100/2100/2100
f 2101/2101/2101 2102/2102/2102 2103/2103/2103
f 2104/2104/2104 2105/2105/2105 2106/2106/2106
f 2107/2107/2107 2108/2108/2108 2109/2109/2109
f 2110/2110/2110 2111/2111/2111 2112/2112/2112
f 2113/2113/2113 2114/2114/2114 2115/2115/2115
f 2116/2116/2116 2117/2117/2117 2118/2118/2118
f 2119/2119/2119 2120/2120/2120 2121/2121/2121
f 2122/2122/2122 2123/2123/2123 2124/2124/2124
f 2125/2125/2125 2126/2126/2126 2127/2127/2127
f 2128/2128/2128 2129/2129/2129 2130/2130/2130
f 2131/2131/2131 2132/2132/2132 2133/2133/2133
f 2134/2134/2134 2135/2135/2135 2136/2136/2136
f 2137/2137/2137 2138/2138/2138 2139/2139/2139
f 2140/2140/2140 2141/2141/2141 2142/2142/2142
f 2143/2143/2143 2144/2144/2144 2145/2145/2145
f 2146/2146/2146 2147/2147/2147 2148/2148/2148
f 2149/2149/2149 2150/2150/2150 2151/2151/2151
f 2152/2152/2152 2153/2153/2153 2154/2154/2154
f 2155/2155/2155 2156/2156/2156 2157/2157/2157
f 2158/2158/2158 2159/2159/2159 2160/2160/2160
f 2161/2161/2161 2162/2162/2162 2163/2163/2163
f 2164/2164/2164 2165/2165/2165 2166/2166/2166
f 2167/2167/2167 2168/2168/2168 2169/2169/2169
f 2170/2170/2170 2171/2171/2171 2172/2172/2172
f 2173/2173/2173 2174/2174/2174 2175/2175/2175
f 2176/2176/2176 2177/2177/2177 2178/2178/2178
f 2179/2179/2179 2180/2180/2180 2181/2181/2181
f 2182/2182/2182 2183/2183/2183 2184/2184/2184
f 2185/2185/2185 2186/2186/2186 2187/2187/2187
f 2188/2188/2188 2189/2189/2189 2190/2190/2190
f 2191/2191/2191 2192/2192/2192 2193/2193/2193
f 2194/2194/2194 2195/2195/2195 2196/2196/2196
f 2197/2197/2197 2198/2198/2198 2199/2199/2199
f 2200/2200/2200 2201/2201/2201 2202/2202/2202
f 2203/2203/2203 2204/2204/2204 2205/2205/2205
f 2206/2206/2206 2207/2207/2207 2208/2208/2208
f 2209/2209/2209 2210/2210/2210 2211/2211/2211
f 2212/2212/2212 2213/2213/2213 2214/2214/2214
f 2215/2215/2215 2216/2216/2216 2217/2217/2217
f 2218/2218/2218 2219/2219/2219 2220/2220/2220
f 2221/2221/2221 2222/2222/2222 2223/2223/2223
f 2224/2224/2224 2225/2225/2225 2226/2226/2226
f 2227/2227/2227 2228/2228/2228 2229/2229/2229
f 2230/2230/2230 2231/2231/2231 2232/2232/2232
f 2233/2233/2233 2234/2234/2234 2235/2235/2235
f 2236/2236/2236 2237/2237/2237 2238/2238/2238
f 2239/2239/2239 2240/2240/2240 2241/2241/2241
f 2242/2242/2242 2243/2243/2243 2244/2244/2244
f 2245/2245/2245 2246/2246/2246 2247/2247/2247
f 2248/2248/2248 2249/2249/2249 2250/2250/2250
f 2251/2251/2251 2252/2252/2252 2253/2253/2253
f 2254/2254/2254 2255/2255/2255 2256/2256/2256
f 2257/2257/2257 2258/2258/2258 2259/2259/2259
f 2260/2260/2260 2261/2261/2261 2262/2262/2262
f 2263/2263/2263 2264/2264/2264 2265/2265/2265
f 2266/2266/2266 2267/2267/2267 2268/2268/2268
f 2269/2269/2269 2270/2270/2270 2271/2271/2271
f 2272/2272/2272 2273/2273/2273 2274/2274/2274
f 2275/2275/2275 2276/2276/2276 2277/2277/2277
f 2278/2278/2278 2279/2279/2279 2280/2280/2280
f 2281/2281/2281 2282/2282/2282 2283/2283/2283
f 2284/2284/2284 2285/2285/2285 2286/2286/2286
f 2287/2287/2287 2288/2288/2288 2289/2289/2289
f 2290/2290/2290 2291/2291/2291 2292/2292/2292
f 2293/2293/2293 2294/2294/2294 2295/2295/2295
f 2296/2296/2296 2297/2297/2297 2298/2298/2298
f 2299/2299/2299 2300/2300/2300 2301/2301/2301
f 2302/2302/2302 2303/2303/2303 2304/2304/2304
f 2305/2305/2305 2306/2306/2306 2307/2307/2307
f 2308/2308/2308 2309/2309/2309 2310/2310/2310
f 2311/2311/2311 2312/2312/2312 2313/2313/2313
f 2314/2314/2314 2315/2315/2315 2316/2316/2316
f 2317/2317/2317 2318/2318/2318 2319/2319/2319
f 2320/2320/2320 2321/2321/2321 2322/2322/2322
f 2323/2323/2323 2324/2324/2324 2325/2325/2325
f 2326/2326/2326 2327/2327/2327 2328/2328/2328
f 2329/2329/2329 2330/2330/2330 2331/2331/2331
f 2332/2332/2332 2333/2333/2333 2334/2334/2334
f 2335/2335/2335 2336/2336/2336 2337/2337/2337
f 2338/2338/2338 2339/2339/2339 2340/2340/2340
f 2341/2341/2341 2342/2342/2342 2343/2343/2343
f 2344/2344/2344 2345/2345/2345 2346/2346/2346
f 2347/2347/2347 2348/2348/2348 2349/2349/2349
f 2350/2350/2350 2351/2351/2351 2352/2352/2352
f 2353/2353/2353 2354/2354/2354 2355/2355/2355
f 2356/2356/2356 2357/2357/2357 2358/2358/2358
f 2359/2359/2359 2360/2360/2360 2361/2361/2361
f 2362/2362/2362 2363/2363/2363 2364/2364/2364
f 2365/2365/2365 2366/2366/2366 2367/2367/2367
f 2368/2368/2368 2369/2369/2369 2370/2370/2370
f 2371/2371/2371 2372/2372/2372 2373/2373/2373
f 2374/2374/2374 2375/2375/2375 2376/2376/2376
f 2377/2377/2377 2378/2378/2378 2379/2379/2379
f 2380/2380/2380 2381/2381/2381 2382/2382/2382
f 2383/2383/2383 2384/2384/2384 2385/2385/2385
f 2386/2386/2386 2387/2387/2387 2388/2388/2388
f 2389/2389/2389 2390/2390/2390 2391/2391/2391
f 2392/2392/2392 2393/2393/2393 2394/2394/2394
f 2395/2395/2395 2396/2396/2396 2397/2397/2397
f 2398/2398/2398 2399/2399/2399 2400/2400/2400
f 2401/2401/2401 2402/2402/2402 2403/2403/2403
f 2404/2404/2404 2405/2405/2405 2406/2406/2406
f 2407/2407/2407 2408/2408/2408 2409/2409/2409
f 2410/2410/2410 2411/2411/2411 2412/2412/2412
f 2413/2413/2413 2414/2414/2414 2415/2415/2415
f 2416/2416/2416 2417/2417/2417 2418/2418/2418
f 2419/2419/2419 2420/2420/2420 2421/2421/2421
f 2422/2422/2422 2423/2423/2423 2424/2424/2424
f 2425/2425/2425 2426/2426/2426 2427/2427/2427
f 2428/2428/2428 2429/2429/2429 2430/2430/2430
f 2431/2431/2431 2432/2432/2432 2433/2433/2433
f 2434/2434/2434 2435/2435/2435 2436/2436/2436
f 2437/2437/2437 2438/2438/2438 2439/2439/2439
f 2440/2440/2440 2441/2441/2441 2442/2442/2442
f 2443/2443/2443 2444/2444/2444 2445/2445/2445
f 2446/2446/2446 2447/2447/2447 2448/2448/2448
f 2449/2449/2449 2450/2450/2450 2451/2451/2451
f 2452/2452/2452 2453/2453/2453 2454/2454/2454
f 2455/2455/2455 2456/2456/2456 2457/2457/2457
f 2458/2458/2458 2459/2459/2459 2460/2460/2460
f 2461/2461/2461 2462/2462/2462 2463/2463/2463
f 2464/2464/2464 2465/2465/2465 2466/2466/2466
f 2467/2467/2467 2468/2468/2468 2469/2469/2469
f 2470/2470/2470 2471/2471/2471 2472/2472/2472
f 2473/2473/2473 2474/2474/2474 2475/2475/2475
f 2476/2476/2476 2477/2477/2477 2478/2478/2478
f 2479/2479/2479 2480/2480/2480 2481/2481/2481
f 2482/2482/2482 2483/2483/2483 2484/2484/2484
f 2485/2485/2485 2486/2486/2486 2487/2487/2487
f 2488/2488/2488 2489/2489/2489 2490/2490/2490
f 2491/2491/2491 2492/2492/2492 2493/2493/2493
f 2494/2494/2494 2495/2495/2495 2496/2496/2496
f 2497/2497/2497 2498/2498/2498 2499/2499/2499
f 2500/2500/2500 2501/2501/2501 2502/2502/2502
f 2503/2503/2503 2504/2504/2504 2505/2505/2505
f 2506/2506/2506 2507/2507/2507 2508/2508/2508
f 2509/2509/2509 2510/2510/2510 2511/2511/2511
f 2512/2512/2512 2513/2513/2513 2514/2514/2514
f 2515/2515/2515 2516/2516/2516 2517/2517/2517
f 2518/2518/2518 2519/2519/2519 2520/2520/2520
f 2521/2521/2521 2522/2522/2522 2523/2523/2523
f 2524/2524/2524 2525/2525/2525 2526/2526/2526
f 2527/2527/2527 2528/2528/2528 2529/2529/2529
f 2530/2530/2530 2531/2531/2531 2532/2532/2532
f 2533/2533/2533 2534/2534/2534 2535/2535/2535
f 2536/2536/2536 2537/2537/2537 2538/2538/2538
f 2539/2539/2539 2540/2540/2540 2541/2541/2541
f 2542/2542/2542 2543/2543/2543 2544/2544/2544
f 2545/2545/2545 2546/2546/2546 2547/2547/2547
f 2548/2548/2548 2549/2549/2549 2550/2550/2550
f 2551/2551/2551 2552/2552/2552 2553/2553/2553
f 2554/2554/2554 2555/2555/2555 2556/2556/2556
f 2557/2557/2557 2558/2558/2558 2559/2559/2559
f 2560/2560/2560 2561/2561/2561 2562/2562/2562
f 2563/2563/2563 2564/2564/2564 2565/2565/2565
f 2566/2566/2566 2567/2567/2567 2568/2568/2568
f 2569/2569/2569 2570/2570/2570 2571/2571/2571
f 2572/2572/2572 2573/2573/2573 2574/2574/2574
f 2575/2575/2575 2576/2576/2576 2577/2577/2577
f 2578/2578/2578 2579/2579/2579 2580/2580/2580
f 2581/2581/2581 2582/2582/2582 2583/2583/2583
f 2584/2584/2584 2585/2585/2585 2586/2586/2586
f 2587/2587/2587 2588/2588/2588 2589/2589/2589
f 2590/2590/2590 2591/2591/2591 2592/2592/2592
f 2593/2593/2593 2594/2594/2594 2595/2595/2595
f 2596/2596/2596 2597/2597/2597 2598/2598/2598
f 2599/2599/2599 2600/2600/2600 2601/2601/2601
f 2602/2602/2602 2603/2603/2603 2604/2604/2604
f 2605/2605/2605 2606/2606/2606 2607/2607/2607
f 2608/2608/2608 2609/2609/2609 2610/2610/2610
f 2611/2611/2611 2612/2612/2612 2613/2613/2613
f 2614/2614/2614 2615/2615/2615 2616/2616/2616
f 2617/2617/2617 2618/2618/2618 2619/2619/2619
f 2620/2620/2620 2621/2621/2621 2622/2622/2622
f 2623/2623/2623 2624/2624/2624 2625/2625/2625
f 2626/2626/2626 2627/2627/2627 2628/2628/2628
f 2629/2629/2629 2630/2630/2630 2631/2631/2631
f 2632/2632/2632 2633/2633/2633 2634/2634/2634
f 2635/2635/2635 2636/2636/2636 2637/2637/2637
f 2638/2638/2638 2639/2639/2639 2640/2640/2640
f 2641/2641/2641 2642/2642/2642 2643/2643/2643
f 2644/2644/2644 2645/2645/2645 2646/2646/2646
f 2647/2647/2647 2648/2648/2648 2649/2649/2649
f 2650/2650/2650 2651/2651/2651 2652/2652/2652
f 2653/2653/2653 2654/2654/2654 2655/2655/2655
f 2656/2656/2656 2657/2657/2657 2658/2658/2658
f 2659/2659/2659 2660/2660/2660 2661/2661/2661
f 2662/2662/2662 2663/2663/2663 2664/2664/2664
f 2665/2665/2665 2666/2666/2666 2667/2667/2667
f 2668/2668/2668 2669/2669/2669 2670/2670/2670
f 2671/2671/2671 2672/2672/2672 2673/2673/2673
f 2674/2674/2674 2675/2675/2675 2676/2676/2676
f 2677/2677/2677 2678/2678/2678 2679/2679/2679
f 2680/2680/2680 2681/2681/2681 2682/2682/2682
f 2683/2683/2683 2684/2684/2684 2685/2685/2685
f 2686/2686/2686 2687/2687/2687 2688/2688/2688
f 2689/2689/2689 2690/2690/2690 2691/2691/2691
f 2692/2692/2692 2693/2693/2693 2694/2694/2694
f 2695/2695/2695 2696/2696/2696 2697/2697/2697
f 2698/2698/2698 2699/2699/2699 2700/2700/2700
f 2701/2701/2701 2702/2702/2702 2703/2703/2703
f 2704/2704/2704 2705/2705/2705 2706/2706/2706
f 2707/2707/2707 2708/2708/2708 2709/2709/2709
f 2710/2710/2710 2711/2711/2711 2712/2712/2712
f 2713/2713/2713 2714/2714/2714 2715/2715/2715
f 2716/2716/2716 2717/2717/2717 2718/2718/2718
f 2719/2719/2719 2720/2720/2720 2721/2721/2721
f 2722/2722/2722 2723/2723/2723 2724/2724/2724
f 2725/2725/2725 2726/2726/2726 2727/2727/2727
f 2728/2728/2728 2729/2729/2729 2730/2730/2730
f 2731/2731/2731 2732/2732/2732 2733/2733/2733
f 2734/2734/2734 2735/2735/2735 2736/2736/2736
f 2737/2737/2737 2738/2738/2738 2739/2739/2739
f 2740/2740/2740 2741/2741/2741 2742/2742/2742
f 2743/2743/2743 2744/2744/2744 2745/2745/2745
f 2746/2746/2746 2747/2747/2747 2748/2748/2748
f 2749/2749/2749 2750/2750/2750 2751/2751/2751
f 2752/2752/2752 2753/2753/2753 2754/2754/2754
f 2755/2755/2755 2756/2756/2756 2757/2757/2757
f 2758/2758/2758 2759/2759/2759 2760/2760/2760
f 2761/2761/2761 2762/2762/2762 2763/2763/2763
f 2764/2764/2764 2765/2765/2765 2766/2766/2766
f 2767/2767/2767 2768/2768/2768 2769/2769/2769
f 2770/2770/2770 2771/2771/2771 2772/2772/2772
f 2773/2773/2773 2774/2774/2774 2775/2775/2775
f 2776/2776/2776 2777/2777/2777 2778/2778/2778
f 2779/2779/2779 2780/2780/2780 2781/2781/2781
f 2782/2782/2782 2783/2783/2783 2784/2784/2784
f 2785/2785/2785 2786/2786/2786 2787/2787/2787
f 2788/2788/2788 2789/2789/2789 2790/2790/2790
f 2791/2791/2791 2792/2792/2792 2793/2793/2793
f 2794/2794/2794 2795/2795/2795 2796/2796/2796
f 2797/2797/2797 2798/2798/2798 2799/2799/2799
f 2800/2800/2800 2801/2801/2801 2802/2802/2802
f 2803/2803/2803 2804/2804/2804 2805/2805/2805
f 2806/2806/2806 2807/2807/2807 2808/2808/2808
f 2809/2809/2809 2810/2810/2810 2811/2811/2811
f 2812/2812/2812 2813/2813/2813 2814/2814/2814
f 2815/2815/2815 2816/2816/2816 2817/2817/2817
f 2818/2818/2818 2819/2819/2819 2820/2820/2820
f 2821/2821/2821 2822/2822/2822 2823/2823/2823
f 2824/2824/2824 2825/2825/2825 2826/2826/2826
f 2827/2827/2827 2828/2828/2828 2829/2829/2829
f 2830/2830/2830 2831/2831/2831 2832/2832/2832
f 2833/2833/2833 2834/2834/2834 2835/2835/2835
f 2836/2836/2836 2837/2837/2837 2838/2838/2838
f 2839/2839/2839 2840/2840/2840 2841/2841/2841
f 2842/2842/2842 2843/2843/2843 2844/2844/2844
f 2845/2845/2845 2846/2846/2846 2847/2847/2847
f 2848/2848/2848 2849/2849/2849 2850/2850/2850
f 2851/2851/2851 2852/2852/2852 2853/2853/2853
f 2854/2854/2854 2855/2855/2855 2856/2856/2856
f 2857/2857/2857 2858/2858/2858 2859/2859/2859
f 2860/2860/2860 2861/2861/2861 2862/2862/2862
f 2863/2863/2863 2864/2864/2864 2865/2865/2865
f 2866/2866/2866 2867/2867/2867 2868/2868/2868
f 2869/2869/2869 2870/2870/2870 2871/2871/2871
f 2872/2872/2872 2873/2873/2873 2874/2874/2874
f 2875/2875/2875 2876/2876/2876 2877/2877/2877
f 2878/2878/2878 2879/2879/2879 2880/2880/2880
f 2881/2881/2881 2882/2882/2882 2883/2883/2883
f 2884/2884/2884 2885/2885/2885 2886/2886/2886
f 2887/2887/2887 2888/2888/2888 2889/2889/2889
f 2890/2890/2890 2891/2891/2891 2892/2892/2892
f 2893/2893/2893 2894/2894/2894 2895/2895/2895
f 2896/2896/2896 2897/2897/2897 2898/2898/2898
f 2899/2899/2899 2900/2900/2900 2901/2901/2901
f 2902/2902/2902 2903/2903/2903 2904/2904/2904
f 2905/2905/2905 2906/2906/2906 2907/2907/2907
f 2908/2908/2908 2909/2909/2909 2910/2910/2910
f 2911/2911/2911 2912/2912/2912 2913/2913/2913
f 2914/2914/2914 2915/2915/2915 2916/2916/2916
f 2917/2917/2917 2918/2918/2918 2919/2919/2919
f 2920/2920/2920 2921/2921/2921 2922/2922/2922
f 2923/2923/2923 2924/2924/2924 2925/2925/2925
f 2926/2926/2926 2927/2927/2927 2928/2928/2928
f 2929/2929/2929 2930/2930/2930 2931/2931/2931
f 2932/2932/2932 2933/2933/2933 2934/2934/2934
f 2935/2935/2935 2936/2936/2936 2937/2937/2937
f 2938/2938/2938 2939/2939/2939 2940/2940/2940
f 2941/2941/2941 2942/2942/2942 2943/2943/2943
f 2944/2944/2944 2945/2945/2945 2946/2946/2946
f 2947/2947/2947 2948/2948/2948 2949/2949/2949
f 2950/2950/2950 2951/2951/2951 2952/2952/2952
f 2953/2953/2953 2954/2954/2954 2955/2955/2955
f 2956/2956/2956 2957/2957/2957 2958/2958/2958
f 2959/2959/2959 2960/2960/2960 2961/2961/2961
f 2962/2962/2962 2963/2963/2963 2964/2964/2964
f 2965/2965/2965 2966/2966/2966 2967/2967/2967
f 2968/2968/2968 2969/2969/2969 2970/2970/2970
f 2971/2971/2971 2972/2972/2972 2973/2973/2973
f 2974/2974/2974 2975/2975/2975 2976/2976/2976
f 2977/2977/2977 2978/2978/2978 2979/2979/2979
f 2980/2980/2980 2981/2981/2981 2982/2982/2982
f 2983/2983/2983 2984/2984/2984 2985/2985/2985
f 2986/2986/2986 2987/2987/2987 2988/2988/2988
f 2989/2989/2989 2990/2990/2990 2991/2991/2991
f 2992/2992/2992 2993/2993/2993 2994/2994/2994
f 2995/2995/2995 2996/2996/2996 2997/2997/2997
f 2998/2998/2998 2999/2999/2999 3000/3000/3000
f 3001/3001/3001 3002/3002/3002 3003/3003/3003
f 3004/3004/3004 3005/3005/3005 3006/3006/3006
f 3007/3007/3007 3008/3008/3008 3009/3009/3009
f 3010/3010/3010 3011/3011/3011 3012/3012/3012
f 3013/3013/3013 3014/3014/3014 3015/3015/3015
f 3016/3016/3016 3017/3017/3017 3018/3018/3018
f 3019/3019/3019 3020/3020/3020 3021/3021/3021
f 3022/3022/3022 3023/3023/3023 3024/3024/3024
f 3025/3025/3025 3026/3026/3026 3027/3027/3027
f 3028/3028/3028 3029/3029/3029 3030/3030/3030
f 3031/3031/3031 3032/3032/3032 3033/3033/3033
f 3034/3034/3034 3035/3035/3035 3036/3036/3036
f 3037/3037/3037 3038/3038/3038 3039/3039/3039
f 3040/3040/3040 3041/3041/3041 3042/3042/3042
f 3043/3043/3043 3044/3044/3044 3045/3045/3045
f 3046/3046/3046 3047/3047/3047 3048/3048/3048
f 3049/3049/3049 3050/3050/3050 3051/3051/3051
f 3052/3052/3052 3053/3053/3053 3054/3054/3054
f 3055/3055/3055 3056/3056/3056 3057/3057/3057
f 3058/3058/3058 3059/3059/3059 3060/3060/3060
f 3061/3061/3061 3062/3062/3062 3063/3063/3063
f 3064/3064/3064 3065/3065/3065 3066/3066/3066
f 3067/3067/3067 3068/3068/3068 3069/3069/3069
f 3070/3070/3070 3071/3071/3071 3072/3072/3072
f 3073/3073/3073 3074/3074/3074 3075/3075/3075
f 3076/3076/3076 3077/3077/3077 3078/3078/3078
f 3079/3079/3079 3080/3080/3080 3081/3081/3081
f 3082/3082/3082 3083/3083/3083 3084/3084/3084
f 3085/3085/3085 3086/3086/3086 3087/3087/3087
f 3088/3088/3088 3089/3089/3089 3090/3090/3090
f 3091/3091/3091 3092/3092/3092 3093/3093/3093
f 3094/3094/3094 3095/3095/3095 3096/3096/3096
f 3097/3097/3097 3098/3098/3098 3099/3099/3099
f 3100/3100/3100 3101/3101/3101 3102/3102/3102
f 3103/3103/3103 3104/3104/3104 3105/3105/3105
f 3106/3106/3106 3107/3107/3107 3108/3108/3108
f 3109/3109/3109 3110/3110/3110 3111/3111/3111
f 3112/3112/3112 3113/3113/3113 3114/3114/3114
f 3115/3115/3115 3116/3116/3116 3117/3117/3117
f 3118/3118/3118 3119/3119/3119 3120/3120/3120
f 3121/3121/3121 3122/3122/3122 3123/3123/3123
f 3124/3124/3124 3125/3125/3125 3126/3126/3126
f 3127/3127/3127 3128/3128/3128 3129/3129/3129
f 3130/3130/3130 3131/3131/3131 3132/3132/3132
f 3133/3133/3133 3134/3134/3134 3135/3135/3135
f 3136/3136/3136 3137/3137/3137 3138/3138/3138
f 3139/3139/3139 3140/3140/3140 3141/3141/3141
f 3142/3142/3142 3143/3143/3143 3144/3144/3144
f 3145/3145/3145 3146/3146/3146 3147/3147/3147
f 3148/3148/3148 3149/3149/3149 3150/3150/3150
f 3151/3151/3151 3152/3152/3152 3153/3153/3153
f 3154/3154/3154 3155/3155/3155 3156/3156/3156
f 3157/3157/3157 3158/3158/3158 3159/3159/3159
f 3160/3160/3160 3161/3161/3161 3162/3162/3162
f 3163/3163/3163 3164/3164/3164 3165/3165/3165
f 3166/3166/3166 3167/3167/3167 3168/3168/3168
f 3169/3169/3169 3170/3170/3170 3171/3171/3171
f 3172/3172/3172 3173/3173/3173 3174/3174/3174
f 3175/3175/3175 3176/3176/3176 3177/3177/3177
f 3178/3178/3178 3179/3179/3179 3180/3180/3180
f 3181/3181/3181 3182/3182/3182 3183/3183/3183
f 3184/3184/3184 3185/3185/3185 3186/3186/3186
f 3187/3187/3187 3188/3188/3188 3189/3189/3189
f 3190/3190/3190 3191/3191/3191 3192/3192/3192
f 3193/3193/3193 3194/3194/3194 3195/3195/3195
f 3196/3196/3196 3197/3197/3197 3198/3198/3198
f 3199/3199/3199 3200/3200/3200 3201/3201/3201
f 3202/3202/3202 3203/3203/3203 3204/3204/3204
f 3205/3205/3205 3206/3206/3206 3207/3207/3207
f 3208/3208/3208 3209/3209/3209 3210/3210/3210
f 3211/3211/3211 3212/3212/3212 3213/3213/3213
f 3214/3214/3214 3215/3215/3215 3216/3216/3216
f 3217/3217/3217 3218/3218/3218 3219/3219/3219
f 3220/3220/3220 3221/3221/3221 3222/3222/3222
f 3223/3223/3223 3224/3224/3224 3225/3225/3225
f 3226/3226/3226 3227/3227/3227 3228/3228/3228
f 3229/3229/3229 3230/3230/3230 3231/3231/3231
f 3232/3232/3232 3233/3233/3233 3234/3234/3234
f 3235/3235/3235 3236/3236/3236 3237/3237/3237
f 3238/3238/3238 3239/3239/3239 3240/3240/3240
f 3241/3241/3241 3242/3242/3242 3243/3243/3243
f 3244/3244/3244 3245/3245/3245 3246/3246/3246
f 3247/3247/3247 3248/3248/3248 3249/3249/3249
f 3250/3250/3250 3251/3251/3251 3252/3252/3252
f 3253/3253/3253 3254/3254/3254 3255/3255/3255
f 3256/3256/3256 3257/3257/3257 3258/3258/3258
f 3259/3259/3259 3260/3260/3260 3261/3261/3261
f 3262/3262/3262 3263/3263/3263 3264/3264/3264
f 3265/3265/3265 3266/3266/3266 3267/3267/3267
f 3268/3268/3268 3269/3269/3269 3270/3270/3270
f 3271/3271/3271 3272/3272/3272 3273/3273/3273
f 3274/3274/3274 3275/3275/3275 3276/3276/3276
f 3277/3277/3277 3278/3278/3278 3279/3279/3279
f 3280/3280/3280 3281/3281/3281 3282/3282/3282
f 3283/3283/3283 3284/3284/3284 3285/3285/3285
f 3286/3286/3286 3287/3287/3287 3288/3288/3288
f 3289/3289/3289 3290/3290/3290 3291/3291/3291
f 3292/3292/3292 3293/3293/3293 3294/3294/3294
f 3295/3295/3295 3296/3296/3296 3297/3297/3297
f 3298/3298/3298 3299/3299/3299 3300/3300/3300
f 3301/3301/3301 3302/3302/3302 3303/3303/3303
f 3304/3304/3304 3305/3305/3305 3306/3306/3306
f 3307/3307/3307 3308/3308/3308 3309/3309/3309
f 3310/3310/3310 3311/3311/3311 3312/3312/3312
f 3313/3313/3313 3314/3314/3314 3315/3315/3315
f 3316/3316/3316 3317/3317/3317 3318/3318/3318
f 3319/3319/3319 3320/3320/3320 3321/3321/3321
f 3322/3322/3322 3323/3323/3323 3324/3324/3324
f 3325/3325/3325 3326/3326/3326 3327/3327/3327
f 3328/3328/3328 3329/3329/3329 3330/3330/3330
f 3331/3331/3331 3332/3332/3332 3333/3333/3333
f 3334/3334/3334 3335/3335/3335 3336/3336/3336
f 3337/3337/3337 3338/3338/3338 3339/3339/3339
f 3340/3340/3340 3341/3341/3341 3342/3342/3342
f 3343/3343/3343 3344/3344/3344 3345/3345/3345
f 3346/3346/3346 3347/3347/3347 3348/3348/3348
f 3349/3349/3349 3350/3350/3350 3351/3351/3351
f 3352/3352/3352 3353/3353/3353 3354/3354/3354
f 3355/3355/3355 3356/3356/3356 3357/3357/3357
f 3358/3358/3358 3359/3359/3359 3360/3360/3360
f 3361/3361/3361 3362/3362/3362 3363/3363/3363
f 3364/3364/3364 3365/3365/3365 3366/3366/3366
f 3367/3367/3367 3368/3368/3368 3369/3369/3369
f 3370/3370/3370 3371/3371/3371 3372/3372/3372
f 3373/3373/3373 3374/3374/3374 3375/3375/3375
f 3376/3376/3376 3377/3377/3377 3378/3378/3378
f 3379/3379/3379 3380/3380/3380 3381/3381/3381
f 3382/3382/3382 3383/3383/3383 3384/3384/3384
f 3385/3385/3385 3386/3386/3386 3387/3387/3387
f 3388/3388/3388 3389/3389/3389 3390/3390/3390
f 3391/3391/3391 3392/3392/3392 3393/3393/3393
f 3394/3394/3394 3395/3395/3395 3396/3396/3396
f 3397/3397/3397 3398/3398/3398 3399/3399/3399
f 3400/3400/3400 3401/3401/3401 3402/3402/3402
f 3403/3403/3403 3404/3404/3404 3405/3405/3405
f 3406/3406/3406 3407/3407/3407 3408/3408/3408
f 3409/3409/3409 3410/3410/3410 3411/3411/3411
f 3412/3412/3412 3413/3413/3413 3414/3414/3414
f 3415/3415/3415 3416/3416/3416 3417/3417/3417
f 3418/3418/3418 3419/3419/3419 3420/3420/3420
f 3421/3421/3421 3422/3422/3422 3423/3423/3423
f 3424/3424/3424 3425/3425/3425 3426/3426/3426
f 3427/3427/3427 3428/3428/3428 3429/3429/3429
f 3430/3430/3430 3431/3431/3431 3432/3432/3432
f 3433/3433/3433 3434/3434/3434 3435/3435/3435
f 3436/3436/3436 3437/3437/3437 3438/3438/3438
f 3439/3439/3439 3440/3440/3440 3441/3441/3441
f 3442/3442/3442 3443/3443/3443 3444/3444/3444
f 3445/3445/3445 3446/3446/3446 3447/3447/3447
f 3448/3448/3448 3449/3449/3449 3450/3450/3450
f 3451/3451/3451 3452/3452/3452 3453/3453/3453
f 3454/3454/3454 3455/3455/3455 3456/3456/3456
